run_id,method,subject,iteration,log_likelihood,mir_kbits_s,pmi_source_mean_bits,remnant_pmi_percent,step_size,gradient_norm,elapsed_s
sub-01__jax_gpu,AMICA-Python (JAX-GPU),sub-01,1,-1.4565147211202338,,,,,,1.0933799860013096
sub-01__jax_gpu,AMICA-Python (JAX-GPU),sub-01,2,-1.4046333033829472,,,,,,0.3624986599988915
sub-01__jax_gpu,AMICA-Python (JAX-GPU),sub-01,3,-1.393651899360831,,,,,,0.36452192399883643
sub-01__jax_gpu,AMICA-Python (JAX-GPU),sub-01,4,-1.3906116204022085,,,,,,0.36310351400061336
sub-01__jax_gpu,AMICA-Python (JAX-GPU),sub-01,5,-1.3894958496123253,,,,,,0.3654071099990688
sub-01__jax_gpu,AMICA-Python (JAX-GPU),sub-01,6,-1.3889468729127465,,,,,,0.3676880319999327
sub-01__jax_gpu,AMICA-Python (JAX-GPU),sub-01,7,-1.3885846077857096,,,,,,0.37689237499944284
sub-01__jax_gpu,AMICA-Python (JAX-GPU),sub-01,8,-1.3882952334744831,,,,,,0.3611438950010779
sub-01__jax_gpu,AMICA-Python (JAX-GPU),sub-01,9,-1.3880417984335411,,,,,,0.36275890599972627
sub-01__jax_gpu,AMICA-Python (JAX-GPU),sub-01,10,-1.3878112368731619,,,,,,0.3611396739997872
sub-01__jax_gpu,AMICA-Python (JAX-GPU),sub-01,11,-1.3875974863960479,,,,,,0.36163616300109425
sub-01__jax_gpu,AMICA-Python (JAX-GPU),sub-01,12,-1.3873972681784854,,,,,,0.36346722599955683
sub-01__jax_gpu,AMICA-Python (JAX-GPU),sub-01,13,-1.387208689983612,,,,,,0.36822882699925685
sub-01__jax_gpu,AMICA-Python (JAX-GPU),sub-01,14,-1.3870293568322034,,,,,,0.3774729489996389
sub-01__jax_gpu,AMICA-Python (JAX-GPU),sub-01,15,-1.3868584966324395,,,,,,0.36419011899852194
sub-01__jax_gpu,AMICA-Python (JAX-GPU),sub-01,16,-1.3866948785712112,,,,,,0.3681602849992487
sub-01__jax_gpu,AMICA-Python (JAX-GPU),sub-01,17,-1.3865377584747403,,,,,,0.36219622700082255
sub-01__jax_gpu,AMICA-Python (JAX-GPU),sub-01,18,-1.386386347578336,,,,,,0.36313368500123033
sub-01__jax_gpu,AMICA-Python (JAX-GPU),sub-01,19,-1.3862399076446472,,,,,,0.36386366700025974
sub-01__jax_gpu,AMICA-Python (JAX-GPU),sub-01,20,-1.3860980882673046,,,,,,0.3616908780004451
sub-01__jax_gpu,AMICA-Python (JAX-GPU),sub-01,21,-1.3859605381036526,,,,,,0.36118348899981356
sub-01__jax_gpu,AMICA-Python (JAX-GPU),sub-01,22,-1.3858263349807725,,,,,,0.3637184540002636
sub-01__jax_gpu,AMICA-Python (JAX-GPU),sub-01,23,-1.3856955532582167,,,,,,0.3614276890002657
sub-01__jax_gpu,AMICA-Python (JAX-GPU),sub-01,24,-1.38556758065493,,,,,,0.3635499699994398
sub-01__jax_gpu,AMICA-Python (JAX-GPU),sub-01,25,-1.385442347898032,,,,,,0.36425524199876236
sub-01__jax_gpu,AMICA-Python (JAX-GPU),sub-01,26,-1.385319589893485,,,,,,0.3641473749994475
sub-01__jax_gpu,AMICA-Python (JAX-GPU),sub-01,27,-1.3851991272979451,,,,,,0.3647835739993752
sub-01__jax_gpu,AMICA-Python (JAX-GPU),sub-01,28,-1.3850807854012508,,,,,,0.36462631600079476
sub-01__jax_gpu,AMICA-Python (JAX-GPU),sub-01,29,-1.3849644404563777,,,,,,0.36439264100044966
sub-01__jax_gpu,AMICA-Python (JAX-GPU),sub-01,30,-1.3848500465748634,,,,,,0.3657669079984771
sub-01__jax_gpu,AMICA-Python (JAX-GPU),sub-01,31,-1.3847373930927234,,,,,,0.36619954600064375
sub-01__jax_gpu,AMICA-Python (JAX-GPU),sub-01,32,-1.3846268229612577,,,,,,0.3643898310001532
sub-01__jax_gpu,AMICA-Python (JAX-GPU),sub-01,33,-1.3845179891236226,,,,,,0.36478112500117277
sub-01__jax_gpu,AMICA-Python (JAX-GPU),sub-01,34,-1.3844105903471486,,,,,,0.36714007099908486
sub-01__jax_gpu,AMICA-Python (JAX-GPU),sub-01,35,-1.3843045233876758,,,,,,0.36509849399953964
sub-01__jax_gpu,AMICA-Python (JAX-GPU),sub-01,36,-1.3841997447350403,,,,,,0.36485911199997645
sub-01__jax_gpu,AMICA-Python (JAX-GPU),sub-01,37,-1.3840960955568908,,,,,,0.3659543699995993
sub-01__jax_gpu,AMICA-Python (JAX-GPU),sub-01,38,-1.3839936208808554,,,,,,0.3674033759998565
sub-01__jax_gpu,AMICA-Python (JAX-GPU),sub-01,39,-1.3838922195499521,,,,,,0.3655093500001385
sub-01__jax_gpu,AMICA-Python (JAX-GPU),sub-01,40,-1.3837918853948978,,,,,,0.36471627699938836
sub-01__jax_gpu,AMICA-Python (JAX-GPU),sub-01,41,-1.3836924097726417,,,,,,0.36445059400102764
sub-01__jax_gpu,AMICA-Python (JAX-GPU),sub-01,42,-1.3835939082236888,,,,,,0.36759981099930883
sub-01__jax_gpu,AMICA-Python (JAX-GPU),sub-01,43,-1.3834962603285568,,,,,,0.36701662599989504
sub-01__jax_gpu,AMICA-Python (JAX-GPU),sub-01,44,-1.3833992981146068,,,,,,0.3656358680000267
sub-01__jax_gpu,AMICA-Python (JAX-GPU),sub-01,45,-1.3833030860640905,,,,,,0.36594243299987284
sub-01__jax_gpu,AMICA-Python (JAX-GPU),sub-01,46,-1.3832075359157583,,,,,,0.36485428599917213
sub-01__jax_gpu,AMICA-Python (JAX-GPU),sub-01,47,-1.3831126805353986,,,,,,0.36903721599992423
sub-01__jax_gpu,AMICA-Python (JAX-GPU),sub-01,48,-1.3830184433022739,,,,,,0.3666901369997504
sub-01__jax_gpu,AMICA-Python (JAX-GPU),sub-01,49,-1.3829247694818012,,,,,,0.3653258949998417
sub-01__jax_gpu,AMICA-Python (JAX-GPU),sub-01,50,-1.3828316818883337,,,,,,0.365664752000157
sub-01__jax_gpu,AMICA-Python (JAX-GPU),sub-01,51,-1.3827389601367681,,,,,,0.4878174850000505
sub-01__jax_gpu,AMICA-Python (JAX-GPU),sub-01,52,-1.3826138792401832,,,,,,0.487614506000682
sub-01__jax_gpu,AMICA-Python (JAX-GPU),sub-01,53,-1.3823726433645984,,,,,,0.48829909000050975
sub-01__jax_gpu,AMICA-Python (JAX-GPU),sub-01,54,-1.3818976559933491,,,,,,0.48899050199906924
sub-01__jax_gpu,AMICA-Python (JAX-GPU),sub-01,55,-1.3809520844949268,,,,,,0.4873909399993863
sub-01__jax_gpu,AMICA-Python (JAX-GPU),sub-01,56,-1.3794104121642545,,,,,,0.4869838750000781
sub-01__jax_gpu,AMICA-Python (JAX-GPU),sub-01,57,-1.3772724552862858,,,,,,0.4879640719991585
sub-01__jax_gpu,AMICA-Python (JAX-GPU),sub-01,58,-1.374585195234452,,,,,,0.48744635000002745
sub-01__jax_gpu,AMICA-Python (JAX-GPU),sub-01,59,-1.3714940133128217,,,,,,0.48791037299997697
sub-01__jax_gpu,AMICA-Python (JAX-GPU),sub-01,60,-1.3682436757602352,,,,,,0.4885170309989917
sub-01__jax_gpu,AMICA-Python (JAX-GPU),sub-01,61,-1.3650934641012022,,,,,,0.4885675519999495
sub-01__jax_gpu,AMICA-Python (JAX-GPU),sub-01,62,-1.362176131812869,,,,,,0.4882956820001709
sub-01__jax_gpu,AMICA-Python (JAX-GPU),sub-01,63,-1.3594286768267982,,,,,,0.4888147420006135
sub-01__jax_gpu,AMICA-Python (JAX-GPU),sub-01,64,-1.3567708193100863,,,,,,0.48872237599971413
sub-01__jax_gpu,AMICA-Python (JAX-GPU),sub-01,65,-1.3540005795518884,,,,,,0.4889968850002333
sub-01__jax_gpu,AMICA-Python (JAX-GPU),sub-01,66,-1.3508393296979786,,,,,,0.48932443800003966
sub-01__jax_gpu,AMICA-Python (JAX-GPU),sub-01,67,-1.347107019877672,,,,,,0.48937113899955875
sub-01__jax_gpu,AMICA-Python (JAX-GPU),sub-01,68,-1.3428974889198504,,,,,,0.49022380099995644
sub-01__jax_gpu,AMICA-Python (JAX-GPU),sub-01,69,-1.3388338268239155,,,,,,0.4900938880000467
sub-01__jax_gpu,AMICA-Python (JAX-GPU),sub-01,70,-1.3356459122780298,,,,,,0.4897565549999854
sub-01__jax_gpu,AMICA-Python (JAX-GPU),sub-01,71,-1.3334184056533098,,,,,,0.49742730999969353
sub-01__jax_gpu,AMICA-Python (JAX-GPU),sub-01,72,-1.3317055543911527,,,,,,0.49272396999913326
sub-01__jax_gpu,AMICA-Python (JAX-GPU),sub-01,73,-1.330178519817425,,,,,,0.4912594559991703
sub-01__jax_gpu,AMICA-Python (JAX-GPU),sub-01,74,-1.3287136221615112,,,,,,0.4970802249990811
sub-01__jax_gpu,AMICA-Python (JAX-GPU),sub-01,75,-1.3272842673018679,,,,,,0.49131168500025524
sub-01__jax_gpu,AMICA-Python (JAX-GPU),sub-01,76,-1.3259136043955233,,,,,,0.49232303900134866
sub-01__jax_gpu,AMICA-Python (JAX-GPU),sub-01,77,-1.324634590888948,,,,,,0.4907872550011234
sub-01__jax_gpu,AMICA-Python (JAX-GPU),sub-01,78,-1.323456226931227,,,,,,0.4876517539996712
sub-01__jax_gpu,AMICA-Python (JAX-GPU),sub-01,79,-1.3223684260346529,,,,,,0.4858224590007012
sub-01__jax_gpu,AMICA-Python (JAX-GPU),sub-01,80,-1.3213509394269238,,,,,,0.48485940099999425
sub-01__jax_gpu,AMICA-Python (JAX-GPU),sub-01,81,-1.3203918368630503,,,,,,0.48859040400020604
sub-01__jax_gpu,AMICA-Python (JAX-GPU),sub-01,82,-1.319481760626831,,,,,,0.4850237510017905
sub-01__jax_gpu,AMICA-Python (JAX-GPU),sub-01,83,-1.3186215261789729,,,,,,0.48716304400113586
sub-01__jax_gpu,AMICA-Python (JAX-GPU),sub-01,84,-1.3178318959171111,,,,,,0.48734521199912706
sub-01__jax_gpu,AMICA-Python (JAX-GPU),sub-01,85,-1.317112600122343,,,,,,0.48831001699909393
sub-01__jax_gpu,AMICA-Python (JAX-GPU),sub-01,86,-1.316473664855933,,,,,,0.4865833860003477
sub-01__jax_gpu,AMICA-Python (JAX-GPU),sub-01,87,-1.315919088832686,,,,,,0.4884277099990868
sub-01__jax_gpu,AMICA-Python (JAX-GPU),sub-01,88,-1.3154531067565367,,,,,,0.4864484559984703
sub-01__jax_gpu,AMICA-Python (JAX-GPU),sub-01,89,-1.315070471051071,,,,,,0.49199121099991316
sub-01__jax_gpu,AMICA-Python (JAX-GPU),sub-01,90,-1.3147615284664316,,,,,,0.4873895190012263
sub-01__jax_gpu,AMICA-Python (JAX-GPU),sub-01,91,-1.3145098583155597,,,,,,0.48966227600067214
sub-01__jax_gpu,AMICA-Python (JAX-GPU),sub-01,92,-1.3143006387120149,,,,,,0.48848240799998166
sub-01__jax_gpu,AMICA-Python (JAX-GPU),sub-01,93,-1.3141220831145517,,,,,,0.4883841169994412
sub-01__jax_gpu,AMICA-Python (JAX-GPU),sub-01,94,-1.3139650312940754,,,,,,0.4886256030004006
sub-01__jax_gpu,AMICA-Python (JAX-GPU),sub-01,95,-1.3138246883853486,,,,,,0.48858842399931746
sub-01__jax_gpu,AMICA-Python (JAX-GPU),sub-01,96,-1.3136966009224427,,,,,,0.4900698450001073
sub-01__jax_gpu,AMICA-Python (JAX-GPU),sub-01,97,-1.3135792416114906,,,,,,0.4887111989992263
sub-01__jax_gpu,AMICA-Python (JAX-GPU),sub-01,98,-1.313470436066554,,,,,,0.4885240759995213
sub-01__jax_gpu,AMICA-Python (JAX-GPU),sub-01,99,-1.313368630311923,,,,,,0.4892894000004162
sub-01__jax_gpu,AMICA-Python (JAX-GPU),sub-01,100,-1.3132735356917329,,,,,,0.4917084740009159
sub-01__jax_gpu,AMICA-Python (JAX-GPU),sub-01,101,-1.3131840652103122,,,,,,0.492377836999367
sub-01__jax_gpu,AMICA-Python (JAX-GPU),sub-01,102,-1.313100757487456,,,,,,0.4885554510001384
sub-01__jax_gpu,AMICA-Python (JAX-GPU),sub-01,103,-1.3130217622941427,,,,,,0.4901541339986579
sub-01__jax_gpu,AMICA-Python (JAX-GPU),sub-01,104,-1.3129478786030793,,,,,,0.4895359840011224
sub-01__jax_gpu,AMICA-Python (JAX-GPU),sub-01,105,-1.3128780243928408,,,,,,0.4902561910002987
sub-01__jax_gpu,AMICA-Python (JAX-GPU),sub-01,106,-1.3128124826294336,,,,,,0.49153376199865306
sub-01__jax_gpu,AMICA-Python (JAX-GPU),sub-01,107,-1.3127506961240893,,,,,,0.49050455699943996
sub-01__jax_gpu,AMICA-Python (JAX-GPU),sub-01,108,-1.3126920869932641,,,,,,0.49447309899915126
sub-01__jax_gpu,AMICA-Python (JAX-GPU),sub-01,109,-1.3126365470122685,,,,,,0.4910402229997999
sub-01__jax_gpu,AMICA-Python (JAX-GPU),sub-01,110,-1.3125839113790996,,,,,,0.49110547300006147
sub-01__jax_gpu,AMICA-Python (JAX-GPU),sub-01,111,-1.3125342486519627,,,,,,0.49032834699937666
sub-01__jax_gpu,AMICA-Python (JAX-GPU),sub-01,112,-1.312487341920974,,,,,,0.49037207000037597
sub-01__jax_gpu,AMICA-Python (JAX-GPU),sub-01,113,-1.3124429558079447,,,,,,0.49120059900087654
sub-01__jax_gpu,AMICA-Python (JAX-GPU),sub-01,114,-1.312400861566482,,,,,,0.4910559700001613
sub-01__jax_gpu,AMICA-Python (JAX-GPU),sub-01,115,-1.3123610624946236,,,,,,0.49544491400047264
sub-01__jax_gpu,AMICA-Python (JAX-GPU),sub-01,116,-1.3123235466347787,,,,,,0.4948037199992541
sub-01__jax_gpu,AMICA-Python (JAX-GPU),sub-01,117,-1.312287838789742,,,,,,0.49422981800125854
sub-01__jax_gpu,AMICA-Python (JAX-GPU),sub-01,118,-1.3122540793433324,,,,,,0.4943253149995144
sub-01__jax_gpu,AMICA-Python (JAX-GPU),sub-01,119,-1.3122218455227161,,,,,,0.49472281399903295
sub-01__jax_gpu,AMICA-Python (JAX-GPU),sub-01,120,-1.31219117482944,,,,,,0.4940136999994138
sub-01__jax_gpu,AMICA-Python (JAX-GPU),sub-01,121,-1.312161969697955,,,,,,0.496546844000477
sub-01__jax_gpu,AMICA-Python (JAX-GPU),sub-01,122,-1.3121341345842004,,,,,,0.4968181559997902
sub-01__jax_gpu,AMICA-Python (JAX-GPU),sub-01,123,-1.3121078801538861,,,,,,0.49627191800027504
sub-01__jax_gpu,AMICA-Python (JAX-GPU),sub-01,124,-1.312082598984191,,,,,,0.4942767449992971
sub-01__jax_gpu,AMICA-Python (JAX-GPU),sub-01,125,-1.3120585660818294,,,,,,0.4943020159989828
sub-01__jax_gpu,AMICA-Python (JAX-GPU),sub-01,126,-1.312035670218078,,,,,,0.4949820669990004
sub-01__jax_gpu,AMICA-Python (JAX-GPU),sub-01,127,-1.3120138367314544,,,,,,0.4998975020007492
sub-01__jax_gpu,AMICA-Python (JAX-GPU),sub-01,128,-1.3119928126379443,,,,,,0.4953750780005066
sub-01__jax_gpu,AMICA-Python (JAX-GPU),sub-01,129,-1.3119726847113373,,,,,,0.49567768899942166
sub-01__jax_gpu,AMICA-Python (JAX-GPU),sub-01,130,-1.3119535412945598,,,,,,0.49509377499998664
sub-01__jax_gpu,AMICA-Python (JAX-GPU),sub-01,131,-1.3119349037323624,,,,,,0.4949151990003884
sub-01__jax_gpu,AMICA-Python (JAX-GPU),sub-01,132,-1.3119169045367345,,,,,,0.49577020200013067
sub-01__jax_gpu,AMICA-Python (JAX-GPU),sub-01,133,-1.3118997261337901,,,,,,0.49471773500044947
sub-01__jax_gpu,AMICA-Python (JAX-GPU),sub-01,134,-1.3118830343782735,,,,,,0.4956225350015302
sub-01__jax_gpu,AMICA-Python (JAX-GPU),sub-01,135,-1.311866923473599,,,,,,0.495809352998549
sub-01__jax_gpu,AMICA-Python (JAX-GPU),sub-01,136,-1.3118513447927818,,,,,,0.49500212099883356
sub-01__jax_gpu,AMICA-Python (JAX-GPU),sub-01,137,-1.3118363238879962,,,,,,0.4962924080009543
sub-01__jax_gpu,AMICA-Python (JAX-GPU),sub-01,138,-1.3118217727684733,,,,,,0.4947834739996324
sub-01__jax_gpu,AMICA-Python (JAX-GPU),sub-01,139,-1.3118077368498924,,,,,,0.4943176510005287
sub-01__jax_gpu,AMICA-Python (JAX-GPU),sub-01,140,-1.311794238690374,,,,,,0.49202043199875334
sub-01__jax_gpu,AMICA-Python (JAX-GPU),sub-01,141,-1.3117811873762557,,,,,,0.4903984880002099
sub-01__jax_gpu,AMICA-Python (JAX-GPU),sub-01,142,-1.3117685976131512,,,,,,0.4905125149998639
sub-01__jax_gpu,AMICA-Python (JAX-GPU),sub-01,143,-1.3117563343819754,,,,,,0.49048392999975476
sub-01__jax_gpu,AMICA-Python (JAX-GPU),sub-01,144,-1.3117444674074694,,,,,,0.4928427710001415
sub-01__jax_gpu,AMICA-Python (JAX-GPU),sub-01,145,-1.3117330142393222,,,,,,0.4911050230002729
sub-01__jax_gpu,AMICA-Python (JAX-GPU),sub-01,146,-1.3117220375511567,,,,,,0.4936235860004672
sub-01__jax_gpu,AMICA-Python (JAX-GPU),sub-01,147,-1.311711251522426,,,,,,0.49152976899858913
sub-01__jax_gpu,AMICA-Python (JAX-GPU),sub-01,148,-1.3117006447069322,,,,,,0.49287576399910904
sub-01__jax_gpu,AMICA-Python (JAX-GPU),sub-01,149,-1.3116903704511391,,,,,,0.49125704700054484
sub-01__jax_gpu,AMICA-Python (JAX-GPU),sub-01,150,-1.3116803584420025,,,,,,0.491989795000336
sub-01__jax_gpu,AMICA-Python (JAX-GPU),sub-01,151,-1.3116705845884882,,,,,,0.4926822280012857
sub-01__jax_gpu,AMICA-Python (JAX-GPU),sub-01,152,-1.3116612278154725,,,,,,0.49241975099903357
sub-01__jax_gpu,AMICA-Python (JAX-GPU),sub-01,153,-1.3116522328369213,,,,,,0.4931164459994761
sub-01__jax_gpu,AMICA-Python (JAX-GPU),sub-01,154,-1.3116433327499994,,,,,,0.49493094500030566
sub-01__jax_gpu,AMICA-Python (JAX-GPU),sub-01,155,-1.3116347409866211,,,,,,0.4948976630003017
sub-01__jax_gpu,AMICA-Python (JAX-GPU),sub-01,156,-1.3116263212831563,,,,,,0.4929907949990593
sub-01__jax_gpu,AMICA-Python (JAX-GPU),sub-01,157,-1.3116182051558736,,,,,,0.4930451059990446
sub-01__jax_gpu,AMICA-Python (JAX-GPU),sub-01,158,-1.3116102809169108,,,,,,0.49322738199953164
sub-01__jax_gpu,AMICA-Python (JAX-GPU),sub-01,159,-1.31160249070016,,,,,,0.4936946680008987
sub-01__jax_gpu,AMICA-Python (JAX-GPU),sub-01,160,-1.311594937813632,,,,,,0.49408780699923227
sub-01__jax_gpu,AMICA-Python (JAX-GPU),sub-01,161,-1.3115874179154243,,,,,,0.49325453600067704
sub-01__jax_gpu,AMICA-Python (JAX-GPU),sub-01,162,-1.3115800333034824,,,,,,0.4955360030016891
sub-01__jax_gpu,AMICA-Python (JAX-GPU),sub-01,163,-1.3115727534882053,,,,,,0.49321585800134926
sub-01__jax_gpu,AMICA-Python (JAX-GPU),sub-01,164,-1.3115657272911538,,,,,,0.4930830010016507
sub-01__jax_gpu,AMICA-Python (JAX-GPU),sub-01,165,-1.3115588539556842,,,,,,0.49311171299996204
sub-01__jax_gpu,AMICA-Python (JAX-GPU),sub-01,166,-1.3115520170770305,,,,,,0.4950982899990777
sub-01__jax_gpu,AMICA-Python (JAX-GPU),sub-01,167,-1.3115452718444673,,,,,,0.4930967229993257
sub-01__jax_gpu,AMICA-Python (JAX-GPU),sub-01,168,-1.3115387023069083,,,,,,0.49461023999901954
sub-01__jax_gpu,AMICA-Python (JAX-GPU),sub-01,169,-1.3115320888373643,,,,,,0.494674968000254
sub-01__jax_gpu,AMICA-Python (JAX-GPU),sub-01,170,-1.3115256075629806,,,,,,0.4959515709997504
sub-01__jax_gpu,AMICA-Python (JAX-GPU),sub-01,171,-1.3115191983556664,,,,,,0.4950910709994787
sub-01__jax_gpu,AMICA-Python (JAX-GPU),sub-01,172,-1.3115128761319417,,,,,,0.4964812519992847
sub-01__jax_gpu,AMICA-Python (JAX-GPU),sub-01,173,-1.3115065677166196,,,,,,0.496021462000499
sub-01__jax_gpu,AMICA-Python (JAX-GPU),sub-01,174,-1.3115004000376111,,,,,,0.49532372999965446
sub-01__jax_gpu,AMICA-Python (JAX-GPU),sub-01,175,-1.3114942468753972,,,,,,0.49659430000065186
sub-01__jax_gpu,AMICA-Python (JAX-GPU),sub-01,176,-1.311488202150405,,,,,,0.49681613099892274
sub-01__jax_gpu,AMICA-Python (JAX-GPU),sub-01,177,-1.3114822590685695,,,,,,0.49399596500006737
sub-01__jax_gpu,AMICA-Python (JAX-GPU),sub-01,178,-1.3114765774223636,,,,,,0.49496284800079593
sub-01__jax_gpu,AMICA-Python (JAX-GPU),sub-01,179,-1.3114708196906437,,,,,,0.49519720200078154
sub-01__jax_gpu,AMICA-Python (JAX-GPU),sub-01,180,-1.3114650692555876,,,,,,0.4937711019993003
sub-01__jax_gpu,AMICA-Python (JAX-GPU),sub-01,181,-1.3114593731916648,,,,,,0.49731436100046267
sub-01__jax_gpu,AMICA-Python (JAX-GPU),sub-01,182,-1.311453775893947,,,,,,0.49685171199962497
sub-01__jax_gpu,AMICA-Python (JAX-GPU),sub-01,183,-1.3114482644904761,,,,,,0.49816423000083887
sub-01__jax_gpu,AMICA-Python (JAX-GPU),sub-01,184,-1.3114427597876037,,,,,,0.4945568679995631
sub-01__jax_gpu,AMICA-Python (JAX-GPU),sub-01,185,-1.311437530343987,,,,,,0.4945303200001945
sub-01__jax_gpu,AMICA-Python (JAX-GPU),sub-01,186,-1.3114322634236897,,,,,,0.4948164519992133
sub-01__jax_gpu,AMICA-Python (JAX-GPU),sub-01,187,-1.3114269728109542,,,,,,0.4946181790000992
sub-01__jax_gpu,AMICA-Python (JAX-GPU),sub-01,188,-1.3114217653680411,,,,,,0.49427332499908516
sub-01__jax_gpu,AMICA-Python (JAX-GPU),sub-01,189,-1.3114166795218725,,,,,,0.495085521000874
sub-01__jax_gpu,AMICA-Python (JAX-GPU),sub-01,190,-1.3114115800346224,,,,,,0.49466417000076035
sub-01__jax_gpu,AMICA-Python (JAX-GPU),sub-01,191,-1.3114065875879672,,,,,,0.49508935900121287
sub-01__jax_gpu,AMICA-Python (JAX-GPU),sub-01,192,-1.3114015779940462,,,,,,0.49751229399953445
sub-01__jax_gpu,AMICA-Python (JAX-GPU),sub-01,193,-1.3113967140621343,,,,,,0.49667519300055574
sub-01__jax_gpu,AMICA-Python (JAX-GPU),sub-01,194,-1.3113918716284236,,,,,,0.49523642900021514
sub-01__jax_gpu,AMICA-Python (JAX-GPU),sub-01,195,-1.3113870540625707,,,,,,0.49653611999929126
sub-01__jax_gpu,AMICA-Python (JAX-GPU),sub-01,196,-1.3113822833675204,,,,,,0.4966565209997498
sub-01__jax_gpu,AMICA-Python (JAX-GPU),sub-01,197,-1.3113774778889051,,,,,,0.4959080210010143
sub-01__jax_gpu,AMICA-Python (JAX-GPU),sub-01,198,-1.3113727262021788,,,,,,0.49511260600047535
sub-01__jax_gpu,AMICA-Python (JAX-GPU),sub-01,199,-1.3113680063621491,,,,,,0.49582623400056036
sub-01__jax_gpu,AMICA-Python (JAX-GPU),sub-01,200,-1.3113633767738826,,,,,,0.4935850309993839
sub-01__jax_gpu,AMICA-Python (JAX-GPU),sub-01,201,-1.3113586965105297,,,,,,0.48910347600030946
sub-01__jax_gpu,AMICA-Python (JAX-GPU),sub-01,202,-1.3113541012619898,,,,,,0.48946902900024725
sub-01__jax_gpu,AMICA-Python (JAX-GPU),sub-01,203,-1.3113495689305512,,,,,,0.4921191829998861
sub-01__jax_gpu,AMICA-Python (JAX-GPU),sub-01,204,-1.3113450969220644,,,,,,0.4913875290003489
sub-01__jax_gpu,AMICA-Python (JAX-GPU),sub-01,205,-1.3113405670132279,,,,,,0.4948506919990905
sub-01__jax_gpu,AMICA-Python (JAX-GPU),sub-01,206,-1.311336181794887,,,,,,0.491832574
sub-01__jax_gpu,AMICA-Python (JAX-GPU),sub-01,207,-1.3113317652409189,,,,,,0.49198797900135105
sub-01__jax_gpu,AMICA-Python (JAX-GPU),sub-01,208,-1.3113274050618455,,,,,,0.4923207159990852
sub-01__jax_gpu,AMICA-Python (JAX-GPU),sub-01,209,-1.3113229990303585,,,,,,0.49249435999990965
sub-01__jax_gpu,AMICA-Python (JAX-GPU),sub-01,210,-1.3113186716946583,,,,,,0.4914992699996219
sub-01__jax_gpu,AMICA-Python (JAX-GPU),sub-01,211,-1.311314366516835,,,,,,0.4929214130006585
sub-01__jax_gpu,AMICA-Python (JAX-GPU),sub-01,212,-1.311310138081227,,,,,,0.49150766400089196
sub-01__jax_gpu,AMICA-Python (JAX-GPU),sub-01,213,-1.3113059516937806,,,,,,0.4918511010000657
sub-01__jax_gpu,AMICA-Python (JAX-GPU),sub-01,214,-1.3113017648515999,,,,,,0.49301718500100833
sub-01__jax_gpu,AMICA-Python (JAX-GPU),sub-01,215,-1.3112976920643868,,,,,,0.493137540999669
sub-01__jax_gpu,AMICA-Python (JAX-GPU),sub-01,216,-1.3112936314786858,,,,,,0.4949093260001973
sub-01__jax_gpu,AMICA-Python (JAX-GPU),sub-01,217,-1.3112896115795363,,,,,,0.4933233440006006
sub-01__jax_gpu,AMICA-Python (JAX-GPU),sub-01,218,-1.3112855743827587,,,,,,0.49379390999820316
sub-01__jax_gpu,AMICA-Python (JAX-GPU),sub-01,219,-1.3112815698613598,,,,,,0.4935135130017443
sub-01__jax_gpu,AMICA-Python (JAX-GPU),sub-01,220,-1.311277596430252,,,,,,0.4940932679983234
sub-01__jax_gpu,AMICA-Python (JAX-GPU),sub-01,221,-1.3112736712879216,,,,,,0.49373539199950756
sub-01__jax_gpu,AMICA-Python (JAX-GPU),sub-01,222,-1.3112698346691045,,,,,,0.4932267149997642
sub-01__jax_gpu,AMICA-Python (JAX-GPU),sub-01,223,-1.31126601117296,,,,,,0.4944432720003533
sub-01__jax_gpu,AMICA-Python (JAX-GPU),sub-01,224,-1.3112621592010627,,,,,,0.4942075310009386
sub-01__jax_gpu,AMICA-Python (JAX-GPU),sub-01,225,-1.3112584099868025,,,,,,0.4937612670000817
sub-01__jax_gpu,AMICA-Python (JAX-GPU),sub-01,226,-1.311254630716355,,,,,,0.49438233299952117
sub-01__jax_gpu,AMICA-Python (JAX-GPU),sub-01,227,-1.3112509621231494,,,,,,0.4935795480014349
sub-01__jax_gpu,AMICA-Python (JAX-GPU),sub-01,228,-1.3112472452409705,,,,,,0.49392644699946686
sub-01__jax_gpu,AMICA-Python (JAX-GPU),sub-01,229,-1.3112435396296525,,,,,,0.49444270100138965
sub-01__jax_gpu,AMICA-Python (JAX-GPU),sub-01,230,-1.3112398717522522,,,,,,0.4957344189988362
sub-01__jax_gpu,AMICA-Python (JAX-GPU),sub-01,231,-1.3112362683015812,,,,,,0.4950177770006121
sub-01__jax_gpu,AMICA-Python (JAX-GPU),sub-01,232,-1.311232766866713,,,,,,0.4983214889998635
sub-01__jax_gpu,AMICA-Python (JAX-GPU),sub-01,233,-1.3112292311439386,,,,,,0.49494289299946104
sub-01__jax_gpu,AMICA-Python (JAX-GPU),sub-01,234,-1.3112257050993488,,,,,,0.4948401969995757
sub-01__jax_gpu,AMICA-Python (JAX-GPU),sub-01,235,-1.3112221315786974,,,,,,0.49912539800061495
sub-01__jax_gpu,AMICA-Python (JAX-GPU),sub-01,236,-1.3112186221976432,,,,,,0.4956213050008955
sub-01__jax_gpu,AMICA-Python (JAX-GPU),sub-01,237,-1.3112150773145683,,,,,,0.49473007199958374
sub-01__jax_gpu,AMICA-Python (JAX-GPU),sub-01,238,-1.311211490111531,,,,,,0.4937301040008606
sub-01__jax_gpu,AMICA-Python (JAX-GPU),sub-01,239,-1.3112079568219208,,,,,,0.4952662629984843
sub-01__jax_gpu,AMICA-Python (JAX-GPU),sub-01,240,-1.3112044586851528,,,,,,0.494191335999858
sub-01__jax_gpu,AMICA-Python (JAX-GPU),sub-01,241,-1.3112009564315803,,,,,,0.49431759100116324
sub-01__jax_gpu,AMICA-Python (JAX-GPU),sub-01,242,-1.31119750273348,,,,,,0.4944741270010127
sub-01__jax_gpu,AMICA-Python (JAX-GPU),sub-01,243,-1.3111940905468666,,,,,,0.4977918280001177
sub-01__jax_gpu,AMICA-Python (JAX-GPU),sub-01,244,-1.311190614658778,,,,,,0.49637421399893356
sub-01__jax_gpu,AMICA-Python (JAX-GPU),sub-01,245,-1.3111871753515965,,,,,,0.4972280010006216
sub-01__jax_gpu,AMICA-Python (JAX-GPU),sub-01,246,-1.311183819223527,,,,,,0.49617890599984094
sub-01__jax_gpu,AMICA-Python (JAX-GPU),sub-01,247,-1.3111804330895127,,,,,,0.4969613039993419
sub-01__jax_gpu,AMICA-Python (JAX-GPU),sub-01,248,-1.3111769421844708,,,,,,0.49624263099940435
sub-01__jax_gpu,AMICA-Python (JAX-GPU),sub-01,249,-1.311173426870963,,,,,,0.49528574800024217
sub-01__jax_gpu,AMICA-Python (JAX-GPU),sub-01,250,-1.3111699174302718,,,,,,0.4949441009994189
sub-01__jax_gpu,AMICA-Python (JAX-GPU),sub-01,251,-1.3111664796591833,,,,,,0.49538853900048707
sub-01__jax_gpu,AMICA-Python (JAX-GPU),sub-01,252,-1.3111630114313786,,,,,,0.49687348500083317
sub-01__jax_gpu,AMICA-Python (JAX-GPU),sub-01,253,-1.3111595066886486,,,,,,0.49557947399989644
sub-01__jax_gpu,AMICA-Python (JAX-GPU),sub-01,254,-1.3111560031636618,,,,,,0.4967500740003743
sub-01__jax_gpu,AMICA-Python (JAX-GPU),sub-01,255,-1.311152536407425,,,,,,0.4948097830001643
sub-01__jax_gpu,AMICA-Python (JAX-GPU),sub-01,256,-1.3111490628839646,,,,,,0.49455804100034584
sub-01__jax_gpu,AMICA-Python (JAX-GPU),sub-01,257,-1.3111455852350662,,,,,,0.4950428470001498
sub-01__jax_gpu,AMICA-Python (JAX-GPU),sub-01,258,-1.3111421431247292,,,,,,0.49716386899854115
sub-01__jax_gpu,AMICA-Python (JAX-GPU),sub-01,259,-1.311138769475407,,,,,,0.4949919509999745
sub-01__jax_gpu,AMICA-Python (JAX-GPU),sub-01,260,-1.3111352507900582,,,,,,0.49580867199983913
sub-01__jax_gpu,AMICA-Python (JAX-GPU),sub-01,261,-1.3111317096781911,,,,,,0.4893954239996674
sub-01__jax_gpu,AMICA-Python (JAX-GPU),sub-01,262,-1.3111282165396991,,,,,,0.48815256299894827
sub-01__jax_gpu,AMICA-Python (JAX-GPU),sub-01,263,-1.3111247421857237,,,,,,0.4892110210003011
sub-01__jax_gpu,AMICA-Python (JAX-GPU),sub-01,264,-1.3111212329634248,,,,,,0.49062144700110366
sub-01__jax_gpu,AMICA-Python (JAX-GPU),sub-01,265,-1.3111176498645947,,,,,,0.49165524700038077
sub-01__jax_gpu,AMICA-Python (JAX-GPU),sub-01,266,-1.3111140656448246,,,,,,0.4905718419995537
sub-01__jax_gpu,AMICA-Python (JAX-GPU),sub-01,267,-1.3111104500607784,,,,,,0.4922047090003616
sub-01__jax_gpu,AMICA-Python (JAX-GPU),sub-01,268,-1.3111067816781428,,,,,,0.4919925840003998
sub-01__jax_gpu,AMICA-Python (JAX-GPU),sub-01,269,-1.3111031454621838,,,,,,0.493252644999302
sub-01__jax_gpu,AMICA-Python (JAX-GPU),sub-01,270,-1.311099514082144,,,,,,0.49228898199908144
sub-01__jax_gpu,AMICA-Python (JAX-GPU),sub-01,271,-1.3110958958424759,,,,,,0.492488580999634
sub-01__jax_gpu,AMICA-Python (JAX-GPU),sub-01,272,-1.3110922664106788,,,,,,0.492254941000283
sub-01__jax_gpu,AMICA-Python (JAX-GPU),sub-01,273,-1.3110886259930157,,,,,,0.4915649310005392
sub-01__jax_gpu,AMICA-Python (JAX-GPU),sub-01,274,-1.3110850342349143,,,,,,0.4934259839992592
sub-01__jax_gpu,AMICA-Python (JAX-GPU),sub-01,275,-1.3110814952686793,,,,,,0.49427482600003714
sub-01__jax_gpu,AMICA-Python (JAX-GPU),sub-01,276,-1.3110780083770381,,,,,,0.4927510199995595
sub-01__jax_gpu,AMICA-Python (JAX-GPU),sub-01,277,-1.3110745266551396,,,,,,0.49377217500114057
sub-01__jax_gpu,AMICA-Python (JAX-GPU),sub-01,278,-1.3110710279763789,,,,,,0.49251876099879155
sub-01__jax_gpu,AMICA-Python (JAX-GPU),sub-01,279,-1.3110676352333215,,,,,,0.4942212969999673
sub-01__jax_gpu,AMICA-Python (JAX-GPU),sub-01,280,-1.3110642043885334,,,,,,0.4931976459993166
sub-01__jax_gpu,AMICA-Python (JAX-GPU),sub-01,281,-1.3110608301241666,,,,,,0.4927371020003193
sub-01__jax_gpu,AMICA-Python (JAX-GPU),sub-01,282,-1.3110575011214483,,,,,,0.49371863400119764
sub-01__jax_gpu,AMICA-Python (JAX-GPU),sub-01,283,-1.3110542304185584,,,,,,0.4947195209988422
sub-01__jax_gpu,AMICA-Python (JAX-GPU),sub-01,284,-1.3110509560401244,,,,,,0.4954713309998624
sub-01__jax_gpu,AMICA-Python (JAX-GPU),sub-01,285,-1.3110477402799463,,,,,,0.4946332279996568
sub-01__jax_gpu,AMICA-Python (JAX-GPU),sub-01,286,-1.3110444940925334,,,,,,0.4950774499993713
sub-01__jax_gpu,AMICA-Python (JAX-GPU),sub-01,287,-1.3110412991487574,,,,,,0.49475378599890973
sub-01__jax_gpu,AMICA-Python (JAX-GPU),sub-01,288,-1.3110381897208316,,,,,,0.49462720500014257
sub-01__jax_gpu,AMICA-Python (JAX-GPU),sub-01,289,-1.3110351589426805,,,,,,0.4961072730002343
sub-01__jax_gpu,AMICA-Python (JAX-GPU),sub-01,290,-1.3110320738949781,,,,,,0.49373565200039593
sub-01__jax_gpu,AMICA-Python (JAX-GPU),sub-01,291,-1.3110290730651175,,,,,,0.49437975000000733
sub-01__jax_gpu,AMICA-Python (JAX-GPU),sub-01,292,-1.3110261336464215,,,,,,0.4944759790014359
sub-01__jax_gpu,AMICA-Python (JAX-GPU),sub-01,293,-1.3110232408398539,,,,,,0.49426145699908375
sub-01__jax_gpu,AMICA-Python (JAX-GPU),sub-01,294,-1.3110203726470762,,,,,,0.49440024700015783
sub-01__jax_gpu,AMICA-Python (JAX-GPU),sub-01,295,-1.3110175640992903,,,,,,0.4948572970006353
sub-01__jax_gpu,AMICA-Python (JAX-GPU),sub-01,296,-1.3110148456463593,,,,,,0.49445711500084144
sub-01__jax_gpu,AMICA-Python (JAX-GPU),sub-01,297,-1.3110121459398891,,,,,,0.4951374289994419
sub-01__jax_gpu,AMICA-Python (JAX-GPU),sub-01,298,-1.311009541092779,,,,,,0.49493943600100465
sub-01__jax_gpu,AMICA-Python (JAX-GPU),sub-01,299,-1.3110069836054807,,,,,,0.4976678750008432
sub-01__jax_gpu,AMICA-Python (JAX-GPU),sub-01,300,-1.31100447453392,,,,,,0.4951843620001455
sub-01__jax_gpu,AMICA-Python (JAX-GPU),sub-01,301,-1.3110020083761895,,,,,,0.49549767300050007
sub-01__jax_gpu,AMICA-Python (JAX-GPU),sub-01,302,-1.310999574144816,,,,,,0.4951892260014574
sub-01__jax_gpu,AMICA-Python (JAX-GPU),sub-01,303,-1.3109972006262165,,,,,,0.4955410840011609
sub-01__jax_gpu,AMICA-Python (JAX-GPU),sub-01,304,-1.3109948967935199,,,,,,0.49832587099990633
sub-01__jax_gpu,AMICA-Python (JAX-GPU),sub-01,305,-1.310992598779957,,,,,,0.49515870199866185
sub-01__jax_gpu,AMICA-Python (JAX-GPU),sub-01,306,-1.3109903624395316,,,,,,0.4961706079993746
sub-01__jax_gpu,AMICA-Python (JAX-GPU),sub-01,307,-1.31098819197077,,,,,,0.4955364589986857
sub-01__jax_gpu,AMICA-Python (JAX-GPU),sub-01,308,-1.3109860874015815,,,,,,0.4993177279993688
sub-01__jax_gpu,AMICA-Python (JAX-GPU),sub-01,309,-1.3109840051977224,,,,,,0.49614298999949824
sub-01__jax_gpu,AMICA-Python (JAX-GPU),sub-01,310,-1.3109819876710582,,,,,,0.49685577400123293
sub-01__jax_gpu,AMICA-Python (JAX-GPU),sub-01,311,-1.3109800722133307,,,,,,0.4955723399998533
sub-01__jax_gpu,AMICA-Python (JAX-GPU),sub-01,312,-1.3109781081378207,,,,,,0.49577468399911595
sub-01__jax_gpu,AMICA-Python (JAX-GPU),sub-01,313,-1.3109761749371844,,,,,,0.49657347299944377
sub-01__jax_gpu,AMICA-Python (JAX-GPU),sub-01,314,-1.3109742509060054,,,,,,0.49925958499989065
sub-01__jax_gpu,AMICA-Python (JAX-GPU),sub-01,315,-1.310972384037233,,,,,,0.49563853799918434
sub-01__jax_gpu,AMICA-Python (JAX-GPU),sub-01,316,-1.310970575679933,,,,,,0.495825762000095
sub-01__jax_gpu,AMICA-Python (JAX-GPU),sub-01,317,-1.310968800673615,,,,,,0.495905613001014
sub-01__jax_gpu,AMICA-Python (JAX-GPU),sub-01,318,-1.310967048112804,,,,,,0.4964753849999397
sub-01__jax_gpu,AMICA-Python (JAX-GPU),sub-01,319,-1.3109653787097901,,,,,,0.4951268419990811
sub-01__jax_gpu,AMICA-Python (JAX-GPU),sub-01,320,-1.310963679230803,,,,,,0.49650603599911847
sub-01__jax_gpu,AMICA-Python (JAX-GPU),sub-01,321,-1.3109620605476258,,,,,,0.4955402370014781
sub-01__jax_gpu,AMICA-Python (JAX-GPU),sub-01,322,-1.3109604331142712,,,,,,0.4898155680002674
sub-01__jax_gpu,AMICA-Python (JAX-GPU),sub-01,323,-1.3109588158444438,,,,,,0.4884369979990879
sub-01__jax_gpu,AMICA-Python (JAX-GPU),sub-01,324,-1.3109572360594413,,,,,,0.4896329470011551
sub-01__jax_gpu,AMICA-Python (JAX-GPU),sub-01,325,-1.3109556880719129,,,,,,0.49125091699897894
sub-01__jax_gpu,AMICA-Python (JAX-GPU),sub-01,326,-1.3109542176449869,,,,,,0.4929402959987783
sub-01__jax_gpu,AMICA-Python (JAX-GPU),sub-01,327,-1.3109527299170436,,,,,,0.49218351899980917
sub-01__jax_gpu,AMICA-Python (JAX-GPU),sub-01,328,-1.3109512340202971,,,,,,0.4943563050001103
sub-01__jax_gpu,AMICA-Python (JAX-GPU),sub-01,329,-1.3109497690983853,,,,,,0.49565224400066654
sub-01__jax_gpu,AMICA-Python (JAX-GPU),sub-01,330,-1.3109483074600226,,,,,,0.49652529299964954
sub-01__jax_gpu,AMICA-Python (JAX-GPU),sub-01,331,-1.3109468855256219,,,,,,0.4944764749998285
sub-01__jax_gpu,AMICA-Python (JAX-GPU),sub-01,332,-1.310945450363377,,,,,,0.4949783470001421
sub-01__jax_gpu,AMICA-Python (JAX-GPU),sub-01,333,-1.3109440315326664,,,,,,0.49244830700081366
sub-01__jax_gpu,AMICA-Python (JAX-GPU),sub-01,334,-1.3109426413044458,,,,,,0.492545560000508
sub-01__jax_gpu,AMICA-Python (JAX-GPU),sub-01,335,-1.3109412538973009,,,,,,0.49226036700019904
sub-01__jax_gpu,AMICA-Python (JAX-GPU),sub-01,336,-1.310939896573994,,,,,,0.49166754100042454
sub-01__jax_gpu,AMICA-Python (JAX-GPU),sub-01,337,-1.3109385575508679,,,,,,0.4940849469985551
sub-01__jax_gpu,AMICA-Python (JAX-GPU),sub-01,338,-1.3109372189834112,,,,,,0.49147696500040183
sub-01__jax_gpu,AMICA-Python (JAX-GPU),sub-01,339,-1.3109358796513457,,,,,,0.49371170100130257
sub-01__jax_gpu,AMICA-Python (JAX-GPU),sub-01,340,-1.3109345821219116,,,,,,0.4938123420015472
sub-01__jax_gpu,AMICA-Python (JAX-GPU),sub-01,341,-1.3109333284656868,,,,,,0.49343847099953564
sub-01__jax_gpu,AMICA-Python (JAX-GPU),sub-01,342,-1.310932055616387,,,,,,0.4932092319995718
sub-01__jax_gpu,AMICA-Python (JAX-GPU),sub-01,343,-1.3109307807031862,,,,,,0.4937876829990273
sub-01__jax_gpu,AMICA-Python (JAX-GPU),sub-01,344,-1.3109295250129118,,,,,,0.4948722919998545
sub-01__jax_gpu,AMICA-Python (JAX-GPU),sub-01,345,-1.31092825513502,,,,,,0.49450349700055085
sub-01__jax_gpu,AMICA-Python (JAX-GPU),sub-01,346,-1.3109270214894748,,,,,,0.4933056959998794
sub-01__jax_gpu,AMICA-Python (JAX-GPU),sub-01,347,-1.310925831220418,,,,,,0.4955075220004801
sub-01__jax_gpu,AMICA-Python (JAX-GPU),sub-01,348,-1.3109246172338256,,,,,,0.4933885600003123
sub-01__jax_gpu,AMICA-Python (JAX-GPU),sub-01,349,-1.3109234117773407,,,,,,0.49473403500087443
sub-01__jax_gpu,AMICA-Python (JAX-GPU),sub-01,350,-1.3109222357339994,,,,,,0.49513763200047833
sub-01__jax_gpu,AMICA-Python (JAX-GPU),sub-01,351,-1.3109210669771474,,,,,,0.4953565699997853
sub-01__jax_gpu,AMICA-Python (JAX-GPU),sub-01,352,-1.3109198892918,,,,,,0.4974779160002072
sub-01__jax_gpu,AMICA-Python (JAX-GPU),sub-01,353,-1.3109187153171875,,,,,,0.4949697029987874
sub-01__jax_gpu,AMICA-Python (JAX-GPU),sub-01,354,-1.3109175414824665,,,,,,0.4953146719999495
sub-01__jax_gpu,AMICA-Python (JAX-GPU),sub-01,355,-1.3109163797648304,,,,,,0.49482490599984885
sub-01__jax_gpu,AMICA-Python (JAX-GPU),sub-01,356,-1.3109152008622744,,,,,,0.49480232299902127
sub-01__jax_gpu,AMICA-Python (JAX-GPU),sub-01,357,-1.3109140634700327,,,,,,0.49386286700064375
sub-01__jax_gpu,AMICA-Python (JAX-GPU),sub-01,358,-1.310912908242354,,,,,,0.4974610549998033
sub-01__jax_gpu,AMICA-Python (JAX-GPU),sub-01,359,-1.3109117748040031,,,,,,0.49779513199973735
sub-01__jax_gpu,AMICA-Python (JAX-GPU),sub-01,360,-1.3109106316300039,,,,,,0.4963366120009596
sub-01__jax_gpu,AMICA-Python (JAX-GPU),sub-01,361,-1.3109095090040466,,,,,,0.49493921999965096
sub-01__jax_gpu,AMICA-Python (JAX-GPU),sub-01,362,-1.3109084095034602,,,,,,0.496441032999428
sub-01__jax_gpu,AMICA-Python (JAX-GPU),sub-01,363,-1.3109072719979384,,,,,,0.4959697430003871
sub-01__jax_gpu,AMICA-Python (JAX-GPU),sub-01,364,-1.3109061638609953,,,,,,0.4950243490002322
sub-01__jax_gpu,AMICA-Python (JAX-GPU),sub-01,365,-1.3109050984397432,,,,,,0.49759875900053885
sub-01__jax_gpu,AMICA-Python (JAX-GPU),sub-01,366,-1.3109040271507437,,,,,,0.4957281259994488
sub-01__jax_gpu,AMICA-Python (JAX-GPU),sub-01,367,-1.3109029673610777,,,,,,0.4954889840009855
sub-01__jax_gpu,AMICA-Python (JAX-GPU),sub-01,368,-1.310901886184065,,,,,,0.4977794759997778
sub-01__jax_gpu,AMICA-Python (JAX-GPU),sub-01,369,-1.3109008344260515,,,,,,0.4958184299994173
sub-01__jax_gpu,AMICA-Python (JAX-GPU),sub-01,370,-1.3108997668268496,,,,,,0.49517448599908676
sub-01__jax_gpu,AMICA-Python (JAX-GPU),sub-01,371,-1.3108987075999632,,,,,,0.49619724600051995
sub-01__jax_gpu,AMICA-Python (JAX-GPU),sub-01,372,-1.3108976465280306,,,,,,0.4975985910004965
sub-01__jax_gpu,AMICA-Python (JAX-GPU),sub-01,373,-1.3108966202675787,,,,,,0.5008602729994891
sub-01__jax_gpu,AMICA-Python (JAX-GPU),sub-01,374,-1.310895587212482,,,,,,0.4972909100015386
sub-01__jax_gpu,AMICA-Python (JAX-GPU),sub-01,375,-1.3108945421756306,,,,,,0.49512470300032874
sub-01__jax_gpu,AMICA-Python (JAX-GPU),sub-01,376,-1.3108935044434065,,,,,,0.49503943499985326
sub-01__jax_gpu,AMICA-Python (JAX-GPU),sub-01,377,-1.3108924692992778,,,,,,0.4977243399989675
sub-01__jax_gpu,AMICA-Python (JAX-GPU),sub-01,378,-1.3108914373705407,,,,,,0.4972934380002698
sub-01__jax_gpu,AMICA-Python (JAX-GPU),sub-01,379,-1.3108904169183706,,,,,,0.5251230989997566
sub-01__jax_gpu,AMICA-Python (JAX-GPU),sub-01,380,-1.3108894075487507,,,,,,0.49605292600062967
sub-01__jax_gpu,AMICA-Python (JAX-GPU),sub-01,381,-1.3108883834733074,,,,,,0.49481742900024983
sub-01__jax_gpu,AMICA-Python (JAX-GPU),sub-01,382,-1.3108873813483402,,,,,,0.5006055120011297
sub-01__jax_gpu,AMICA-Python (JAX-GPU),sub-01,383,-1.3108863630432774,,,,,,0.49783841600037704
sub-01__jax_gpu,AMICA-Python (JAX-GPU),sub-01,384,-1.3108853582855726,,,,,,0.4951237069999479
sub-01__jax_gpu,AMICA-Python (JAX-GPU),sub-01,385,-1.3108843603000988,,,,,,0.4937785049987724
sub-01__jax_gpu,AMICA-Python (JAX-GPU),sub-01,386,-1.3108833570274003,,,,,,0.4943143139989843
sub-01__jax_gpu,AMICA-Python (JAX-GPU),sub-01,387,-1.310882357429478,,,,,,0.493969767998351
sub-01__jax_gpu,AMICA-Python (JAX-GPU),sub-01,388,-1.3108813640820258,,,,,,0.4948670019985002
sub-01__jax_gpu,AMICA-Python (JAX-GPU),sub-01,389,-1.310880389027241,,,,,,0.4963420240001142
sub-01__jax_gpu,AMICA-Python (JAX-GPU),sub-01,390,-1.3108794238022556,,,,,,0.4967281519984681
sub-01__jax_gpu,AMICA-Python (JAX-GPU),sub-01,391,-1.3108784439447452,,,,,,0.4958286920009414
sub-01__jax_gpu,AMICA-Python (JAX-GPU),sub-01,392,-1.3108774790191244,,,,,,0.495477332999144
sub-01__jax_gpu,AMICA-Python (JAX-GPU),sub-01,393,-1.310876519816954,,,,,,0.49570573400160356
sub-01__jax_gpu,AMICA-Python (JAX-GPU),sub-01,394,-1.3108755486467703,,,,,,0.4966572510002152
sub-01__jax_gpu,AMICA-Python (JAX-GPU),sub-01,395,-1.3108745812210834,,,,,,0.49742741900081455
sub-01__jax_gpu,AMICA-Python (JAX-GPU),sub-01,396,-1.3108736237173377,,,,,,0.49586049300160084
sub-01__jax_gpu,AMICA-Python (JAX-GPU),sub-01,397,-1.310872659101662,,,,,,0.4979935370010935
sub-01__jax_gpu,AMICA-Python (JAX-GPU),sub-01,398,-1.3108717129548675,,,,,,0.4963959100005013
sub-01__jax_gpu,AMICA-Python (JAX-GPU),sub-01,399,-1.3108707684970404,,,,,,0.4989831230013806
sub-01__jax_gpu,AMICA-Python (JAX-GPU),sub-01,400,-1.3108698270624846,,,,,,0.4962968419986282
sub-01__jax_gpu,AMICA-Python (JAX-GPU),sub-01,401,-1.3108689036511887,,,,,,0.49727816799895663
sub-01__jax_gpu,AMICA-Python (JAX-GPU),sub-01,402,-1.3108679776832681,,,,,,0.4975682690001122
sub-01__jax_gpu,AMICA-Python (JAX-GPU),sub-01,403,-1.3108670435896137,,,,,,0.4963994449990423
sub-01__jax_gpu,AMICA-Python (JAX-GPU),sub-01,404,-1.3108661195514375,,,,,,0.4975634849997732
sub-01__jax_gpu,AMICA-Python (JAX-GPU),sub-01,405,-1.3108651916268874,,,,,,0.4984806430002209
sub-01__jax_gpu,AMICA-Python (JAX-GPU),sub-01,406,-1.3108642871091252,,,,,,0.4965945860003558
sub-01__jax_gpu,AMICA-Python (JAX-GPU),sub-01,407,-1.3108633927730688,,,,,,0.49944014199900266
sub-01__jax_gpu,AMICA-Python (JAX-GPU),sub-01,408,-1.3108625048363378,,,,,,0.49790259200017317
sub-01__jax_gpu,AMICA-Python (JAX-GPU),sub-01,409,-1.3108615977131728,,,,,,0.4969610999996803
sub-01__jax_gpu,AMICA-Python (JAX-GPU),sub-01,410,-1.3108607027388774,,,,,,0.5002855620004993
sub-01__jax_gpu,AMICA-Python (JAX-GPU),sub-01,411,-1.3108598026572562,,,,,,0.49701983900013147
sub-01__jax_gpu,AMICA-Python (JAX-GPU),sub-01,412,-1.3108589066576204,,,,,,0.4976454540010309
sub-01__jax_gpu,AMICA-Python (JAX-GPU),sub-01,413,-1.310858021233441,,,,,,0.49731360000077984
sub-01__jax_gpu,AMICA-Python (JAX-GPU),sub-01,414,-1.310857126780295,,,,,,0.4971607080005924
sub-01__jax_gpu,AMICA-Python (JAX-GPU),sub-01,415,-1.3108562509136965,,,,,,0.49945609499991406
sub-01__jax_gpu,AMICA-Python (JAX-GPU),sub-01,416,-1.310855363467307,,,,,,0.49789998900087085
sub-01__jax_gpu,AMICA-Python (JAX-GPU),sub-01,417,-1.3108544895364123,,,,,,0.5004367130004539
sub-01__jax_gpu,AMICA-Python (JAX-GPU),sub-01,418,-1.3108536311200858,,,,,,0.4978978399994958
sub-01__jax_gpu,AMICA-Python (JAX-GPU),sub-01,419,-1.3108527683834599,,,,,,0.49881135299983725
sub-01__jax_gpu,AMICA-Python (JAX-GPU),sub-01,420,-1.310851915278709,,,,,,0.5002925590015366
sub-01__jax_gpu,AMICA-Python (JAX-GPU),sub-01,421,-1.3108510478735498,,,,,,0.49915612199947645
sub-01__jax_gpu,AMICA-Python (JAX-GPU),sub-01,422,-1.3108501921341016,,,,,,0.5011126769986731
sub-01__jax_gpu,AMICA-Python (JAX-GPU),sub-01,423,-1.3108493503906873,,,,,,0.4992035200011742
sub-01__jax_gpu,AMICA-Python (JAX-GPU),sub-01,424,-1.3108484985833417,,,,,,0.49736242999824753
sub-01__jax_gpu,AMICA-Python (JAX-GPU),sub-01,425,-1.3108476656834642,,,,,,0.49891030300022976
sub-01__jax_gpu,AMICA-Python (JAX-GPU),sub-01,426,-1.3108468252291423,,,,,,0.4986248249988421
sub-01__jax_gpu,AMICA-Python (JAX-GPU),sub-01,427,-1.3108460019798192,,,,,,0.49854691899963655
sub-01__jax_gpu,AMICA-Python (JAX-GPU),sub-01,428,-1.3108451656858726,,,,,,0.49995438099904277
sub-01__jax_gpu,AMICA-Python (JAX-GPU),sub-01,429,-1.3108443441093174,,,,,,0.498393608000697
sub-01__jax_gpu,AMICA-Python (JAX-GPU),sub-01,430,-1.3108435269273842,,,,,,0.5000362290011253
sub-01__jax_gpu,AMICA-Python (JAX-GPU),sub-01,431,-1.3108427123043078,,,,,,0.501087225999072
sub-01__jax_gpu,AMICA-Python (JAX-GPU),sub-01,432,-1.3108418991223658,,,,,,0.49964411899964034
sub-01__jax_gpu,AMICA-Python (JAX-GPU),sub-01,433,-1.3108410891852291,,,,,,0.49986287700085086
sub-01__jax_gpu,AMICA-Python (JAX-GPU),sub-01,434,-1.3108402862529664,,,,,,0.49873207999917213
sub-01__jax_gpu,AMICA-Python (JAX-GPU),sub-01,435,-1.3108394872295857,,,,,,0.498906688999341
sub-01__jax_gpu,AMICA-Python (JAX-GPU),sub-01,436,-1.3108386838086536,,,,,,0.49923322500035283
sub-01__jax_gpu,AMICA-Python (JAX-GPU),sub-01,437,-1.3108378860512186,,,,,,0.4975239400009741
sub-01__jax_gpu,AMICA-Python (JAX-GPU),sub-01,438,-1.310837103482828,,,,,,0.5005929350008955
sub-01__jax_gpu,AMICA-Python (JAX-GPU),sub-01,439,-1.3108363314672664,,,,,,0.4985642049996386
sub-01__jax_gpu,AMICA-Python (JAX-GPU),sub-01,440,-1.3108355485672076,,,,,,0.4988712670001405
sub-01__jax_gpu,AMICA-Python (JAX-GPU),sub-01,441,-1.3108347772645808,,,,,,0.49984553000103915
sub-01__jax_gpu,AMICA-Python (JAX-GPU),sub-01,442,-1.3108339973954535,,,,,,0.49879786999917997
sub-01__jax_gpu,AMICA-Python (JAX-GPU),sub-01,443,-1.3108332191527539,,,,,,0.49322975399991265
sub-01__jax_gpu,AMICA-Python (JAX-GPU),sub-01,444,-1.3108324565919471,,,,,,0.49339724499986914
sub-01__jax_gpu,AMICA-Python (JAX-GPU),sub-01,445,-1.3108316857336149,,,,,,0.49822394600050757
sub-01__jax_gpu,AMICA-Python (JAX-GPU),sub-01,446,-1.3108309182718196,,,,,,0.49654406199988443
sub-01__jax_gpu,AMICA-Python (JAX-GPU),sub-01,447,-1.3108301701716927,,,,,,0.4956834300010087
sub-01__jax_gpu,AMICA-Python (JAX-GPU),sub-01,448,-1.3108294042271476,,,,,,0.4970540209997125
sub-01__jax_gpu,AMICA-Python (JAX-GPU),sub-01,449,-1.3108286503976199,,,,,,0.49595254700034275
sub-01__jax_gpu,AMICA-Python (JAX-GPU),sub-01,450,-1.3108278996243634,,,,,,0.49656806900020456
sub-01__jax_gpu,AMICA-Python (JAX-GPU),sub-01,451,-1.3108271536978895,,,,,,0.498382933999892
sub-01__jax_gpu,AMICA-Python (JAX-GPU),sub-01,452,-1.3108263976300292,,,,,,0.49596138699962466
sub-01__jax_gpu,AMICA-Python (JAX-GPU),sub-01,453,-1.3108256507180736,,,,,,0.49711725900124293
sub-01__jax_gpu,AMICA-Python (JAX-GPU),sub-01,454,-1.3108249127219649,,,,,,0.4969206909991044
sub-01__jax_gpu,AMICA-Python (JAX-GPU),sub-01,455,-1.3108241851057154,,,,,,0.5008051180011535
sub-01__jax_gpu,AMICA-Python (JAX-GPU),sub-01,456,-1.3108234544000688,,,,,,0.49765154399938183
sub-01__jax_gpu,AMICA-Python (JAX-GPU),sub-01,457,-1.310822728662916,,,,,,0.5032035130006989
sub-01__jax_gpu,AMICA-Python (JAX-GPU),sub-01,458,-1.3108219900269802,,,,,,0.4967523790000996
sub-01__jax_gpu,AMICA-Python (JAX-GPU),sub-01,459,-1.3108212541771416,,,,,,0.49997671699929924
sub-01__jax_gpu,AMICA-Python (JAX-GPU),sub-01,460,-1.3108205206993544,,,,,,0.4994517499999347
sub-01__jax_gpu,AMICA-Python (JAX-GPU),sub-01,461,-1.3108198031092504,,,,,,0.501719341998978
sub-01__jax_gpu,AMICA-Python (JAX-GPU),sub-01,462,-1.3108190970433087,,,,,,0.4970528350004315
sub-01__jax_gpu,AMICA-Python (JAX-GPU),sub-01,463,-1.310818390961986,,,,,,0.5007196469996416
sub-01__jax_gpu,AMICA-Python (JAX-GPU),sub-01,464,-1.310817681026015,,,,,,0.49810927199905564
sub-01__jax_gpu,AMICA-Python (JAX-GPU),sub-01,465,-1.3108169650152734,,,,,,0.4990962519987079
sub-01__jax_gpu,AMICA-Python (JAX-GPU),sub-01,466,-1.31081625501947,,,,,,0.4995617839995248
sub-01__jax_gpu,AMICA-Python (JAX-GPU),sub-01,467,-1.3108155520660278,,,,,,0.49873610099893995
sub-01__jax_gpu,AMICA-Python (JAX-GPU),sub-01,468,-1.3108148462205156,,,,,,0.49993319399982283
sub-01__jax_gpu,AMICA-Python (JAX-GPU),sub-01,469,-1.310814140162345,,,,,,0.4995796299990616
sub-01__jax_gpu,AMICA-Python (JAX-GPU),sub-01,470,-1.310813437486427,,,,,,0.49886118399990664
sub-01__jax_gpu,AMICA-Python (JAX-GPU),sub-01,471,-1.3108127419369793,,,,,,0.4984180790015671
sub-01__jax_gpu,AMICA-Python (JAX-GPU),sub-01,472,-1.3108120448606728,,,,,,0.49990973499916436
sub-01__jax_gpu,AMICA-Python (JAX-GPU),sub-01,473,-1.3108113642360069,,,,,,0.4991346049991989
sub-01__jax_gpu,AMICA-Python (JAX-GPU),sub-01,474,-1.3108106785172458,,,,,,0.49937885199869925
sub-01__jax_gpu,AMICA-Python (JAX-GPU),sub-01,475,-1.3108100021457953,,,,,,0.4978610979997029
sub-01__jax_gpu,AMICA-Python (JAX-GPU),sub-01,476,-1.3108093226159834,,,,,,0.4996299900012673
sub-01__jax_gpu,AMICA-Python (JAX-GPU),sub-01,477,-1.3108086501624665,,,,,,0.4978288700003759
sub-01__jax_gpu,AMICA-Python (JAX-GPU),sub-01,478,-1.3108079786655593,,,,,,0.49834033099978114
sub-01__jax_gpu,AMICA-Python (JAX-GPU),sub-01,479,-1.3108073133186344,,,,,,0.4991258010013553
sub-01__jax_gpu,AMICA-Python (JAX-GPU),sub-01,480,-1.310806641622852,,,,,,0.49976499600052193
sub-01__jax_gpu,AMICA-Python (JAX-GPU),sub-01,481,-1.3108059784054835,,,,,,0.5010437300006743
sub-01__jax_gpu,AMICA-Python (JAX-GPU),sub-01,482,-1.3108053099811974,,,,,,0.4983411890007119
sub-01__jax_gpu,AMICA-Python (JAX-GPU),sub-01,483,-1.3108046502906041,,,,,,0.4998052999999345
sub-01__jax_gpu,AMICA-Python (JAX-GPU),sub-01,484,-1.3108039928250028,,,,,,0.49799786299990956
sub-01__jax_gpu,AMICA-Python (JAX-GPU),sub-01,485,-1.3108033431770776,,,,,,0.49973657600094157
sub-01__jax_gpu,AMICA-Python (JAX-GPU),sub-01,486,-1.3108026911786264,,,,,,0.5008395700006076
sub-01__jax_gpu,AMICA-Python (JAX-GPU),sub-01,487,-1.3108020366930813,,,,,,0.4998294699998951
sub-01__jax_gpu,AMICA-Python (JAX-GPU),sub-01,488,-1.3108014029344066,,,,,,0.49957490199994936
sub-01__jax_gpu,AMICA-Python (JAX-GPU),sub-01,489,-1.310800759606204,,,,,,0.49871842299944547
sub-01__jax_gpu,AMICA-Python (JAX-GPU),sub-01,490,-1.3108001156976707,,,,,,0.4987841099991783
sub-01__jax_gpu,AMICA-Python (JAX-GPU),sub-01,491,-1.310799478368258,,,,,,0.498808801999985
sub-01__jax_gpu,AMICA-Python (JAX-GPU),sub-01,492,-1.3107988432150908,,,,,,0.5009838229998422
sub-01__jax_gpu,AMICA-Python (JAX-GPU),sub-01,493,-1.3107982091405566,,,,,,0.49998389599932125
sub-01__jax_gpu,AMICA-Python (JAX-GPU),sub-01,494,-1.3107975810745853,,,,,,0.4999663609996787
sub-01__jax_gpu,AMICA-Python (JAX-GPU),sub-01,495,-1.3107969562557649,,,,,,0.49843624200002523
sub-01__jax_gpu,AMICA-Python (JAX-GPU),sub-01,496,-1.310796333620917,,,,,,0.5005679499990947
sub-01__jax_gpu,AMICA-Python (JAX-GPU),sub-01,497,-1.310795718084852,,,,,,0.49893391099976725
sub-01__jax_gpu,AMICA-Python (JAX-GPU),sub-01,498,-1.310795115135023,,,,,,0.5034444350003469
sub-01__jax_gpu,AMICA-Python (JAX-GPU),sub-01,499,-1.3107945066958637,,,,,,0.5019681069989019
sub-01__jax_gpu,AMICA-Python (JAX-GPU),sub-01,500,-1.3107938932054155,,,,,,0.5001085969997803
sub-01__jax_gpu,AMICA-Python (JAX-GPU),sub-01,501,-1.3107932955447315,,,,,,0.5029462080001394
sub-01__jax_gpu,AMICA-Python (JAX-GPU),sub-01,502,-1.3107926978429534,,,,,,0.5009932509983628
sub-01__jax_gpu,AMICA-Python (JAX-GPU),sub-01,503,-1.3107920991151858,,,,,,0.4948166989997844
sub-01__jax_gpu,AMICA-Python (JAX-GPU),sub-01,504,-1.3107915107134132,,,,,,0.4937289410008816
sub-01__jax_gpu,AMICA-Python (JAX-GPU),sub-01,505,-1.3107909209606388,,,,,,0.49324851599885733
sub-01__jax_gpu,AMICA-Python (JAX-GPU),sub-01,506,-1.3107903392521774,,,,,,0.49428665000050387
sub-01__jax_gpu,AMICA-Python (JAX-GPU),sub-01,507,-1.310789761969671,,,,,,0.4954306580002594
sub-01__jax_gpu,AMICA-Python (JAX-GPU),sub-01,508,-1.3107891832378793,,,,,,0.49334615699990536
sub-01__jax_gpu,AMICA-Python (JAX-GPU),sub-01,509,-1.310788608704514,,,,,,0.4957177539999975
sub-01__jax_gpu,AMICA-Python (JAX-GPU),sub-01,510,-1.310788039517702,,,,,,0.49695043100109615
sub-01__jax_gpu,AMICA-Python (JAX-GPU),sub-01,511,-1.3107874705254927,,,,,,0.4957782870005758
sub-01__jax_gpu,AMICA-Python (JAX-GPU),sub-01,512,-1.3107869067585705,,,,,,0.49707794999994803
sub-01__jax_gpu,AMICA-Python (JAX-GPU),sub-01,513,-1.3107863553683536,,,,,,0.49551892099952966
sub-01__jax_gpu,AMICA-Python (JAX-GPU),sub-01,514,-1.310785804937979,,,,,,0.4978284820008412
sub-01__jax_gpu,AMICA-Python (JAX-GPU),sub-01,515,-1.310785253736083,,,,,,0.4976353399997606
sub-01__jax_gpu,AMICA-Python (JAX-GPU),sub-01,516,-1.3107847052223254,,,,,,0.49990373400032695
sub-01__jax_gpu,AMICA-Python (JAX-GPU),sub-01,517,-1.3107841587994937,,,,,,0.49833994599975995
sub-01__jax_gpu,AMICA-Python (JAX-GPU),sub-01,518,-1.3107836188145063,,,,,,0.49841316000129154
sub-01__jax_gpu,AMICA-Python (JAX-GPU),sub-01,519,-1.3107830824374074,,,,,,0.49706463199981954
sub-01__jax_gpu,AMICA-Python (JAX-GPU),sub-01,520,-1.310782546357861,,,,,,0.4968453999990743
sub-01__jax_gpu,AMICA-Python (JAX-GPU),sub-01,521,-1.3107820131967924,,,,,,0.49582291200022155
sub-01__jax_gpu,AMICA-Python (JAX-GPU),sub-01,522,-1.3107814910340632,,,,,,0.4983714929985581
sub-01__jax_gpu,AMICA-Python (JAX-GPU),sub-01,523,-1.3107809719421482,,,,,,0.49644801000067673
sub-01__jax_gpu,AMICA-Python (JAX-GPU),sub-01,524,-1.3107804506346608,,,,,,0.4991349599986279
sub-01__jax_gpu,AMICA-Python (JAX-GPU),sub-01,525,-1.310779940895157,,,,,,0.4999814009988768
sub-01__jax_gpu,AMICA-Python (JAX-GPU),sub-01,526,-1.3107794390850371,,,,,,0.4994144550000783
sub-01__jax_gpu,AMICA-Python (JAX-GPU),sub-01,527,-1.310778938074065,,,,,,0.49847346499882406
sub-01__jax_gpu,AMICA-Python (JAX-GPU),sub-01,528,-1.3107784335514348,,,,,,0.4982212909999362
sub-01__jax_gpu,AMICA-Python (JAX-GPU),sub-01,529,-1.3107779345244308,,,,,,0.4979354000006424
sub-01__jax_gpu,AMICA-Python (JAX-GPU),sub-01,530,-1.3107774415309983,,,,,,0.4993478269989282
sub-01__jax_gpu,AMICA-Python (JAX-GPU),sub-01,531,-1.3107769488445515,,,,,,0.5001303120006924
sub-01__jax_gpu,AMICA-Python (JAX-GPU),sub-01,532,-1.3107764612059682,,,,,,0.49912239300101646
sub-01__jax_gpu,AMICA-Python (JAX-GPU),sub-01,533,-1.3107759709326456,,,,,,0.4985914139997476
sub-01__jax_gpu,AMICA-Python (JAX-GPU),sub-01,534,-1.3107754851841023,,,,,,0.5090878779992636
sub-01__jax_gpu,AMICA-Python (JAX-GPU),sub-01,535,-1.3107750033784902,,,,,,0.4984321939991787
sub-01__jax_gpu,AMICA-Python (JAX-GPU),sub-01,536,-1.3107745254153331,,,,,,0.499313643998903
sub-01__jax_gpu,AMICA-Python (JAX-GPU),sub-01,537,-1.3107740479082373,,,,,,0.49951681699894834
sub-01__jax_gpu,AMICA-Python (JAX-GPU),sub-01,538,-1.3107735789033534,,,,,,0.498991535998357
sub-01__jax_gpu,AMICA-Python (JAX-GPU),sub-01,539,-1.3107731130231726,,,,,,0.49894654600029753
sub-01__jax_gpu,AMICA-Python (JAX-GPU),sub-01,540,-1.3107726484557114,,,,,,0.49872266899910755
sub-01__jax_gpu,AMICA-Python (JAX-GPU),sub-01,541,-1.3107721816827322,,,,,,0.5005134349994478
sub-01__jax_gpu,AMICA-Python (JAX-GPU),sub-01,542,-1.3107717154897167,,,,,,0.500183031999768
sub-01__jax_gpu,AMICA-Python (JAX-GPU),sub-01,543,-1.3107712528972135,,,,,,0.5012346600015007
sub-01__jax_gpu,AMICA-Python (JAX-GPU),sub-01,544,-1.3107707957802033,,,,,,0.49888326700056496
sub-01__jax_gpu,AMICA-Python (JAX-GPU),sub-01,545,-1.3107703388781142,,,,,,0.501839378999648
sub-01__jax_gpu,AMICA-Python (JAX-GPU),sub-01,546,-1.31076989027075,,,,,,0.5029687950009247
sub-01__jax_gpu,AMICA-Python (JAX-GPU),sub-01,547,-1.3107694379820116,,,,,,0.5026892780006165
sub-01__jax_gpu,AMICA-Python (JAX-GPU),sub-01,548,-1.3107689900748327,,,,,,0.4995268729999225
sub-01__jax_gpu,AMICA-Python (JAX-GPU),sub-01,549,-1.3107685463510275,,,,,,0.4995804730006057
sub-01__jax_gpu,AMICA-Python (JAX-GPU),sub-01,550,-1.3107681029963072,,,,,,0.49898838400076784
sub-01__jax_gpu,AMICA-Python (JAX-GPU),sub-01,551,-1.310767659214528,,,,,,0.4987052149990632
sub-01__jax_gpu,AMICA-Python (JAX-GPU),sub-01,552,-1.310767216642593,,,,,,0.500441273999968
sub-01__jax_gpu,AMICA-Python (JAX-GPU),sub-01,553,-1.3107667765775708,,,,,,0.5001328510006715
sub-01__jax_gpu,AMICA-Python (JAX-GPU),sub-01,554,-1.3107663367926687,,,,,,0.4988699559999077
sub-01__jax_gpu,AMICA-Python (JAX-GPU),sub-01,555,-1.3107658998740028,,,,,,0.4984492160001537
sub-01__jax_gpu,AMICA-Python (JAX-GPU),sub-01,556,-1.3107654624994938,,,,,,0.49983291999888024
sub-01__jax_gpu,AMICA-Python (JAX-GPU),sub-01,557,-1.3107650282937613,,,,,,0.500351144999513
sub-01__jax_gpu,AMICA-Python (JAX-GPU),sub-01,558,-1.3107645956720038,,,,,,0.49844787800066115
sub-01__jax_gpu,AMICA-Python (JAX-GPU),sub-01,559,-1.3107641678075086,,,,,,0.4982295099998737
sub-01__jax_gpu,AMICA-Python (JAX-GPU),sub-01,560,-1.3107637379472121,,,,,,0.498289619001298
sub-01__jax_gpu,AMICA-Python (JAX-GPU),sub-01,561,-1.3107633105067884,,,,,,0.4983823010006745
sub-01__jax_gpu,AMICA-Python (JAX-GPU),sub-01,562,-1.3107628857970852,,,,,,0.4982421170007001
sub-01__jax_gpu,AMICA-Python (JAX-GPU),sub-01,563,-1.3107624602071497,,,,,,0.49677320200135
sub-01__jax_gpu,AMICA-Python (JAX-GPU),sub-01,564,-1.3107620406085285,,,,,,0.4921803010001895
sub-01__jax_gpu,AMICA-Python (JAX-GPU),sub-01,565,-1.3107616155245245,,,,,,0.4931975039999088
sub-01__jax_gpu,AMICA-Python (JAX-GPU),sub-01,566,-1.3107611910816115,,,,,,0.4932649990005302
sub-01__jax_gpu,AMICA-Python (JAX-GPU),sub-01,567,-1.310760769422527,,,,,,0.49337790999925346
sub-01__jax_gpu,AMICA-Python (JAX-GPU),sub-01,568,-1.3107603491468556,,,,,,0.49411247100033506
sub-01__jax_gpu,AMICA-Python (JAX-GPU),sub-01,569,-1.3107599240812136,,,,,,0.4958095379988663
sub-01__jax_gpu,AMICA-Python (JAX-GPU),sub-01,570,-1.3107595024487153,,,,,,0.49553433199980645
sub-01__jax_gpu,AMICA-Python (JAX-GPU),sub-01,571,-1.3107590845875683,,,,,,0.4980480970007193
sub-01__jax_gpu,AMICA-Python (JAX-GPU),sub-01,572,-1.3107586632048223,,,,,,0.4949450770000112
sub-01__jax_gpu,AMICA-Python (JAX-GPU),sub-01,573,-1.3107582480196387,,,,,,0.4952604030004295
sub-01__jax_gpu,AMICA-Python (JAX-GPU),sub-01,574,-1.3107578357497116,,,,,,0.49457669500043266
sub-01__jax_gpu,AMICA-Python (JAX-GPU),sub-01,575,-1.3107574200295227,,,,,,0.496904416999314
sub-01__jax_gpu,AMICA-Python (JAX-GPU),sub-01,576,-1.3107570055422149,,,,,,0.4951169359992491
sub-01__jax_gpu,AMICA-Python (JAX-GPU),sub-01,577,-1.3107565855221752,,,,,,0.49725369499901717
sub-01__jax_gpu,AMICA-Python (JAX-GPU),sub-01,578,-1.3107561697933388,,,,,,0.49856320499930007
sub-01__jax_gpu,AMICA-Python (JAX-GPU),sub-01,579,-1.310755752596245,,,,,,0.4962091039997176
sub-01__jax_gpu,AMICA-Python (JAX-GPU),sub-01,580,-1.3107553374099175,,,,,,0.49706507199880434
sub-01__jax_gpu,AMICA-Python (JAX-GPU),sub-01,581,-1.310754926089441,,,,,,0.4973996850003459
sub-01__jax_gpu,AMICA-Python (JAX-GPU),sub-01,582,-1.3107545118510926,,,,,,0.49737995699979365
sub-01__jax_gpu,AMICA-Python (JAX-GPU),sub-01,583,-1.3107540975279082,,,,,,0.49778207700001076
sub-01__jax_gpu,AMICA-Python (JAX-GPU),sub-01,584,-1.3107536873256889,,,,,,0.4999622569994244
sub-01__jax_gpu,AMICA-Python (JAX-GPU),sub-01,585,-1.3107532788499094,,,,,,0.4972876539995923
sub-01__jax_gpu,AMICA-Python (JAX-GPU),sub-01,586,-1.310752870529151,,,,,,0.49673005499971623
sub-01__jax_gpu,AMICA-Python (JAX-GPU),sub-01,587,-1.3107524594789863,,,,,,0.4977464420007891
sub-01__jax_gpu,AMICA-Python (JAX-GPU),sub-01,588,-1.3107520502221182,,,,,,0.49794278999979724
sub-01__jax_gpu,AMICA-Python (JAX-GPU),sub-01,589,-1.3107516457665493,,,,,,0.5004116790005355
sub-01__jax_gpu,AMICA-Python (JAX-GPU),sub-01,590,-1.3107512376333679,,,,,,0.49896409700158983
sub-01__jax_gpu,AMICA-Python (JAX-GPU),sub-01,591,-1.3107508299384731,,,,,,0.49772672899962345
sub-01__jax_gpu,AMICA-Python (JAX-GPU),sub-01,592,-1.310750422469128,,,,,,0.4980486429994926
sub-01__jax_gpu,AMICA-Python (JAX-GPU),sub-01,593,-1.310750016459038,,,,,,0.4990880700006528
sub-01__jax_gpu,AMICA-Python (JAX-GPU),sub-01,594,-1.3107496121625393,,,,,,0.5029745499996352
sub-01__jax_gpu,AMICA-Python (JAX-GPU),sub-01,595,-1.3107492040178452,,,,,,0.49786846399911155
sub-01__jax_gpu,AMICA-Python (JAX-GPU),sub-01,596,-1.3107488027898828,,,,,,0.49981722499978787
sub-01__jax_gpu,AMICA-Python (JAX-GPU),sub-01,597,-1.3107483990914943,,,,,,0.4978256260001217
sub-01__jax_gpu,AMICA-Python (JAX-GPU),sub-01,598,-1.3107480007140118,,,,,,0.49854641199999605
sub-01__jax_gpu,AMICA-Python (JAX-GPU),sub-01,599,-1.3107475978073944,,,,,,0.49977983700046025
sub-01__jax_gpu,AMICA-Python (JAX-GPU),sub-01,600,-1.3107471938183965,,,,,,0.49815424400003394
sub-01__jax_gpu,AMICA-Python (JAX-GPU),sub-01,601,-1.31074678794403,,,,,,0.5059173720001127
sub-01__jax_gpu,AMICA-Python (JAX-GPU),sub-01,602,-1.3107463859336186,,,,,,0.4984996109997155
sub-01__jax_gpu,AMICA-Python (JAX-GPU),sub-01,603,-1.3107459916404918,,,,,,0.4989033780002501
sub-01__jax_gpu,AMICA-Python (JAX-GPU),sub-01,604,-1.310745590802374,,,,,,0.5003746340007638
sub-01__jax_gpu,AMICA-Python (JAX-GPU),sub-01,605,-1.3107451922995454,,,,,,0.5004550030007522
sub-01__jax_gpu,AMICA-Python (JAX-GPU),sub-01,606,-1.3107447943473227,,,,,,0.4995536619990162
sub-01__jax_gpu,AMICA-Python (JAX-GPU),sub-01,607,-1.310744393742353,,,,,,0.4994394799996371
sub-01__jax_gpu,AMICA-Python (JAX-GPU),sub-01,608,-1.3107439976437918,,,,,,0.49923402499916847
sub-01__jax_gpu,AMICA-Python (JAX-GPU),sub-01,609,-1.310743610043437,,,,,,0.4992081619984674
sub-01__jax_gpu,AMICA-Python (JAX-GPU),sub-01,610,-1.3107432942361277,,,,,,0.49785831100052746
sub-01__jax_gpu,AMICA-Python (JAX-GPU),sub-01,611,-1.310743017749411,,,,,,0.49743047800075146
sub-01__jax_gpu,AMICA-Python (JAX-GPU),sub-01,612,-1.3107427409798544,,,,,,0.4983206990000326
sub-01__jax_gpu,AMICA-Python (JAX-GPU),sub-01,613,-1.3107424749519432,,,,,,0.4985487590001867
sub-01__jax_gpu,AMICA-Python (JAX-GPU),sub-01,614,-1.3107422120914427,,,,,,0.4982236590003595
sub-01__jax_gpu,AMICA-Python (JAX-GPU),sub-01,615,-1.310741951814477,,,,,,0.5054053189996921
sub-01__jax_gpu,AMICA-Python (JAX-GPU),sub-01,616,-1.310741697174266,,,,,,0.5002738109997154
sub-01__jax_gpu,AMICA-Python (JAX-GPU),sub-01,617,-1.3107414435949747,,,,,,0.4991176629991969
sub-01__jax_gpu,AMICA-Python (JAX-GPU),sub-01,618,-1.3107411934920334,,,,,,0.49862574500002665
sub-01__jax_gpu,AMICA-Python (JAX-GPU),sub-01,619,-1.3107409440026188,,,,,,0.5013745439991908
sub-01__jax_gpu,AMICA-Python (JAX-GPU),sub-01,620,-1.310740697494522,,,,,,0.5016270689993689
sub-01__jax_gpu,AMICA-Python (JAX-GPU),sub-01,621,-1.310740455450756,,,,,,0.49933511699964583
sub-01__jax_gpu,AMICA-Python (JAX-GPU),sub-01,622,-1.3107402134989128,,,,,,0.49934197000038694
sub-01__jax_gpu,AMICA-Python (JAX-GPU),sub-01,623,-1.310739970053248,,,,,,0.49747967700022855
sub-01__jax_gpu,AMICA-Python (JAX-GPU),sub-01,624,-1.310739728510306,,,,,,0.5013653599999088
sub-01__jax_gpu,AMICA-Python (JAX-GPU),sub-01,625,-1.3107394923881586,,,,,,0.49394547200063244
sub-01__jax_gpu,AMICA-Python (JAX-GPU),sub-01,626,-1.3107392558114954,,,,,,0.4934280680008669
sub-01__jax_gpu,AMICA-Python (JAX-GPU),sub-01,627,-1.3107390187624395,,,,,,0.4949156340007903
sub-01__jax_gpu,AMICA-Python (JAX-GPU),sub-01,628,-1.3107387851076833,,,,,,0.4959622839996882
sub-01__jax_gpu,AMICA-Python (JAX-GPU),sub-01,629,-1.3107385533162605,,,,,,0.4942246190003061
sub-01__jax_gpu,AMICA-Python (JAX-GPU),sub-01,630,-1.310738321829967,,,,,,0.4962416990001657
sub-01__jax_gpu,AMICA-Python (JAX-GPU),sub-01,631,-1.310738091302308,,,,,,0.4953138550008589
sub-01__jax_gpu,AMICA-Python (JAX-GPU),sub-01,632,-1.3107378594917571,,,,,,0.49567772800037346
sub-01__jax_gpu,AMICA-Python (JAX-GPU),sub-01,633,-1.310737632369541,,,,,,0.49491001600108575
sub-01__jax_gpu,AMICA-Python (JAX-GPU),sub-01,634,-1.3107374029737493,,,,,,0.4968435609989683
sub-01__jax_gpu,AMICA-Python (JAX-GPU),sub-01,635,-1.3107371722034757,,,,,,0.49637578100009705
sub-01__jax_gpu,AMICA-Python (JAX-GPU),sub-01,636,-1.310736944554941,,,,,,0.49660126299932017
sub-01__jax_gpu,AMICA-Python (JAX-GPU),sub-01,637,-1.3107367162271588,,,,,,0.49942629100041813
sub-01__jax_gpu,AMICA-Python (JAX-GPU),sub-01,638,-1.310736492206286,,,,,,0.49716934400021273
sub-01__jax_gpu,AMICA-Python (JAX-GPU),sub-01,639,-1.310736269897301,,,,,,0.4955151639987889
sub-01__jax_gpu,AMICA-Python (JAX-GPU),sub-01,640,-1.310736045902084,,,,,,0.4967750320010964
sub-01__jax_gpu,AMICA-Python (JAX-GPU),sub-01,641,-1.3107358244003464,,,,,,0.49658245200043893
sub-01__jax_gpu,AMICA-Python (JAX-GPU),sub-01,642,-1.310735598393643,,,,,,0.49760160299956624
sub-01__jax_gpu,AMICA-Python (JAX-GPU),sub-01,643,-1.3107353729240052,,,,,,0.49700129099983315
sub-01__jax_gpu,AMICA-Python (JAX-GPU),sub-01,644,-1.3107351496208197,,,,,,0.49938389099952474
sub-01__jax_gpu,AMICA-Python (JAX-GPU),sub-01,645,-1.3107349282277116,,,,,,0.4967937109995546
sub-01__jax_gpu,AMICA-Python (JAX-GPU),sub-01,646,-1.3107347036772912,,,,,,0.49793363800017687
sub-01__jax_gpu,AMICA-Python (JAX-GPU),sub-01,647,-1.3107344849307718,,,,,,0.497875759998351
sub-01__jax_gpu,AMICA-Python (JAX-GPU),sub-01,648,-1.3107342648959506,,,,,,0.497017830999539
sub-01__jax_gpu,AMICA-Python (JAX-GPU),sub-01,649,-1.3107340425329908,,,,,,0.4974178859993117
sub-01__jax_gpu,AMICA-Python (JAX-GPU),sub-01,650,-1.3107338267930526,,,,,,0.5001609520004422
sub-01__jax_gpu,AMICA-Python (JAX-GPU),sub-01,651,-1.3107336092264616,,,,,,0.49767043700012437
sub-01__jax_gpu,AMICA-Python (JAX-GPU),sub-01,652,-1.310733389495534,,,,,,0.4971739199991134
sub-01__jax_gpu,AMICA-Python (JAX-GPU),sub-01,653,-1.3107331721955267,,,,,,0.49833233000026667
sub-01__jax_gpu,AMICA-Python (JAX-GPU),sub-01,654,-1.3107329562814558,,,,,,0.49888816900056554
sub-01__jax_gpu,AMICA-Python (JAX-GPU),sub-01,655,-1.310732740428133,,,,,,0.4983053599989944
sub-01__jax_gpu,AMICA-Python (JAX-GPU),sub-01,656,-1.3107325242603365,,,,,,0.49717176699959964
sub-01__jax_gpu,AMICA-Python (JAX-GPU),sub-01,657,-1.310732308542031,,,,,,0.4979508310007077
sub-01__jax_gpu,AMICA-Python (JAX-GPU),sub-01,658,-1.3107320953513615,,,,,,0.49815553600092244
sub-01__jax_gpu,AMICA-Python (JAX-GPU),sub-01,659,-1.3107318810963469,,,,,,0.49899463699875923
sub-01__jax_gpu,AMICA-Python (JAX-GPU),sub-01,660,-1.3107316693162507,,,,,,0.4975790210010018
sub-01__jax_gpu,AMICA-Python (JAX-GPU),sub-01,661,-1.310731457310096,,,,,,0.49980868000056944
sub-01__jax_gpu,AMICA-Python (JAX-GPU),sub-01,662,-1.3107312476764845,,,,,,0.503012654999111
sub-01__jax_gpu,AMICA-Python (JAX-GPU),sub-01,663,-1.3107310382001611,,,,,,0.4981940529996791
sub-01__jax_gpu,AMICA-Python (JAX-GPU),sub-01,664,-1.3107308242305182,,,,,,0.4987496829999145
sub-01__jax_gpu,AMICA-Python (JAX-GPU),sub-01,665,-1.310730615490449,,,,,,0.5015292309999495
sub-01__jax_gpu,AMICA-Python (JAX-GPU),sub-01,666,-1.3107304040181629,,,,,,0.49933634600165533
sub-01__jax_gpu,AMICA-Python (JAX-GPU),sub-01,667,-1.3107301933236968,,,,,,0.500312242000291
sub-01__jax_gpu,AMICA-Python (JAX-GPU),sub-01,668,-1.310729985618771,,,,,,0.49827853799979493
sub-01__jax_gpu,AMICA-Python (JAX-GPU),sub-01,669,-1.3107297768653898,,,,,,0.501765716000591
sub-01__jax_gpu,AMICA-Python (JAX-GPU),sub-01,670,-1.3107295683109963,,,,,,0.49863234300028125
sub-01__jax_gpu,AMICA-Python (JAX-GPU),sub-01,671,-1.3107293591839064,,,,,,0.5017563719993632
sub-01__jax_gpu,AMICA-Python (JAX-GPU),sub-01,672,-1.3107291493700057,,,,,,0.49827457899846195
sub-01__jax_gpu,AMICA-Python (JAX-GPU),sub-01,673,-1.3107289420951942,,,,,,0.49985601200023666
sub-01__jax_gpu,AMICA-Python (JAX-GPU),sub-01,674,-1.3107287359688715,,,,,,0.4995846830006485
sub-01__jax_gpu,AMICA-Python (JAX-GPU),sub-01,675,-1.3107285282478558,,,,,,0.4997661599991261
sub-01__jax_gpu,AMICA-Python (JAX-GPU),sub-01,676,-1.310728322706575,,,,,,0.4981481979993987
sub-01__jax_gpu,AMICA-Python (JAX-GPU),sub-01,677,-1.310728116144334,,,,,,0.49883022100038943
sub-01__jax_gpu,AMICA-Python (JAX-GPU),sub-01,678,-1.3107279112393209,,,,,,0.49973572400085686
sub-01__jax_gpu,AMICA-Python (JAX-GPU),sub-01,679,-1.3107277039133438,,,,,,0.50023705500098
sub-01__jax_gpu,AMICA-Python (JAX-GPU),sub-01,680,-1.310727499031483,,,,,,0.49943559399980586
sub-01__jax_gpu,AMICA-Python (JAX-GPU),sub-01,681,-1.3107272953823836,,,,,,0.5000579770003242
sub-01__jax_gpu,AMICA-Python (JAX-GPU),sub-01,682,-1.3107270951204848,,,,,,0.5001218350007548
sub-01__jax_gpu,AMICA-Python (JAX-GPU),sub-01,683,-1.3107268963128307,,,,,,0.49961927099866443
sub-01__jax_gpu,AMICA-Python (JAX-GPU),sub-01,684,-1.3107266975793892,,,,,,0.4944071299996722
sub-01__jax_gpu,AMICA-Python (JAX-GPU),sub-01,685,-1.3107264990395175,,,,,,0.4983193440002651
sub-01__jax_gpu,AMICA-Python (JAX-GPU),sub-01,686,-1.3107262989675583,,,,,,0.4960763409999345
sub-01__jax_gpu,AMICA-Python (JAX-GPU),sub-01,687,-1.3107260977142074,,,,,,0.4960017550001794
sub-01__jax_gpu,AMICA-Python (JAX-GPU),sub-01,688,-1.3107258991958572,,,,,,0.4945667739993951
sub-01__jax_gpu,AMICA-Python (JAX-GPU),sub-01,689,-1.3107256992922138,,,,,,0.49477331200068875
sub-01__jax_gpu,AMICA-Python (JAX-GPU),sub-01,690,-1.3107255017916855,,,,,,0.49563500200019917
sub-01__jax_gpu,AMICA-Python (JAX-GPU),sub-01,691,-1.3107253035706656,,,,,,0.49508410899943556
sub-01__jax_gpu,AMICA-Python (JAX-GPU),sub-01,692,-1.3107251045558581,,,,,,0.49678156200025114
sub-01__jax_gpu,AMICA-Python (JAX-GPU),sub-01,693,-1.3107249079894887,,,,,,0.50237306300005
sub-01__jax_gpu,AMICA-Python (JAX-GPU),sub-01,694,-1.3107247149129841,,,,,,0.49791901299977326
sub-01__jax_gpu,AMICA-Python (JAX-GPU),sub-01,695,-1.310724517238121,,,,,,0.4982522050013358
sub-01__jax_gpu,AMICA-Python (JAX-GPU),sub-01,696,-1.310724323475763,,,,,,0.4970455620004941
sub-01__jax_gpu,AMICA-Python (JAX-GPU),sub-01,697,-1.3107241277231567,,,,,,0.5003252890001022
sub-01__jax_gpu,AMICA-Python (JAX-GPU),sub-01,698,-1.3107239332022529,,,,,,0.4994948790008493
sub-01__jax_gpu,AMICA-Python (JAX-GPU),sub-01,699,-1.3107237409958636,,,,,,0.5002247669999633
sub-01__jax_gpu,AMICA-Python (JAX-GPU),sub-01,700,-1.3107235479085202,,,,,,0.4966362430004665
sub-01__jax_gpu,AMICA-Python (JAX-GPU),sub-01,701,-1.3107233565299903,,,,,,0.4968435529990529
sub-01__jax_gpu,AMICA-Python (JAX-GPU),sub-01,702,-1.3107231615766053,,,,,,0.4988278589989932
sub-01__jax_gpu,AMICA-Python (JAX-GPU),sub-01,703,-1.3107229672231322,,,,,,0.4977798140007508
sub-01__jax_gpu,AMICA-Python (JAX-GPU),sub-01,704,-1.3107227778683181,,,,,,0.49687872100003005
sub-01__jax_gpu,AMICA-Python (JAX-GPU),sub-01,705,-1.3107225872661108,,,,,,0.4965661659989564
sub-01__jax_gpu,AMICA-Python (JAX-GPU),sub-01,706,-1.3107223972281987,,,,,,0.4970043989997066
sub-01__jax_gpu,AMICA-Python (JAX-GPU),sub-01,707,-1.3107222046952014,,,,,,0.5000127000002976
sub-01__jax_gpu,AMICA-Python (JAX-GPU),sub-01,708,-1.310722012823007,,,,,,0.4979587299985724
sub-01__jax_gpu,AMICA-Python (JAX-GPU),sub-01,709,-1.3107218212591927,,,,,,0.497608138999567
sub-01__jax_gpu,AMICA-Python (JAX-GPU),sub-01,710,-1.310721632538203,,,,,,0.49866567000026407
sub-01__jax_gpu,AMICA-Python (JAX-GPU),sub-01,711,-1.310721442353574,,,,,,0.4994729130012274
sub-01__jax_gpu,AMICA-Python (JAX-GPU),sub-01,712,-1.310721252204876,,,,,,0.4995177809996676
sub-01__jax_gpu,AMICA-Python (JAX-GPU),sub-01,713,-1.3107210645090013,,,,,,0.4983460790008394
sub-01__jax_gpu,AMICA-Python (JAX-GPU),sub-01,714,-1.3107208748606192,,,,,,0.5007393720006803
sub-01__jax_gpu,AMICA-Python (JAX-GPU),sub-01,715,-1.3107206865005532,,,,,,0.5000694389982527
sub-01__jax_gpu,AMICA-Python (JAX-GPU),sub-01,716,-1.3107204983193839,,,,,,0.49996580600054585
sub-01__jax_gpu,AMICA-Python (JAX-GPU),sub-01,717,-1.3107203092354813,,,,,,0.4976259159993788
sub-01__jax_gpu,AMICA-Python (JAX-GPU),sub-01,718,-1.3107201210882744,,,,,,0.4982141779983067
sub-01__jax_gpu,AMICA-Python (JAX-GPU),sub-01,719,-1.310719933728782,,,,,,0.5078116139993654
sub-01__jax_gpu,AMICA-Python (JAX-GPU),sub-01,720,-1.310719748065144,,,,,,0.5018053389994748
sub-01__jax_gpu,AMICA-Python (JAX-GPU),sub-01,721,-1.310719566005863,,,,,,0.5008213309993153
sub-01__jax_gpu,AMICA-Python (JAX-GPU),sub-01,722,-1.310719383961769,,,,,,0.5001601670010132
sub-01__jax_gpu,AMICA-Python (JAX-GPU),sub-01,723,-1.310719198053735,,,,,,0.5007785289999447
sub-01__jax_gpu,AMICA-Python (JAX-GPU),sub-01,724,-1.3107190148057477,,,,,,0.49857684500057076
sub-01__jax_gpu,AMICA-Python (JAX-GPU),sub-01,725,-1.310718830408131,,,,,,0.5013653690002684
sub-01__jax_gpu,AMICA-Python (JAX-GPU),sub-01,726,-1.3107186454752398,,,,,,0.4983512269991479
sub-01__jax_gpu,AMICA-Python (JAX-GPU),sub-01,727,-1.3107184608170852,,,,,,0.4979027509998559
sub-01__jax_gpu,AMICA-Python (JAX-GPU),sub-01,728,-1.3107182770051031,,,,,,0.4989696789998561
sub-01__jax_gpu,AMICA-Python (JAX-GPU),sub-01,729,-1.310718093521077,,,,,,0.4986208410009567
sub-01__jax_gpu,AMICA-Python (JAX-GPU),sub-01,730,-1.3107179107541138,,,,,,0.49834365700007766
sub-01__jax_gpu,AMICA-Python (JAX-GPU),sub-01,731,-1.3107177286747136,,,,,,0.4985640800005058
sub-01__jax_gpu,AMICA-Python (JAX-GPU),sub-01,732,-1.3107175452493698,,,,,,0.49974492199908127
sub-01__jax_gpu,AMICA-Python (JAX-GPU),sub-01,733,-1.3107173641669965,,,,,,0.4984622590000072
sub-01__jax_gpu,AMICA-Python (JAX-GPU),sub-01,734,-1.3107171817694718,,,,,,0.49898687199856795
sub-01__jax_gpu,AMICA-Python (JAX-GPU),sub-01,735,-1.310716996445377,,,,,,0.49837297400154057
sub-01__jax_gpu,AMICA-Python (JAX-GPU),sub-01,736,-1.3107168126934292,,,,,,0.498809288999837
sub-01__jax_gpu,AMICA-Python (JAX-GPU),sub-01,737,-1.3107166300643587,,,,,,0.4990221580010257
sub-01__jax_gpu,AMICA-Python (JAX-GPU),sub-01,738,-1.3107164470822636,,,,,,0.4993139920006797
sub-01__jax_gpu,AMICA-Python (JAX-GPU),sub-01,739,-1.3107162636132481,,,,,,0.5026377769991086
sub-01__jax_gpu,AMICA-Python (JAX-GPU),sub-01,740,-1.3107160832928575,,,,,,0.4995616919986787
sub-01__jax_gpu,AMICA-Python (JAX-GPU),sub-01,741,-1.31071590069518,,,,,,0.49935831499897176
sub-01__jax_gpu,AMICA-Python (JAX-GPU),sub-01,742,-1.3107157168720134,,,,,,0.5006548480014317
sub-01__jax_gpu,AMICA-Python (JAX-GPU),sub-01,743,-1.3107155349592892,,,,,,0.4996238719995745
sub-01__jax_gpu,AMICA-Python (JAX-GPU),sub-01,744,-1.310715353902817,,,,,,0.4951460299998871
sub-01__jax_gpu,AMICA-Python (JAX-GPU),sub-01,745,-1.3107151741006897,,,,,,0.4945696249997127
sub-01__jax_gpu,AMICA-Python (JAX-GPU),sub-01,746,-1.310714995185326,,,,,,0.49274350400082767
sub-01__jax_gpu,AMICA-Python (JAX-GPU),sub-01,747,-1.31071481368404,,,,,,0.4958416589997796
sub-01__jax_gpu,AMICA-Python (JAX-GPU),sub-01,748,-1.31071463172864,,,,,,0.4930889510014822
sub-01__jax_gpu,AMICA-Python (JAX-GPU),sub-01,749,-1.31071445138099,,,,,,0.49388813199948345
sub-01__jax_gpu,AMICA-Python (JAX-GPU),sub-01,750,-1.3107142704374133,,,,,,0.49372573500113504
sub-01__jax_gpu,AMICA-Python (JAX-GPU),sub-01,751,-1.3107140910964894,,,,,,0.49572957400050655
sub-01__jax_gpu,AMICA-Python (JAX-GPU),sub-01,752,-1.3107139144449933,,,,,,0.49579454899867414
sub-01__jax_gpu,AMICA-Python (JAX-GPU),sub-01,753,-1.310713733771161,,,,,,0.49627370499911194
sub-01__jax_gpu,AMICA-Python (JAX-GPU),sub-01,754,-1.310713555744061,,,,,,0.49635233000117296
sub-01__jax_gpu,AMICA-Python (JAX-GPU),sub-01,755,-1.3107133787235095,,,,,,0.49670504000096116
sub-01__jax_gpu,AMICA-Python (JAX-GPU),sub-01,756,-1.3107132027246593,,,,,,0.49487299700012954
sub-01__jax_gpu,AMICA-Python (JAX-GPU),sub-01,757,-1.3107130260428959,,,,,,0.5016412000004493
sub-01__jax_gpu,AMICA-Python (JAX-GPU),sub-01,758,-1.3107128529935819,,,,,,0.4980525860009948
sub-01__jax_gpu,AMICA-Python (JAX-GPU),sub-01,759,-1.3107126755298404,,,,,,0.49632690799990087
sub-01__jax_gpu,AMICA-Python (JAX-GPU),sub-01,760,-1.3107124983845309,,,,,,0.4959595510008512
sub-01__jax_gpu,AMICA-Python (JAX-GPU),sub-01,761,-1.3107123246831187,,,,,,0.4971128899996984
sub-01__jax_gpu,AMICA-Python (JAX-GPU),sub-01,762,-1.3107121498117884,,,,,,0.49774040400006925
sub-01__jax_gpu,AMICA-Python (JAX-GPU),sub-01,763,-1.3107119745978109,,,,,,0.4968462940014433
sub-01__jax_gpu,AMICA-Python (JAX-GPU),sub-01,764,-1.310711799461225,,,,,,0.49999169999864534
sub-01__jax_gpu,AMICA-Python (JAX-GPU),sub-01,765,-1.3107116244239976,,,,,,0.49703744299949904
sub-01__jax_gpu,AMICA-Python (JAX-GPU),sub-01,766,-1.3107114519511551,,,,,,0.49642400099946826
sub-01__jax_gpu,AMICA-Python (JAX-GPU),sub-01,767,-1.3107112798900475,,,,,,0.4973054170004616
sub-01__jax_gpu,AMICA-Python (JAX-GPU),sub-01,768,-1.3107111074749975,,,,,,0.49668414699954155
sub-01__jax_gpu,AMICA-Python (JAX-GPU),sub-01,769,-1.3107109342086192,,,,,,0.49738216399964585
sub-01__jax_gpu,AMICA-Python (JAX-GPU),sub-01,770,-1.310710763206159,,,,,,0.49708256799931405
sub-01__jax_gpu,AMICA-Python (JAX-GPU),sub-01,771,-1.310710589780085,,,,,,0.4965849939999316
sub-01__jax_gpu,AMICA-Python (JAX-GPU),sub-01,772,-1.3107104211339513,,,,,,0.4976613559992984
sub-01__jax_gpu,AMICA-Python (JAX-GPU),sub-01,773,-1.3107102499916188,,,,,,0.497243638999862
sub-01__jax_gpu,AMICA-Python (JAX-GPU),sub-01,774,-1.3107100803280543,,,,,,0.49723714600077074
sub-01__jax_gpu,AMICA-Python (JAX-GPU),sub-01,775,-1.3107099114047283,,,,,,0.4982685249997303
sub-01__jax_gpu,AMICA-Python (JAX-GPU),sub-01,776,-1.3107097412704074,,,,,,0.4973328569994919
sub-01__jax_gpu,AMICA-Python (JAX-GPU),sub-01,777,-1.3107095711519574,,,,,,0.49890374499955215
sub-01__jax_gpu,AMICA-Python (JAX-GPU),sub-01,778,-1.310709400448061,,,,,,0.4971831069997279
sub-01__jax_gpu,AMICA-Python (JAX-GPU),sub-01,779,-1.310709230697668,,,,,,0.4980208799988759
sub-01__jax_gpu,AMICA-Python (JAX-GPU),sub-01,780,-1.3107090625973057,,,,,,0.49824846100091236
sub-01__jax_gpu,AMICA-Python (JAX-GPU),sub-01,781,-1.3107088947483287,,,,,,0.4979629750014283
sub-01__jax_gpu,AMICA-Python (JAX-GPU),sub-01,782,-1.310708725381832,,,,,,0.4990576919990417
sub-01__jax_gpu,AMICA-Python (JAX-GPU),sub-01,783,-1.3107085591931262,,,,,,0.4979474800002208
sub-01__jax_gpu,AMICA-Python (JAX-GPU),sub-01,784,-1.3107083926963456,,,,,,0.4986103009996441
sub-01__jax_gpu,AMICA-Python (JAX-GPU),sub-01,785,-1.3107082298302255,,,,,,0.4984959540015552
sub-01__jax_gpu,AMICA-Python (JAX-GPU),sub-01,786,-1.3107080632717554,,,,,,0.4992114679989754
sub-01__jax_gpu,AMICA-Python (JAX-GPU),sub-01,787,-1.3107078967781158,,,,,,0.4980791899997712
sub-01__jax_gpu,AMICA-Python (JAX-GPU),sub-01,788,-1.3107077291838027,,,,,,0.5012345769991953
sub-01__jax_gpu,AMICA-Python (JAX-GPU),sub-01,789,-1.3107075639855283,,,,,,0.49901650699939637
sub-01__jax_gpu,AMICA-Python (JAX-GPU),sub-01,790,-1.3107074022100695,,,,,,0.499393942000097
sub-01__jax_gpu,AMICA-Python (JAX-GPU),sub-01,791,-1.3107072392217811,,,,,,0.5038080030008132
sub-01__jax_gpu,AMICA-Python (JAX-GPU),sub-01,792,-1.31070707412167,,,,,,0.4983596910005872
sub-01__jax_gpu,AMICA-Python (JAX-GPU),sub-01,793,-1.3107069108814922,,,,,,0.49765276099969924
sub-01__jax_gpu,AMICA-Python (JAX-GPU),sub-01,794,-1.3107067445356466,,,,,,0.4983368419998442
sub-01__jax_gpu,AMICA-Python (JAX-GPU),sub-01,795,-1.3107065794688744,,,,,,0.499748467000245
sub-01__jax_gpu,AMICA-Python (JAX-GPU),sub-01,796,-1.3107064166355444,,,,,,0.4997678529998666
sub-01__jax_gpu,AMICA-Python (JAX-GPU),sub-01,797,-1.3107062533858065,,,,,,0.5001015470006678
sub-01__jax_gpu,AMICA-Python (JAX-GPU),sub-01,798,-1.3107060871500942,,,,,,0.4993665810015955
sub-01__jax_gpu,AMICA-Python (JAX-GPU),sub-01,799,-1.310705923128738,,,,,,0.5025865449988487
sub-01__jax_gpu,AMICA-Python (JAX-GPU),sub-01,800,-1.310705759845022,,,,,,0.50104926899985
sub-01__jax_gpu,AMICA-Python (JAX-GPU),sub-01,801,-1.310705598069868,,,,,,0.4996895410004072
sub-01__jax_gpu,AMICA-Python (JAX-GPU),sub-01,802,-1.3107054352335608,,,,,,0.4979655220013228
sub-01__jax_gpu,AMICA-Python (JAX-GPU),sub-01,803,-1.3107052727452562,,,,,,0.4996517239997047
sub-01__jax_gpu,AMICA-Python (JAX-GPU),sub-01,804,-1.3107051114735835,,,,,,0.49870970499978284
sub-01__jax_gpu,AMICA-Python (JAX-GPU),sub-01,805,-1.3107049490096618,,,,,,0.4942266709986143
sub-01__jax_gpu,AMICA-Python (JAX-GPU),sub-01,806,-1.3107047857897054,,,,,,0.493124919001275
sub-01__jax_gpu,AMICA-Python (JAX-GPU),sub-01,807,-1.3107046235809063,,,,,,0.49498983600096835
sub-01__jax_gpu,AMICA-Python (JAX-GPU),sub-01,808,-1.3107044597488189,,,,,,0.49482266800077923
sub-01__jax_gpu,AMICA-Python (JAX-GPU),sub-01,809,-1.310704296631828,,,,,,0.4953181430009863
sub-01__jax_gpu,AMICA-Python (JAX-GPU),sub-01,810,-1.31070413413424,,,,,,0.4965590219999285
sub-01__jax_gpu,AMICA-Python (JAX-GPU),sub-01,811,-1.3107039701644785,,,,,,0.4960795610004425
sub-01__jax_gpu,AMICA-Python (JAX-GPU),sub-01,812,-1.3107038079093183,,,,,,0.49573649400008435
sub-01__jax_gpu,AMICA-Python (JAX-GPU),sub-01,813,-1.3107036458031518,,,,,,0.49631430599947635
sub-01__jax_gpu,AMICA-Python (JAX-GPU),sub-01,814,-1.3107034843831273,,,,,,0.4968963600003917
sub-01__jax_gpu,AMICA-Python (JAX-GPU),sub-01,815,-1.3107033211630894,,,,,,0.49624299000061
sub-01__jax_gpu,AMICA-Python (JAX-GPU),sub-01,816,-1.3107031592897218,,,,,,0.4964147890004824
sub-01__jax_gpu,AMICA-Python (JAX-GPU),sub-01,817,-1.310702995977527,,,,,,0.49672764599927177
sub-01__jax_gpu,AMICA-Python (JAX-GPU),sub-01,818,-1.3107028350102141,,,,,,0.49896129199987627
sub-01__jax_gpu,AMICA-Python (JAX-GPU),sub-01,819,-1.3107026752752853,,,,,,0.4960339680001198
sub-01__jax_gpu,AMICA-Python (JAX-GPU),sub-01,820,-1.3107025153517637,,,,,,0.49786121000033745
sub-01__jax_gpu,AMICA-Python (JAX-GPU),sub-01,821,-1.3107023583660375,,,,,,0.4973588339998969
sub-01__jax_gpu,AMICA-Python (JAX-GPU),sub-01,822,-1.3107022006327442,,,,,,0.49622613200153864
sub-01__jax_gpu,AMICA-Python (JAX-GPU),sub-01,823,-1.3107020420204931,,,,,,0.4967486910009029
sub-01__jax_gpu,AMICA-Python (JAX-GPU),sub-01,824,-1.3107018840862914,,,,,,0.4979292219995841
sub-01__jax_gpu,AMICA-Python (JAX-GPU),sub-01,825,-1.3107017248769168,,,,,,0.4970611059998191
sub-01__jax_gpu,AMICA-Python (JAX-GPU),sub-01,826,-1.3107015666094868,,,,,,0.4978487909993419
sub-01__jax_gpu,AMICA-Python (JAX-GPU),sub-01,827,-1.3107014071074337,,,,,,0.49741480499869795
sub-01__jax_gpu,AMICA-Python (JAX-GPU),sub-01,828,-1.3107012483433014,,,,,,0.4982506779997493
sub-01__jax_gpu,AMICA-Python (JAX-GPU),sub-01,829,-1.3107010892528725,,,,,,0.49974371300049825
sub-01__jax_gpu,AMICA-Python (JAX-GPU),sub-01,830,-1.310700928671443,,,,,,0.4985377620014333
sub-01__jax_gpu,AMICA-Python (JAX-GPU),sub-01,831,-1.31070077106456,,,,,,0.4997563729993999
sub-01__jax_gpu,AMICA-Python (JAX-GPU),sub-01,832,-1.3107006132682357,,,,,,0.4996105569989595
sub-01__jax_gpu,AMICA-Python (JAX-GPU),sub-01,833,-1.3107004543392957,,,,,,0.49975905000064813
sub-01__jax_gpu,AMICA-Python (JAX-GPU),sub-01,834,-1.3107002951467894,,,,,,0.5010841120001714
sub-01__jax_gpu,AMICA-Python (JAX-GPU),sub-01,835,-1.3107001365685433,,,,,,0.501745296000081
sub-01__jax_gpu,AMICA-Python (JAX-GPU),sub-01,836,-1.3106999785118885,,,,,,0.4972644280005625
sub-01__jax_gpu,AMICA-Python (JAX-GPU),sub-01,837,-1.3106998207680205,,,,,,0.4980578900012915
sub-01__jax_gpu,AMICA-Python (JAX-GPU),sub-01,838,-1.3106996636873942,,,,,,0.4982247429998097
sub-01__jax_gpu,AMICA-Python (JAX-GPU),sub-01,839,-1.31069950552177,,,,,,0.5023204339995573
sub-01__jax_gpu,AMICA-Python (JAX-GPU),sub-01,840,-1.3106993461545005,,,,,,0.5072404990005452
sub-01__jax_gpu,AMICA-Python (JAX-GPU),sub-01,841,-1.310699187523214,,,,,,0.4982275420006772
sub-01__jax_gpu,AMICA-Python (JAX-GPU),sub-01,842,-1.31069903040441,,,,,,0.4968886719998409
sub-01__jax_gpu,AMICA-Python (JAX-GPU),sub-01,843,-1.3106988746838393,,,,,,0.4997621300008177
sub-01__jax_gpu,AMICA-Python (JAX-GPU),sub-01,844,-1.3106987169324626,,,,,,0.49948928100093326
sub-01__jax_gpu,AMICA-Python (JAX-GPU),sub-01,845,-1.3106985599363494,,,,,,0.5017245159997401
sub-01__jax_gpu,AMICA-Python (JAX-GPU),sub-01,846,-1.310698404278534,,,,,,0.5069996889997128
sub-01__jax_gpu,AMICA-Python (JAX-GPU),sub-01,847,-1.3106982471183246,,,,,,0.5002774999993562
sub-01__jax_gpu,AMICA-Python (JAX-GPU),sub-01,848,-1.3106980900765983,,,,,,0.49929919299938774
sub-01__jax_gpu,AMICA-Python (JAX-GPU),sub-01,849,-1.3106979315897809,,,,,,0.5000685939994582
sub-01__jax_gpu,AMICA-Python (JAX-GPU),sub-01,850,-1.3106977729445668,,,,,,0.5012336210002104
sub-01__jax_gpu,AMICA-Python (JAX-GPU),sub-01,851,-1.3106976155007577,,,,,,0.5008945770005084
sub-01__jax_gpu,AMICA-Python (JAX-GPU),sub-01,852,-1.3106974588947153,,,,,,0.49976199099910446
sub-01__jax_gpu,AMICA-Python (JAX-GPU),sub-01,853,-1.3106973002202709,,,,,,0.49867058000018005
sub-01__jax_gpu,AMICA-Python (JAX-GPU),sub-01,854,-1.3106971445892899,,,,,,0.49849831000028644
sub-01__jax_gpu,AMICA-Python (JAX-GPU),sub-01,855,-1.310696989088344,,,,,,0.498880242001178
sub-01__jax_gpu,AMICA-Python (JAX-GPU),sub-01,856,-1.3106968334354245,,,,,,0.49896204600008787
sub-01__jax_gpu,AMICA-Python (JAX-GPU),sub-01,857,-1.3106966773309516,,,,,,0.49972893400081375
sub-01__jax_gpu,AMICA-Python (JAX-GPU),sub-01,858,-1.3106965212682926,,,,,,0.49860799700036296
sub-01__jax_gpu,AMICA-Python (JAX-GPU),sub-01,859,-1.3106963655344577,,,,,,0.498005841000122
sub-01__jax_gpu,AMICA-Python (JAX-GPU),sub-01,860,-1.3106962117638272,,,,,,0.4981864969995513
sub-01__jax_gpu,AMICA-Python (JAX-GPU),sub-01,861,-1.3106960554658087,,,,,,0.5006666509998468
sub-01__jax_gpu,AMICA-Python (JAX-GPU),sub-01,862,-1.3106958990569637,,,,,,0.49866714299969317
sub-01__jax_gpu,AMICA-Python (JAX-GPU),sub-01,863,-1.3106957433817328,,,,,,0.49959416999990935
sub-01__jax_gpu,AMICA-Python (JAX-GPU),sub-01,864,-1.3106955884656222,,,,,,0.4989368980004656
sub-01__jax_gpu,AMICA-Python (JAX-GPU),sub-01,865,-1.310695435109888,,,,,,0.5007761810011289
sub-01__jax_gpu,AMICA-Python (JAX-GPU),sub-01,866,-1.3106952804357554,,,,,,0.49500800500027253
sub-01__jax_gpu,AMICA-Python (JAX-GPU),sub-01,867,-1.3106951262367852,,,,,,0.4948728780000238
sub-01__jax_gpu,AMICA-Python (JAX-GPU),sub-01,868,-1.3106949705225086,,,,,,0.49526779299958434
sub-01__jax_gpu,AMICA-Python (JAX-GPU),sub-01,869,-1.3106948179773366,,,,,,0.5006563290007762
sub-01__jax_gpu,AMICA-Python (JAX-GPU),sub-01,870,-1.31069466175237,,,,,,0.4972548639998422
sub-01__jax_gpu,AMICA-Python (JAX-GPU),sub-01,871,-1.3106945074198717,,,,,,0.4942691790001845
sub-01__jax_gpu,AMICA-Python (JAX-GPU),sub-01,872,-1.31069435357006,,,,,,0.4964195180000388
sub-01__jax_gpu,AMICA-Python (JAX-GPU),sub-01,873,-1.3106942001767772,,,,,,0.4952151759989647
sub-01__jax_gpu,AMICA-Python (JAX-GPU),sub-01,874,-1.3106940487675949,,,,,,0.4950228979996609
sub-01__jax_gpu,AMICA-Python (JAX-GPU),sub-01,875,-1.3106938953998766,,,,,,0.4994360790005885
sub-01__jax_gpu,AMICA-Python (JAX-GPU),sub-01,876,-1.3106937423734892,,,,,,0.49590460199942754
sub-01__jax_gpu,AMICA-Python (JAX-GPU),sub-01,877,-1.3106935905368429,,,,,,0.49815374900026654
sub-01__jax_gpu,AMICA-Python (JAX-GPU),sub-01,878,-1.3106934382023159,,,,,,0.49777237200032687
sub-01__jax_gpu,AMICA-Python (JAX-GPU),sub-01,879,-1.3106932877324704,,,,,,0.4977628110009391
sub-01__jax_gpu,AMICA-Python (JAX-GPU),sub-01,880,-1.3106931356850164,,,,,,0.4968701960006001
sub-01__jax_gpu,AMICA-Python (JAX-GPU),sub-01,881,-1.3106929858480063,,,,,,0.4984631380011706
sub-01__jax_gpu,AMICA-Python (JAX-GPU),sub-01,882,-1.3106928347192799,,,,,,0.49824213399915607
sub-01__jax_gpu,AMICA-Python (JAX-GPU),sub-01,883,-1.3106926834547123,,,,,,0.49662328399972466
sub-01__jax_gpu,AMICA-Python (JAX-GPU),sub-01,884,-1.3106925344442717,,,,,,0.4975931560002209
sub-01__jax_gpu,AMICA-Python (JAX-GPU),sub-01,885,-1.3106923836140392,,,,,,0.49847863300055906
sub-01__jax_gpu,AMICA-Python (JAX-GPU),sub-01,886,-1.3106922334633178,,,,,,0.49868889699973806
sub-01__jax_gpu,AMICA-Python (JAX-GPU),sub-01,887,-1.3106920827635986,,,,,,0.49857447300018976
sub-01__jax_gpu,AMICA-Python (JAX-GPU),sub-01,888,-1.3106919322290862,,,,,,0.5011409640010243
sub-01__jax_gpu,AMICA-Python (JAX-GPU),sub-01,889,-1.3106917817371917,,,,,,0.499938340000881
sub-01__jax_gpu,AMICA-Python (JAX-GPU),sub-01,890,-1.3106916324697637,,,,,,0.5018526670010033
sub-01__jax_gpu,AMICA-Python (JAX-GPU),sub-01,891,-1.3106914827583185,,,,,,0.4985539989993413
sub-01__jax_gpu,AMICA-Python (JAX-GPU),sub-01,892,-1.3106913332607162,,,,,,0.49911872899974696
sub-01__jax_gpu,AMICA-Python (JAX-GPU),sub-01,893,-1.310691184525319,,,,,,0.4972972609994031
sub-01__jax_gpu,AMICA-Python (JAX-GPU),sub-01,894,-1.3106910354540529,,,,,,0.4993096029993467
sub-01__jax_gpu,AMICA-Python (JAX-GPU),sub-01,895,-1.310690887007519,,,,,,0.49827219100006914
sub-01__jax_gpu,AMICA-Python (JAX-GPU),sub-01,896,-1.3106907375535672,,,,,,0.5006555279996974
sub-01__jax_gpu,AMICA-Python (JAX-GPU),sub-01,897,-1.310690587064217,,,,,,0.5004492889984249
sub-01__jax_gpu,AMICA-Python (JAX-GPU),sub-01,898,-1.3106904365410827,,,,,,0.49945754500004114
sub-01__jax_gpu,AMICA-Python (JAX-GPU),sub-01,899,-1.3106902875385875,,,,,,0.497988945000543
sub-01__jax_gpu,AMICA-Python (JAX-GPU),sub-01,900,-1.310690139694451,,,,,,0.4990676079996774
sub-01__jax_gpu,AMICA-Python (JAX-GPU),sub-01,901,-1.3106899890877206,,,,,,0.4981209130000934
sub-01__jax_gpu,AMICA-Python (JAX-GPU),sub-01,902,-1.3106898400568583,,,,,,0.4983509370013053
sub-01__jax_gpu,AMICA-Python (JAX-GPU),sub-01,903,-1.3106896895142461,,,,,,0.4987764210000023
sub-01__jax_gpu,AMICA-Python (JAX-GPU),sub-01,904,-1.3106895393154852,,,,,,0.4985407220010529
sub-01__jax_gpu,AMICA-Python (JAX-GPU),sub-01,905,-1.310689389038511,,,,,,0.49978247199942416
sub-01__jax_gpu,AMICA-Python (JAX-GPU),sub-01,906,-1.3106892397179322,,,,,,0.5031742849987495
sub-01__jax_gpu,AMICA-Python (JAX-GPU),sub-01,907,-1.3106890898196069,,,,,,0.5013849530005245
sub-01__jax_gpu,AMICA-Python (JAX-GPU),sub-01,908,-1.3106889399448507,,,,,,0.49844672799918044
sub-01__jax_gpu,AMICA-Python (JAX-GPU),sub-01,909,-1.3106887895398025,,,,,,0.49827229200127476
sub-01__jax_gpu,AMICA-Python (JAX-GPU),sub-01,910,-1.3106886397702293,,,,,,0.5014400190011656
sub-01__jax_gpu,AMICA-Python (JAX-GPU),sub-01,911,-1.3106884895746669,,,,,,0.49897406899981434
sub-01__jax_gpu,AMICA-Python (JAX-GPU),sub-01,912,-1.310688341055077,,,,,,0.4995172260005347
sub-01__jax_gpu,AMICA-Python (JAX-GPU),sub-01,913,-1.3106881909836205,,,,,,0.49819935400046234
sub-01__jax_gpu,AMICA-Python (JAX-GPU),sub-01,914,-1.3106880421716636,,,,,,0.5006847899985587
sub-01__jax_gpu,AMICA-Python (JAX-GPU),sub-01,915,-1.3106878934005333,,,,,,0.5014722619998793
sub-01__jax_gpu,AMICA-Python (JAX-GPU),sub-01,916,-1.310687743547168,,,,,,0.500421971999458
sub-01__jax_gpu,AMICA-Python (JAX-GPU),sub-01,917,-1.3106875952973813,,,,,,0.5003363290015841
sub-01__jax_gpu,AMICA-Python (JAX-GPU),sub-01,918,-1.3106874465804403,,,,,,0.4998635749998357
sub-01__jax_gpu,AMICA-Python (JAX-GPU),sub-01,919,-1.3106872979905484,,,,,,0.49852055099836434
sub-01__jax_gpu,AMICA-Python (JAX-GPU),sub-01,920,-1.310687148829836,,,,,,0.4987010550012201
sub-01__jax_gpu,AMICA-Python (JAX-GPU),sub-01,921,-1.3106869999549915,,,,,,0.4992451899997832
sub-01__jax_gpu,AMICA-Python (JAX-GPU),sub-01,922,-1.3106868516150016,,,,,,0.49926265199974296
sub-01__jax_gpu,AMICA-Python (JAX-GPU),sub-01,923,-1.3106867017241055,,,,,,0.49987125500047114
sub-01__jax_gpu,AMICA-Python (JAX-GPU),sub-01,924,-1.3106865540174888,,,,,,0.4993878740006039
sub-01__jax_gpu,AMICA-Python (JAX-GPU),sub-01,925,-1.3106864040134887,,,,,,0.4961203309994744
sub-01__jax_gpu,AMICA-Python (JAX-GPU),sub-01,926,-1.3106862559932573,,,,,,0.49269859200103383
sub-01__jax_gpu,AMICA-Python (JAX-GPU),sub-01,927,-1.3106861080545158,,,,,,0.49276144100076635
sub-01__jax_gpu,AMICA-Python (JAX-GPU),sub-01,928,-1.3106859587708588,,,,,,0.49467388999983086
sub-01__jax_gpu,AMICA-Python (JAX-GPU),sub-01,929,-1.3106858093761973,,,,,,0.4957107680002082
sub-01__jax_gpu,AMICA-Python (JAX-GPU),sub-01,930,-1.3106856594128735,,,,,,0.49366297199958353
sub-01__jax_gpu,AMICA-Python (JAX-GPU),sub-01,931,-1.310685508981258,,,,,,0.4956023000013374
sub-01__jax_gpu,AMICA-Python (JAX-GPU),sub-01,932,-1.3106853596783772,,,,,,0.4969370409999101
sub-01__jax_gpu,AMICA-Python (JAX-GPU),sub-01,933,-1.3106852120252865,,,,,,0.4955176929997833
sub-01__jax_gpu,AMICA-Python (JAX-GPU),sub-01,934,-1.3106850624181137,,,,,,0.49774524600070436
sub-01__jax_gpu,AMICA-Python (JAX-GPU),sub-01,935,-1.310684913230781,,,,,,0.49496678600007726
sub-01__jax_gpu,AMICA-Python (JAX-GPU),sub-01,936,-1.3106847629770748,,,,,,0.49544267900091654
sub-01__jax_gpu,AMICA-Python (JAX-GPU),sub-01,937,-1.3106846138055692,,,,,,0.49808371899962367
sub-01__jax_gpu,AMICA-Python (JAX-GPU),sub-01,938,-1.310684465273151,,,,,,0.49851786399995035
sub-01__jax_gpu,AMICA-Python (JAX-GPU),sub-01,939,-1.3106843160454327,,,,,,0.49803114399946935
sub-01__jax_gpu,AMICA-Python (JAX-GPU),sub-01,940,-1.3106841665781817,,,,,,0.49772572000074433
sub-01__jax_gpu,AMICA-Python (JAX-GPU),sub-01,941,-1.310684017498483,,,,,,0.4955083039985766
sub-01__jax_gpu,AMICA-Python (JAX-GPU),sub-01,942,-1.3106838677617376,,,,,,0.4965806970012636
sub-01__jax_gpu,AMICA-Python (JAX-GPU),sub-01,943,-1.3106837180048347,,,,,,0.4963307679990976
sub-01__jax_gpu,AMICA-Python (JAX-GPU),sub-01,944,-1.3106835690264935,,,,,,0.49811322200002905
sub-01__jax_gpu,AMICA-Python (JAX-GPU),sub-01,945,-1.3106834185840477,,,,,,0.4991278300003614
sub-01__jax_gpu,AMICA-Python (JAX-GPU),sub-01,946,-1.3106832680256382,,,,,,0.49755299000025843
sub-01__jax_gpu,AMICA-Python (JAX-GPU),sub-01,947,-1.3106831176130493,,,,,,0.4987244779986213
sub-01__jax_gpu,AMICA-Python (JAX-GPU),sub-01,948,-1.310682968086722,,,,,,0.5012148389996582
sub-01__jax_gpu,AMICA-Python (JAX-GPU),sub-01,949,-1.3106828185334092,,,,,,0.49990054100089765
sub-01__jax_gpu,AMICA-Python (JAX-GPU),sub-01,950,-1.3106826680452435,,,,,,0.4992508160012221
sub-01__jax_gpu,AMICA-Python (JAX-GPU),sub-01,951,-1.3106825181346216,,,,,,0.500065280999479
sub-01__jax_gpu,AMICA-Python (JAX-GPU),sub-01,952,-1.3106823699102779,,,,,,0.49722561800081166
sub-01__jax_gpu,AMICA-Python (JAX-GPU),sub-01,953,-1.3106822212191636,,,,,,0.49804322099953424
sub-01__jax_gpu,AMICA-Python (JAX-GPU),sub-01,954,-1.310682072359204,,,,,,0.4996095290007361
sub-01__jax_gpu,AMICA-Python (JAX-GPU),sub-01,955,-1.310681923522454,,,,,,0.49908366199997545
sub-01__jax_gpu,AMICA-Python (JAX-GPU),sub-01,956,-1.3106817748879749,,,,,,0.49817739500031166
sub-01__jax_gpu,AMICA-Python (JAX-GPU),sub-01,957,-1.310681626979759,,,,,,0.49755799700142234
sub-01__jax_gpu,AMICA-Python (JAX-GPU),sub-01,958,-1.3106814781189688,,,,,,0.5087178339999809
sub-01__jax_gpu,AMICA-Python (JAX-GPU),sub-01,959,-1.3106813293685267,,,,,,0.5038891280000826
sub-01__jax_gpu,AMICA-Python (JAX-GPU),sub-01,960,-1.31068118035454,,,,,,0.5001906970010168
sub-01__jax_gpu,AMICA-Python (JAX-GPU),sub-01,961,-1.3106810314100577,,,,,,0.5063620780001656
sub-01__jax_gpu,AMICA-Python (JAX-GPU),sub-01,962,-1.3106808819955706,,,,,,0.501261898998564
sub-01__jax_gpu,AMICA-Python (JAX-GPU),sub-01,963,-1.310680733602841,,,,,,0.5065577500008658
sub-01__jax_gpu,AMICA-Python (JAX-GPU),sub-01,964,-1.310680585269866,,,,,,0.5034508230000938
sub-01__jax_gpu,AMICA-Python (JAX-GPU),sub-01,965,-1.3106804370880034,,,,,,0.5138982089993078
sub-01__jax_gpu,AMICA-Python (JAX-GPU),sub-01,966,-1.3106802894586507,,,,,,0.5140692479999416
sub-01__jax_gpu,AMICA-Python (JAX-GPU),sub-01,967,-1.3106801411236928,,,,,,0.524169124000764
sub-01__jax_gpu,AMICA-Python (JAX-GPU),sub-01,968,-1.3106799926005237,,,,,,0.5256580200002645
sub-01__jax_gpu,AMICA-Python (JAX-GPU),sub-01,969,-1.3106798452808244,,,,,,0.5154050339988316
sub-01__jax_gpu,AMICA-Python (JAX-GPU),sub-01,970,-1.3106796967853314,,,,,,0.5001564769991091
sub-01__jax_gpu,AMICA-Python (JAX-GPU),sub-01,971,-1.3106795506510578,,,,,,0.5057635190005385
sub-01__jax_gpu,AMICA-Python (JAX-GPU),sub-01,972,-1.3106794025276085,,,,,,0.501377403999868
sub-01__jax_gpu,AMICA-Python (JAX-GPU),sub-01,973,-1.3106792538783307,,,,,,0.5062542420000682
sub-01__jax_gpu,AMICA-Python (JAX-GPU),sub-01,974,-1.3106791052976612,,,,,,0.5044307590014796
sub-01__jax_gpu,AMICA-Python (JAX-GPU),sub-01,975,-1.3106789565297376,,,,,,0.5058679199992184
sub-01__jax_gpu,AMICA-Python (JAX-GPU),sub-01,976,-1.3106788075532925,,,,,,0.5053870740011916
sub-01__jax_gpu,AMICA-Python (JAX-GPU),sub-01,977,-1.3106786591466886,,,,,,0.5021465720001288
sub-01__jax_gpu,AMICA-Python (JAX-GPU),sub-01,978,-1.3106785114439035,,,,,,0.5122242329998699
sub-01__jax_gpu,AMICA-Python (JAX-GPU),sub-01,979,-1.3106783633424597,,,,,,0.5080646789992898
sub-01__jax_gpu,AMICA-Python (JAX-GPU),sub-01,980,-1.3106782143097553,,,,,,0.5095016859995667
sub-01__jax_gpu,AMICA-Python (JAX-GPU),sub-01,981,-1.3106780655175398,,,,,,0.5055950990008569
sub-01__jax_gpu,AMICA-Python (JAX-GPU),sub-01,982,-1.3106779181054338,,,,,,0.5096913180004776
sub-01__jax_gpu,AMICA-Python (JAX-GPU),sub-01,983,-1.3106777684748738,,,,,,0.5105687459999899
sub-01__jax_gpu,AMICA-Python (JAX-GPU),sub-01,984,-1.3106776190746465,,,,,,0.5092872400000488
sub-01__jax_gpu,AMICA-Python (JAX-GPU),sub-01,985,-1.310677469242623,,,,,,0.5026954590011883
sub-01__jax_gpu,AMICA-Python (JAX-GPU),sub-01,986,-1.3106773187502079,,,,,,0.5320480939990375
sub-01__jax_gpu,AMICA-Python (JAX-GPU),sub-01,987,-1.3106771684290346,,,,,,0.5138218120009697
sub-01__jax_gpu,AMICA-Python (JAX-GPU),sub-01,988,-1.3106770187722359,,,,,,0.5105606100005389
sub-01__jax_gpu,AMICA-Python (JAX-GPU),sub-01,989,-1.3106768696822844,,,,,,0.5043637219987431
sub-01__jax_gpu,AMICA-Python (JAX-GPU),sub-01,990,-1.3106767212466484,,,,,,0.5006308920001175
sub-01__jax_gpu,AMICA-Python (JAX-GPU),sub-01,991,-1.3106765709099013,,,,,,0.5026195150003332
sub-01__jax_gpu,AMICA-Python (JAX-GPU),sub-01,992,-1.310676422231862,,,,,,0.5029450260008161
sub-01__jax_gpu,AMICA-Python (JAX-GPU),sub-01,993,-1.3106762737526854,,,,,,0.5024802970001474
sub-01__jax_gpu,AMICA-Python (JAX-GPU),sub-01,994,-1.3106761252823549,,,,,,0.5075942709991068
sub-01__jax_gpu,AMICA-Python (JAX-GPU),sub-01,995,-1.3106759751341417,,,,,,0.5122624279993033
sub-01__jax_gpu,AMICA-Python (JAX-GPU),sub-01,996,-1.310675825587266,,,,,,0.5001919039987115
sub-01__jax_gpu,AMICA-Python (JAX-GPU),sub-01,997,-1.310675676243368,,,,,,0.5114461009998195
sub-01__jax_gpu,AMICA-Python (JAX-GPU),sub-01,998,-1.3106755262694103,,,,,,0.49967843200101925
sub-01__jax_gpu,AMICA-Python (JAX-GPU),sub-01,999,-1.3106753773549435,,,,,,0.5000685949999024
sub-01__jax_gpu,AMICA-Python (JAX-GPU),sub-01,1000,-1.310675226935547,,,,,,0.5030657740007882
sub-01__jax_gpu,AMICA-Python (JAX-GPU),sub-01,1001,-1.3106750761415893,,,,,,0.5217231099995843
sub-01__jax_gpu,AMICA-Python (JAX-GPU),sub-01,1002,-1.3106749255084995,,,,,,0.525444814000366
sub-01__jax_gpu,AMICA-Python (JAX-GPU),sub-01,1003,-1.3106747751622496,,,,,,0.5055790419992263
sub-01__jax_gpu,AMICA-Python (JAX-GPU),sub-01,1004,-1.3106746243888308,,,,,,0.5018034500008071
sub-01__jax_gpu,AMICA-Python (JAX-GPU),sub-01,1005,-1.3106744747780017,,,,,,0.5013815659985994
sub-01__jax_gpu,AMICA-Python (JAX-GPU),sub-01,1006,-1.310674324619654,,,,,,0.5012633379992621
sub-01__jax_gpu,AMICA-Python (JAX-GPU),sub-01,1007,-1.3106741729966307,,,,,,0.5001416380000592
sub-01__jax_gpu,AMICA-Python (JAX-GPU),sub-01,1008,-1.310674022639479,,,,,,0.5009561989991198
sub-01__jax_gpu,AMICA-Python (JAX-GPU),sub-01,1009,-1.3106738710250811,,,,,,0.4997134500008542
sub-01__jax_gpu,AMICA-Python (JAX-GPU),sub-01,1010,-1.3106737201619125,,,,,,0.5020165569985693
sub-01__jax_gpu,AMICA-Python (JAX-GPU),sub-01,1011,-1.3106735684477169,,,,,,0.499285186000634
sub-01__jax_gpu,AMICA-Python (JAX-GPU),sub-01,1012,-1.3106734167304797,,,,,,0.5020802720009669
sub-01__jax_gpu,AMICA-Python (JAX-GPU),sub-01,1013,-1.3106732658432323,,,,,,0.4992132470015349
sub-01__jax_gpu,AMICA-Python (JAX-GPU),sub-01,1014,-1.3106731144905264,,,,,,0.5027520839994395
sub-01__jax_gpu,AMICA-Python (JAX-GPU),sub-01,1015,-1.3106729635256622,,,,,,0.4987848619985016
sub-01__jax_gpu,AMICA-Python (JAX-GPU),sub-01,1016,-1.3106728125983647,,,,,,0.49815305399897625
sub-01__jax_gpu,AMICA-Python (JAX-GPU),sub-01,1017,-1.310672661199742,,,,,,0.4977367880001111
sub-01__jax_gpu,AMICA-Python (JAX-GPU),sub-01,1018,-1.3106725100466947,,,,,,0.5026700920006988
sub-01__jax_gpu,AMICA-Python (JAX-GPU),sub-01,1019,-1.3106723583382476,,,,,,0.49877298300089024
sub-01__jax_gpu,AMICA-Python (JAX-GPU),sub-01,1020,-1.3106722056726139,,,,,,0.5014913700015313
sub-01__jax_gpu,AMICA-Python (JAX-GPU),sub-01,1021,-1.310672052741234,,,,,,0.4995969960000366
sub-01__jax_gpu,AMICA-Python (JAX-GPU),sub-01,1022,-1.3106718995644866,,,,,,0.49874712000018917
sub-01__jax_gpu,AMICA-Python (JAX-GPU),sub-01,1023,-1.3106717478901664,,,,,,0.4995855520010082
sub-01__jax_gpu,AMICA-Python (JAX-GPU),sub-01,1024,-1.3106715952384922,,,,,,0.5001565000002302
sub-01__jax_gpu,AMICA-Python (JAX-GPU),sub-01,1025,-1.3106714422074,,,,,,0.4980989760006196
sub-01__jax_gpu,AMICA-Python (JAX-GPU),sub-01,1026,-1.3106712893933345,,,,,,0.4985892490003607
sub-01__jax_gpu,AMICA-Python (JAX-GPU),sub-01,1027,-1.310671136672926,,,,,,0.4996581420000439
sub-01__jax_gpu,AMICA-Python (JAX-GPU),sub-01,1028,-1.3106709836866264,,,,,,0.49989983700106677
sub-01__jax_gpu,AMICA-Python (JAX-GPU),sub-01,1029,-1.3106708312670177,,,,,,0.49930523600050947
sub-01__jax_gpu,AMICA-Python (JAX-GPU),sub-01,1030,-1.310670677443784,,,,,,0.5003858799991576
sub-01__jax_gpu,AMICA-Python (JAX-GPU),sub-01,1031,-1.3106705234822655,,,,,,0.49846833599985985
sub-01__jax_gpu,AMICA-Python (JAX-GPU),sub-01,1032,-1.3106703682746692,,,,,,0.49822288299947104
sub-01__jax_gpu,AMICA-Python (JAX-GPU),sub-01,1033,-1.3106702127675807,,,,,,0.49959962600041763
sub-01__jax_gpu,AMICA-Python (JAX-GPU),sub-01,1034,-1.310670056935178,,,,,,0.49835279200124205
sub-01__jax_gpu,AMICA-Python (JAX-GPU),sub-01,1035,-1.3106699008766252,,,,,,0.49952938800015545
sub-01__jax_gpu,AMICA-Python (JAX-GPU),sub-01,1036,-1.3106697448311642,,,,,,0.5012447660010366
sub-01__jax_gpu,AMICA-Python (JAX-GPU),sub-01,1037,-1.3106695883743442,,,,,,0.5010410729992145
sub-01__jax_gpu,AMICA-Python (JAX-GPU),sub-01,1038,-1.3106694327831117,,,,,,0.49873127800128714
sub-01__jax_gpu,AMICA-Python (JAX-GPU),sub-01,1039,-1.3106692763607524,,,,,,0.4990139910005382
sub-01__jax_gpu,AMICA-Python (JAX-GPU),sub-01,1040,-1.3106691192347228,,,,,,0.4983782830004202
sub-01__jax_gpu,AMICA-Python (JAX-GPU),sub-01,1041,-1.3106689615874112,,,,,,0.4985929739996209
sub-01__jax_gpu,AMICA-Python (JAX-GPU),sub-01,1042,-1.310668803126795,,,,,,0.49981658500109916
sub-01__jax_gpu,AMICA-Python (JAX-GPU),sub-01,1043,-1.31066864496734,,,,,,0.49839195999993535
sub-01__jax_gpu,AMICA-Python (JAX-GPU),sub-01,1044,-1.3106684867308331,,,,,,0.4991032899997663
sub-01__jax_gpu,AMICA-Python (JAX-GPU),sub-01,1045,-1.3106683275008577,,,,,,0.49281917999906
sub-01__jax_gpu,AMICA-Python (JAX-GPU),sub-01,1046,-1.3106681679417853,,,,,,0.49713709500065306
sub-01__jax_gpu,AMICA-Python (JAX-GPU),sub-01,1047,-1.3106680093132639,,,,,,0.49264535100155626
sub-01__jax_gpu,AMICA-Python (JAX-GPU),sub-01,1048,-1.3106678504215827,,,,,,0.49556023399964033
sub-01__jax_gpu,AMICA-Python (JAX-GPU),sub-01,1049,-1.3106676907725823,,,,,,0.49539335100052995
sub-01__jax_gpu,AMICA-Python (JAX-GPU),sub-01,1050,-1.3106675304714714,,,,,,0.49602304300060496
sub-01__jax_gpu,AMICA-Python (JAX-GPU),sub-01,1051,-1.310667369611384,,,,,,0.49484456299978774
sub-01__jax_gpu,AMICA-Python (JAX-GPU),sub-01,1052,-1.3106672079377908,,,,,,0.49521277700114297
sub-01__jax_gpu,AMICA-Python (JAX-GPU),sub-01,1053,-1.3106670458244827,,,,,,0.49615166800140287
sub-01__jax_gpu,AMICA-Python (JAX-GPU),sub-01,1054,-1.3106668833889281,,,,,,0.4952552340000693
sub-01__jax_gpu,AMICA-Python (JAX-GPU),sub-01,1055,-1.3106667194320414,,,,,,0.49739511600091646
sub-01__jax_gpu,AMICA-Python (JAX-GPU),sub-01,1056,-1.3106665547212009,,,,,,0.4956486689989106
sub-01__jax_gpu,AMICA-Python (JAX-GPU),sub-01,1057,-1.310666389073548,,,,,,0.4960085499988054
sub-01__jax_gpu,AMICA-Python (JAX-GPU),sub-01,1058,-1.3106662234867765,,,,,,0.4978602470000624
sub-01__jax_gpu,AMICA-Python (JAX-GPU),sub-01,1059,-1.3106660587289596,,,,,,0.49836877300003835
sub-01__jax_gpu,AMICA-Python (JAX-GPU),sub-01,1060,-1.3106658917262213,,,,,,0.49809301299865183
sub-01__jax_gpu,AMICA-Python (JAX-GPU),sub-01,1061,-1.3106657238603194,,,,,,0.4983654160005244
sub-01__jax_gpu,AMICA-Python (JAX-GPU),sub-01,1062,-1.3106655558264477,,,,,,0.49761516299986397
sub-01__jax_gpu,AMICA-Python (JAX-GPU),sub-01,1063,-1.310665387150718,,,,,,0.4991035370003374
sub-01__jax_gpu,AMICA-Python (JAX-GPU),sub-01,1064,-1.3106652175765658,,,,,,0.4975539740007662
sub-01__jax_gpu,AMICA-Python (JAX-GPU),sub-01,1065,-1.3106650477867003,,,,,,0.49753230999886
sub-01__jax_gpu,AMICA-Python (JAX-GPU),sub-01,1066,-1.3106648758135413,,,,,,0.4988552350005193
sub-01__jax_gpu,AMICA-Python (JAX-GPU),sub-01,1067,-1.3106647035323025,,,,,,0.5014907579989085
sub-01__jax_gpu,AMICA-Python (JAX-GPU),sub-01,1068,-1.310664530418961,,,,,,0.49884509000003163
sub-01__jax_gpu,AMICA-Python (JAX-GPU),sub-01,1069,-1.3106643569122518,,,,,,0.49917703199935204
sub-01__jax_gpu,AMICA-Python (JAX-GPU),sub-01,1070,-1.3106641820963811,,,,,,0.5009620659984648
sub-01__jax_gpu,AMICA-Python (JAX-GPU),sub-01,1071,-1.3106640056468208,,,,,,0.4995986409994657
sub-01__jax_gpu,AMICA-Python (JAX-GPU),sub-01,1072,-1.310663829668046,,,,,,0.4991904489997978
sub-01__jax_gpu,AMICA-Python (JAX-GPU),sub-01,1073,-1.310663651217813,,,,,,0.5026763349997054
sub-01__jax_gpu,AMICA-Python (JAX-GPU),sub-01,1074,-1.3106634722332555,,,,,,0.49864120300117065
sub-01__jax_gpu,AMICA-Python (JAX-GPU),sub-01,1075,-1.3106632924474244,,,,,,0.5059142119989701
sub-01__jax_gpu,AMICA-Python (JAX-GPU),sub-01,1076,-1.3106631125287667,,,,,,0.4985789170004864
sub-01__jax_gpu,AMICA-Python (JAX-GPU),sub-01,1077,-1.310662930803136,,,,,,0.5007575939998787
sub-01__jax_gpu,AMICA-Python (JAX-GPU),sub-01,1078,-1.3106627475495853,,,,,,0.5000576200000069
sub-01__jax_gpu,AMICA-Python (JAX-GPU),sub-01,1079,-1.3106625652268493,,,,,,0.5041045239995583
sub-01__jax_gpu,AMICA-Python (JAX-GPU),sub-01,1080,-1.3106623814680858,,,,,,0.49893216700002085
sub-01__jax_gpu,AMICA-Python (JAX-GPU),sub-01,1081,-1.3106621978246662,,,,,,0.49869637899973895
sub-01__jax_gpu,AMICA-Python (JAX-GPU),sub-01,1082,-1.3106620135088654,,,,,,0.49926857900027244
sub-01__jax_gpu,AMICA-Python (JAX-GPU),sub-01,1083,-1.3106618290514809,,,,,,0.4992826570014586
sub-01__jax_gpu,AMICA-Python (JAX-GPU),sub-01,1084,-1.3106616432815055,,,,,,0.49881708700013405
sub-01__jax_gpu,AMICA-Python (JAX-GPU),sub-01,1085,-1.3106614575723228,,,,,,0.5002246650001325
sub-01__jax_gpu,AMICA-Python (JAX-GPU),sub-01,1086,-1.3106612717958173,,,,,,0.4985187620004581
sub-01__jax_gpu,AMICA-Python (JAX-GPU),sub-01,1087,-1.3106610853328788,,,,,,0.4993204030015477
sub-01__jax_gpu,AMICA-Python (JAX-GPU),sub-01,1088,-1.3106608976061778,,,,,,0.49950634200104105
sub-01__jax_gpu,AMICA-Python (JAX-GPU),sub-01,1089,-1.3106607115724618,,,,,,0.5004655069988075
sub-01__jax_gpu,AMICA-Python (JAX-GPU),sub-01,1090,-1.3106605250718013,,,,,,0.499044939999294
sub-01__jax_gpu,AMICA-Python (JAX-GPU),sub-01,1091,-1.3106603403847952,,,,,,0.4980053700001008
sub-01__jax_gpu,AMICA-Python (JAX-GPU),sub-01,1092,-1.310660154359411,,,,,,0.4999749670005258
sub-01__jax_gpu,AMICA-Python (JAX-GPU),sub-01,1093,-1.3106599653244733,,,,,,0.4987537689994497
sub-01__jax_gpu,AMICA-Python (JAX-GPU),sub-01,1094,-1.3106597773190656,,,,,,0.4996319889996812
sub-01__jax_gpu,AMICA-Python (JAX-GPU),sub-01,1095,-1.3106595909064458,,,,,,0.5011762340000132
sub-01__jax_gpu,AMICA-Python (JAX-GPU),sub-01,1096,-1.3106594037056485,,,,,,0.5000764929991419
sub-01__jax_gpu,AMICA-Python (JAX-GPU),sub-01,1097,-1.3106592163886568,,,,,,0.5001174040007754
sub-01__jax_gpu,AMICA-Python (JAX-GPU),sub-01,1098,-1.3106590284113124,,,,,,0.5041487349990348
sub-01__jax_gpu,AMICA-Python (JAX-GPU),sub-01,1099,-1.3106588409458655,,,,,,0.4985856490002334
sub-01__jax_gpu,AMICA-Python (JAX-GPU),sub-01,1100,-1.3106586527745792,,,,,,0.5014362849997269
sub-01__jax_gpu,AMICA-Python (JAX-GPU),sub-01,1101,-1.3106584671862276,,,,,,0.4989140090001456
sub-01__jax_gpu,AMICA-Python (JAX-GPU),sub-01,1102,-1.31065827924309,,,,,,0.4995882429993799
sub-01__jax_gpu,AMICA-Python (JAX-GPU),sub-01,1103,-1.3106580909749528,,,,,,0.49977610999849276
sub-01__jax_gpu,AMICA-Python (JAX-GPU),sub-01,1104,-1.3106579018895395,,,,,,0.49874735699995654
sub-01__jax_gpu,AMICA-Python (JAX-GPU),sub-01,1105,-1.310657713601922,,,,,,0.4982809899993299
sub-01__jax_gpu,AMICA-Python (JAX-GPU),sub-01,1106,-1.3106575254056878,,,,,,0.4955024130013044
sub-01__jax_gpu,AMICA-Python (JAX-GPU),sub-01,1107,-1.310657336278705,,,,,,0.49489786100093625
sub-01__jax_gpu,AMICA-Python (JAX-GPU),sub-01,1108,-1.3106571480541376,,,,,,0.4937453969996568
sub-01__jax_gpu,AMICA-Python (JAX-GPU),sub-01,1109,-1.31065696145151,,,,,,0.4953613130001031
sub-01__jax_gpu,AMICA-Python (JAX-GPU),sub-01,1110,-1.3106567751032796,,,,,,0.49472535899985814
sub-01__jax_gpu,AMICA-Python (JAX-GPU),sub-01,1111,-1.3106565879476109,,,,,,0.49796141700062435
sub-01__jax_gpu,AMICA-Python (JAX-GPU),sub-01,1112,-1.3106564010272828,,,,,,0.4967255230003502
sub-01__jax_gpu,AMICA-Python (JAX-GPU),sub-01,1113,-1.3106562144237461,,,,,,0.49644967499989434
sub-01__jax_gpu,AMICA-Python (JAX-GPU),sub-01,1114,-1.3106560298555103,,,,,,0.49570963900077913
sub-01__jax_gpu,AMICA-Python (JAX-GPU),sub-01,1115,-1.3106558451273114,,,,,,0.49727052399975946
sub-01__jax_gpu,AMICA-Python (JAX-GPU),sub-01,1116,-1.3106556608894908,,,,,,0.49748288599948864
sub-01__jax_gpu,AMICA-Python (JAX-GPU),sub-01,1117,-1.310655477544647,,,,,,0.4974568210000143
sub-01__jax_gpu,AMICA-Python (JAX-GPU),sub-01,1118,-1.3106552945128949,,,,,,0.4971639049999794
sub-01__jax_gpu,AMICA-Python (JAX-GPU),sub-01,1119,-1.310655112605799,,,,,,0.4979990550000366
sub-01__jax_gpu,AMICA-Python (JAX-GPU),sub-01,1120,-1.3106549317785054,,,,,,0.49748598100086383
sub-01__jax_gpu,AMICA-Python (JAX-GPU),sub-01,1121,-1.310654750373178,,,,,,0.4971910559997923
sub-01__jax_gpu,AMICA-Python (JAX-GPU),sub-01,1122,-1.3106545688489832,,,,,,0.49883540500013623
sub-01__jax_gpu,AMICA-Python (JAX-GPU),sub-01,1123,-1.3106543897023941,,,,,,0.4981755799999519
sub-01__jax_gpu,AMICA-Python (JAX-GPU),sub-01,1124,-1.3106542111024024,,,,,,0.49691826199887146
sub-01__jax_gpu,AMICA-Python (JAX-GPU),sub-01,1125,-1.310654033718391,,,,,,0.49825068000063766
sub-01__jax_gpu,AMICA-Python (JAX-GPU),sub-01,1126,-1.3106538601403965,,,,,,0.5003060809995077
sub-01__jax_gpu,AMICA-Python (JAX-GPU),sub-01,1127,-1.3106536852987198,,,,,,0.5012442980005289
sub-01__jax_gpu,AMICA-Python (JAX-GPU),sub-01,1128,-1.310653509077897,,,,,,0.4996349350003584
sub-01__jax_gpu,AMICA-Python (JAX-GPU),sub-01,1129,-1.3106533352662766,,,,,,0.4982371790010802
sub-01__jax_gpu,AMICA-Python (JAX-GPU),sub-01,1130,-1.310653162487083,,,,,,0.4970545330015739
sub-01__jax_gpu,AMICA-Python (JAX-GPU),sub-01,1131,-1.3106529897688806,,,,,,0.4975181509998947
sub-01__jax_gpu,AMICA-Python (JAX-GPU),sub-01,1132,-1.310652817006706,,,,,,0.49811304099966947
sub-01__jax_gpu,AMICA-Python (JAX-GPU),sub-01,1133,-1.3106526448864404,,,,,,0.49829188699914084
sub-01__jax_gpu,AMICA-Python (JAX-GPU),sub-01,1134,-1.3106524744729167,,,,,,0.4975628600004711
sub-01__jax_gpu,AMICA-Python (JAX-GPU),sub-01,1135,-1.3106523055084003,,,,,,0.4980047699991701
sub-01__jax_gpu,AMICA-Python (JAX-GPU),sub-01,1136,-1.3106521395508786,,,,,,0.49729080100041756
sub-01__jax_gpu,AMICA-Python (JAX-GPU),sub-01,1137,-1.3106519743490983,,,,,,0.4993223580004269
sub-01__jax_gpu,AMICA-Python (JAX-GPU),sub-01,1138,-1.3106518079105152,,,,,,0.49940151300143043
sub-01__jax_gpu,AMICA-Python (JAX-GPU),sub-01,1139,-1.3106516428424944,,,,,,0.5005751129992859
sub-01__jax_gpu,AMICA-Python (JAX-GPU),sub-01,1140,-1.3106514782856455,,,,,,0.49754297899926314
sub-01__jax_gpu,AMICA-Python (JAX-GPU),sub-01,1141,-1.3106513142509344,,,,,,0.49793694899926777
sub-01__jax_gpu,AMICA-Python (JAX-GPU),sub-01,1142,-1.3106511516288202,,,,,,0.4984306000005745
sub-01__jax_gpu,AMICA-Python (JAX-GPU),sub-01,1143,-1.31065099013057,,,,,,0.5031904479983496
sub-01__jax_gpu,AMICA-Python (JAX-GPU),sub-01,1144,-1.3106508291982828,,,,,,0.49872316700020747
sub-01__jax_gpu,AMICA-Python (JAX-GPU),sub-01,1145,-1.3106506698254927,,,,,,0.4986237160010205
sub-01__jax_gpu,AMICA-Python (JAX-GPU),sub-01,1146,-1.3106505120499405,,,,,,0.4996197119999124
sub-01__jax_gpu,AMICA-Python (JAX-GPU),sub-01,1147,-1.310650353202952,,,,,,0.4986680419988261
sub-01__jax_gpu,AMICA-Python (JAX-GPU),sub-01,1148,-1.3106501950089817,,,,,,0.49818560800122214
sub-01__jax_gpu,AMICA-Python (JAX-GPU),sub-01,1149,-1.3106500370840508,,,,,,0.49837510799989104
sub-01__jax_gpu,AMICA-Python (JAX-GPU),sub-01,1150,-1.3106498813199028,,,,,,0.4986368019999645
sub-01__jax_gpu,AMICA-Python (JAX-GPU),sub-01,1151,-1.3106497256024974,,,,,,0.4987123290011368
sub-01__jax_gpu,AMICA-Python (JAX-GPU),sub-01,1152,-1.3106495701027,,,,,,0.49901838599907933
sub-01__jax_gpu,AMICA-Python (JAX-GPU),sub-01,1153,-1.3106494149346746,,,,,,0.4984377480013791
sub-01__jax_gpu,AMICA-Python (JAX-GPU),sub-01,1154,-1.3106492606166258,,,,,,0.4993186079991574
sub-01__jax_gpu,AMICA-Python (JAX-GPU),sub-01,1155,-1.3106491067658412,,,,,,0.49836859699826164
sub-01__jax_gpu,AMICA-Python (JAX-GPU),sub-01,1156,-1.3106489556220522,,,,,,0.5002637239995238
sub-01__jax_gpu,AMICA-Python (JAX-GPU),sub-01,1157,-1.3106488037061148,,,,,,0.4987263029997848
sub-01__jax_gpu,AMICA-Python (JAX-GPU),sub-01,1158,-1.3106486528543542,,,,,,0.498847682001724
sub-01__jax_gpu,AMICA-Python (JAX-GPU),sub-01,1159,-1.3106485012687459,,,,,,0.4988640520004992
sub-01__jax_gpu,AMICA-Python (JAX-GPU),sub-01,1160,-1.3106483498898047,,,,,,0.4992946589991334
sub-01__jax_gpu,AMICA-Python (JAX-GPU),sub-01,1161,-1.3106481985277076,,,,,,0.49928509399978793
sub-01__jax_gpu,AMICA-Python (JAX-GPU),sub-01,1162,-1.3106480485294674,,,,,,0.4994882810005947
sub-01__jax_gpu,AMICA-Python (JAX-GPU),sub-01,1163,-1.310647899920557,,,,,,0.5002794169995468
sub-01__jax_gpu,AMICA-Python (JAX-GPU),sub-01,1164,-1.3106477516407906,,,,,,0.500075250000009
sub-01__jax_gpu,AMICA-Python (JAX-GPU),sub-01,1165,-1.3106476045264772,,,,,,0.4965411650009628
sub-01__jax_gpu,AMICA-Python (JAX-GPU),sub-01,1166,-1.31064745770485,,,,,,0.4932268150005257
sub-01__jax_gpu,AMICA-Python (JAX-GPU),sub-01,1167,-1.310647311129462,,,,,,0.49327625700061617
sub-01__jax_gpu,AMICA-Python (JAX-GPU),sub-01,1168,-1.310647165845648,,,,,,0.4944994739998947
sub-01__jax_gpu,AMICA-Python (JAX-GPU),sub-01,1169,-1.3106470207385563,,,,,,0.4944525990013062
sub-01__jax_gpu,AMICA-Python (JAX-GPU),sub-01,1170,-1.310646875471962,,,,,,0.4948607219994301
sub-01__jax_gpu,AMICA-Python (JAX-GPU),sub-01,1171,-1.3106467311115089,,,,,,0.4954733300000953
sub-01__jax_gpu,AMICA-Python (JAX-GPU),sub-01,1172,-1.3106465872461817,,,,,,0.49683458499930566
sub-01__jax_gpu,AMICA-Python (JAX-GPU),sub-01,1173,-1.3106464437440535,,,,,,0.49594401200010907
sub-01__jax_gpu,AMICA-Python (JAX-GPU),sub-01,1174,-1.3106463001244515,,,,,,0.4955257830006303
sub-01__jax_gpu,AMICA-Python (JAX-GPU),sub-01,1175,-1.310646157239387,,,,,,0.49702521600011096
sub-01__jax_gpu,AMICA-Python (JAX-GPU),sub-01,1176,-1.3106460143801375,,,,,,0.4954793279994192
sub-01__jax_gpu,AMICA-Python (JAX-GPU),sub-01,1177,-1.310645873868134,,,,,,0.4975438560013572
sub-01__jax_gpu,AMICA-Python (JAX-GPU),sub-01,1178,-1.3106457333396797,,,,,,0.49721522399886453
sub-01__jax_gpu,AMICA-Python (JAX-GPU),sub-01,1179,-1.3106455930491665,,,,,,0.4964865940000891
sub-01__jax_gpu,AMICA-Python (JAX-GPU),sub-01,1180,-1.3106454533362257,,,,,,0.4977120669991564
sub-01__jax_gpu,AMICA-Python (JAX-GPU),sub-01,1181,-1.3106453141169043,,,,,,0.4969148599993787
sub-01__jax_gpu,AMICA-Python (JAX-GPU),sub-01,1182,-1.310645175290612,,,,,,0.49840488899826596
sub-01__jax_gpu,AMICA-Python (JAX-GPU),sub-01,1183,-1.3106450372946201,,,,,,0.4977033350005513
sub-01__jax_gpu,AMICA-Python (JAX-GPU),sub-01,1184,-1.3106448992529538,,,,,,0.4996873020008934
sub-01__jax_gpu,AMICA-Python (JAX-GPU),sub-01,1185,-1.3106447618881523,,,,,,0.4984269740016316
sub-01__jax_gpu,AMICA-Python (JAX-GPU),sub-01,1186,-1.310644624745158,,,,,,0.49839948900080344
sub-01__jax_gpu,AMICA-Python (JAX-GPU),sub-01,1187,-1.3106444873737264,,,,,,0.49693949299944506
sub-01__jax_gpu,AMICA-Python (JAX-GPU),sub-01,1188,-1.3106443505056602,,,,,,0.4997688660005224
sub-01__jax_gpu,AMICA-Python (JAX-GPU),sub-01,1189,-1.3106442133310188,,,,,,0.5012825570011046
sub-01__jax_gpu,AMICA-Python (JAX-GPU),sub-01,1190,-1.3106440771292616,,,,,,0.4977345099996455
sub-01__jax_gpu,AMICA-Python (JAX-GPU),sub-01,1191,-1.310643941498733,,,,,,0.4988410690002638
sub-01__jax_gpu,AMICA-Python (JAX-GPU),sub-01,1192,-1.3106438057258496,,,,,,0.4993147820005106
sub-01__jax_gpu,AMICA-Python (JAX-GPU),sub-01,1193,-1.3106436699181236,,,,,,0.49799872800031153
sub-01__jax_gpu,AMICA-Python (JAX-GPU),sub-01,1194,-1.3106435349547165,,,,,,0.49826364099862985
sub-01__jax_gpu,AMICA-Python (JAX-GPU),sub-01,1195,-1.3106433997257565,,,,,,0.4996036369993817
sub-01__jax_gpu,AMICA-Python (JAX-GPU),sub-01,1196,-1.3106432651951052,,,,,,0.49964482900031726
sub-01__jax_gpu,AMICA-Python (JAX-GPU),sub-01,1197,-1.3106431303310953,,,,,,0.4986076969998976
sub-01__jax_gpu,AMICA-Python (JAX-GPU),sub-01,1198,-1.3106429957590484,,,,,,0.49884481899971433
sub-01__jax_gpu,AMICA-Python (JAX-GPU),sub-01,1199,-1.310642861432122,,,,,,0.4997094129994366
sub-01__jax_gpu,AMICA-Python (JAX-GPU),sub-01,1200,-1.3106427277901287,,,,,,0.4980996940012119
sub-01__jax_gpu,AMICA-Python (JAX-GPU),sub-01,1201,-1.310642594129707,,,,,,0.4980868759994337
sub-01__jax_gpu,AMICA-Python (JAX-GPU),sub-01,1202,-1.3106424610886447,,,,,,0.49828674499985937
sub-01__jax_gpu,AMICA-Python (JAX-GPU),sub-01,1203,-1.310642327691159,,,,,,0.498666018998847
sub-01__jax_gpu,AMICA-Python (JAX-GPU),sub-01,1204,-1.3106421944369608,,,,,,0.5008870569999999
sub-01__jax_gpu,AMICA-Python (JAX-GPU),sub-01,1205,-1.3106420616499646,,,,,,0.49888714000007894
sub-01__jax_gpu,AMICA-Python (JAX-GPU),sub-01,1206,-1.3106419288714382,,,,,,0.4985786859997461
sub-01__jax_gpu,AMICA-Python (JAX-GPU),sub-01,1207,-1.3106417964443984,,,,,,0.4991040260010777
sub-01__jax_gpu,AMICA-Python (JAX-GPU),sub-01,1208,-1.3106416635337446,,,,,,0.49878387700118765
sub-01__jax_gpu,AMICA-Python (JAX-GPU),sub-01,1209,-1.3106415317165743,,,,,,0.4988075769997522
sub-01__jax_gpu,AMICA-Python (JAX-GPU),sub-01,1210,-1.3106413998303208,,,,,,0.4985460879997845
sub-01__jax_gpu,AMICA-Python (JAX-GPU),sub-01,1211,-1.3106412677157067,,,,,,0.49916617900089477
sub-01__jax_gpu,AMICA-Python (JAX-GPU),sub-01,1212,-1.310641135601198,,,,,,0.4980138099999749
sub-01__jax_gpu,AMICA-Python (JAX-GPU),sub-01,1213,-1.3106410044743433,,,,,,0.49878629200065916
sub-01__jax_gpu,AMICA-Python (JAX-GPU),sub-01,1214,-1.3106408733498651,,,,,,0.49875391400019
sub-01__jax_gpu,AMICA-Python (JAX-GPU),sub-01,1215,-1.3106407428520812,,,,,,0.4984888429989951
sub-01__jax_gpu,AMICA-Python (JAX-GPU),sub-01,1216,-1.3106406133045123,,,,,,0.4985133889986173
sub-01__jax_gpu,AMICA-Python (JAX-GPU),sub-01,1217,-1.3106404834157883,,,,,,0.49882579899895063
sub-01__jax_gpu,AMICA-Python (JAX-GPU),sub-01,1218,-1.3106403535248614,,,,,,0.49967183400076465
sub-01__jax_gpu,AMICA-Python (JAX-GPU),sub-01,1219,-1.310640223654198,,,,,,0.49988121900059923
sub-01__jax_gpu,AMICA-Python (JAX-GPU),sub-01,1220,-1.3106400943805576,,,,,,0.4988198039991403
sub-01__jax_gpu,AMICA-Python (JAX-GPU),sub-01,1221,-1.310639964762096,,,,,,0.49955139799931203
sub-01__jax_gpu,AMICA-Python (JAX-GPU),sub-01,1222,-1.3106398350884807,,,,,,0.5007970189999469
sub-01__jax_gpu,AMICA-Python (JAX-GPU),sub-01,1223,-1.3106397056861074,,,,,,0.4991687270012335
sub-01__jax_gpu,AMICA-Python (JAX-GPU),sub-01,1224,-1.310639576602926,,,,,,0.4986735679995036
sub-01__jax_gpu,AMICA-Python (JAX-GPU),sub-01,1225,-1.310639448452926,,,,,,0.500663500999508
sub-01__jax_gpu,AMICA-Python (JAX-GPU),sub-01,1226,-1.3106393198760362,,,,,,0.4936755750004522
sub-01__jax_gpu,AMICA-Python (JAX-GPU),sub-01,1227,-1.3106391914938134,,,,,,0.49349433399947884
sub-01__jax_gpu,AMICA-Python (JAX-GPU),sub-01,1228,-1.3106390624390383,,,,,,0.4948393690010562
sub-01__jax_gpu,AMICA-Python (JAX-GPU),sub-01,1229,-1.3106389339972133,,,,,,0.4951965529999143
sub-01__jax_gpu,AMICA-Python (JAX-GPU),sub-01,1230,-1.310638806230194,,,,,,0.49965873700057273
sub-01__jax_gpu,AMICA-Python (JAX-GPU),sub-01,1231,-1.310638677922585,,,,,,0.5037009339994256
sub-01__jax_gpu,AMICA-Python (JAX-GPU),sub-01,1232,-1.310638549501299,,,,,,0.4969281530011358
sub-01__jax_gpu,AMICA-Python (JAX-GPU),sub-01,1233,-1.310638421898501,,,,,,0.49586798699965584
sub-01__jax_gpu,AMICA-Python (JAX-GPU),sub-01,1234,-1.3106382946241115,,,,,,0.4969626089987287
sub-01__jax_gpu,AMICA-Python (JAX-GPU),sub-01,1235,-1.310638166932738,,,,,,0.4961309819991584
sub-01__jax_gpu,AMICA-Python (JAX-GPU),sub-01,1236,-1.3106380393378554,,,,,,0.4967216039985942
sub-01__jax_gpu,AMICA-Python (JAX-GPU),sub-01,1237,-1.3106379117100546,,,,,,0.4963272479999432
sub-01__jax_gpu,AMICA-Python (JAX-GPU),sub-01,1238,-1.3106377834421874,,,,,,0.4978410600015195
sub-01__jax_gpu,AMICA-Python (JAX-GPU),sub-01,1239,-1.3106376550919863,,,,,,0.4971670600007201
sub-01__jax_gpu,AMICA-Python (JAX-GPU),sub-01,1240,-1.310637527121041,,,,,,0.49664379400019243
sub-01__jax_gpu,AMICA-Python (JAX-GPU),sub-01,1241,-1.3106373995738148,,,,,,0.49615107200042985
sub-01__jax_gpu,AMICA-Python (JAX-GPU),sub-01,1242,-1.3106372717796915,,,,,,0.4972292920010659
sub-01__jax_gpu,AMICA-Python (JAX-GPU),sub-01,1243,-1.3106371439540019,,,,,,0.4976568710007996
sub-01__jax_gpu,AMICA-Python (JAX-GPU),sub-01,1244,-1.3106370161669438,,,,,,0.4962723089993233
sub-01__jax_gpu,AMICA-Python (JAX-GPU),sub-01,1245,-1.3106368886111905,,,,,,0.49694025899952976
sub-01__jax_gpu,AMICA-Python (JAX-GPU),sub-01,1246,-1.3106367602719815,,,,,,0.4985110280013032
sub-01__jax_gpu,AMICA-Python (JAX-GPU),sub-01,1247,-1.3106366329693298,,,,,,0.4972203180004726
sub-01__jax_gpu,AMICA-Python (JAX-GPU),sub-01,1248,-1.3106365057090386,,,,,,0.49790651599869307
sub-01__jax_gpu,AMICA-Python (JAX-GPU),sub-01,1249,-1.310636378568923,,,,,,0.49903444399933505
sub-01__jax_gpu,AMICA-Python (JAX-GPU),sub-01,1250,-1.3106362509404446,,,,,,0.5150945140012482
sub-01__jax_gpu,AMICA-Python (JAX-GPU),sub-01,1251,-1.3106361229965588,,,,,,0.49911869499919703
sub-01__jax_gpu,AMICA-Python (JAX-GPU),sub-01,1252,-1.310635994908382,,,,,,0.49775838700043096
sub-01__jax_gpu,AMICA-Python (JAX-GPU),sub-01,1253,-1.3106358664031201,,,,,,0.5033783759990911
sub-01__jax_gpu,AMICA-Python (JAX-GPU),sub-01,1254,-1.3106357388755019,,,,,,0.5078946859994176
sub-01__jax_gpu,AMICA-Python (JAX-GPU),sub-01,1255,-1.3106356116473368,,,,,,0.49933747199975187
sub-01__jax_gpu,AMICA-Python (JAX-GPU),sub-01,1256,-1.3106354849546884,,,,,,0.4992199839998648
sub-01__jax_gpu,AMICA-Python (JAX-GPU),sub-01,1257,-1.310635359246501,,,,,,0.49843636600053287
sub-01__jax_gpu,AMICA-Python (JAX-GPU),sub-01,1258,-1.310635233827729,,,,,,0.4980409059990052
sub-01__jax_gpu,AMICA-Python (JAX-GPU),sub-01,1259,-1.3106351077451583,,,,,,0.5006362479998643
sub-01__jax_gpu,AMICA-Python (JAX-GPU),sub-01,1260,-1.3106349816664196,,,,,,0.4987108570003329
sub-01__jax_gpu,AMICA-Python (JAX-GPU),sub-01,1261,-1.310634855256159,,,,,,0.49908524499915075
sub-01__jax_gpu,AMICA-Python (JAX-GPU),sub-01,1262,-1.3106347299545507,,,,,,0.49862106799992034
sub-01__jax_gpu,AMICA-Python (JAX-GPU),sub-01,1263,-1.310634604657563,,,,,,0.498088378999455
sub-01__jax_gpu,AMICA-Python (JAX-GPU),sub-01,1264,-1.3106344785484572,,,,,,0.5003763869990507
sub-01__jax_gpu,AMICA-Python (JAX-GPU),sub-01,1265,-1.3106343527938558,,,,,,0.49805636900055106
sub-01__jax_gpu,AMICA-Python (JAX-GPU),sub-01,1266,-1.3106342274296572,,,,,,0.5016972369994619
sub-01__jax_gpu,AMICA-Python (JAX-GPU),sub-01,1267,-1.3106341020908292,,,,,,0.4991263310002978
sub-01__jax_gpu,AMICA-Python (JAX-GPU),sub-01,1268,-1.3106339770422215,,,,,,0.498592859999917
sub-01__jax_gpu,AMICA-Python (JAX-GPU),sub-01,1269,-1.3106338524437564,,,,,,0.49985617800120963
sub-01__jax_gpu,AMICA-Python (JAX-GPU),sub-01,1270,-1.3106337274517115,,,,,,0.4994785899998533
sub-01__jax_gpu,AMICA-Python (JAX-GPU),sub-01,1271,-1.310633601618264,,,,,,0.4983680919995095
sub-01__jax_gpu,AMICA-Python (JAX-GPU),sub-01,1272,-1.3106334766844772,,,,,,0.49860278900086996
sub-01__jax_gpu,AMICA-Python (JAX-GPU),sub-01,1273,-1.3106333509314394,,,,,,0.49823691399979
sub-01__jax_gpu,AMICA-Python (JAX-GPU),sub-01,1274,-1.3106332262278755,,,,,,0.49853235999944445
sub-01__jax_gpu,AMICA-Python (JAX-GPU),sub-01,1275,-1.3106331004477758,,,,,,0.5016106570001284
sub-01__jax_gpu,AMICA-Python (JAX-GPU),sub-01,1276,-1.3106329750367685,,,,,,0.49855956800092827
sub-01__jax_gpu,AMICA-Python (JAX-GPU),sub-01,1277,-1.3106328499129454,,,,,,0.5008736409999983
sub-01__jax_gpu,AMICA-Python (JAX-GPU),sub-01,1278,-1.3106327246572658,,,,,,0.4987551889989845
sub-01__jax_gpu,AMICA-Python (JAX-GPU),sub-01,1279,-1.3106325989330025,,,,,,0.499283450000803
sub-01__jax_gpu,AMICA-Python (JAX-GPU),sub-01,1280,-1.3106324737645274,,,,,,0.4980893499996455
sub-01__jax_gpu,AMICA-Python (JAX-GPU),sub-01,1281,-1.310632348464735,,,,,,0.5010145819996978
sub-01__jax_gpu,AMICA-Python (JAX-GPU),sub-01,1282,-1.3106322231532537,,,,,,0.49933072600106243
sub-01__jax_gpu,AMICA-Python (JAX-GPU),sub-01,1283,-1.3106320976963943,,,,,,0.4980569950002973
sub-01__jax_gpu,AMICA-Python (JAX-GPU),sub-01,1284,-1.310631973341139,,,,,,0.49972720599907916
sub-01__jax_gpu,AMICA-Python (JAX-GPU),sub-01,1285,-1.3106318491385265,,,,,,0.5000841279997985
sub-01__jax_gpu,AMICA-Python (JAX-GPU),sub-01,1286,-1.3106317250351118,,,,,,0.4951648940004816
sub-01__jax_gpu,AMICA-Python (JAX-GPU),sub-01,1287,-1.3106316014427635,,,,,,0.4944300370007113
sub-01__jax_gpu,AMICA-Python (JAX-GPU),sub-01,1288,-1.310631478083901,,,,,,0.49377258099957544
sub-01__jax_gpu,AMICA-Python (JAX-GPU),sub-01,1289,-1.3106313544065429,,,,,,0.4930728920007823
sub-01__jax_gpu,AMICA-Python (JAX-GPU),sub-01,1290,-1.3106312312869488,,,,,,0.49393521300044085
sub-01__jax_gpu,AMICA-Python (JAX-GPU),sub-01,1291,-1.3106311072148424,,,,,,0.4952197820002766
sub-01__jax_gpu,AMICA-Python (JAX-GPU),sub-01,1292,-1.3106309843075041,,,,,,0.49393540100027167
sub-01__jax_gpu,AMICA-Python (JAX-GPU),sub-01,1293,-1.3106308609485149,,,,,,0.49492958300106693
sub-01__jax_gpu,AMICA-Python (JAX-GPU),sub-01,1294,-1.3106307381069489,,,,,,0.49614964600004896
sub-01__jax_gpu,AMICA-Python (JAX-GPU),sub-01,1295,-1.3106306151737173,,,,,,0.4953528619989811
sub-01__jax_gpu,AMICA-Python (JAX-GPU),sub-01,1296,-1.31063049185307,,,,,,0.49595530700025847
sub-01__jax_gpu,AMICA-Python (JAX-GPU),sub-01,1297,-1.3106303686533625,,,,,,0.49609179599974595
sub-01__jax_gpu,AMICA-Python (JAX-GPU),sub-01,1298,-1.310630245312244,,,,,,0.4962873309996212
sub-01__jax_gpu,AMICA-Python (JAX-GPU),sub-01,1299,-1.3106301220959113,,,,,,0.49613290399975085
sub-01__jax_gpu,AMICA-Python (JAX-GPU),sub-01,1300,-1.3106299979447185,,,,,,0.496456089998901
sub-01__jax_gpu,AMICA-Python (JAX-GPU),sub-01,1301,-1.3106298739739364,,,,,,0.4973491569999169
sub-01__jax_gpu,AMICA-Python (JAX-GPU),sub-01,1302,-1.3106297506919666,,,,,,0.4966627009998774
sub-01__jax_gpu,AMICA-Python (JAX-GPU),sub-01,1303,-1.3106296271887523,,,,,,0.49805400900004315
sub-01__jax_gpu,AMICA-Python (JAX-GPU),sub-01,1304,-1.3106295042327205,,,,,,0.4990272459999687
sub-01__jax_gpu,AMICA-Python (JAX-GPU),sub-01,1305,-1.3106293810392498,,,,,,0.49773838500004786
sub-01__jax_gpu,AMICA-Python (JAX-GPU),sub-01,1306,-1.310629257245626,,,,,,0.4977108630009752
sub-01__jax_gpu,AMICA-Python (JAX-GPU),sub-01,1307,-1.31062913469011,,,,,,0.4972884309991059
sub-01__jax_gpu,AMICA-Python (JAX-GPU),sub-01,1308,-1.3106290109953382,,,,,,0.49777946100039117
sub-01__jax_gpu,AMICA-Python (JAX-GPU),sub-01,1309,-1.3106288869741018,,,,,,0.49822663300074055
sub-01__jax_gpu,AMICA-Python (JAX-GPU),sub-01,1310,-1.310628763204184,,,,,,0.498249558999305
sub-01__jax_gpu,AMICA-Python (JAX-GPU),sub-01,1311,-1.310628641021193,,,,,,0.49775596099971153
sub-01__jax_gpu,AMICA-Python (JAX-GPU),sub-01,1312,-1.3106285176115138,,,,,,0.49824280999928305
sub-01__jax_gpu,AMICA-Python (JAX-GPU),sub-01,1313,-1.310628394170305,,,,,,0.4971922810000251
sub-01__jax_gpu,AMICA-Python (JAX-GPU),sub-01,1314,-1.3106282700042067,,,,,,0.5010430080001242
sub-01__jax_gpu,AMICA-Python (JAX-GPU),sub-01,1315,-1.3106281455014457,,,,,,0.49810272799913946
sub-01__jax_gpu,AMICA-Python (JAX-GPU),sub-01,1316,-1.3106280210443606,,,,,,0.5044896060007886
sub-01__jax_gpu,AMICA-Python (JAX-GPU),sub-01,1317,-1.3106278970023748,,,,,,0.498251844999686
sub-01__jax_gpu,AMICA-Python (JAX-GPU),sub-01,1318,-1.3106277723322661,,,,,,0.49870584399832296
sub-01__jax_gpu,AMICA-Python (JAX-GPU),sub-01,1319,-1.310627647276442,,,,,,0.5007068419999996
sub-01__jax_gpu,AMICA-Python (JAX-GPU),sub-01,1320,-1.310627523369777,,,,,,0.497471435000989
sub-01__jax_gpu,AMICA-Python (JAX-GPU),sub-01,1321,-1.3106273993946134,,,,,,0.4976411530005862
sub-01__jax_gpu,AMICA-Python (JAX-GPU),sub-01,1322,-1.3106272767933427,,,,,,0.4993438830006198
sub-01__jax_gpu,AMICA-Python (JAX-GPU),sub-01,1323,-1.3106271550561015,,,,,,0.49917253899911884
sub-01__jax_gpu,AMICA-Python (JAX-GPU),sub-01,1324,-1.3106270332021248,,,,,,0.4980825830007234
sub-01__jax_gpu,AMICA-Python (JAX-GPU),sub-01,1325,-1.3106269116696454,,,,,,0.4988161260007473
sub-01__jax_gpu,AMICA-Python (JAX-GPU),sub-01,1326,-1.3106267912074296,,,,,,0.49994788999902084
sub-01__jax_gpu,AMICA-Python (JAX-GPU),sub-01,1327,-1.3106266701240918,,,,,,0.4997154880002199
sub-01__jax_gpu,AMICA-Python (JAX-GPU),sub-01,1328,-1.310626550093516,,,,,,0.49750790399957623
sub-01__jax_gpu,AMICA-Python (JAX-GPU),sub-01,1329,-1.3106264310500189,,,,,,0.5004477660004341
sub-01__jax_gpu,AMICA-Python (JAX-GPU),sub-01,1330,-1.3106263129680324,,,,,,0.49946719000035955
sub-01__jax_gpu,AMICA-Python (JAX-GPU),sub-01,1331,-1.3106261948952944,,,,,,0.4989778679992014
sub-01__jax_gpu,AMICA-Python (JAX-GPU),sub-01,1332,-1.3106260765403104,,,,,,0.4986268510001537
sub-01__jax_gpu,AMICA-Python (JAX-GPU),sub-01,1333,-1.3106259581652377,,,,,,0.49929849299951456
sub-01__jax_gpu,AMICA-Python (JAX-GPU),sub-01,1334,-1.310625839504313,,,,,,0.49831501500011655
sub-01__jax_gpu,AMICA-Python (JAX-GPU),sub-01,1335,-1.310625720647052,,,,,,0.4992242749995057
sub-01__jax_gpu,AMICA-Python (JAX-GPU),sub-01,1336,-1.310625602342103,,,,,,0.49941685600060737
sub-01__jax_gpu,AMICA-Python (JAX-GPU),sub-01,1337,-1.3106254840217089,,,,,,0.4986884520003514
sub-01__jax_gpu,AMICA-Python (JAX-GPU),sub-01,1338,-1.3106253656298594,,,,,,0.49922578500081727
sub-01__jax_gpu,AMICA-Python (JAX-GPU),sub-01,1339,-1.3106252468342885,,,,,,0.4981754420005018
sub-01__jax_gpu,AMICA-Python (JAX-GPU),sub-01,1340,-1.310625127919241,,,,,,0.5005543319985009
sub-01__jax_gpu,AMICA-Python (JAX-GPU),sub-01,1341,-1.3106250094553653,,,,,,0.5018805820000125
sub-01__jax_gpu,AMICA-Python (JAX-GPU),sub-01,1342,-1.3106248909916274,,,,,,0.49977257499995176
sub-01__jax_gpu,AMICA-Python (JAX-GPU),sub-01,1343,-1.3106247726423348,,,,,,0.49782555700039666
sub-01__jax_gpu,AMICA-Python (JAX-GPU),sub-01,1344,-1.310624654801447,,,,,,0.49959289399885165
sub-01__jax_gpu,AMICA-Python (JAX-GPU),sub-01,1345,-1.3106245365025615,,,,,,0.4990684800013696
sub-01__jax_gpu,AMICA-Python (JAX-GPU),sub-01,1346,-1.31062441768812,,,,,,0.4978130469989992
sub-01__jax_gpu,AMICA-Python (JAX-GPU),sub-01,1347,-1.3106242983767336,,,,,,0.4945316379998985
sub-01__jax_gpu,AMICA-Python (JAX-GPU),sub-01,1348,-1.3106241787124109,,,,,,0.49719994500082976
sub-01__jax_gpu,AMICA-Python (JAX-GPU),sub-01,1349,-1.3106240587166902,,,,,,0.4935825630000181
sub-01__jax_gpu,AMICA-Python (JAX-GPU),sub-01,1350,-1.3106239388104424,,,,,,0.49635641199893143
sub-01__jax_gpu,AMICA-Python (JAX-GPU),sub-01,1351,-1.3106238186292298,,,,,,0.49552492100156087
sub-01__jax_gpu,AMICA-Python (JAX-GPU),sub-01,1352,-1.3106236977666297,,,,,,0.4951981929989415
sub-01__jax_gpu,AMICA-Python (JAX-GPU),sub-01,1353,-1.3106235775339128,,,,,,0.4951696770003764
sub-01__jax_gpu,AMICA-Python (JAX-GPU),sub-01,1354,-1.3106234577997142,,,,,,0.4961763430001156
sub-01__jax_gpu,AMICA-Python (JAX-GPU),sub-01,1355,-1.3106233374873377,,,,,,0.4951213900003495
sub-01__jax_gpu,AMICA-Python (JAX-GPU),sub-01,1356,-1.3106232173578276,,,,,,0.49691480299952673
sub-01__jax_gpu,AMICA-Python (JAX-GPU),sub-01,1357,-1.310623097353332,,,,,,0.49568554700090317
sub-01__jax_gpu,AMICA-Python (JAX-GPU),sub-01,1358,-1.3106229767182764,,,,,,0.49675294200096687
sub-01__jax_gpu,AMICA-Python (JAX-GPU),sub-01,1359,-1.3106228561126072,,,,,,0.496013137000773
sub-01__jax_gpu,AMICA-Python (JAX-GPU),sub-01,1360,-1.310622735510374,,,,,,0.49660302300071635
sub-01__jax_gpu,AMICA-Python (JAX-GPU),sub-01,1361,-1.3106226147101243,,,,,,0.4984986890012806
sub-01__jax_gpu,AMICA-Python (JAX-GPU),sub-01,1362,-1.3106224944992677,,,,,,0.49612883100053295
sub-01__jax_gpu,AMICA-Python (JAX-GPU),sub-01,1363,-1.310622374466565,,,,,,0.4963540640001156
sub-01__jax_gpu,AMICA-Python (JAX-GPU),sub-01,1364,-1.3106222548110569,,,,,,0.4981974199999968
sub-01__jax_gpu,AMICA-Python (JAX-GPU),sub-01,1365,-1.3106221349049476,,,,,,0.4964784799994959
sub-01__jax_gpu,AMICA-Python (JAX-GPU),sub-01,1366,-1.3106220147293,,,,,,0.49952857500102255
sub-01__jax_gpu,AMICA-Python (JAX-GPU),sub-01,1367,-1.3106218949607813,,,,,,0.4985004249992926
sub-01__jax_gpu,AMICA-Python (JAX-GPU),sub-01,1368,-1.3106217748816515,,,,,,0.49704071799897065
sub-01__jax_gpu,AMICA-Python (JAX-GPU),sub-01,1369,-1.3106216543150897,,,,,,0.499517577000006
sub-01__jax_gpu,AMICA-Python (JAX-GPU),sub-01,1370,-1.3106215350414316,,,,,,0.5004470339990803
sub-01__jax_gpu,AMICA-Python (JAX-GPU),sub-01,1371,-1.3106214153265094,,,,,,0.49774918100047216
sub-01__jax_gpu,AMICA-Python (JAX-GPU),sub-01,1372,-1.3106212954344947,,,,,,0.49705251900013536
sub-01__jax_gpu,AMICA-Python (JAX-GPU),sub-01,1373,-1.3106211765826847,,,,,,0.49815557900001295
sub-01__jax_gpu,AMICA-Python (JAX-GPU),sub-01,1374,-1.3106210569456347,,,,,,0.4979483090010035
sub-01__jax_gpu,AMICA-Python (JAX-GPU),sub-01,1375,-1.3106209374983682,,,,,,0.49754869299977145
sub-01__jax_gpu,AMICA-Python (JAX-GPU),sub-01,1376,-1.3106208183971153,,,,,,0.4983845859987923
sub-01__jax_gpu,AMICA-Python (JAX-GPU),sub-01,1377,-1.3106206995474436,,,,,,0.4973404140000639
sub-01__jax_gpu,AMICA-Python (JAX-GPU),sub-01,1378,-1.310620580065858,,,,,,0.49740073199973267
sub-01__jax_gpu,AMICA-Python (JAX-GPU),sub-01,1379,-1.3106204616663384,,,,,,0.4984441560009145
sub-01__jax_gpu,AMICA-Python (JAX-GPU),sub-01,1380,-1.3106203429600793,,,,,,0.4973864700004924
sub-01__jax_gpu,AMICA-Python (JAX-GPU),sub-01,1381,-1.3106202232309239,,,,,,0.49818409900035476
sub-01__jax_gpu,AMICA-Python (JAX-GPU),sub-01,1382,-1.310620103413799,,,,,,0.4987115179992543
sub-01__jax_gpu,AMICA-Python (JAX-GPU),sub-01,1383,-1.310619984144438,,,,,,0.49961776599957375
sub-01__jax_gpu,AMICA-Python (JAX-GPU),sub-01,1384,-1.3106198648326546,,,,,,0.4979664780003077
sub-01__jax_gpu,AMICA-Python (JAX-GPU),sub-01,1385,-1.3106197459040712,,,,,,0.49849942900073074
sub-01__jax_gpu,AMICA-Python (JAX-GPU),sub-01,1386,-1.3106196257253069,,,,,,0.4990012599992042
sub-01__jax_gpu,AMICA-Python (JAX-GPU),sub-01,1387,-1.310619505584526,,,,,,0.4978963579997071
sub-01__jax_gpu,AMICA-Python (JAX-GPU),sub-01,1388,-1.3106193860061117,,,,,,0.498939426999641
sub-01__jax_gpu,AMICA-Python (JAX-GPU),sub-01,1389,-1.3106192658851925,,,,,,0.4983859059993847
sub-01__jax_gpu,AMICA-Python (JAX-GPU),sub-01,1390,-1.310619146229702,,,,,,0.49858219800080406
sub-01__jax_gpu,AMICA-Python (JAX-GPU),sub-01,1391,-1.3106190264618098,,,,,,0.49953881800138333
sub-01__jax_gpu,AMICA-Python (JAX-GPU),sub-01,1392,-1.3106189066684448,,,,,,0.49815013500119676
sub-01__jax_gpu,AMICA-Python (JAX-GPU),sub-01,1393,-1.3106187870796033,,,,,,0.49992565700085834
sub-01__jax_gpu,AMICA-Python (JAX-GPU),sub-01,1394,-1.3106186679762195,,,,,,0.5017542320001667
sub-01__jax_gpu,AMICA-Python (JAX-GPU),sub-01,1395,-1.3106185481589276,,,,,,0.499747916999695
sub-01__jax_gpu,AMICA-Python (JAX-GPU),sub-01,1396,-1.310618428851524,,,,,,0.5017682409998088
sub-01__jax_gpu,AMICA-Python (JAX-GPU),sub-01,1397,-1.3106183087378425,,,,,,0.5042215489993396
sub-01__jax_gpu,AMICA-Python (JAX-GPU),sub-01,1398,-1.3106181880300578,,,,,,0.49974961999942025
sub-01__jax_gpu,AMICA-Python (JAX-GPU),sub-01,1399,-1.3106180674211185,,,,,,0.501224588999321
sub-01__jax_gpu,AMICA-Python (JAX-GPU),sub-01,1400,-1.3106179482147964,,,,,,0.5048310199999833
sub-01__jax_gpu,AMICA-Python (JAX-GPU),sub-01,1401,-1.310617827974188,,,,,,0.5017162489984912
sub-01__jax_gpu,AMICA-Python (JAX-GPU),sub-01,1402,-1.310617708177233,,,,,,0.49964965199978906
sub-01__jax_gpu,AMICA-Python (JAX-GPU),sub-01,1403,-1.3106175883582445,,,,,,0.5010011539998231
sub-01__jax_gpu,AMICA-Python (JAX-GPU),sub-01,1404,-1.3106174686289749,,,,,,0.4993848539997998
sub-01__jax_gpu,AMICA-Python (JAX-GPU),sub-01,1405,-1.3106173475368623,,,,,,0.4968989839999267
sub-01__jax_gpu,AMICA-Python (JAX-GPU),sub-01,1406,-1.3106172271240157,,,,,,0.49451179899915587
sub-01__jax_gpu,AMICA-Python (JAX-GPU),sub-01,1407,-1.3106171059903124,,,,,,0.49772564100021555
sub-01__jax_gpu,AMICA-Python (JAX-GPU),sub-01,1408,-1.3106169854151526,,,,,,0.4957172320009704
sub-01__jax_gpu,AMICA-Python (JAX-GPU),sub-01,1409,-1.3106168646379137,,,,,,0.49385385700043116
sub-01__jax_gpu,AMICA-Python (JAX-GPU),sub-01,1410,-1.3106167433650453,,,,,,0.4968468400002166
sub-01__jax_gpu,AMICA-Python (JAX-GPU),sub-01,1411,-1.3106166222661015,,,,,,0.495477379001386
sub-01__jax_gpu,AMICA-Python (JAX-GPU),sub-01,1412,-1.3106165011764035,,,,,,0.4961447049990966
sub-01__jax_gpu,AMICA-Python (JAX-GPU),sub-01,1413,-1.3106163805135527,,,,,,0.49926043300001766
sub-01__jax_gpu,AMICA-Python (JAX-GPU),sub-01,1414,-1.3106162598279592,,,,,,0.4970220179984608
sub-01__jax_gpu,AMICA-Python (JAX-GPU),sub-01,1415,-1.3106161388252364,,,,,,0.4985631559993635
sub-01__jax_gpu,AMICA-Python (JAX-GPU),sub-01,1416,-1.3106160182562687,,,,,,0.4979452139996283
sub-01__jax_gpu,AMICA-Python (JAX-GPU),sub-01,1417,-1.3106158984136178,,,,,,0.4975744080002187
sub-01__jax_gpu,AMICA-Python (JAX-GPU),sub-01,1418,-1.3106157783729393,,,,,,0.4978204500002903
sub-01__jax_gpu,AMICA-Python (JAX-GPU),sub-01,1419,-1.3106156590295983,,,,,,0.4970239699996455
sub-01__jax_gpu,AMICA-Python (JAX-GPU),sub-01,1420,-1.3106155386143639,,,,,,0.5011476699983177
sub-01__jax_gpu,AMICA-Python (JAX-GPU),sub-01,1421,-1.3106154180543264,,,,,,0.49629517500034126
sub-01__jax_gpu,AMICA-Python (JAX-GPU),sub-01,1422,-1.3106152970718725,,,,,,0.49975088499923004
sub-01__jax_gpu,AMICA-Python (JAX-GPU),sub-01,1423,-1.3106151775387826,,,,,,0.49943045300096855
sub-01__jax_gpu,AMICA-Python (JAX-GPU),sub-01,1424,-1.3106150581563112,,,,,,0.5006747980005457
sub-01__jax_gpu,AMICA-Python (JAX-GPU),sub-01,1425,-1.3106149374334608,,,,,,0.49963312199906795
sub-01__jax_gpu,AMICA-Python (JAX-GPU),sub-01,1426,-1.3106148163358071,,,,,,0.4984230030004255
sub-01__jax_gpu,AMICA-Python (JAX-GPU),sub-01,1427,-1.310614696062731,,,,,,0.4991608499985887
sub-01__jax_gpu,AMICA-Python (JAX-GPU),sub-01,1428,-1.3106145750347071,,,,,,0.4996514760005084
sub-01__jax_gpu,AMICA-Python (JAX-GPU),sub-01,1429,-1.3106144545070042,,,,,,0.4999881429994275
sub-01__jax_gpu,AMICA-Python (JAX-GPU),sub-01,1430,-1.3106143337621292,,,,,,0.4984578330004297
sub-01__jax_gpu,AMICA-Python (JAX-GPU),sub-01,1431,-1.3106142127520668,,,,,,0.4989029970001866
sub-01__jax_gpu,AMICA-Python (JAX-GPU),sub-01,1432,-1.3106140918915217,,,,,,0.49846157200045127
sub-01__jax_gpu,AMICA-Python (JAX-GPU),sub-01,1433,-1.3106139711574634,,,,,,0.501199156000439
sub-01__jax_gpu,AMICA-Python (JAX-GPU),sub-01,1434,-1.310613850191174,,,,,,0.5010630560009304
sub-01__jax_gpu,AMICA-Python (JAX-GPU),sub-01,1435,-1.3106137292609423,,,,,,0.5002736019996519
sub-01__jax_gpu,AMICA-Python (JAX-GPU),sub-01,1436,-1.3106136081136899,,,,,,0.49964781000016956
sub-01__jax_gpu,AMICA-Python (JAX-GPU),sub-01,1437,-1.3106134870114636,,,,,,0.4996949969990965
sub-01__jax_gpu,AMICA-Python (JAX-GPU),sub-01,1438,-1.3106133655890253,,,,,,0.501567643999806
sub-01__jax_gpu,AMICA-Python (JAX-GPU),sub-01,1439,-1.3106132444953467,,,,,,0.5003189819999534
sub-01__jax_gpu,AMICA-Python (JAX-GPU),sub-01,1440,-1.3106131232978717,,,,,,0.5011361910001142
sub-01__jax_gpu,AMICA-Python (JAX-GPU),sub-01,1441,-1.310613002118059,,,,,,0.5051034319985774
sub-01__jax_gpu,AMICA-Python (JAX-GPU),sub-01,1442,-1.3106128806566846,,,,,,0.49988603800011333
sub-01__jax_gpu,AMICA-Python (JAX-GPU),sub-01,1443,-1.3106127595408175,,,,,,0.5039190279985633
sub-01__jax_gpu,AMICA-Python (JAX-GPU),sub-01,1444,-1.3106126392850397,,,,,,0.49901329500062275
sub-01__jax_gpu,AMICA-Python (JAX-GPU),sub-01,1445,-1.3106125209179251,,,,,,0.5024356140002055
sub-01__jax_gpu,AMICA-Python (JAX-GPU),sub-01,1446,-1.3106124008627995,,,,,,0.4995183549999638
sub-01__jax_gpu,AMICA-Python (JAX-GPU),sub-01,1447,-1.310612281368194,,,,,,0.4997017480000068
sub-01__jax_gpu,AMICA-Python (JAX-GPU),sub-01,1448,-1.3106121620485376,,,,,,0.5007564540010208
sub-01__jax_gpu,AMICA-Python (JAX-GPU),sub-01,1449,-1.3106120421554264,,,,,,0.4995260119994782
sub-01__jax_gpu,AMICA-Python (JAX-GPU),sub-01,1450,-1.3106119224048902,,,,,,0.4987402059996384
sub-01__jax_gpu,AMICA-Python (JAX-GPU),sub-01,1451,-1.3106118039671506,,,,,,0.4997417480008153
sub-01__jax_gpu,AMICA-Python (JAX-GPU),sub-01,1452,-1.3106116834874812,,,,,,0.498185338001349
sub-01__jax_gpu,AMICA-Python (JAX-GPU),sub-01,1453,-1.3106115633221678,,,,,,0.5008195430000342
sub-01__jax_gpu,AMICA-Python (JAX-GPU),sub-01,1454,-1.3106114438727525,,,,,,0.5013966989990877
sub-01__jax_gpu,AMICA-Python (JAX-GPU),sub-01,1455,-1.310611323688057,,,,,,0.5001131250010076
sub-01__jax_gpu,AMICA-Python (JAX-GPU),sub-01,1456,-1.3106112024999956,,,,,,0.5044269419995544
sub-01__jax_gpu,AMICA-Python (JAX-GPU),sub-01,1457,-1.3106110825753519,,,,,,0.5010359160005464
sub-01__jax_gpu,AMICA-Python (JAX-GPU),sub-01,1458,-1.3106109637557573,,,,,,0.5027904830003536
sub-01__jax_gpu,AMICA-Python (JAX-GPU),sub-01,1459,-1.3106108431209418,,,,,,0.5012621820005734
sub-01__jax_gpu,AMICA-Python (JAX-GPU),sub-01,1460,-1.3106107231487045,,,,,,0.5023837729986553
sub-01__jax_gpu,AMICA-Python (JAX-GPU),sub-01,1461,-1.310610603177098,,,,,,0.49969273600072484
sub-01__jax_gpu,AMICA-Python (JAX-GPU),sub-01,1462,-1.3106104839634694,,,,,,0.5009760350003489
sub-01__jax_gpu,AMICA-Python (JAX-GPU),sub-01,1463,-1.3106103651544379,,,,,,0.49988259200108587
sub-01__jax_gpu,AMICA-Python (JAX-GPU),sub-01,1464,-1.3106102458443205,,,,,,0.5003763479999179
sub-01__jax_gpu,AMICA-Python (JAX-GPU),sub-01,1465,-1.3106101261824958,,,,,,0.4941492640009528
sub-01__jax_gpu,AMICA-Python (JAX-GPU),sub-01,1466,-1.3106100069653597,,,,,,0.49628250599926105
sub-01__jax_gpu,AMICA-Python (JAX-GPU),sub-01,1467,-1.310609887913354,,,,,,0.49694113499936066
sub-01__jax_gpu,AMICA-Python (JAX-GPU),sub-01,1468,-1.3106097690270666,,,,,,0.4938005189997057
sub-01__jax_gpu,AMICA-Python (JAX-GPU),sub-01,1469,-1.3106096503431246,,,,,,0.4965109629993094
sub-01__jax_gpu,AMICA-Python (JAX-GPU),sub-01,1470,-1.3106095317573818,,,,,,0.4950691939993703
sub-01__jax_gpu,AMICA-Python (JAX-GPU),sub-01,1471,-1.310609413996187,,,,,,0.49588976000086404
sub-01__jax_gpu,AMICA-Python (JAX-GPU),sub-01,1472,-1.3106092941843055,,,,,,0.49844356900030107
sub-01__jax_gpu,AMICA-Python (JAX-GPU),sub-01,1473,-1.3106091752345281,,,,,,0.4960589729998901
sub-01__jax_gpu,AMICA-Python (JAX-GPU),sub-01,1474,-1.3106090553257266,,,,,,0.4961487489999854
sub-01__jax_gpu,AMICA-Python (JAX-GPU),sub-01,1475,-1.3106089354861756,,,,,,0.5001797820004867
sub-01__jax_gpu,AMICA-Python (JAX-GPU),sub-01,1476,-1.3106088161204368,,,,,,0.4965133349996904
sub-01__jax_gpu,AMICA-Python (JAX-GPU),sub-01,1477,-1.3106086967122124,,,,,,0.4967619769995508
sub-01__jax_gpu,AMICA-Python (JAX-GPU),sub-01,1478,-1.3106085770179874,,,,,,0.4983250280001812
sub-01__jax_gpu,AMICA-Python (JAX-GPU),sub-01,1479,-1.3106084571992567,,,,,,0.49664988499898755
sub-01__jax_gpu,AMICA-Python (JAX-GPU),sub-01,1480,-1.3106083367040033,,,,,,0.4989059540002927
sub-01__jax_gpu,AMICA-Python (JAX-GPU),sub-01,1481,-1.3106082166477282,,,,,,0.4981774489988311
sub-01__jax_gpu,AMICA-Python (JAX-GPU),sub-01,1482,-1.3106080958106847,,,,,,0.49804464299995743
sub-01__jax_gpu,AMICA-Python (JAX-GPU),sub-01,1483,-1.3106079756994884,,,,,,0.49730426099995384
sub-01__jax_gpu,AMICA-Python (JAX-GPU),sub-01,1484,-1.3106078549352482,,,,,,0.4977950720003719
sub-01__jax_gpu,AMICA-Python (JAX-GPU),sub-01,1485,-1.3106077355993584,,,,,,0.49795878900113166
sub-01__jax_gpu,AMICA-Python (JAX-GPU),sub-01,1486,-1.3106076150235246,,,,,,0.4997089349999442
sub-01__jax_gpu,AMICA-Python (JAX-GPU),sub-01,1487,-1.3106074938112213,,,,,,0.4984827820007922
sub-01__jax_gpu,AMICA-Python (JAX-GPU),sub-01,1488,-1.3106073737643738,,,,,,0.4983289589999913
sub-01__jax_gpu,AMICA-Python (JAX-GPU),sub-01,1489,-1.3106072550198657,,,,,,0.5010628290001478
sub-01__jax_gpu,AMICA-Python (JAX-GPU),sub-01,1490,-1.3106071342299195,,,,,,0.497897956000088
sub-01__jax_gpu,AMICA-Python (JAX-GPU),sub-01,1491,-1.3106070132780934,,,,,,0.500279447000139
sub-01__jax_gpu,AMICA-Python (JAX-GPU),sub-01,1492,-1.3106068936133195,,,,,,0.49836359300024924
sub-01__jax_gpu,AMICA-Python (JAX-GPU),sub-01,1493,-1.3106067735841047,,,,,,0.5014222230001906
sub-01__jax_gpu,AMICA-Python (JAX-GPU),sub-01,1494,-1.3106066534564456,,,,,,0.4987456039998506
sub-01__jax_gpu,AMICA-Python (JAX-GPU),sub-01,1495,-1.310606534100809,,,,,,0.5009292670001741
sub-01__jax_gpu,AMICA-Python (JAX-GPU),sub-01,1496,-1.31060641352388,,,,,,0.49953342899971176
sub-01__jax_gpu,AMICA-Python (JAX-GPU),sub-01,1497,-1.3106062941647987,,,,,,0.5036058179994143
sub-01__jax_gpu,AMICA-Python (JAX-GPU),sub-01,1498,-1.3106061751234517,,,,,,0.5005357190002542
sub-01__jax_gpu,AMICA-Python (JAX-GPU),sub-01,1499,-1.3106060549758727,,,,,,0.5016950139997789
sub-01__jax_gpu,AMICA-Python (JAX-GPU),sub-01,1500,-1.3106059350903034,,,,,,0.4995695079996949
sub-01__jax_gpu,AMICA-Python (JAX-GPU),sub-01,1501,-1.3106058155433125,,,,,,0.5047528949999105
sub-01__jax_gpu,AMICA-Python (JAX-GPU),sub-01,1502,-1.3106056962238846,,,,,,0.5014262250006141
sub-01__jax_gpu,AMICA-Python (JAX-GPU),sub-01,1503,-1.3106055762369757,,,,,,0.5020939570003975
sub-01__jax_gpu,AMICA-Python (JAX-GPU),sub-01,1504,-1.3106054559963098,,,,,,0.5000321669995174
sub-01__jax_gpu,AMICA-Python (JAX-GPU),sub-01,1505,-1.3106053362318781,,,,,,0.500310184999762
sub-01__jax_gpu,AMICA-Python (JAX-GPU),sub-01,1506,-1.3106052163287247,,,,,,0.5000775329990574
sub-01__jax_gpu,AMICA-Python (JAX-GPU),sub-01,1507,-1.3106050974900698,,,,,,0.5021594230001938
sub-01__jax_gpu,AMICA-Python (JAX-GPU),sub-01,1508,-1.3106049769273433,,,,,,0.500226318001296
sub-01__jax_gpu,AMICA-Python (JAX-GPU),sub-01,1509,-1.3106048567014659,,,,,,0.5040422399997624
sub-01__jax_gpu,AMICA-Python (JAX-GPU),sub-01,1510,-1.3106047360126625,,,,,,0.49852444600037416
sub-01__jax_gpu,AMICA-Python (JAX-GPU),sub-01,1511,-1.3106046153002586,,,,,,0.4993903770009638
sub-01__jax_gpu,AMICA-Python (JAX-GPU),sub-01,1512,-1.3106044939676427,,,,,,0.5016449130016554
sub-01__jax_gpu,AMICA-Python (JAX-GPU),sub-01,1513,-1.3106043726441916,,,,,,0.5037385750001704
sub-01__jax_gpu,AMICA-Python (JAX-GPU),sub-01,1514,-1.310604251177766,,,,,,0.5002567369992903
sub-01__jax_gpu,AMICA-Python (JAX-GPU),sub-01,1515,-1.3106041294646977,,,,,,0.5002395310002612
sub-01__jax_gpu,AMICA-Python (JAX-GPU),sub-01,1516,-1.3106040082433745,,,,,,0.49977335299990955
sub-01__jax_gpu,AMICA-Python (JAX-GPU),sub-01,1517,-1.3106038872357644,,,,,,0.5001597600003151
sub-01__jax_gpu,AMICA-Python (JAX-GPU),sub-01,1518,-1.3106037658401977,,,,,,0.498652578000474
sub-01__jax_gpu,AMICA-Python (JAX-GPU),sub-01,1519,-1.3106036446805458,,,,,,0.5007146230000217
sub-01__jax_gpu,AMICA-Python (JAX-GPU),sub-01,1520,-1.3106035233673106,,,,,,0.49965515400072036
sub-01__jax_gpu,AMICA-Python (JAX-GPU),sub-01,1521,-1.3106034025274067,,,,,,0.499759289999929
sub-01__jax_gpu,AMICA-Python (JAX-GPU),sub-01,1522,-1.3106032814519173,,,,,,0.4992990409991762
sub-01__jax_gpu,AMICA-Python (JAX-GPU),sub-01,1523,-1.310603160800011,,,,,,0.500783584000601
sub-01__jax_gpu,AMICA-Python (JAX-GPU),sub-01,1524,-1.3106030407811247,,,,,,0.49816638700031035
sub-01__jax_gpu,AMICA-Python (JAX-GPU),sub-01,1525,-1.310602919670312,,,,,,0.49505409500125097
sub-01__jax_gpu,AMICA-Python (JAX-GPU),sub-01,1526,-1.3106027986804356,,,,,,0.4945209320012509
sub-01__jax_gpu,AMICA-Python (JAX-GPU),sub-01,1527,-1.3106026778516302,,,,,,0.4933819609996135
sub-01__jax_gpu,AMICA-Python (JAX-GPU),sub-01,1528,-1.3106025566474122,,,,,,0.4957538789985847
sub-01__jax_gpu,AMICA-Python (JAX-GPU),sub-01,1529,-1.3106024367812057,,,,,,0.4953550450009061
sub-01__jax_gpu,AMICA-Python (JAX-GPU),sub-01,1530,-1.310602315547162,,,,,,0.4965089639990765
sub-01__jax_gpu,AMICA-Python (JAX-GPU),sub-01,1531,-1.310602193688978,,,,,,0.4957804589994339
sub-01__jax_gpu,AMICA-Python (JAX-GPU),sub-01,1532,-1.310602072882605,,,,,,0.4951148079999257
sub-01__jax_gpu,AMICA-Python (JAX-GPU),sub-01,1533,-1.3106019507617643,,,,,,0.49611063600059424
sub-01__jax_gpu,AMICA-Python (JAX-GPU),sub-01,1534,-1.3106018285530388,,,,,,0.4953770079991955
sub-01__jax_gpu,AMICA-Python (JAX-GPU),sub-01,1535,-1.3106017073603542,,,,,,0.49622793900016404
sub-01__jax_gpu,AMICA-Python (JAX-GPU),sub-01,1536,-1.310601584550004,,,,,,0.49633338099920365
sub-01__jax_gpu,AMICA-Python (JAX-GPU),sub-01,1537,-1.310601462062058,,,,,,0.4986073399995803
sub-01__jax_gpu,AMICA-Python (JAX-GPU),sub-01,1538,-1.3106013396948915,,,,,,0.49899689000085345
sub-01__jax_gpu,AMICA-Python (JAX-GPU),sub-01,1539,-1.3106012173152262,,,,,,0.4969727099996817
sub-01__jax_gpu,AMICA-Python (JAX-GPU),sub-01,1540,-1.3106010954392966,,,,,,0.5005875910010218
sub-01__jax_gpu,AMICA-Python (JAX-GPU),sub-01,1541,-1.3106009736217372,,,,,,0.4988637429996743
sub-01__jax_gpu,AMICA-Python (JAX-GPU),sub-01,1542,-1.3106008519131194,,,,,,0.5040594410002086
sub-01__jax_gpu,AMICA-Python (JAX-GPU),sub-01,1543,-1.3106007304563196,,,,,,0.49800888299978396
sub-01__jax_gpu,AMICA-Python (JAX-GPU),sub-01,1544,-1.310600608763603,,,,,,0.49906712400115794
sub-01__jax_gpu,AMICA-Python (JAX-GPU),sub-01,1545,-1.3106004867707945,,,,,,0.49811731500085443
sub-01__jax_gpu,AMICA-Python (JAX-GPU),sub-01,1546,-1.3106003658625691,,,,,,0.5000850720007293
sub-01__jax_gpu,AMICA-Python (JAX-GPU),sub-01,1547,-1.3106002443250904,,,,,,0.49928369500048575
sub-01__jax_gpu,AMICA-Python (JAX-GPU),sub-01,1548,-1.3106001229609643,,,,,,0.49827969200123334
sub-01__jax_gpu,AMICA-Python (JAX-GPU),sub-01,1549,-1.3106000014631065,,,,,,0.4992873850005708
sub-01__jax_gpu,AMICA-Python (JAX-GPU),sub-01,1550,-1.310599880424932,,,,,,0.4985590920005052
sub-01__jax_gpu,AMICA-Python (JAX-GPU),sub-01,1551,-1.3105997594884915,,,,,,0.49834494999959134
sub-01__jax_gpu,AMICA-Python (JAX-GPU),sub-01,1552,-1.3105996381120313,,,,,,0.49979989700113947
sub-01__jax_gpu,AMICA-Python (JAX-GPU),sub-01,1553,-1.3105995185900285,,,,,,0.4993167039992841
sub-01__jax_gpu,AMICA-Python (JAX-GPU),sub-01,1554,-1.3105993976072854,,,,,,0.49925057099972037
sub-01__jax_gpu,AMICA-Python (JAX-GPU),sub-01,1555,-1.3105992772645838,,,,,,0.5006030599997757
sub-01__jax_gpu,AMICA-Python (JAX-GPU),sub-01,1556,-1.3105991568594018,,,,,,0.499790073999975
sub-01__jax_gpu,AMICA-Python (JAX-GPU),sub-01,1557,-1.3105990355733275,,,,,,0.49970262799979537
sub-01__jax_gpu,AMICA-Python (JAX-GPU),sub-01,1558,-1.3105989149691344,,,,,,0.4990161320001789
sub-01__jax_gpu,AMICA-Python (JAX-GPU),sub-01,1559,-1.310598793522169,,,,,,0.5020493880001595
sub-01__jax_gpu,AMICA-Python (JAX-GPU),sub-01,1560,-1.3105986723542098,,,,,,0.4982343200008472
sub-01__jax_gpu,AMICA-Python (JAX-GPU),sub-01,1561,-1.310598551074707,,,,,,0.4989742830002797
sub-01__jax_gpu,AMICA-Python (JAX-GPU),sub-01,1562,-1.310598430530688,,,,,,0.4995565280005394
sub-01__jax_gpu,AMICA-Python (JAX-GPU),sub-01,1563,-1.3105983094220484,,,,,,0.5013969550000184
sub-01__jax_gpu,AMICA-Python (JAX-GPU),sub-01,1564,-1.3105981875159303,,,,,,0.4998857959999441
sub-01__jax_gpu,AMICA-Python (JAX-GPU),sub-01,1565,-1.3105980663903833,,,,,,0.5001245170005859
sub-01__jax_gpu,AMICA-Python (JAX-GPU),sub-01,1566,-1.310597945386459,,,,,,0.49946945699957723
sub-01__jax_gpu,AMICA-Python (JAX-GPU),sub-01,1567,-1.3105978239069527,,,,,,0.49826392800059693
sub-01__jax_gpu,AMICA-Python (JAX-GPU),sub-01,1568,-1.3105977019743127,,,,,,0.5002213840016339
sub-01__jax_gpu,AMICA-Python (JAX-GPU),sub-01,1569,-1.3105975800454124,,,,,,0.4998796839990973
sub-01__jax_gpu,AMICA-Python (JAX-GPU),sub-01,1570,-1.3105974576366832,,,,,,0.5013202720001573
sub-01__jax_gpu,AMICA-Python (JAX-GPU),sub-01,1571,-1.3105973359567846,,,,,,0.5059378170008131
sub-01__jax_gpu,AMICA-Python (JAX-GPU),sub-01,1572,-1.3105972138989852,,,,,,0.5004694589988503
sub-01__jax_gpu,AMICA-Python (JAX-GPU),sub-01,1573,-1.3105970912688012,,,,,,0.500542300998859
sub-01__jax_gpu,AMICA-Python (JAX-GPU),sub-01,1574,-1.3105969691645034,,,,,,0.4992938499999582
sub-01__jax_gpu,AMICA-Python (JAX-GPU),sub-01,1575,-1.310596847124574,,,,,,0.5004227240006003
sub-01__jax_gpu,AMICA-Python (JAX-GPU),sub-01,1576,-1.310596724885707,,,,,,0.5085633489998145
sub-01__jax_gpu,AMICA-Python (JAX-GPU),sub-01,1577,-1.3105966019929203,,,,,,0.5023441030007234
sub-01__jax_gpu,AMICA-Python (JAX-GPU),sub-01,1578,-1.3105964794947418,,,,,,0.5012018060006085
sub-01__jax_gpu,AMICA-Python (JAX-GPU),sub-01,1579,-1.310596357486753,,,,,,0.5005958319998172
sub-01__jax_gpu,AMICA-Python (JAX-GPU),sub-01,1580,-1.3105962338863661,,,,,,0.49994878100005735
sub-01__jax_gpu,AMICA-Python (JAX-GPU),sub-01,1581,-1.3105961106537138,,,,,,0.5003039420007553
sub-01__jax_gpu,AMICA-Python (JAX-GPU),sub-01,1582,-1.3105959878601336,,,,,,0.5000067729997681
sub-01__jax_gpu,AMICA-Python (JAX-GPU),sub-01,1583,-1.3105958645120848,,,,,,0.4996347579999565
sub-01__jax_gpu,AMICA-Python (JAX-GPU),sub-01,1584,-1.310595740538431,,,,,,0.5007591659996251
sub-01__jax_gpu,AMICA-Python (JAX-GPU),sub-01,1585,-1.310595615957397,,,,,,0.49879068299924256
sub-01__jax_gpu,AMICA-Python (JAX-GPU),sub-01,1586,-1.3105954921020637,,,,,,0.49409659000048123
sub-01__jax_gpu,AMICA-Python (JAX-GPU),sub-01,1587,-1.310595367577522,,,,,,0.4936627689985471
sub-01__jax_gpu,AMICA-Python (JAX-GPU),sub-01,1588,-1.310595242606572,,,,,,0.4951012620003894
sub-01__jax_gpu,AMICA-Python (JAX-GPU),sub-01,1589,-1.310595117360534,,,,,,0.49406160899889073
sub-01__jax_gpu,AMICA-Python (JAX-GPU),sub-01,1590,-1.310594992310691,,,,,,0.4954274510000687
sub-01__jax_gpu,AMICA-Python (JAX-GPU),sub-01,1591,-1.3105948673243992,,,,,,0.4959281120009109
sub-01__jax_gpu,AMICA-Python (JAX-GPU),sub-01,1592,-1.3105947416579173,,,,,,0.4961618230008753
sub-01__jax_gpu,AMICA-Python (JAX-GPU),sub-01,1593,-1.3105946153143528,,,,,,0.49720712499947695
sub-01__jax_gpu,AMICA-Python (JAX-GPU),sub-01,1594,-1.3105944897008837,,,,,,0.4977118539991352
sub-01__jax_gpu,AMICA-Python (JAX-GPU),sub-01,1595,-1.3105943629777386,,,,,,0.49946795999858296
sub-01__jax_gpu,AMICA-Python (JAX-GPU),sub-01,1596,-1.3105942361152476,,,,,,0.4989821649996884
sub-01__jax_gpu,AMICA-Python (JAX-GPU),sub-01,1597,-1.3105941094459175,,,,,,0.4968653779997112
sub-01__jax_gpu,AMICA-Python (JAX-GPU),sub-01,1598,-1.3105939820571058,,,,,,0.49732786099957593
sub-01__jax_gpu,AMICA-Python (JAX-GPU),sub-01,1599,-1.310593854796547,,,,,,0.497020524000618
sub-01__jax_gpu,AMICA-Python (JAX-GPU),sub-01,1600,-1.31059372764854,,,,,,0.49761625599967374
sub-01__jax_gpu,AMICA-Python (JAX-GPU),sub-01,1601,-1.310593600346285,,,,,,0.4980341820009926
sub-01__jax_gpu,AMICA-Python (JAX-GPU),sub-01,1602,-1.3105934735550455,,,,,,0.4978571390001889
sub-01__jax_gpu,AMICA-Python (JAX-GPU),sub-01,1603,-1.3105933463866444,,,,,,0.4983558650001214
sub-01__jax_gpu,AMICA-Python (JAX-GPU),sub-01,1604,-1.310593219778044,,,,,,0.4984467250014859
sub-01__jax_gpu,AMICA-Python (JAX-GPU),sub-01,1605,-1.310593092569426,,,,,,0.49850521000007575
sub-01__jax_gpu,AMICA-Python (JAX-GPU),sub-01,1606,-1.310592964231568,,,,,,0.4987392279999767
sub-01__jax_gpu,AMICA-Python (JAX-GPU),sub-01,1607,-1.3105928353341627,,,,,,0.49731518599946867
sub-01__jax_gpu,AMICA-Python (JAX-GPU),sub-01,1608,-1.310592706452551,,,,,,0.4977987199999916
sub-01__jax_gpu,AMICA-Python (JAX-GPU),sub-01,1609,-1.3105925785999717,,,,,,0.4974474659993575
sub-01__jax_gpu,AMICA-Python (JAX-GPU),sub-01,1610,-1.3105924489287923,,,,,,0.49848865500098327
sub-01__jax_gpu,AMICA-Python (JAX-GPU),sub-01,1611,-1.3105923191554272,,,,,,0.4988454209997144
sub-01__jax_gpu,AMICA-Python (JAX-GPU),sub-01,1612,-1.3105921892408463,,,,,,0.4992688319998706
sub-01__jax_gpu,AMICA-Python (JAX-GPU),sub-01,1613,-1.3105920594137515,,,,,,0.4992187660009222
sub-01__jax_gpu,AMICA-Python (JAX-GPU),sub-01,1614,-1.3105919307038514,,,,,,0.49902709199886885
sub-01__jax_gpu,AMICA-Python (JAX-GPU),sub-01,1615,-1.3105918011730568,,,,,,0.4995878759982588
sub-01__jax_gpu,AMICA-Python (JAX-GPU),sub-01,1616,-1.3105916709495227,,,,,,0.5007974020008987
sub-01__jax_gpu,AMICA-Python (JAX-GPU),sub-01,1617,-1.3105915398380148,,,,,,0.499914666001132
sub-01__jax_gpu,AMICA-Python (JAX-GPU),sub-01,1618,-1.3105914094015867,,,,,,0.49987864600007015
sub-01__jax_gpu,AMICA-Python (JAX-GPU),sub-01,1619,-1.310591278540671,,,,,,0.503731628999958
sub-01__jax_gpu,AMICA-Python (JAX-GPU),sub-01,1620,-1.3105911495184848,,,,,,0.49946117800027423
sub-01__jax_gpu,AMICA-Python (JAX-GPU),sub-01,1621,-1.3105910194061188,,,,,,0.49759021700083395
sub-01__jax_gpu,AMICA-Python (JAX-GPU),sub-01,1622,-1.3105908881130008,,,,,,0.5013727679997828
sub-01__jax_gpu,AMICA-Python (JAX-GPU),sub-01,1623,-1.310590755416475,,,,,,0.5008624390011391
sub-01__jax_gpu,AMICA-Python (JAX-GPU),sub-01,1624,-1.3105906236430611,,,,,,0.49931779700091283
sub-01__jax_gpu,AMICA-Python (JAX-GPU),sub-01,1625,-1.310590490932447,,,,,,0.49966450200008694
sub-01__jax_gpu,AMICA-Python (JAX-GPU),sub-01,1626,-1.3105903580942602,,,,,,0.5025269060006394
sub-01__jax_gpu,AMICA-Python (JAX-GPU),sub-01,1627,-1.3105902254431547,,,,,,0.4994694540000637
sub-01__jax_gpu,AMICA-Python (JAX-GPU),sub-01,1628,-1.3105900926581082,,,,,,0.4990065309993952
sub-01__jax_gpu,AMICA-Python (JAX-GPU),sub-01,1629,-1.3105899585959824,,,,,,0.5014491549991362
sub-01__jax_gpu,AMICA-Python (JAX-GPU),sub-01,1630,-1.3105898263519713,,,,,,0.49923420300001453
sub-01__jax_gpu,AMICA-Python (JAX-GPU),sub-01,1631,-1.3105896917222501,,,,,,0.5010678959988581
sub-01__jax_gpu,AMICA-Python (JAX-GPU),sub-01,1632,-1.3105895573964406,,,,,,0.49835374599933857
sub-01__jax_gpu,AMICA-Python (JAX-GPU),sub-01,1633,-1.3105894236478324,,,,,,0.4992611850011599
sub-01__jax_gpu,AMICA-Python (JAX-GPU),sub-01,1634,-1.3105892884287247,,,,,,0.500115883000035
sub-01__jax_gpu,AMICA-Python (JAX-GPU),sub-01,1635,-1.3105891525410316,,,,,,0.5029069909996906
sub-01__jax_gpu,AMICA-Python (JAX-GPU),sub-01,1636,-1.310589017396185,,,,,,0.5002853299993149
sub-01__jax_gpu,AMICA-Python (JAX-GPU),sub-01,1637,-1.3105888809949362,,,,,,0.49917410600028234
sub-01__jax_gpu,AMICA-Python (JAX-GPU),sub-01,1638,-1.3105887457549779,,,,,,0.4983285279995471
sub-01__jax_gpu,AMICA-Python (JAX-GPU),sub-01,1639,-1.3105886101464141,,,,,,0.5008033399990381
sub-01__jax_gpu,AMICA-Python (JAX-GPU),sub-01,1640,-1.3105884742927363,,,,,,0.5020269739998184
sub-01__jax_gpu,AMICA-Python (JAX-GPU),sub-01,1641,-1.3105883395546294,,,,,,0.5004979389996151
sub-01__jax_gpu,AMICA-Python (JAX-GPU),sub-01,1642,-1.31058820385586,,,,,,0.4991254619999381
sub-01__jax_gpu,AMICA-Python (JAX-GPU),sub-01,1643,-1.3105880670774828,,,,,,0.5010837249992619
sub-01__jax_gpu,AMICA-Python (JAX-GPU),sub-01,1644,-1.3105879305836012,,,,,,0.5019764259996009
sub-01__jax_gpu,AMICA-Python (JAX-GPU),sub-01,1645,-1.310587793783505,,,,,,0.49832280299960985
sub-01__jax_gpu,AMICA-Python (JAX-GPU),sub-01,1646,-1.31058765626781,,,,,,0.4943640729998151
sub-01__jax_gpu,AMICA-Python (JAX-GPU),sub-01,1647,-1.3105875193995056,,,,,,0.4955218559989589
sub-01__jax_gpu,AMICA-Python (JAX-GPU),sub-01,1648,-1.3105873820907927,,,,,,0.49524923200078774
sub-01__jax_gpu,AMICA-Python (JAX-GPU),sub-01,1649,-1.310587246208241,,,,,,0.49502043899883574
sub-01__jax_gpu,AMICA-Python (JAX-GPU),sub-01,1650,-1.3105871088879806,,,,,,0.4966690569999628
sub-01__jax_gpu,AMICA-Python (JAX-GPU),sub-01,1651,-1.3105869710571283,,,,,,0.49967255600131466
sub-01__jax_gpu,AMICA-Python (JAX-GPU),sub-01,1652,-1.3105868333894577,,,,,,0.49638250499992864
sub-01__jax_gpu,AMICA-Python (JAX-GPU),sub-01,1653,-1.3105866965621766,,,,,,0.49652392200005124
sub-01__jax_gpu,AMICA-Python (JAX-GPU),sub-01,1654,-1.3105865582365088,,,,,,0.4959664369998791
sub-01__jax_gpu,AMICA-Python (JAX-GPU),sub-01,1655,-1.3105864207202713,,,,,,0.4959138829999574
sub-01__jax_gpu,AMICA-Python (JAX-GPU),sub-01,1656,-1.310586281837192,,,,,,0.4968022929988365
sub-01__jax_gpu,AMICA-Python (JAX-GPU),sub-01,1657,-1.310586143331847,,,,,,0.4967313090000971
sub-01__jax_gpu,AMICA-Python (JAX-GPU),sub-01,1658,-1.310586006185717,,,,,,0.4979057099990314
sub-01__jax_gpu,AMICA-Python (JAX-GPU),sub-01,1659,-1.3105858685674836,,,,,,0.49666172199977154
sub-01__jax_gpu,AMICA-Python (JAX-GPU),sub-01,1660,-1.3105857297833108,,,,,,0.4985058479996951
sub-01__jax_gpu,AMICA-Python (JAX-GPU),sub-01,1661,-1.3105855914015914,,,,,,0.49821444300141593
sub-01__jax_gpu,AMICA-Python (JAX-GPU),sub-01,1662,-1.310585452577443,,,,,,0.498037157998624
sub-01__jax_gpu,AMICA-Python (JAX-GPU),sub-01,1663,-1.3105853165609098,,,,,,0.49732942700029525
sub-01__jax_gpu,AMICA-Python (JAX-GPU),sub-01,1664,-1.3105851779290356,,,,,,0.4979375439997966
sub-01__jax_gpu,AMICA-Python (JAX-GPU),sub-01,1665,-1.310585039204739,,,,,,0.4969718369993643
sub-01__jax_gpu,AMICA-Python (JAX-GPU),sub-01,1666,-1.3105849010481905,,,,,,0.4978977370010398
sub-01__jax_gpu,AMICA-Python (JAX-GPU),sub-01,1667,-1.3105847633618495,,,,,,0.5012416699992173
sub-01__jax_gpu,AMICA-Python (JAX-GPU),sub-01,1668,-1.3105846251584887,,,,,,0.4981576549998863
sub-01__jax_gpu,AMICA-Python (JAX-GPU),sub-01,1669,-1.3105844854775437,,,,,,0.49846174900085316
sub-01__jax_gpu,AMICA-Python (JAX-GPU),sub-01,1670,-1.3105843454136819,,,,,,0.49980150400006096
sub-01__jax_gpu,AMICA-Python (JAX-GPU),sub-01,1671,-1.310584207574803,,,,,,0.49794906100032676
sub-01__jax_gpu,AMICA-Python (JAX-GPU),sub-01,1672,-1.3105840699408529,,,,,,0.49777102199914225
sub-01__jax_gpu,AMICA-Python (JAX-GPU),sub-01,1673,-1.31058393052589,,,,,,0.49764855899957183
sub-01__jax_gpu,AMICA-Python (JAX-GPU),sub-01,1674,-1.310583790683818,,,,,,0.4977738159996079
sub-01__jax_gpu,AMICA-Python (JAX-GPU),sub-01,1675,-1.310583651579185,,,,,,0.4979390179996699
sub-01__jax_gpu,AMICA-Python (JAX-GPU),sub-01,1676,-1.3105835119762854,,,,,,0.4997440480001387
sub-01__jax_gpu,AMICA-Python (JAX-GPU),sub-01,1677,-1.3105833728653205,,,,,,0.49840755900004297
sub-01__jax_gpu,AMICA-Python (JAX-GPU),sub-01,1678,-1.3105832360395615,,,,,,0.4980093260001013
sub-01__jax_gpu,AMICA-Python (JAX-GPU),sub-01,1679,-1.3105830964467606,,,,,,0.49934159299846215
sub-01__jax_gpu,AMICA-Python (JAX-GPU),sub-01,1680,-1.3105829550973247,,,,,,0.4972215479992883
sub-01__jax_gpu,AMICA-Python (JAX-GPU),sub-01,1681,-1.3105828144146614,,,,,,0.49933925500045007
sub-01__jax_gpu,AMICA-Python (JAX-GPU),sub-01,1682,-1.310582671866472,,,,,,0.4984217790006369
sub-01__jax_gpu,AMICA-Python (JAX-GPU),sub-01,1683,-1.3105825293732674,,,,,,0.49881670200011285
sub-01__jax_gpu,AMICA-Python (JAX-GPU),sub-01,1684,-1.3105823868973658,,,,,,0.49774815199998557
sub-01__jax_gpu,AMICA-Python (JAX-GPU),sub-01,1685,-1.310582245912567,,,,,,0.49877890999960073
sub-01__jax_gpu,AMICA-Python (JAX-GPU),sub-01,1686,-1.3105821023655169,,,,,,0.49880765799935034
sub-01__jax_gpu,AMICA-Python (JAX-GPU),sub-01,1687,-1.3105819583803435,,,,,,0.49881117299992184
sub-01__jax_gpu,AMICA-Python (JAX-GPU),sub-01,1688,-1.3105818139843586,,,,,,0.4984932420011319
sub-01__jax_gpu,AMICA-Python (JAX-GPU),sub-01,1689,-1.3105816703239226,,,,,,0.5007649840008526
sub-01__jax_gpu,AMICA-Python (JAX-GPU),sub-01,1690,-1.310581526248086,,,,,,0.4988142969996261
sub-01__jax_gpu,AMICA-Python (JAX-GPU),sub-01,1691,-1.3105813822948185,,,,,,0.5005093180006952
sub-01__jax_gpu,AMICA-Python (JAX-GPU),sub-01,1692,-1.3105812389338232,,,,,,0.498180845999741
sub-01__jax_gpu,AMICA-Python (JAX-GPU),sub-01,1693,-1.3105810957547894,,,,,,0.501607097001397
sub-01__jax_gpu,AMICA-Python (JAX-GPU),sub-01,1694,-1.3105809520037335,,,,,,0.4985211090006487
sub-01__jax_gpu,AMICA-Python (JAX-GPU),sub-01,1695,-1.3105808090566808,,,,,,0.4992417600005865
sub-01__jax_gpu,AMICA-Python (JAX-GPU),sub-01,1696,-1.3105806629140404,,,,,,0.4986203859989473
sub-01__jax_gpu,AMICA-Python (JAX-GPU),sub-01,1697,-1.310580518003581,,,,,,0.4997501090001606
sub-01__jax_gpu,AMICA-Python (JAX-GPU),sub-01,1698,-1.3105803727462817,,,,,,0.4995724700002029
sub-01__jax_gpu,AMICA-Python (JAX-GPU),sub-01,1699,-1.3105802271758662,,,,,,0.4982475809993048
sub-01__jax_gpu,AMICA-Python (JAX-GPU),sub-01,1700,-1.3105800800859824,,,,,,0.49820019400067395
sub-01__jax_gpu,AMICA-Python (JAX-GPU),sub-01,1701,-1.310579932508447,,,,,,0.4987033799989149
sub-01__jax_gpu,AMICA-Python (JAX-GPU),sub-01,1702,-1.3105797851160697,,,,,,0.49982997700135456
sub-01__jax_gpu,AMICA-Python (JAX-GPU),sub-01,1703,-1.3105796383531947,,,,,,0.49808449000011024
sub-01__jax_gpu,AMICA-Python (JAX-GPU),sub-01,1704,-1.310579491226116,,,,,,0.5006223130003491
sub-01__jax_gpu,AMICA-Python (JAX-GPU),sub-01,1705,-1.3105793428365518,,,,,,0.49877517000095395
sub-01__jax_gpu,AMICA-Python (JAX-GPU),sub-01,1706,-1.3105791930442967,,,,,,0.49721973600026104
sub-01__jax_gpu,AMICA-Python (JAX-GPU),sub-01,1707,-1.3105790443550294,,,,,,0.49467511100010597
sub-01__jax_gpu,AMICA-Python (JAX-GPU),sub-01,1708,-1.3105788945529728,,,,,,0.49749205199987045
sub-01__jax_gpu,AMICA-Python (JAX-GPU),sub-01,1709,-1.3105787453606894,,,,,,0.49396952699862595
sub-01__jax_gpu,AMICA-Python (JAX-GPU),sub-01,1710,-1.310578595430257,,,,,,0.49438892800026224
sub-01__jax_gpu,AMICA-Python (JAX-GPU),sub-01,1711,-1.3105784446696154,,,,,,0.49629371499941044
sub-01__jax_gpu,AMICA-Python (JAX-GPU),sub-01,1712,-1.3105782946071853,,,,,,0.49558550100118737
sub-01__jax_gpu,AMICA-Python (JAX-GPU),sub-01,1713,-1.3105781442865971,,,,,,0.49609556999894266
sub-01__jax_gpu,AMICA-Python (JAX-GPU),sub-01,1714,-1.3105779941248312,,,,,,0.4953418489985779
sub-01__jax_gpu,AMICA-Python (JAX-GPU),sub-01,1715,-1.3105778431602697,,,,,,0.497527628998796
sub-01__jax_gpu,AMICA-Python (JAX-GPU),sub-01,1716,-1.310577692048499,,,,,,0.4957986739991611
sub-01__jax_gpu,AMICA-Python (JAX-GPU),sub-01,1717,-1.3105775427758295,,,,,,0.4966149920001044
sub-01__jax_gpu,AMICA-Python (JAX-GPU),sub-01,1718,-1.310577393328237,,,,,,0.49622997699952975
sub-01__jax_gpu,AMICA-Python (JAX-GPU),sub-01,1719,-1.3105772415749326,,,,,,0.49715870799991535
sub-01__jax_gpu,AMICA-Python (JAX-GPU),sub-01,1720,-1.3105770907211778,,,,,,0.49680576200080395
sub-01__jax_gpu,AMICA-Python (JAX-GPU),sub-01,1721,-1.3105769373100353,,,,,,0.5008829179987515
sub-01__jax_gpu,AMICA-Python (JAX-GPU),sub-01,1722,-1.3105767906915982,,,,,,0.496669086998736
sub-01__jax_gpu,AMICA-Python (JAX-GPU),sub-01,1723,-1.3105766380167552,,,,,,0.4965560260006896
sub-01__jax_gpu,AMICA-Python (JAX-GPU),sub-01,1724,-1.3105764859591955,,,,,,0.49770918499962136
sub-01__jax_gpu,AMICA-Python (JAX-GPU),sub-01,1725,-1.310576339172837,,,,,,0.4969960059988807
sub-01__jax_gpu,AMICA-Python (JAX-GPU),sub-01,1726,-1.3105761897278736,,,,,,0.4970867600004567
sub-01__jax_gpu,AMICA-Python (JAX-GPU),sub-01,1727,-1.3105760368122485,,,,,,0.4971941109997715
sub-01__jax_gpu,AMICA-Python (JAX-GPU),sub-01,1728,-1.3105758844460393,,,,,,0.49989152799935255
sub-01__jax_gpu,AMICA-Python (JAX-GPU),sub-01,1729,-1.3105757285818553,,,,,,0.49696895200031577
sub-01__jax_gpu,AMICA-Python (JAX-GPU),sub-01,1730,-1.310575575402998,,,,,,0.5001369210003759
sub-01__jax_gpu,AMICA-Python (JAX-GPU),sub-01,1731,-1.3105754237410838,,,,,,0.4984797790002631
sub-01__jax_gpu,AMICA-Python (JAX-GPU),sub-01,1732,-1.3105752706517033,,,,,,0.4996666630013351
sub-01__jax_gpu,AMICA-Python (JAX-GPU),sub-01,1733,-1.3105751175484142,,,,,,0.4984730510004738
sub-01__jax_gpu,AMICA-Python (JAX-GPU),sub-01,1734,-1.310574964438811,,,,,,0.4992374909998034
sub-01__jax_gpu,AMICA-Python (JAX-GPU),sub-01,1735,-1.3105748111700344,,,,,,0.4985454529996787
sub-01__jax_gpu,AMICA-Python (JAX-GPU),sub-01,1736,-1.3105746604230197,,,,,,0.5001851630004239
sub-01__jax_gpu,AMICA-Python (JAX-GPU),sub-01,1737,-1.3105745085246308,,,,,,0.49730599999929836
sub-01__jax_gpu,AMICA-Python (JAX-GPU),sub-01,1738,-1.3105743535785033,,,,,,0.4996953459994984
sub-01__jax_gpu,AMICA-Python (JAX-GPU),sub-01,1739,-1.3105742004589263,,,,,,0.49752704500133405
sub-01__jax_gpu,AMICA-Python (JAX-GPU),sub-01,1740,-1.3105740436440863,,,,,,0.49933084700023755
sub-01__jax_gpu,AMICA-Python (JAX-GPU),sub-01,1741,-1.3105738865110597,,,,,,0.4978462720009702
sub-01__jax_gpu,AMICA-Python (JAX-GPU),sub-01,1742,-1.3105737324361812,,,,,,0.49799450099999376
sub-01__jax_gpu,AMICA-Python (JAX-GPU),sub-01,1743,-1.3105735811809434,,,,,,0.5001411999983247
sub-01__jax_gpu,AMICA-Python (JAX-GPU),sub-01,1744,-1.3105734276239729,,,,,,0.49899956500121334
sub-01__jax_gpu,AMICA-Python (JAX-GPU),sub-01,1745,-1.3105732696336665,,,,,,0.4987314339996374
sub-01__jax_gpu,AMICA-Python (JAX-GPU),sub-01,1746,-1.3105731137667456,,,,,,0.497505776998878
sub-01__jax_gpu,AMICA-Python (JAX-GPU),sub-01,1747,-1.310572955805186,,,,,,0.49892150099913124
sub-01__jax_gpu,AMICA-Python (JAX-GPU),sub-01,1748,-1.3105727978331445,,,,,,0.4999193189996731
sub-01__jax_gpu,AMICA-Python (JAX-GPU),sub-01,1749,-1.3105726401924906,,,,,,0.500069806999818
sub-01__jax_gpu,AMICA-Python (JAX-GPU),sub-01,1750,-1.3105724897520372,,,,,,0.50032351200025
sub-01__jax_gpu,AMICA-Python (JAX-GPU),sub-01,1751,-1.3105723302358043,,,,,,0.4980753879990516
sub-01__jax_gpu,AMICA-Python (JAX-GPU),sub-01,1752,-1.31057216947591,,,,,,0.4976602059996367
sub-01__jax_gpu,AMICA-Python (JAX-GPU),sub-01,1753,-1.310572013150521,,,,,,0.501690580000286
sub-01__jax_gpu,AMICA-Python (JAX-GPU),sub-01,1754,-1.3105718547666472,,,,,,0.4984634049997112
sub-01__jax_gpu,AMICA-Python (JAX-GPU),sub-01,1755,-1.3105716997159917,,,,,,0.49812775699865597
sub-01__jax_gpu,AMICA-Python (JAX-GPU),sub-01,1756,-1.3105715385241898,,,,,,0.4982395750012074
sub-01__jax_gpu,AMICA-Python (JAX-GPU),sub-01,1757,-1.3105713801657308,,,,,,0.49856454899963865
sub-01__jax_gpu,AMICA-Python (JAX-GPU),sub-01,1758,-1.3105712228977657,,,,,,0.4986435339997115
sub-01__jax_gpu,AMICA-Python (JAX-GPU),sub-01,1759,-1.3105710634192544,,,,,,0.4986984180013678
sub-01__jax_gpu,AMICA-Python (JAX-GPU),sub-01,1760,-1.3105709056422115,,,,,,0.4990648559996771
sub-01__jax_gpu,AMICA-Python (JAX-GPU),sub-01,1761,-1.3105707460707254,,,,,,0.49917289500081097
sub-01__jax_gpu,AMICA-Python (JAX-GPU),sub-01,1762,-1.3105705861005932,,,,,,0.498183493000397
sub-01__jax_gpu,AMICA-Python (JAX-GPU),sub-01,1763,-1.3105704242743927,,,,,,0.4987835090014414
sub-01__jax_gpu,AMICA-Python (JAX-GPU),sub-01,1764,-1.3105702607192717,,,,,,0.4983394760001829
sub-01__jax_gpu,AMICA-Python (JAX-GPU),sub-01,1765,-1.3105700967876694,,,,,,0.4991649579988007
sub-01__jax_gpu,AMICA-Python (JAX-GPU),sub-01,1766,-1.3105699362908687,,,,,,0.4949379219997354
sub-01__jax_gpu,AMICA-Python (JAX-GPU),sub-01,1767,-1.3105697742438212,,,,,,0.49255035600072006
sub-01__jax_gpu,AMICA-Python (JAX-GPU),sub-01,1768,-1.3105696096940564,,,,,,0.49540667300061614
sub-01__jax_gpu,AMICA-Python (JAX-GPU),sub-01,1769,-1.3105694479390828,,,,,,0.49589275600010296
sub-01__jax_gpu,AMICA-Python (JAX-GPU),sub-01,1770,-1.3105692841758272,,,,,,0.4980408549999993
sub-01__jax_gpu,AMICA-Python (JAX-GPU),sub-01,1771,-1.3105691178212913,,,,,,0.4942306990014913
sub-01__jax_gpu,AMICA-Python (JAX-GPU),sub-01,1772,-1.3105689530004023,,,,,,0.4936020599998301
sub-01__jax_gpu,AMICA-Python (JAX-GPU),sub-01,1773,-1.310568789398153,,,,,,0.49529603400151245
sub-01__jax_gpu,AMICA-Python (JAX-GPU),sub-01,1774,-1.3105686329605144,,,,,,0.4982909330010443
sub-01__jax_gpu,AMICA-Python (JAX-GPU),sub-01,1775,-1.3105684725009032,,,,,,0.4961926579999272
sub-01__jax_gpu,AMICA-Python (JAX-GPU),sub-01,1776,-1.3105683059117326,,,,,,0.49559898900042754
sub-01__jax_gpu,AMICA-Python (JAX-GPU),sub-01,1777,-1.3105681480107199,,,,,,0.49580323999907705
sub-01__jax_gpu,AMICA-Python (JAX-GPU),sub-01,1778,-1.310567983261734,,,,,,0.4962834159996419
sub-01__jax_gpu,AMICA-Python (JAX-GPU),sub-01,1779,-1.3105678225891155,,,,,,0.4966967879990989
sub-01__jax_gpu,AMICA-Python (JAX-GPU),sub-01,1780,-1.3105676631938863,,,,,,0.49853352600075596
sub-01__jax_gpu,AMICA-Python (JAX-GPU),sub-01,1781,-1.310567496306859,,,,,,0.49609428199983086
sub-01__jax_gpu,AMICA-Python (JAX-GPU),sub-01,1782,-1.3105673272247458,,,,,,0.4974367600007099
sub-01__jax_gpu,AMICA-Python (JAX-GPU),sub-01,1783,-1.3105671610313223,,,,,,0.49724454900024284
sub-01__jax_gpu,AMICA-Python (JAX-GPU),sub-01,1784,-1.310566991053449,,,,,,0.49699910799972713
sub-01__jax_gpu,AMICA-Python (JAX-GPU),sub-01,1785,-1.3105668212804202,,,,,,0.49806764000095427
sub-01__jax_gpu,AMICA-Python (JAX-GPU),sub-01,1786,-1.3105666547301207,,,,,,0.4974413470008585
sub-01__jax_gpu,AMICA-Python (JAX-GPU),sub-01,1787,-1.3105664828494774,,,,,,0.4985677119984757
sub-01__jax_gpu,AMICA-Python (JAX-GPU),sub-01,1788,-1.3105663081257615,,,,,,0.50279056600084
sub-01__jax_gpu,AMICA-Python (JAX-GPU),sub-01,1789,-1.3105661444167618,,,,,,0.49920782600020175
sub-01__jax_gpu,AMICA-Python (JAX-GPU),sub-01,1790,-1.3105659729624195,,,,,,0.4971650949992181
sub-01__jax_gpu,AMICA-Python (JAX-GPU),sub-01,1791,-1.3105658094364625,,,,,,0.498167972000374
sub-01__jax_gpu,AMICA-Python (JAX-GPU),sub-01,1792,-1.310565648732033,,,,,,0.4973585499992623
sub-01__jax_gpu,AMICA-Python (JAX-GPU),sub-01,1793,-1.3105654791734636,,,,,,0.5008845320007822
sub-01__jax_gpu,AMICA-Python (JAX-GPU),sub-01,1794,-1.3105653052744834,,,,,,0.4978163110008609
sub-01__jax_gpu,AMICA-Python (JAX-GPU),sub-01,1795,-1.3105651346954115,,,,,,0.4975426149994746
sub-01__jax_gpu,AMICA-Python (JAX-GPU),sub-01,1796,-1.3105649675520392,,,,,,0.4975067180002952
sub-01__jax_gpu,AMICA-Python (JAX-GPU),sub-01,1797,-1.3105648023497989,,,,,,0.49861550300011004
sub-01__jax_gpu,AMICA-Python (JAX-GPU),sub-01,1798,-1.310564633649342,,,,,,0.5007769910007482
sub-01__jax_gpu,AMICA-Python (JAX-GPU),sub-01,1799,-1.3105644645710794,,,,,,0.4991563010007667
sub-01__jax_gpu,AMICA-Python (JAX-GPU),sub-01,1800,-1.3105642947985876,,,,,,0.49821977999999945
sub-01__jax_gpu,AMICA-Python (JAX-GPU),sub-01,1801,-1.310564131067329,,,,,,0.49896027099930507
sub-01__jax_gpu,AMICA-Python (JAX-GPU),sub-01,1802,-1.3105639685020034,,,,,,0.49849460299992643
sub-01__jax_gpu,AMICA-Python (JAX-GPU),sub-01,1803,-1.3105638025351898,,,,,,0.4978031450009439
sub-01__jax_gpu,AMICA-Python (JAX-GPU),sub-01,1804,-1.3105636335660849,,,,,,0.49887060999935784
sub-01__jax_gpu,AMICA-Python (JAX-GPU),sub-01,1805,-1.3105634795944,,,,,,0.4990786449998268
sub-01__jax_gpu,AMICA-Python (JAX-GPU),sub-01,1806,-1.3105633113445527,,,,,,0.49942720199942414
sub-01__jax_gpu,AMICA-Python (JAX-GPU),sub-01,1807,-1.310563142588245,,,,,,0.4991234170011012
sub-01__jax_gpu,AMICA-Python (JAX-GPU),sub-01,1808,-1.3105629714703264,,,,,,0.49837278700033494
sub-01__jax_gpu,AMICA-Python (JAX-GPU),sub-01,1809,-1.3105628018657574,,,,,,0.49841848999858485
sub-01__jax_gpu,AMICA-Python (JAX-GPU),sub-01,1810,-1.310562636928795,,,,,,0.5012378200008243
sub-01__jax_gpu,AMICA-Python (JAX-GPU),sub-01,1811,-1.310562472445371,,,,,,0.5006388290003088
sub-01__jax_gpu,AMICA-Python (JAX-GPU),sub-01,1812,-1.3105623108978057,,,,,,0.49823410600038187
sub-01__jax_gpu,AMICA-Python (JAX-GPU),sub-01,1813,-1.3105621472319324,,,,,,0.5000047789999371
sub-01__jax_gpu,AMICA-Python (JAX-GPU),sub-01,1814,-1.310561980403473,,,,,,0.4978125449997606
sub-01__jax_gpu,AMICA-Python (JAX-GPU),sub-01,1815,-1.3105618198906548,,,,,,0.4975533379983972
sub-01__jax_gpu,AMICA-Python (JAX-GPU),sub-01,1816,-1.3105616517010474,,,,,,0.49944741100080137
sub-01__jax_gpu,AMICA-Python (JAX-GPU),sub-01,1817,-1.31056149592219,,,,,,0.49939883000115515
sub-01__jax_gpu,AMICA-Python (JAX-GPU),sub-01,1818,-1.3105613347805987,,,,,,0.4998957879997761
sub-01__jax_gpu,AMICA-Python (JAX-GPU),sub-01,1819,-1.31056117761703,,,,,,0.499593171000015
sub-01__jax_gpu,AMICA-Python (JAX-GPU),sub-01,1820,-1.310561015497753,,,,,,0.49942615300096804
sub-01__jax_gpu,AMICA-Python (JAX-GPU),sub-01,1821,-1.3105608521907264,,,,,,0.49865505100024166
sub-01__jax_gpu,AMICA-Python (JAX-GPU),sub-01,1822,-1.3105606919688055,,,,,,0.4989413599996624
sub-01__jax_gpu,AMICA-Python (JAX-GPU),sub-01,1823,-1.3105605386697314,,,,,,0.49903957300011825
sub-01__jax_gpu,AMICA-Python (JAX-GPU),sub-01,1824,-1.310560378847954,,,,,,0.4989296389994706
sub-01__jax_gpu,AMICA-Python (JAX-GPU),sub-01,1825,-1.310560214101784,,,,,,0.49945484199997736
sub-01__jax_gpu,AMICA-Python (JAX-GPU),sub-01,1826,-1.3105600473029388,,,,,,0.49657044499872427
sub-01__jax_gpu,AMICA-Python (JAX-GPU),sub-01,1827,-1.3105599064285507,,,,,,0.49578692099930777
sub-01__jax_gpu,AMICA-Python (JAX-GPU),sub-01,1828,-1.3105597458900775,,,,,,0.49524483300046995
sub-01__jax_gpu,AMICA-Python (JAX-GPU),sub-01,1829,-1.3105595906970604,,,,,,0.4969024719994195
sub-01__jax_gpu,AMICA-Python (JAX-GPU),sub-01,1830,-1.3105594249861368,,,,,,0.4946013660010067
sub-01__jax_gpu,AMICA-Python (JAX-GPU),sub-01,1831,-1.3105592641866384,,,,,,0.49518173199976445
sub-01__jax_gpu,AMICA-Python (JAX-GPU),sub-01,1832,-1.310559107281851,,,,,,0.49512383399996907
sub-01__jax_gpu,AMICA-Python (JAX-GPU),sub-01,1833,-1.310558950464672,,,,,,0.49676016999910644
sub-01__jax_gpu,AMICA-Python (JAX-GPU),sub-01,1834,-1.3105587917013963,,,,,,0.4974934370002302
sub-01__jax_gpu,AMICA-Python (JAX-GPU),sub-01,1835,-1.3105586399015725,,,,,,0.4973234749995754
sub-01__jax_gpu,AMICA-Python (JAX-GPU),sub-01,1836,-1.310558491973803,,,,,,0.49517985500096984
sub-01__jax_gpu,AMICA-Python (JAX-GPU),sub-01,1837,-1.3105583328632335,,,,,,0.49731686800078023
sub-01__jax_gpu,AMICA-Python (JAX-GPU),sub-01,1838,-1.3105581881444175,,,,,,0.4986249729990959
sub-01__jax_gpu,AMICA-Python (JAX-GPU),sub-01,1839,-1.3105580339144542,,,,,,0.4961391979995824
sub-01__jax_gpu,AMICA-Python (JAX-GPU),sub-01,1840,-1.3105578830740452,,,,,,0.4968850429995655
sub-01__jax_gpu,AMICA-Python (JAX-GPU),sub-01,1841,-1.3105577306039449,,,,,,0.4960060310004337
sub-01__jax_gpu,AMICA-Python (JAX-GPU),sub-01,1842,-1.3105575786850348,,,,,,0.49856200400063244
sub-01__jax_gpu,AMICA-Python (JAX-GPU),sub-01,1843,-1.3105574259374513,,,,,,0.5055631109989918
sub-01__jax_gpu,AMICA-Python (JAX-GPU),sub-01,1844,-1.3105572704237256,,,,,,0.49723627800085524
sub-01__jax_gpu,AMICA-Python (JAX-GPU),sub-01,1845,-1.3105571201869943,,,,,,0.49777148999964993
sub-01__jax_gpu,AMICA-Python (JAX-GPU),sub-01,1846,-1.310556976633416,,,,,,0.500510433999807
sub-01__jax_gpu,AMICA-Python (JAX-GPU),sub-01,1847,-1.31055682309044,,,,,,0.49735892100034107
sub-01__jax_gpu,AMICA-Python (JAX-GPU),sub-01,1848,-1.3105566894600524,,,,,,0.49896074599928397
sub-01__jax_gpu,AMICA-Python (JAX-GPU),sub-01,1849,-1.310556553485046,,,,,,0.5000267879986495
sub-01__jax_gpu,AMICA-Python (JAX-GPU),sub-01,1850,-1.3105564009320565,,,,,,0.49769874699995853
sub-01__jax_gpu,AMICA-Python (JAX-GPU),sub-01,1851,-1.3105562815234078,,,,,,0.49726066599941987
sub-01__jax_gpu,AMICA-Python (JAX-GPU),sub-01,1852,-1.310556138049546,,,,,,0.4978511159988557
sub-01__jax_gpu,AMICA-Python (JAX-GPU),sub-01,1853,-1.3105559921875263,,,,,,0.49879887200040685
sub-01__jax_gpu,AMICA-Python (JAX-GPU),sub-01,1854,-1.310555846523617,,,,,,0.49861690000034287
sub-01__jax_gpu,AMICA-Python (JAX-GPU),sub-01,1855,-1.3105557015629496,,,,,,0.5011828229999082
sub-01__jax_gpu,AMICA-Python (JAX-GPU),sub-01,1856,-1.310555566326381,,,,,,0.4979216669999005
sub-01__jax_gpu,AMICA-Python (JAX-GPU),sub-01,1857,-1.3105554188088218,,,,,,0.4997230850003689
sub-01__jax_gpu,AMICA-Python (JAX-GPU),sub-01,1858,-1.31055526923794,,,,,,0.4978936839997914
sub-01__jax_gpu,AMICA-Python (JAX-GPU),sub-01,1859,-1.3105551408177205,,,,,,0.4977652809993742
sub-01__jax_gpu,AMICA-Python (JAX-GPU),sub-01,1860,-1.3105550001811772,,,,,,0.49772758099970815
sub-01__jax_gpu,AMICA-Python (JAX-GPU),sub-01,1861,-1.3105548561916571,,,,,,0.4993135370004893
sub-01__jax_gpu,AMICA-Python (JAX-GPU),sub-01,1862,-1.310554723428386,,,,,,0.4972981680002704
sub-01__jax_gpu,AMICA-Python (JAX-GPU),sub-01,1863,-1.3105545984791949,,,,,,0.49901610799861373
sub-01__jax_gpu,AMICA-Python (JAX-GPU),sub-01,1864,-1.3105544815076624,,,,,,0.49811494599998696
sub-01__jax_gpu,AMICA-Python (JAX-GPU),sub-01,1865,-1.3105543479315391,,,,,,0.4983957000004011
sub-01__jax_gpu,AMICA-Python (JAX-GPU),sub-01,1866,-1.3105542284179217,,,,,,0.4986587059993326
sub-01__jax_gpu,AMICA-Python (JAX-GPU),sub-01,1867,-1.3105541018076823,,,,,,0.498278756000218
sub-01__jax_gpu,AMICA-Python (JAX-GPU),sub-01,1868,-1.3105539825067156,,,,,,0.4998315310003818
sub-01__jax_gpu,AMICA-Python (JAX-GPU),sub-01,1869,-1.3105538599208157,,,,,,0.49982458600061364
sub-01__jax_gpu,AMICA-Python (JAX-GPU),sub-01,1870,-1.3105537380247712,,,,,,0.5011302109996905
sub-01__jax_gpu,AMICA-Python (JAX-GPU),sub-01,1871,-1.3105536112149343,,,,,,0.49744833300064784
sub-01__jax_gpu,AMICA-Python (JAX-GPU),sub-01,1872,-1.3105534885139194,,,,,,0.4982525710001937
sub-01__jax_gpu,AMICA-Python (JAX-GPU),sub-01,1873,-1.3105533635285433,,,,,,0.49820775800071715
sub-01__jax_gpu,AMICA-Python (JAX-GPU),sub-01,1874,-1.3105532576628187,,,,,,0.4995736399996531
sub-01__jax_gpu,AMICA-Python (JAX-GPU),sub-01,1875,-1.3105531495573235,,,,,,0.49787552199995844
sub-01__jax_gpu,AMICA-Python (JAX-GPU),sub-01,1876,-1.31055302533892,,,,,,0.4989270390015008
sub-01__jax_gpu,AMICA-Python (JAX-GPU),sub-01,1877,-1.310552906283512,,,,,,0.5004317670009186
sub-01__jax_gpu,AMICA-Python (JAX-GPU),sub-01,1878,-1.3105527847185552,,,,,,0.5013063730002614
sub-01__jax_gpu,AMICA-Python (JAX-GPU),sub-01,1879,-1.310552665586532,,,,,,0.49920924799880595
sub-01__jax_gpu,AMICA-Python (JAX-GPU),sub-01,1880,-1.3105525542527492,,,,,,0.4971508199996606
sub-01__jax_gpu,AMICA-Python (JAX-GPU),sub-01,1881,-1.3105524573111675,,,,,,0.49966419600059453
sub-01__jax_gpu,AMICA-Python (JAX-GPU),sub-01,1882,-1.310552356555921,,,,,,0.4983354630003305
sub-01__jax_gpu,AMICA-Python (JAX-GPU),sub-01,1883,-1.3105522570820773,,,,,,0.49947897999845736
sub-01__jax_gpu,AMICA-Python (JAX-GPU),sub-01,1884,-1.310552153896025,,,,,,0.4981856329995935
sub-01__jax_gpu,AMICA-Python (JAX-GPU),sub-01,1885,-1.3105520511125246,,,,,,0.49981851300071867
sub-01__jax_gpu,AMICA-Python (JAX-GPU),sub-01,1886,-1.3105519511344281,,,,,,0.4987570440007403
sub-01__jax_gpu,AMICA-Python (JAX-GPU),sub-01,1887,-1.3105518505288254,,,,,,0.4933535389991448
sub-01__jax_gpu,AMICA-Python (JAX-GPU),sub-01,1888,-1.3105517458603972,,,,,,0.49342156399870873
sub-01__jax_gpu,AMICA-Python (JAX-GPU),sub-01,1889,-1.3105516540083635,,,,,,0.4947961409998243
sub-01__jax_gpu,AMICA-Python (JAX-GPU),sub-01,1890,-1.3105515576482156,,,,,,0.4934728400003223
sub-01__jax_gpu,AMICA-Python (JAX-GPU),sub-01,1891,-1.3105514660259505,,,,,,0.49454588499975216
sub-01__jax_gpu,AMICA-Python (JAX-GPU),sub-01,1892,-1.310551374286449,,,,,,0.49538257399944996
sub-01__jax_gpu,AMICA-Python (JAX-GPU),sub-01,1893,-1.310551274582226,,,,,,0.4964974060003442
sub-01__jax_gpu,AMICA-Python (JAX-GPU),sub-01,1894,-1.3105511910316026,,,,,,0.4954513289994793
sub-01__jax_gpu,AMICA-Python (JAX-GPU),sub-01,1895,-1.3105510897290136,,,,,,0.4948730059986701
sub-01__jax_gpu,AMICA-Python (JAX-GPU),sub-01,1896,-1.3105509946494096,,,,,,0.4943450489990937
sub-01__jax_gpu,AMICA-Python (JAX-GPU),sub-01,1897,-1.310550902223842,,,,,,0.4953262229992106
sub-01__jax_gpu,AMICA-Python (JAX-GPU),sub-01,1898,-1.3105508061304778,,,,,,0.4971012450005219
sub-01__jax_gpu,AMICA-Python (JAX-GPU),sub-01,1899,-1.3105507169598354,,,,,,0.4984199020000233
sub-01__jax_gpu,AMICA-Python (JAX-GPU),sub-01,1900,-1.3105506255683153,,,,,,0.4960190470010275
sub-01__jax_gpu,AMICA-Python (JAX-GPU),sub-01,1901,-1.3105505478311508,,,,,,0.4969949970000016
sub-01__jax_gpu,AMICA-Python (JAX-GPU),sub-01,1902,-1.3105504577538485,,,,,,0.49607353700048407
sub-01__jax_gpu,AMICA-Python (JAX-GPU),sub-01,1903,-1.3105503710064343,,,,,,0.4959678370014444
sub-01__jax_gpu,AMICA-Python (JAX-GPU),sub-01,1904,-1.3105502772623425,,,,,,0.4965503710009216
sub-01__jax_gpu,AMICA-Python (JAX-GPU),sub-01,1905,-1.3105501930667958,,,,,,0.49616154599971196
sub-01__jax_gpu,AMICA-Python (JAX-GPU),sub-01,1906,-1.3105501021006098,,,,,,0.49633093000011286
sub-01__jax_gpu,AMICA-Python (JAX-GPU),sub-01,1907,-1.310550014579804,,,,,,0.5018146760012314
sub-01__jax_gpu,AMICA-Python (JAX-GPU),sub-01,1908,-1.3105499277623804,,,,,,0.4977658200004953
sub-01__jax_gpu,AMICA-Python (JAX-GPU),sub-01,1909,-1.3105498359415502,,,,,,0.4981782609993388
sub-01__jax_gpu,AMICA-Python (JAX-GPU),sub-01,1910,-1.3105497480680002,,,,,,0.4996917839998787
sub-01__jax_gpu,AMICA-Python (JAX-GPU),sub-01,1911,-1.3105496660979177,,,,,,0.49757152600068366
sub-01__jax_gpu,AMICA-Python (JAX-GPU),sub-01,1912,-1.310549581370313,,,,,,0.49723028900007193
sub-01__jax_gpu,AMICA-Python (JAX-GPU),sub-01,1913,-1.3105495009179773,,,,,,0.5000038479993236
sub-01__jax_gpu,AMICA-Python (JAX-GPU),sub-01,1914,-1.310549426745771,,,,,,0.4988195549994998
sub-01__jax_gpu,AMICA-Python (JAX-GPU),sub-01,1915,-1.310549356105921,,,,,,0.49778289899950323
sub-01__jax_gpu,AMICA-Python (JAX-GPU),sub-01,1916,-1.3105492776298815,,,,,,0.49741150599948014
sub-01__jax_gpu,AMICA-Python (JAX-GPU),sub-01,1917,-1.3105491945954144,,,,,,0.4978124459994433
sub-01__jax_gpu,AMICA-Python (JAX-GPU),sub-01,1918,-1.31054911786399,,,,,,0.4990342420005618
sub-01__jax_gpu,AMICA-Python (JAX-GPU),sub-01,1919,-1.3105490412072243,,,,,,0.49733962700156553
sub-01__jax_gpu,AMICA-Python (JAX-GPU),sub-01,1920,-1.3105489767049372,,,,,,0.498796988000322
sub-01__jax_gpu,AMICA-Python (JAX-GPU),sub-01,1921,-1.3105488924849573,,,,,,0.4984560089997103
sub-01__jax_gpu,AMICA-Python (JAX-GPU),sub-01,1922,-1.3105488125325297,,,,,,0.49840847000086796
sub-01__jax_gpu,AMICA-Python (JAX-GPU),sub-01,1923,-1.3105487381242331,,,,,,0.49870996000026935
sub-01__jax_gpu,AMICA-Python (JAX-GPU),sub-01,1924,-1.3105486570802571,,,,,,0.49815700900035154
sub-01__jax_gpu,AMICA-Python (JAX-GPU),sub-01,1925,-1.310548586307807,,,,,,0.4971414220017323
sub-01__jax_gpu,AMICA-Python (JAX-GPU),sub-01,1926,-1.3105485242342632,,,,,,0.5011430399990786
sub-01__jax_gpu,AMICA-Python (JAX-GPU),sub-01,1927,-1.3105484428616554,,,,,,0.5008902079989639
sub-01__jax_gpu,AMICA-Python (JAX-GPU),sub-01,1928,-1.3105483693062718,,,,,,0.4980205969986855
sub-01__jax_gpu,AMICA-Python (JAX-GPU),sub-01,1929,-1.310548288648033,,,,,,0.501896988000226
sub-01__jax_gpu,AMICA-Python (JAX-GPU),sub-01,1930,-1.3105482100739825,,,,,,0.5008960619998106
sub-01__jax_gpu,AMICA-Python (JAX-GPU),sub-01,1931,-1.3105481401407877,,,,,,0.4990067979997548
sub-01__jax_gpu,AMICA-Python (JAX-GPU),sub-01,1932,-1.310548076212015,,,,,,0.4979541299999255
sub-01__jax_gpu,AMICA-Python (JAX-GPU),sub-01,1933,-1.3105480016921272,,,,,,0.49776148299861234
sub-01__jax_gpu,AMICA-Python (JAX-GPU),sub-01,1934,-1.3105479289006154,,,,,,0.4984631539991824
sub-01__jax_gpu,AMICA-Python (JAX-GPU),sub-01,1935,-1.310547848334283,,,,,,0.5000816449992271
sub-01__jax_gpu,AMICA-Python (JAX-GPU),sub-01,1936,-1.310547773508563,,,,,,0.4993648950003262
sub-01__jax_gpu,AMICA-Python (JAX-GPU),sub-01,1937,-1.310547700187745,,,,,,0.49847803999909956
sub-01__jax_gpu,AMICA-Python (JAX-GPU),sub-01,1938,-1.3105476332177426,,,,,,0.49895902599928377
sub-01__jax_gpu,AMICA-Python (JAX-GPU),sub-01,1939,-1.310547564681731,,,,,,0.5047285630007536
sub-01__jax_gpu,AMICA-Python (JAX-GPU),sub-01,1940,-1.3105474878375012,,,,,,0.4994926380004472
sub-01__jax_gpu,AMICA-Python (JAX-GPU),sub-01,1941,-1.3105474151520136,,,,,,0.5018421029999445
sub-01__jax_gpu,AMICA-Python (JAX-GPU),sub-01,1942,-1.3105473412008775,,,,,,0.5001647349999985
sub-01__jax_gpu,AMICA-Python (JAX-GPU),sub-01,1943,-1.310547268696564,,,,,,0.49791262300095696
sub-01__jax_gpu,AMICA-Python (JAX-GPU),sub-01,1944,-1.3105472014842432,,,,,,0.4987164459998894
sub-01__jax_gpu,AMICA-Python (JAX-GPU),sub-01,1945,-1.3105471355713687,,,,,,0.5011949830004596
sub-01__jax_gpu,AMICA-Python (JAX-GPU),sub-01,1946,-1.3105470656438565,,,,,,0.4993768320000527
sub-01__jax_gpu,AMICA-Python (JAX-GPU),sub-01,1947,-1.3105470033560194,,,,,,0.49834961499982455
sub-01__jax_gpu,AMICA-Python (JAX-GPU),sub-01,1948,-1.3105469473445555,,,,,,0.49405211600060284
sub-01__jax_gpu,AMICA-Python (JAX-GPU),sub-01,1949,-1.3105468937273945,,,,,,0.4957017390006513
sub-01__jax_gpu,AMICA-Python (JAX-GPU),sub-01,1950,-1.3105468305753025,,,,,,0.5109849190012028
sub-01__jax_gpu,AMICA-Python (JAX-GPU),sub-01,1951,-1.3105467643707607,,,,,,0.4971244389998901
sub-01__jax_gpu,AMICA-Python (JAX-GPU),sub-01,1952,-1.3105467035967826,,,,,,0.4992570300000807
sub-01__jax_gpu,AMICA-Python (JAX-GPU),sub-01,1953,-1.3105466355768887,,,,,,0.49483838900050614
sub-01__jax_gpu,AMICA-Python (JAX-GPU),sub-01,1954,-1.3105465728873267,,,,,,0.49955820300056075
sub-01__jax_gpu,AMICA-Python (JAX-GPU),sub-01,1955,-1.3105465095502427,,,,,,0.5063270840000769
sub-01__jax_gpu,AMICA-Python (JAX-GPU),sub-01,1956,-1.310546450862072,,,,,,0.4994295320011588
sub-01__jax_gpu,AMICA-Python (JAX-GPU),sub-01,1957,-1.3105463865966076,,,,,,0.5121760969996103
sub-01__jax_gpu,AMICA-Python (JAX-GPU),sub-01,1958,-1.3105463242507391,,,,,,0.5008155270006682
sub-01__jax_gpu,AMICA-Python (JAX-GPU),sub-01,1959,-1.3105462585677874,,,,,,0.4999452250012837
sub-01__jax_gpu,AMICA-Python (JAX-GPU),sub-01,1960,-1.310546194220865,,,,,,0.5070666219999111
sub-01__jax_gpu,AMICA-Python (JAX-GPU),sub-01,1961,-1.3105461319948535,,,,,,0.507783234001181
sub-01__jax_gpu,AMICA-Python (JAX-GPU),sub-01,1962,-1.3105460678876117,,,,,,0.5100675169996975
sub-01__jax_gpu,AMICA-Python (JAX-GPU),sub-01,1963,-1.3105460045110509,,,,,,0.5132951979994687
sub-01__jax_gpu,AMICA-Python (JAX-GPU),sub-01,1964,-1.3105459407977702,,,,,,0.5095861730005709
sub-01__jax_gpu,AMICA-Python (JAX-GPU),sub-01,1965,-1.3105458775050227,,,,,,0.5014515290004056
sub-01__jax_gpu,AMICA-Python (JAX-GPU),sub-01,1966,-1.3105458132043784,,,,,,0.5033554109995748
sub-01__jax_gpu,AMICA-Python (JAX-GPU),sub-01,1967,-1.310545746589492,,,,,,0.5067814519989042
sub-01__jax_gpu,AMICA-Python (JAX-GPU),sub-01,1968,-1.310545684354968,,,,,,0.5029775310013065
sub-01__jax_gpu,AMICA-Python (JAX-GPU),sub-01,1969,-1.3105456225269116,,,,,,0.5047364229994855
sub-01__jax_gpu,AMICA-Python (JAX-GPU),sub-01,1970,-1.310545558039119,,,,,,0.5075574560014502
sub-01__jax_gpu,AMICA-Python (JAX-GPU),sub-01,1971,-1.3105454993052907,,,,,,0.5043042859997513
sub-01__jax_gpu,AMICA-Python (JAX-GPU),sub-01,1972,-1.3105454368175773,,,,,,0.5061045290003676
sub-01__jax_gpu,AMICA-Python (JAX-GPU),sub-01,1973,-1.3105453850898932,,,,,,0.5091860439988523
sub-01__jax_gpu,AMICA-Python (JAX-GPU),sub-01,1974,-1.3105453247548924,,,,,,0.5037749619987153
sub-01__jax_gpu,AMICA-Python (JAX-GPU),sub-01,1975,-1.3105452633023391,,,,,,0.5075825309995707
sub-01__jax_gpu,AMICA-Python (JAX-GPU),sub-01,1976,-1.3105452039947831,,,,,,0.5042374950007797
sub-01__jax_gpu,AMICA-Python (JAX-GPU),sub-01,1977,-1.3105451458445794,,,,,,0.5042372169991722
sub-01__jax_gpu,AMICA-Python (JAX-GPU),sub-01,1978,-1.3105450869560331,,,,,,0.5055573170011485
sub-01__jax_gpu,AMICA-Python (JAX-GPU),sub-01,1979,-1.3105450298411188,,,,,,0.5090198559992132
sub-01__jax_gpu,AMICA-Python (JAX-GPU),sub-01,1980,-1.3105449708014987,,,,,,0.5154746220014204
sub-01__jax_gpu,AMICA-Python (JAX-GPU),sub-01,1981,-1.3105449162344316,,,,,,0.5067581919993245
sub-01__jax_gpu,AMICA-Python (JAX-GPU),sub-01,1982,-1.3105448598721599,,,,,,0.5055464260003646
sub-01__jax_gpu,AMICA-Python (JAX-GPU),sub-01,1983,-1.3105448074554238,,,,,,0.5159683620004216
sub-01__jax_gpu,AMICA-Python (JAX-GPU),sub-01,1984,-1.3105447556356258,,,,,,0.5042370940009278
sub-01__jax_gpu,AMICA-Python (JAX-GPU),sub-01,1985,-1.3105446960872122,,,,,,0.512988802000109
sub-01__jax_gpu,AMICA-Python (JAX-GPU),sub-01,1986,-1.3105446386149444,,,,,,0.5031007160014269
sub-01__jax_gpu,AMICA-Python (JAX-GPU),sub-01,1987,-1.3105445824640785,,,,,,0.5058316399990872
sub-01__jax_gpu,AMICA-Python (JAX-GPU),sub-01,1988,-1.310544526983155,,,,,,0.4993969189999916
sub-01__jax_gpu,AMICA-Python (JAX-GPU),sub-01,1989,-1.3105444698563438,,,,,,0.5322469670009013
sub-01__jax_gpu,AMICA-Python (JAX-GPU),sub-01,1990,-1.3105444158605466,,,,,,0.5118726410000818
sub-01__jax_gpu,AMICA-Python (JAX-GPU),sub-01,1991,-1.3105443629459423,,,,,,0.5035683320002136
sub-01__jax_gpu,AMICA-Python (JAX-GPU),sub-01,1992,-1.3105443121283336,,,,,,0.5026347880011599
sub-01__jax_gpu,AMICA-Python (JAX-GPU),sub-01,1993,-1.3105442616953686,,,,,,0.5036462349999056
sub-01__jax_gpu,AMICA-Python (JAX-GPU),sub-01,1994,-1.310544209558695,,,,,,0.5186166240000603
sub-01__jax_gpu,AMICA-Python (JAX-GPU),sub-01,1995,-1.3105441532178979,,,,,,0.5130126839994773
sub-01__jax_gpu,AMICA-Python (JAX-GPU),sub-01,1996,-1.3105441000370677,,,,,,0.5154516080001486
sub-01__jax_gpu,AMICA-Python (JAX-GPU),sub-01,1997,-1.3105440458070456,,,,,,0.5076647340010823
sub-01__jax_gpu,AMICA-Python (JAX-GPU),sub-01,1998,-1.3105439911042398,,,,,,0.5029933219993836
sub-01__jax_gpu,AMICA-Python (JAX-GPU),sub-01,1999,-1.3105439437660749,,,,,,0.4988268170000083
sub-01__jax_gpu,AMICA-Python (JAX-GPU),sub-01,2000,-1.3105438912099827,,,,,,0.5013889919991925
sub-01__jax_gpu,AMICA-Python (JAX-GPU),sub-01,2001,-1.3105438396006415,,,,,,0.49978096000086225
sub-01__jax_gpu,AMICA-Python (JAX-GPU),sub-01,2002,-1.3105437900985397,,,,,,0.5076702170008502
sub-01__jax_gpu,AMICA-Python (JAX-GPU),sub-01,2003,-1.3105437441946368,,,,,,0.49983182399955695
sub-01__jax_gpu,AMICA-Python (JAX-GPU),sub-01,2004,-1.3105436980084981,,,,,,0.50171461500031
sub-01__jax_gpu,AMICA-Python (JAX-GPU),sub-01,2005,-1.310543648557987,,,,,,0.501591209000253
sub-01__jax_gpu,AMICA-Python (JAX-GPU),sub-01,2006,-1.3105436021182588,,,,,,0.5038084170009824
sub-01__jax_gpu,AMICA-Python (JAX-GPU),sub-01,2007,-1.3105435561184553,,,,,,0.49702782700114767
sub-01__jax_gpu,AMICA-Python (JAX-GPU),sub-01,2008,-1.3105435146148507,,,,,,0.494457949000207
sub-01__jax_gpu,AMICA-Python (JAX-GPU),sub-01,2009,-1.31054346830172,,,,,,0.49363797700061696
sub-01__jax_gpu,AMICA-Python (JAX-GPU),sub-01,2010,-1.3105434244165048,,,,,,0.49660378199951083
sub-01__jax_gpu,AMICA-Python (JAX-GPU),sub-01,2011,-1.3105433808274576,,,,,,0.49557201599964174
sub-01__jax_gpu,AMICA-Python (JAX-GPU),sub-01,2012,-1.3105433401695248,,,,,,0.4973634980015049
sub-01__jax_gpu,AMICA-Python (JAX-GPU),sub-01,2013,-1.3105432999679552,,,,,,0.4958203580008558
sub-01__jax_gpu,AMICA-Python (JAX-GPU),sub-01,2014,-1.310543262686873,,,,,,0.49838244499915163
sub-01__jax_gpu,AMICA-Python (JAX-GPU),sub-01,2015,-1.3105432238184027,,,,,,0.4960219219992723
sub-01__jax_gpu,AMICA-Python (JAX-GPU),sub-01,2016,-1.3105431893325767,,,,,,0.4961314990014216
sub-01__jax_gpu,AMICA-Python (JAX-GPU),sub-01,2017,-1.3105431573584114,,,,,,0.4976999259997683
sub-01__jax_gpu,AMICA-Python (JAX-GPU),sub-01,2018,-1.3105431288137461,,,,,,0.4975708599995414
sub-01__jax_gpu,AMICA-Python (JAX-GPU),sub-01,2019,-1.3105431036106876,,,,,,0.49826982999911706
sub-01__jax_gpu,AMICA-Python (JAX-GPU),sub-01,2020,-1.3105430904219932,,,,,,0.4984866630002216
sub-01__jax_gpu,AMICA-Python (JAX-GPU),sub-01,2021,-1.3105430724885745,,,,,,0.49973183200017957
sub-01__jax_gpu,AMICA-Python (JAX-GPU),sub-01,2022,-1.3105430734419083,,,,,,0.5006708769997203
sub-01__jax_gpu,AMICA-Python (JAX-GPU),sub-01,2023,-1.3105430633792658,,,,,,0.4969898639992607
sub-01__jax_gpu,AMICA-Python (JAX-GPU),sub-01,2024,-1.3105427548694981,,,,,,0.5000453230004496
sub-01__jax_gpu,AMICA-Python (JAX-GPU),sub-01,2025,-1.3105426464250687,,,,,,0.4981567270006053
sub-01__jax_gpu,AMICA-Python (JAX-GPU),sub-01,2026,-1.3105425827968447,,,,,,0.4976684670000395
sub-01__jax_gpu,AMICA-Python (JAX-GPU),sub-01,2027,-1.3105425328736888,,,,,,0.49939089299914485
sub-01__jax_gpu,AMICA-Python (JAX-GPU),sub-01,2028,-1.3105424848226155,,,,,,0.5001732380005706
sub-01__jax_gpu,AMICA-Python (JAX-GPU),sub-01,2029,-1.3105424396868441,,,,,,0.5001496099994256
sub-01__jax_gpu,AMICA-Python (JAX-GPU),sub-01,2030,-1.310542393728984,,,,,,0.5001055310003721
sub-01__jax_gpu,AMICA-Python (JAX-GPU),sub-01,2031,-1.310542348337611,,,,,,0.4977359139993496
sub-01__jax_gpu,AMICA-Python (JAX-GPU),sub-01,2032,-1.3105423033128842,,,,,,0.5004544210005406
sub-01__jax_gpu,AMICA-Python (JAX-GPU),sub-01,2033,-1.3105422619891136,,,,,,0.498805581999477
sub-01__jax_gpu,AMICA-Python (JAX-GPU),sub-01,2034,-1.3105422212346858,,,,,,0.5015285970002878
sub-01__jax_gpu,AMICA-Python (JAX-GPU),sub-01,2035,-1.3105421789678489,,,,,,0.4990154879997135
sub-01__jax_gpu,AMICA-Python (JAX-GPU),sub-01,2036,-1.3105421345635448,,,,,,0.500766630999351
sub-01__jax_gpu,AMICA-Python (JAX-GPU),sub-01,2037,-1.3105420908868441,,,,,,0.5011920940014534
sub-01__jax_gpu,AMICA-Python (JAX-GPU),sub-01,2038,-1.3105420500424632,,,,,,0.5022182189986779
sub-01__jax_gpu,AMICA-Python (JAX-GPU),sub-01,2039,-1.310542011883244,,,,,,0.4995907470001839
sub-01__jax_gpu,AMICA-Python (JAX-GPU),sub-01,2040,-1.3105419705928758,,,,,,0.5005914119992667
sub-01__jax_gpu,AMICA-Python (JAX-GPU),sub-01,2041,-1.3105419304321264,,,,,,0.5027137099987158
sub-01__jax_gpu,AMICA-Python (JAX-GPU),sub-01,2042,-1.3105418906767654,,,,,,0.50122980299966
sub-01__jax_gpu,AMICA-Python (JAX-GPU),sub-01,2043,-1.3105418502742994,,,,,,0.5010339039999963
sub-01__jax_gpu,AMICA-Python (JAX-GPU),sub-01,2044,-1.3105418080831652,,,,,,0.5035975859991595
sub-01__jax_gpu,AMICA-Python (JAX-GPU),sub-01,2045,-1.310541767042571,,,,,,0.4979879769998661
sub-01__jax_gpu,AMICA-Python (JAX-GPU),sub-01,2046,-1.310541726614968,,,,,,0.49959826700069243
sub-01__jax_gpu,AMICA-Python (JAX-GPU),sub-01,2047,-1.3105416862333077,,,,,,0.5005913599998166
sub-01__jax_gpu,AMICA-Python (JAX-GPU),sub-01,2048,-1.3105416475385039,,,,,,0.5031208799991873
sub-01__jax_gpu,AMICA-Python (JAX-GPU),sub-01,2049,-1.3105416090547441,,,,,,0.5006156580002425
sub-01__jax_gpu,AMICA-Python (JAX-GPU),sub-01,2050,-1.310541570326152,,,,,,0.49982954199913365
sub-01__jax_gpu,AMICA-Python (JAX-GPU),sub-01,2051,-1.3105415312594242,,,,,,0.5015334260006057
sub-01__jax_gpu,AMICA-Python (JAX-GPU),sub-01,2052,-1.3105414926942276,,,,,,0.5039307200004259
sub-01__jax_gpu,AMICA-Python (JAX-GPU),sub-01,2053,-1.3105414518031073,,,,,,0.4999205489984888
sub-01__jax_gpu,AMICA-Python (JAX-GPU),sub-01,2054,-1.3105414108462636,,,,,,0.5047518259998469
sub-01__jax_gpu,AMICA-Python (JAX-GPU),sub-01,2055,-1.310541369716766,,,,,,0.5054423760011559
sub-01__jax_gpu,AMICA-Python (JAX-GPU),sub-01,2056,-1.3105413314661558,,,,,,0.5016259530002571
sub-01__jax_gpu,AMICA-Python (JAX-GPU),sub-01,2057,-1.3105412940277388,,,,,,0.5001197510009661
sub-01__jax_gpu,AMICA-Python (JAX-GPU),sub-01,2058,-1.310541253187542,,,,,,0.501282880000872
sub-01__jax_gpu,AMICA-Python (JAX-GPU),sub-01,2059,-1.3105412155650946,,,,,,0.4988021760000265
sub-01__jax_gpu,AMICA-Python (JAX-GPU),sub-01,2060,-1.3105411750242872,,,,,,0.5004772759984917
sub-01__jax_gpu,AMICA-Python (JAX-GPU),sub-01,2061,-1.3105411374500375,,,,,,0.49904281700037245
sub-01__jax_gpu,AMICA-Python (JAX-GPU),sub-01,2062,-1.310541099674459,,,,,,0.5010654439993232
sub-01__jax_gpu,AMICA-Python (JAX-GPU),sub-01,2063,-1.3105410632201608,,,,,,0.502740445001109
sub-01__jax_gpu,AMICA-Python (JAX-GPU),sub-01,2064,-1.310541026267894,,,,,,0.5004327699989517
sub-01__jax_gpu,AMICA-Python (JAX-GPU),sub-01,2065,-1.310540990693383,,,,,,0.5016469090005558
sub-01__jax_gpu,AMICA-Python (JAX-GPU),sub-01,2066,-1.3105409562641472,,,,,,0.5000754209995648
sub-01__jax_gpu,AMICA-Python (JAX-GPU),sub-01,2067,-1.3105409219585828,,,,,,0.4951294759994198
sub-01__jax_gpu,AMICA-Python (JAX-GPU),sub-01,2068,-1.3105408842683761,,,,,,0.4946503800001665
sub-01__jax_gpu,AMICA-Python (JAX-GPU),sub-01,2069,-1.310540845998149,,,,,,0.4972412860006443
sub-01__jax_gpu,AMICA-Python (JAX-GPU),sub-01,2070,-1.310540808156515,,,,,,0.4975896640007704
sub-01__jax_gpu,AMICA-Python (JAX-GPU),sub-01,2071,-1.3105407721868798,,,,,,0.4949693609996757
sub-01__jax_gpu,AMICA-Python (JAX-GPU),sub-01,2072,-1.310540734770355,,,,,,0.49337866400128405
sub-01__jax_gpu,AMICA-Python (JAX-GPU),sub-01,2073,-1.3105406973579046,,,,,,0.49499151000054553
sub-01__jax_gpu,AMICA-Python (JAX-GPU),sub-01,2074,-1.3105406608666152,,,,,,0.49534917900018627
sub-01__jax_gpu,AMICA-Python (JAX-GPU),sub-01,2075,-1.310540623101932,,,,,,0.4957197260009707
sub-01__jax_gpu,AMICA-Python (JAX-GPU),sub-01,2076,-1.3105405847955547,,,,,,0.49579197200000635
sub-01__jax_gpu,AMICA-Python (JAX-GPU),sub-01,2077,-1.310540550088689,,,,,,0.49509462300011364
sub-01__jax_gpu,AMICA-Python (JAX-GPU),sub-01,2078,-1.3105405136704622,,,,,,0.4961988199993357
sub-01__jax_gpu,AMICA-Python (JAX-GPU),sub-01,2079,-1.31054047661099,,,,,,0.49729950800065126
sub-01__jax_gpu,AMICA-Python (JAX-GPU),sub-01,2080,-1.3105404404400758,,,,,,0.49878334299864946
sub-01__jax_gpu,AMICA-Python (JAX-GPU),sub-01,2081,-1.310540404383511,,,,,,0.49721646099897043
sub-01__jax_gpu,AMICA-Python (JAX-GPU),sub-01,2082,-1.3105403702096594,,,,,,0.49681718700048805
sub-01__jax_gpu,AMICA-Python (JAX-GPU),sub-01,2083,-1.3105403354121543,,,,,,0.4986240889993496
sub-01__jax_gpu,AMICA-Python (JAX-GPU),sub-01,2084,-1.3105402987331525,,,,,,0.49940812200111395
sub-01__jax_gpu,AMICA-Python (JAX-GPU),sub-01,2085,-1.3105402637929473,,,,,,0.4986322909990122
sub-01__jax_gpu,AMICA-Python (JAX-GPU),sub-01,2086,-1.3105402278529097,,,,,,0.49708846399880713
sub-01__jax_gpu,AMICA-Python (JAX-GPU),sub-01,2087,-1.3105401944904285,,,,,,0.4978434630011179
sub-01__jax_gpu,AMICA-Python (JAX-GPU),sub-01,2088,-1.3105401613421428,,,,,,0.4977381759999844
sub-01__jax_gpu,AMICA-Python (JAX-GPU),sub-01,2089,-1.3105401261241503,,,,,,0.4987362600004417
sub-01__jax_gpu,AMICA-Python (JAX-GPU),sub-01,2090,-1.3105400920366597,,,,,,0.49757072200009134
sub-01__jax_gpu,AMICA-Python (JAX-GPU),sub-01,2091,-1.310540056724215,,,,,,0.497900603000744
sub-01__jax_gpu,AMICA-Python (JAX-GPU),sub-01,2092,-1.310540022541976,,,,,,0.49742597399927035
sub-01__jax_gpu,AMICA-Python (JAX-GPU),sub-01,2093,-1.310539987616165,,,,,,0.49767233800048416
sub-01__jax_gpu,AMICA-Python (JAX-GPU),sub-01,2094,-1.3105399515023437,,,,,,0.5007460529996024
sub-01__jax_gpu,AMICA-Python (JAX-GPU),sub-01,2095,-1.3105399150704635,,,,,,0.5012282349998713
sub-01__jax_gpu,AMICA-Python (JAX-GPU),sub-01,2096,-1.3105398836459818,,,,,,0.49800070299897925
sub-01__jax_gpu,AMICA-Python (JAX-GPU),sub-01,2097,-1.310539850627457,,,,,,0.4970501070001774
sub-01__jax_gpu,AMICA-Python (JAX-GPU),sub-01,2098,-1.3105398152158418,,,,,,0.49815298300018185
sub-01__jax_gpu,AMICA-Python (JAX-GPU),sub-01,2099,-1.3105397820919165,,,,,,0.49826089999987744
sub-01__jax_gpu,AMICA-Python (JAX-GPU),sub-01,2100,-1.3105397467418616,,,,,,0.49835906399857777
sub-01__jax_gpu,AMICA-Python (JAX-GPU),sub-01,2101,-1.3105397111760906,,,,,,0.49859033900065697
sub-01__jax_gpu,AMICA-Python (JAX-GPU),sub-01,2102,-1.3105396760746848,,,,,,0.497817108000163
sub-01__jax_gpu,AMICA-Python (JAX-GPU),sub-01,2103,-1.310539640882705,,,,,,0.5010514190016693
sub-01__jax_gpu,AMICA-Python (JAX-GPU),sub-01,2104,-1.3105396064963466,,,,,,0.499618157000441
sub-01__jax_gpu,AMICA-Python (JAX-GPU),sub-01,2105,-1.310539571051463,,,,,,0.5014405720012292
sub-01__jax_gpu,AMICA-Python (JAX-GPU),sub-01,2106,-1.310539538376768,,,,,,0.5003130320001219
sub-01__jax_gpu,AMICA-Python (JAX-GPU),sub-01,2107,-1.310539506570148,,,,,,0.5022264970011747
sub-01__jax_gpu,AMICA-Python (JAX-GPU),sub-01,2108,-1.3105394758986102,,,,,,0.49834206599916797
sub-01__jax_gpu,AMICA-Python (JAX-GPU),sub-01,2109,-1.3105394427579549,,,,,,0.4989305069993861
sub-01__jax_gpu,AMICA-Python (JAX-GPU),sub-01,2110,-1.3105394084673636,,,,,,0.4984496550005133
sub-01__jax_gpu,AMICA-Python (JAX-GPU),sub-01,2111,-1.3105393747044365,,,,,,0.5039201010004035
sub-01__jax_gpu,AMICA-Python (JAX-GPU),sub-01,2112,-1.310539342094169,,,,,,0.5000022700005502
sub-01__jax_gpu,AMICA-Python (JAX-GPU),sub-01,2113,-1.3105393099049192,,,,,,0.5041482899996481
sub-01__jax_gpu,AMICA-Python (JAX-GPU),sub-01,2114,-1.310539278129207,,,,,,0.5016247780004051
sub-01__jax_gpu,AMICA-Python (JAX-GPU),sub-01,2115,-1.3105392448075504,,,,,,0.4981185070009815
sub-01__jax_gpu,AMICA-Python (JAX-GPU),sub-01,2116,-1.3105392108686884,,,,,,0.5023884330003057
sub-01__jax_gpu,AMICA-Python (JAX-GPU),sub-01,2117,-1.310539177122502,,,,,,0.5007792790001986
sub-01__jax_gpu,AMICA-Python (JAX-GPU),sub-01,2118,-1.3105391450852926,,,,,,0.5011315539995849
sub-01__jax_gpu,AMICA-Python (JAX-GPU),sub-01,2119,-1.3105391137191882,,,,,,0.5012109580002289
sub-01__jax_gpu,AMICA-Python (JAX-GPU),sub-01,2120,-1.3105390827651686,,,,,,0.5020433429999684
sub-01__jax_gpu,AMICA-Python (JAX-GPU),sub-01,2121,-1.3105390510484092,,,,,,0.49766818299940496
sub-01__jax_gpu,AMICA-Python (JAX-GPU),sub-01,2122,-1.3105390185795982,,,,,,0.4996281710009498
sub-01__jax_gpu,AMICA-Python (JAX-GPU),sub-01,2123,-1.310538986062236,,,,,,0.4985813200000848
sub-01__jax_gpu,AMICA-Python (JAX-GPU),sub-01,2124,-1.3105389541236818,,,,,,0.49913615200057393
sub-01__jax_gpu,AMICA-Python (JAX-GPU),sub-01,2125,-1.3105389216142291,,,,,,0.49804355100059183
sub-01__jax_gpu,AMICA-Python (JAX-GPU),sub-01,2126,-1.310538889380564,,,,,,0.49986168000032194
sub-01__jax_gpu,AMICA-Python (JAX-GPU),sub-01,2127,-1.3105388576758148,,,,,,0.49461175899887166
sub-01__jax_gpu,AMICA-Python (JAX-GPU),sub-01,2128,-1.3105388254658066,,,,,,0.4938402739990124
sub-01__jax_gpu,AMICA-Python (JAX-GPU),sub-01,2129,-1.3105387937488917,,,,,,0.4938783220004552
sub-01__jax_gpu,AMICA-Python (JAX-GPU),sub-01,2130,-1.310538761727183,,,,,,0.49838380999972287
sub-01__jax_gpu,AMICA-Python (JAX-GPU),sub-01,2131,-1.3105387292246555,,,,,,0.49412181800107646
sub-01__jax_gpu,AMICA-Python (JAX-GPU),sub-01,2132,-1.3105386984063647,,,,,,0.49603244900026766
sub-01__jax_gpu,AMICA-Python (JAX-GPU),sub-01,2133,-1.3105386697414987,,,,,,0.49494629699984216
sub-01__jax_gpu,AMICA-Python (JAX-GPU),sub-01,2134,-1.3105386374824814,,,,,,0.49681922600029793
sub-01__jax_gpu,AMICA-Python (JAX-GPU),sub-01,2135,-1.310538606032046,,,,,,0.4976078650015552
sub-01__jax_gpu,AMICA-Python (JAX-GPU),sub-01,2136,-1.3105385771657547,,,,,,0.49515623599836545
sub-01__jax_gpu,AMICA-Python (JAX-GPU),sub-01,2137,-1.3105385449396036,,,,,,0.496100166999895
sub-01__jax_gpu,AMICA-Python (JAX-GPU),sub-01,2138,-1.3105385130282226,,,,,,0.49630842300030054
sub-01__jax_gpu,AMICA-Python (JAX-GPU),sub-01,2139,-1.3105384852042674,,,,,,0.49802775799980736
sub-01__jax_gpu,AMICA-Python (JAX-GPU),sub-01,2140,-1.3105384543084577,,,,,,0.49844218300131615
sub-01__jax_gpu,AMICA-Python (JAX-GPU),sub-01,2141,-1.3105384225486165,,,,,,0.49636322900005325
sub-01__jax_gpu,AMICA-Python (JAX-GPU),sub-01,2142,-1.3105383920126834,,,,,,0.4992266319986811
sub-01__jax_gpu,AMICA-Python (JAX-GPU),sub-01,2143,-1.3105383615972543,,,,,,0.5105211070003861
sub-01__jax_gpu,AMICA-Python (JAX-GPU),sub-01,2144,-1.3105383311111374,,,,,,0.5156203570004436
sub-01__jax_gpu,AMICA-Python (JAX-GPU),sub-01,2145,-1.3105383002283386,,,,,,0.5072599220002303
sub-01__jax_gpu,AMICA-Python (JAX-GPU),sub-01,2146,-1.3105382696841739,,,,,,0.4967865719991096
sub-01__jax_gpu,AMICA-Python (JAX-GPU),sub-01,2147,-1.3105382399405259,,,,,,0.49968190400068124
sub-01__jax_gpu,AMICA-Python (JAX-GPU),sub-01,2148,-1.3105382098565634,,,,,,0.5009469489996263
sub-01__jax_gpu,AMICA-Python (JAX-GPU),sub-01,2149,-1.3105381806797036,,,,,,0.5007225400004245
sub-01__jax_gpu,AMICA-Python (JAX-GPU),sub-01,2150,-1.3105381518388866,,,,,,0.5010111150004377
sub-01__jax_gpu,AMICA-Python (JAX-GPU),sub-01,2151,-1.3105381217887067,,,,,,0.498560379999617
sub-01__jax_gpu,AMICA-Python (JAX-GPU),sub-01,2152,-1.3105380912902038,,,,,,0.5021203870001045
sub-01__jax_gpu,AMICA-Python (JAX-GPU),sub-01,2153,-1.3105380620239617,,,,,,0.498310692000814
sub-01__jax_gpu,AMICA-Python (JAX-GPU),sub-01,2154,-1.3105380319341433,,,,,,0.504432886998984
sub-01__jax_gpu,AMICA-Python (JAX-GPU),sub-01,2155,-1.3105380028387366,,,,,,0.49988169399875915
sub-01__jax_gpu,AMICA-Python (JAX-GPU),sub-01,2156,-1.3105379743365855,,,,,,0.49899181600085285
sub-01__jax_gpu,AMICA-Python (JAX-GPU),sub-01,2157,-1.3105379452935713,,,,,,0.4996024659994873
sub-01__jax_gpu,AMICA-Python (JAX-GPU),sub-01,2158,-1.3105379152279615,,,,,,0.5006864609986224
sub-01__jax_gpu,AMICA-Python (JAX-GPU),sub-01,2159,-1.3105378856139789,,,,,,0.5009896279989334
sub-01__jax_gpu,AMICA-Python (JAX-GPU),sub-01,2160,-1.3105378561453194,,,,,,0.5070779580000817
sub-01__jax_gpu,AMICA-Python (JAX-GPU),sub-01,2161,-1.310537827105392,,,,,,0.5006281669993768
sub-01__jax_gpu,AMICA-Python (JAX-GPU),sub-01,2162,-1.3105377972071177,,,,,,0.4998019980012032
sub-01__jax_gpu,AMICA-Python (JAX-GPU),sub-01,2163,-1.3105377678965684,,,,,,0.5005000189994462
sub-01__jax_gpu,AMICA-Python (JAX-GPU),sub-01,2164,-1.3105377388955435,,,,,,0.5008545190012228
sub-01__jax_gpu,AMICA-Python (JAX-GPU),sub-01,2165,-1.3105377115251289,,,,,,0.4988782270011143
sub-01__jax_gpu,AMICA-Python (JAX-GPU),sub-01,2166,-1.310537684112295,,,,,,0.5021213780000835
sub-01__jax_gpu,AMICA-Python (JAX-GPU),sub-01,2167,-1.310537654973756,,,,,,0.5012305730015214
sub-01__jax_gpu,AMICA-Python (JAX-GPU),sub-01,2168,-1.3105376278052103,,,,,,0.49926162300107535
sub-01__jax_gpu,AMICA-Python (JAX-GPU),sub-01,2169,-1.3105375992165134,,,,,,0.49832630199853156
sub-01__jax_gpu,AMICA-Python (JAX-GPU),sub-01,2170,-1.310537570707277,,,,,,0.5020097010001336
sub-01__jax_gpu,AMICA-Python (JAX-GPU),sub-01,2171,-1.310537542125289,,,,,,0.4984158369989018
sub-01__jax_gpu,AMICA-Python (JAX-GPU),sub-01,2172,-1.3105375132502237,,,,,,0.4989618769996014
sub-01__jax_gpu,AMICA-Python (JAX-GPU),sub-01,2173,-1.31053748498047,,,,,,0.5005470100004459
sub-01__jax_gpu,AMICA-Python (JAX-GPU),sub-01,2174,-1.3105374567608379,,,,,,0.5000165699984791
sub-01__jax_gpu,AMICA-Python (JAX-GPU),sub-01,2175,-1.3105374285863427,,,,,,0.4990934500001458
sub-01__jax_gpu,AMICA-Python (JAX-GPU),sub-01,2176,-1.310537400336849,,,,,,0.49876685900017037
sub-01__jax_gpu,AMICA-Python (JAX-GPU),sub-01,2177,-1.3105373722826525,,,,,,0.501960350000445
sub-01__jax_gpu,AMICA-Python (JAX-GPU),sub-01,2178,-1.3105373448622852,,,,,,0.49988341400057834
sub-01__jax_gpu,AMICA-Python (JAX-GPU),sub-01,2179,-1.310537317154626,,,,,,0.4997072330006631
sub-01__jax_gpu,AMICA-Python (JAX-GPU),sub-01,2180,-1.3105372906224173,,,,,,0.5006787720012653
sub-01__jax_gpu,AMICA-Python (JAX-GPU),sub-01,2181,-1.3105372631446306,,,,,,0.5004580540007737
sub-01__jax_gpu,AMICA-Python (JAX-GPU),sub-01,2182,-1.310537236158805,,,,,,0.4999018580001575
sub-01__jax_gpu,AMICA-Python (JAX-GPU),sub-01,2183,-1.3105372090558234,,,,,,0.4988177449995419
sub-01__jax_gpu,AMICA-Python (JAX-GPU),sub-01,2184,-1.3105371812542834,,,,,,0.49783303800177237
sub-01__jax_gpu,AMICA-Python (JAX-GPU),sub-01,2185,-1.3105371538103507,,,,,,0.49979163100033475
sub-01__jax_gpu,AMICA-Python (JAX-GPU),sub-01,2186,-1.3105371268963852,,,,,,0.5006573059999937
sub-01__jax_gpu,AMICA-Python (JAX-GPU),sub-01,2187,-1.3105370993180883,,,,,,0.496194879999166
sub-01__jax_gpu,AMICA-Python (JAX-GPU),sub-01,2188,-1.3105370722363863,,,,,,0.4931110149991582
sub-01__jax_gpu,AMICA-Python (JAX-GPU),sub-01,2189,-1.3105370453054135,,,,,,0.49380312700122886
sub-01__jax_gpu,AMICA-Python (JAX-GPU),sub-01,2190,-1.3105370178567926,,,,,,0.49572087900014594
sub-01__jax_gpu,AMICA-Python (JAX-GPU),sub-01,2191,-1.310536991261358,,,,,,0.49498008400041726
sub-01__jax_gpu,AMICA-Python (JAX-GPU),sub-01,2192,-1.3105369646494383,,,,,,0.4942912940005044
sub-01__jax_gpu,AMICA-Python (JAX-GPU),sub-01,2193,-1.310536938705137,,,,,,0.49464645399893925
sub-01__jax_gpu,AMICA-Python (JAX-GPU),sub-01,2194,-1.3105369116594354,,,,,,0.4967335000001185
sub-01__jax_gpu,AMICA-Python (JAX-GPU),sub-01,2195,-1.310536884410514,,,,,,0.49532684800033167
sub-01__jax_gpu,AMICA-Python (JAX-GPU),sub-01,2196,-1.3105368574216942,,,,,,0.4951454250003735
sub-01__jax_gpu,AMICA-Python (JAX-GPU),sub-01,2197,-1.3105368318782267,,,,,,0.497646502999487
sub-01__jax_gpu,AMICA-Python (JAX-GPU),sub-01,2198,-1.3105368052427566,,,,,,0.4973427969998738
sub-01__jax_gpu,AMICA-Python (JAX-GPU),sub-01,2199,-1.3105367785184148,,,,,,0.4951661349987262
sub-01__jax_gpu,AMICA-Python (JAX-GPU),sub-01,2200,-1.3105367519353752,,,,,,0.49861036899892497
sub-01__jax_gpu,AMICA-Python (JAX-GPU),sub-01,2201,-1.3105367249534692,,,,,,0.4969825429998309
sub-01__jax_gpu,AMICA-Python (JAX-GPU),sub-01,2202,-1.3105366987565128,,,,,,0.4968365280001308
sub-01__jax_gpu,AMICA-Python (JAX-GPU),sub-01,2203,-1.3105366722114746,,,,,,0.4968906230005814
sub-01__jax_gpu,AMICA-Python (JAX-GPU),sub-01,2204,-1.3105366457327483,,,,,,0.49770030100080476
sub-01__jax_gpu,AMICA-Python (JAX-GPU),sub-01,2205,-1.3105366199257256,,,,,,0.4977986320009222
sub-01__jax_gpu,AMICA-Python (JAX-GPU),sub-01,2206,-1.310536593343986,,,,,,0.49636096299946075
sub-01__jax_gpu,AMICA-Python (JAX-GPU),sub-01,2207,-1.3105365671357894,,,,,,0.4965368529992702
sub-01__jax_gpu,AMICA-Python (JAX-GPU),sub-01,2208,-1.3105365410880387,,,,,,0.4970468610008538
sub-01__jax_gpu,AMICA-Python (JAX-GPU),sub-01,2209,-1.3105365149586472,,,,,,0.4990810720009904
sub-01__jax_gpu,AMICA-Python (JAX-GPU),sub-01,2210,-1.310536489008136,,,,,,0.4993340269993496
sub-01__jax_gpu,AMICA-Python (JAX-GPU),sub-01,2211,-1.31053646303866,,,,,,0.4996332499995333
sub-01__jax_gpu,AMICA-Python (JAX-GPU),sub-01,2212,-1.3105364370223411,,,,,,0.4988353230000939
sub-01__jax_gpu,AMICA-Python (JAX-GPU),sub-01,2213,-1.310536412430558,,,,,,0.5002651939994394
sub-01__jax_gpu,AMICA-Python (JAX-GPU),sub-01,2214,-1.310536386906231,,,,,,0.5010133689993381
sub-01__jax_gpu,AMICA-Python (JAX-GPU),sub-01,2215,-1.3105363612335617,,,,,,0.5000753849999455
sub-01__jax_gpu,AMICA-Python (JAX-GPU),sub-01,2216,-1.310536336907559,,,,,,0.49715579700023227
sub-01__jax_gpu,AMICA-Python (JAX-GPU),sub-01,2217,-1.3105363116626954,,,,,,0.4980723360004049
sub-01__jax_gpu,AMICA-Python (JAX-GPU),sub-01,2218,-1.3105362871207953,,,,,,0.49856847999944875
sub-01__jax_gpu,AMICA-Python (JAX-GPU),sub-01,2219,-1.3105362618238274,,,,,,0.4976633389997005
sub-01__jax_gpu,AMICA-Python (JAX-GPU),sub-01,2220,-1.3105362374719856,,,,,,0.5007340570009546
sub-01__jax_gpu,AMICA-Python (JAX-GPU),sub-01,2221,-1.3105362120635187,,,,,,0.49778489399977843
sub-01__jax_gpu,AMICA-Python (JAX-GPU),sub-01,2222,-1.3105361866722605,,,,,,0.4985651940005482
sub-01__jax_gpu,AMICA-Python (JAX-GPU),sub-01,2223,-1.310536161486853,,,,,,0.499512031001359
sub-01__jax_gpu,AMICA-Python (JAX-GPU),sub-01,2224,-1.31053613625832,,,,,,0.499319636999644
sub-01__jax_gpu,AMICA-Python (JAX-GPU),sub-01,2225,-1.3105361113644522,,,,,,0.4984907150010258
sub-01__jax_gpu,AMICA-Python (JAX-GPU),sub-01,2226,-1.3105360858849415,,,,,,0.5022203429998626
sub-01__jax_gpu,AMICA-Python (JAX-GPU),sub-01,2227,-1.3105360598098734,,,,,,0.5010079060011776
sub-01__jax_gpu,AMICA-Python (JAX-GPU),sub-01,2228,-1.3105360355009896,,,,,,0.4992523919991072
sub-01__jax_gpu,AMICA-Python (JAX-GPU),sub-01,2229,-1.3105360099127568,,,,,,0.4985694529987086
sub-01__jax_gpu,AMICA-Python (JAX-GPU),sub-01,2230,-1.3105359843479651,,,,,,0.5007393439991574
sub-01__jax_gpu,AMICA-Python (JAX-GPU),sub-01,2231,-1.3105359589389014,,,,,,0.49897233999945456
sub-01__jax_gpu,AMICA-Python (JAX-GPU),sub-01,2232,-1.310535933107442,,,,,,0.5050599620008143
sub-01__jax_gpu,AMICA-Python (JAX-GPU),sub-01,2233,-1.3105359083038557,,,,,,0.4984721230011928
sub-01__jax_gpu,AMICA-Python (JAX-GPU),sub-01,2234,-1.3105358830573468,,,,,,0.5007162189995142
sub-01__jax_gpu,AMICA-Python (JAX-GPU),sub-01,2235,-1.3105358587964422,,,,,,0.5011418369995226
sub-01__jax_gpu,AMICA-Python (JAX-GPU),sub-01,2236,-1.3105358340699276,,,,,,0.5051649170000019
sub-01__jax_gpu,AMICA-Python (JAX-GPU),sub-01,2237,-1.3105358084180447,,,,,,0.5038372880007955
sub-01__jax_gpu,AMICA-Python (JAX-GPU),sub-01,2238,-1.310535784350306,,,,,,0.4999891400002525
sub-01__jax_gpu,AMICA-Python (JAX-GPU),sub-01,2239,-1.3105357588696993,,,,,,0.5004195469991828
sub-01__jax_gpu,AMICA-Python (JAX-GPU),sub-01,2240,-1.310535734164702,,,,,,0.49928751600054966
sub-01__jax_gpu,AMICA-Python (JAX-GPU),sub-01,2241,-1.3105357089421084,,,,,,0.49910835399896314
sub-01__jax_gpu,AMICA-Python (JAX-GPU),sub-01,2242,-1.3105356838684352,,,,,,0.4995252909993724
sub-01__jax_gpu,AMICA-Python (JAX-GPU),sub-01,2243,-1.3105356587407664,,,,,,0.49886044999948354
sub-01__jax_gpu,AMICA-Python (JAX-GPU),sub-01,2244,-1.3105356339154337,,,,,,0.4997632880003948
sub-01__jax_gpu,AMICA-Python (JAX-GPU),sub-01,2245,-1.3105356084913051,,,,,,0.500797672999397
sub-01__jax_gpu,AMICA-Python (JAX-GPU),sub-01,2246,-1.3105355847480302,,,,,,0.5016740199989727
sub-01__jax_gpu,AMICA-Python (JAX-GPU),sub-01,2247,-1.3105355597992312,,,,,,0.49968349399932777
sub-01__jax_gpu,AMICA-Python (JAX-GPU),sub-01,2248,-1.3105355344063976,,,,,,0.4930904560005729
sub-01__jax_gpu,AMICA-Python (JAX-GPU),sub-01,2249,-1.3105355087715904,,,,,,0.49515830199925404
sub-01__jax_gpu,AMICA-Python (JAX-GPU),sub-01,2250,-1.3105354841783012,,,,,,0.4936680620012339
sub-01__jax_gpu,AMICA-Python (JAX-GPU),sub-01,2251,-1.310535459053426,,,,,,0.4958194459995866
sub-01__jax_gpu,AMICA-Python (JAX-GPU),sub-01,2252,-1.3105354336367507,,,,,,0.4967270329998428
sub-01__jax_gpu,AMICA-Python (JAX-GPU),sub-01,2253,-1.310535408660652,,,,,,0.49661592499978724
sub-01__jax_gpu,AMICA-Python (JAX-GPU),sub-01,2254,-1.3105353837126843,,,,,,0.49543355999958294
sub-01__jax_gpu,AMICA-Python (JAX-GPU),sub-01,2255,-1.3105353592052038,,,,,,0.496920281999337
sub-01__jax_gpu,AMICA-Python (JAX-GPU),sub-01,2256,-1.3105353344914612,,,,,,0.4968103989995143
sub-01__jax_gpu,AMICA-Python (JAX-GPU),sub-01,2257,-1.310535309883025,,,,,,0.49915990499903273
sub-01__jax_gpu,AMICA-Python (JAX-GPU),sub-01,2258,-1.310535285064023,,,,,,0.49716609899951436
sub-01__jax_gpu,AMICA-Python (JAX-GPU),sub-01,2259,-1.3105352603582785,,,,,,0.4983028880014899
sub-01__jax_gpu,AMICA-Python (JAX-GPU),sub-01,2260,-1.3105352356385611,,,,,,0.49781423900094524
sub-01__jax_gpu,AMICA-Python (JAX-GPU),sub-01,2261,-1.310535211145999,,,,,,0.4976610880003136
sub-01__jax_gpu,AMICA-Python (JAX-GPU),sub-01,2262,-1.3105351868162747,,,,,,0.4973753049998777
sub-01__jax_gpu,AMICA-Python (JAX-GPU),sub-01,2263,-1.3105351625301123,,,,,,0.4989376760004234
sub-01__jax_gpu,AMICA-Python (JAX-GPU),sub-01,2264,-1.3105351382480972,,,,,,0.5003298850006104
sub-01__jax_gpu,AMICA-Python (JAX-GPU),sub-01,2265,-1.3105351136654266,,,,,,0.5006625580008404
sub-01__jax_gpu,AMICA-Python (JAX-GPU),sub-01,2266,-1.3105350889884544,,,,,,0.5000487039997097
sub-01__jax_gpu,AMICA-Python (JAX-GPU),sub-01,2267,-1.3105350648096432,,,,,,0.49768979899999977
sub-01__jax_gpu,AMICA-Python (JAX-GPU),sub-01,2268,-1.3105350410172585,,,,,,0.49997935999999754
sub-01__jax_gpu,AMICA-Python (JAX-GPU),sub-01,2269,-1.3105350167832959,,,,,,0.4980240050008433
sub-01__jax_gpu,AMICA-Python (JAX-GPU),sub-01,2270,-1.3105349930012793,,,,,,0.49811725600011414
sub-01__jax_gpu,AMICA-Python (JAX-GPU),sub-01,2271,-1.3105349695760773,,,,,,0.5002854319991457
sub-01__jax_gpu,AMICA-Python (JAX-GPU),sub-01,2272,-1.3105349462622113,,,,,,0.4989361980005924
sub-01__jax_gpu,AMICA-Python (JAX-GPU),sub-01,2273,-1.3105349230845187,,,,,,0.497981892000098
sub-01__jax_gpu,AMICA-Python (JAX-GPU),sub-01,2274,-1.3105348995011195,,,,,,0.4977616770011082
sub-01__jax_gpu,AMICA-Python (JAX-GPU),sub-01,2275,-1.3105348757293673,,,,,,0.4982639560003008
sub-01__jax_gpu,AMICA-Python (JAX-GPU),sub-01,2276,-1.310534852337752,,,,,,0.5025135560008493
sub-01__jax_gpu,AMICA-Python (JAX-GPU),sub-01,2277,-1.3105348302192459,,,,,,0.4989281779999146
sub-01__jax_gpu,AMICA-Python (JAX-GPU),sub-01,2278,-1.3105348067271845,,,,,,0.4985068309997587
sub-01__jax_gpu,AMICA-Python (JAX-GPU),sub-01,2279,-1.3105347830778524,,,,,,0.49838606499906746
sub-01__jax_gpu,AMICA-Python (JAX-GPU),sub-01,2280,-1.3105347597944124,,,,,,0.4986228849993495
sub-01__jax_gpu,AMICA-Python (JAX-GPU),sub-01,2281,-1.3105347364364068,,,,,,0.5009595709998393
sub-01__jax_gpu,AMICA-Python (JAX-GPU),sub-01,2282,-1.3105347129809006,,,,,,0.49820600599923637
sub-01__jax_gpu,AMICA-Python (JAX-GPU),sub-01,2283,-1.3105346899341157,,,,,,0.499021563999122
sub-01__jax_gpu,AMICA-Python (JAX-GPU),sub-01,2284,-1.3105346667504187,,,,,,0.5033671090004646
sub-01__jax_gpu,AMICA-Python (JAX-GPU),sub-01,2285,-1.3105346433173428,,,,,,0.5010246750007354
sub-01__jax_gpu,AMICA-Python (JAX-GPU),sub-01,2286,-1.3105346200371966,,,,,,0.4997743959993386
sub-01__jax_gpu,AMICA-Python (JAX-GPU),sub-01,2287,-1.310534596446177,,,,,,0.5034100459997717
sub-01__jax_gpu,AMICA-Python (JAX-GPU),sub-01,2288,-1.310534573928664,,,,,,0.5015035319993331
sub-01__jax_gpu,AMICA-Python (JAX-GPU),sub-01,2289,-1.310534550870284,,,,,,0.498544686999594
sub-01__jax_gpu,AMICA-Python (JAX-GPU),sub-01,2290,-1.3105345276247389,,,,,,0.5025743560017872
sub-01__jax_gpu,AMICA-Python (JAX-GPU),sub-01,2291,-1.3105345041953405,,,,,,0.500605971999903
sub-01__jax_gpu,AMICA-Python (JAX-GPU),sub-01,2292,-1.310534481090613,,,,,,0.5012490280005295
sub-01__jax_gpu,AMICA-Python (JAX-GPU),sub-01,2293,-1.3105344577544529,,,,,,0.4991244309985632
sub-01__jax_gpu,AMICA-Python (JAX-GPU),sub-01,2294,-1.3105344346268386,,,,,,0.5002831149995473
sub-01__jax_gpu,AMICA-Python (JAX-GPU),sub-01,2295,-1.3105344113751727,,,,,,0.498657276000813
sub-01__jax_gpu,AMICA-Python (JAX-GPU),sub-01,2296,-1.3105343883595428,,,,,,0.49890238699845213
sub-01__jax_gpu,AMICA-Python (JAX-GPU),sub-01,2297,-1.310534365255943,,,,,,0.49996936400020786
sub-01__jax_gpu,AMICA-Python (JAX-GPU),sub-01,2298,-1.3105343418225712,,,,,,0.5000813850001578
sub-01__jax_gpu,AMICA-Python (JAX-GPU),sub-01,2299,-1.3105343181541333,,,,,,0.5014161470007821
sub-01__jax_gpu,AMICA-Python (JAX-GPU),sub-01,2300,-1.3105342953413204,,,,,,0.5001104619987018
sub-01__jax_gpu,AMICA-Python (JAX-GPU),sub-01,2301,-1.3105342722451692,,,,,,0.5010683790005714
sub-01__jax_gpu,AMICA-Python (JAX-GPU),sub-01,2302,-1.3105342489369858,,,,,,0.49910780299978796
sub-01__jax_gpu,AMICA-Python (JAX-GPU),sub-01,2303,-1.3105342264444455,,,,,,0.49895545599974866
sub-01__jax_gpu,AMICA-Python (JAX-GPU),sub-01,2304,-1.310534203428458,,,,,,0.49934136400042917
sub-01__jax_gpu,AMICA-Python (JAX-GPU),sub-01,2305,-1.3105341806020308,,,,,,0.500476900000649
sub-01__jax_gpu,AMICA-Python (JAX-GPU),sub-01,2306,-1.3105341580764733,,,,,,0.500820184000986
sub-01__jax_gpu,AMICA-Python (JAX-GPU),sub-01,2307,-1.3105341348861108,,,,,,0.5014543449997291
sub-01__jax_gpu,AMICA-Python (JAX-GPU),sub-01,2308,-1.3105341120218386,,,,,,0.4950585949991364
sub-01__jax_gpu,AMICA-Python (JAX-GPU),sub-01,2309,-1.3105340894850033,,,,,,0.4953553270006523
sub-01__jax_gpu,AMICA-Python (JAX-GPU),sub-01,2310,-1.310534066523643,,,,,,0.49864309700024023
sub-01__jax_gpu,AMICA-Python (JAX-GPU),sub-01,2311,-1.3105340436103257,,,,,,0.4957679929993901
sub-01__jax_gpu,AMICA-Python (JAX-GPU),sub-01,2312,-1.3105340209442686,,,,,,0.4949933959996997
sub-01__jax_gpu,AMICA-Python (JAX-GPU),sub-01,2313,-1.310533999206284,,,,,,0.4979378940006427
sub-01__jax_gpu,AMICA-Python (JAX-GPU),sub-01,2314,-1.3105339766312936,,,,,,0.49578564500006905
sub-01__jax_gpu,AMICA-Python (JAX-GPU),sub-01,2315,-1.3105339540583134,,,,,,0.49848082000062277
sub-01__jax_gpu,AMICA-Python (JAX-GPU),sub-01,2316,-1.310533931911553,,,,,,0.495952090001083
sub-01__jax_gpu,AMICA-Python (JAX-GPU),sub-01,2317,-1.3105339091914852,,,,,,0.4983331760013243
sub-01__jax_gpu,AMICA-Python (JAX-GPU),sub-01,2318,-1.3105338869360663,,,,,,0.49547216500104696
sub-01__jax_gpu,AMICA-Python (JAX-GPU),sub-01,2319,-1.310533864579782,,,,,,0.5046029339991946
sub-01__jax_gpu,AMICA-Python (JAX-GPU),sub-01,2320,-1.3105338420537955,,,,,,0.4985760979998304
sub-01__jax_gpu,AMICA-Python (JAX-GPU),sub-01,2321,-1.3105338200331207,,,,,,0.5000258070012933
sub-01__jax_gpu,AMICA-Python (JAX-GPU),sub-01,2322,-1.310533797513294,,,,,,0.49729450800077757
sub-01__jax_gpu,AMICA-Python (JAX-GPU),sub-01,2323,-1.310533775326448,,,,,,0.4984384859999409
sub-01__jax_gpu,AMICA-Python (JAX-GPU),sub-01,2324,-1.3105337530642602,,,,,,0.4982431919997907
sub-01__jax_gpu,AMICA-Python (JAX-GPU),sub-01,2325,-1.310533731049686,,,,,,0.4997969390005892
sub-01__jax_gpu,AMICA-Python (JAX-GPU),sub-01,2326,-1.3105337091939244,,,,,,0.49783791600020777
sub-01__jax_gpu,AMICA-Python (JAX-GPU),sub-01,2327,-1.3105336870480142,,,,,,0.499118075998922
sub-01__jax_gpu,AMICA-Python (JAX-GPU),sub-01,2328,-1.3105336652081103,,,,,,0.49779039599889074
sub-01__jax_gpu,AMICA-Python (JAX-GPU),sub-01,2329,-1.3105336430291834,,,,,,0.49674709400096617
sub-01__jax_gpu,AMICA-Python (JAX-GPU),sub-01,2330,-1.3105336210676763,,,,,,0.5033234160000575
sub-01__jax_gpu,AMICA-Python (JAX-GPU),sub-01,2331,-1.3105335994560132,,,,,,0.5097229709990643
sub-01__jax_gpu,AMICA-Python (JAX-GPU),sub-01,2332,-1.3105335774389508,,,,,,0.49946965700110013
sub-01__jax_gpu,AMICA-Python (JAX-GPU),sub-01,2333,-1.310533555290928,,,,,,0.5013039280001976
sub-01__jax_gpu,AMICA-Python (JAX-GPU),sub-01,2334,-1.3105335336653334,,,,,,0.501760461998856
sub-01__jax_gpu,AMICA-Python (JAX-GPU),sub-01,2335,-1.3105335121832593,,,,,,0.5144067390010605
sub-01__jax_gpu,AMICA-Python (JAX-GPU),sub-01,2336,-1.3105334904999433,,,,,,0.5004547280004772
sub-01__jax_gpu,AMICA-Python (JAX-GPU),sub-01,2337,-1.3105334691004407,,,,,,0.5030147130000842
sub-01__jax_gpu,AMICA-Python (JAX-GPU),sub-01,2338,-1.3105334475198374,,,,,,0.49958101700030966
sub-01__jax_gpu,AMICA-Python (JAX-GPU),sub-01,2339,-1.3105334258479286,,,,,,0.5014335439991555
sub-01__jax_gpu,AMICA-Python (JAX-GPU),sub-01,2340,-1.3105334039776855,,,,,,0.4991777640007058
sub-01__jax_gpu,AMICA-Python (JAX-GPU),sub-01,2341,-1.3105333826417083,,,,,,0.5025392179995833
sub-01__jax_gpu,AMICA-Python (JAX-GPU),sub-01,2342,-1.3105333611840153,,,,,,0.4992254079988925
sub-01__jax_gpu,AMICA-Python (JAX-GPU),sub-01,2343,-1.3105333397129981,,,,,,0.4990857020002295
sub-01__jax_gpu,AMICA-Python (JAX-GPU),sub-01,2344,-1.3105333179954777,,,,,,0.5008370449995709
sub-01__jax_gpu,AMICA-Python (JAX-GPU),sub-01,2345,-1.310533296668558,,,,,,0.49936232599975483
sub-01__jax_gpu,AMICA-Python (JAX-GPU),sub-01,2346,-1.3105332751180678,,,,,,0.5006210770006874
sub-01__jax_gpu,AMICA-Python (JAX-GPU),sub-01,2347,-1.3105332538588597,,,,,,0.500776938000854
sub-01__jax_gpu,AMICA-Python (JAX-GPU),sub-01,2348,-1.3105332328894257,,,,,,0.4993288770001527
sub-01__jax_gpu,AMICA-Python (JAX-GPU),sub-01,2349,-1.3105332115726969,,,,,,0.50019174100089
sub-01__jax_gpu,AMICA-Python (JAX-GPU),sub-01,2350,-1.3105331902951887,,,,,,0.4986742189994402
sub-01__jax_gpu,AMICA-Python (JAX-GPU),sub-01,2351,-1.3105331690082598,,,,,,0.5009072449993255
sub-01__jax_gpu,AMICA-Python (JAX-GPU),sub-01,2352,-1.3105331475963105,,,,,,0.49864231399988057
sub-01__jax_gpu,AMICA-Python (JAX-GPU),sub-01,2353,-1.3105331263692033,,,,,,0.49778724600037094
sub-01__jax_gpu,AMICA-Python (JAX-GPU),sub-01,2354,-1.3105331052153262,,,,,,0.49874150899995584
sub-01__jax_gpu,AMICA-Python (JAX-GPU),sub-01,2355,-1.3105330839100107,,,,,,0.49838606599951163
sub-01__jax_gpu,AMICA-Python (JAX-GPU),sub-01,2356,-1.3105330627068321,,,,,,0.498361763999128
sub-01__jax_gpu,AMICA-Python (JAX-GPU),sub-01,2357,-1.3105330417080403,,,,,,0.5004216469988023
sub-01__jax_gpu,AMICA-Python (JAX-GPU),sub-01,2358,-1.3105330208693846,,,,,,0.49974448300054064
sub-01__jax_gpu,AMICA-Python (JAX-GPU),sub-01,2359,-1.3105329997569333,,,,,,0.49818822300039756
sub-01__jax_gpu,AMICA-Python (JAX-GPU),sub-01,2360,-1.310532978533302,,,,,,0.4984611780000705
sub-01__jax_gpu,AMICA-Python (JAX-GPU),sub-01,2361,-1.3105329573874342,,,,,,0.49763294600052177
sub-01__jax_gpu,AMICA-Python (JAX-GPU),sub-01,2362,-1.3105329365251868,,,,,,0.4997753229999944
sub-01__jax_gpu,AMICA-Python (JAX-GPU),sub-01,2363,-1.3105329153688234,,,,,,0.4983337310004572
sub-01__jax_gpu,AMICA-Python (JAX-GPU),sub-01,2364,-1.3105328941730061,,,,,,0.49837117700008093
sub-01__jax_gpu,AMICA-Python (JAX-GPU),sub-01,2365,-1.3105328728680044,,,,,,0.49845870599892805
sub-01__jax_gpu,AMICA-Python (JAX-GPU),sub-01,2366,-1.3105328517131434,,,,,,0.49957464699946286
sub-01__jax_gpu,AMICA-Python (JAX-GPU),sub-01,2367,-1.3105328308805761,,,,,,0.4984738759994798
sub-01__jax_gpu,AMICA-Python (JAX-GPU),sub-01,2368,-1.3105328097210356,,,,,,0.4933846959993389
sub-01__jax_gpu,AMICA-Python (JAX-GPU),sub-01,2369,-1.310532788758052,,,,,,0.49292246000004525
sub-01__jax_gpu,AMICA-Python (JAX-GPU),sub-01,2370,-1.3105327677966512,,,,,,0.49504722299934656
sub-01__jax_gpu,AMICA-Python (JAX-GPU),sub-01,2371,-1.3105327464473893,,,,,,0.4952570259993081
sub-01__jax_gpu,AMICA-Python (JAX-GPU),sub-01,2372,-1.3105327252659908,,,,,,0.4959839080001984
sub-01__jax_gpu,AMICA-Python (JAX-GPU),sub-01,2373,-1.3105327041642783,,,,,,0.49635367499831773
sub-01__jax_gpu,AMICA-Python (JAX-GPU),sub-01,2374,-1.3105326832423883,,,,,,0.4989966020002612
sub-01__jax_gpu,AMICA-Python (JAX-GPU),sub-01,2375,-1.31053266250521,,,,,,0.4964398669999355
sub-01__jax_gpu,AMICA-Python (JAX-GPU),sub-01,2376,-1.3105326418283725,,,,,,0.4968847130003269
sub-01__jax_gpu,AMICA-Python (JAX-GPU),sub-01,2377,-1.3105326214157993,,,,,,0.4959095289996185
sub-01__jax_gpu,AMICA-Python (JAX-GPU),sub-01,2378,-1.310532600512623,,,,,,0.49540624900146213
sub-01__jax_gpu,AMICA-Python (JAX-GPU),sub-01,2379,-1.3105325794061529,,,,,,0.4968537650001963
sub-01__jax_gpu,AMICA-Python (JAX-GPU),sub-01,2380,-1.3105325589021013,,,,,,0.49810085799981607
sub-01__jax_gpu,AMICA-Python (JAX-GPU),sub-01,2381,-1.3105325380020314,,,,,,0.4968901989996084
sub-01__jax_gpu,AMICA-Python (JAX-GPU),sub-01,2382,-1.310532517472722,,,,,,0.4997710880015802
sub-01__jax_gpu,AMICA-Python (JAX-GPU),sub-01,2383,-1.310532496778256,,,,,,0.49726299199937785
sub-01__jax_gpu,AMICA-Python (JAX-GPU),sub-01,2384,-1.31053247596634,,,,,,0.4989066800008004
sub-01__jax_gpu,AMICA-Python (JAX-GPU),sub-01,2385,-1.3105324551926585,,,,,,0.49721506900095847
sub-01__jax_gpu,AMICA-Python (JAX-GPU),sub-01,2386,-1.3105324343776412,,,,,,0.4979419280007278
sub-01__jax_gpu,AMICA-Python (JAX-GPU),sub-01,2387,-1.3105324136601875,,,,,,0.49686353099968983
sub-01__jax_gpu,AMICA-Python (JAX-GPU),sub-01,2388,-1.310532393293744,,,,,,0.4965011730000697
sub-01__jax_gpu,AMICA-Python (JAX-GPU),sub-01,2389,-1.310532372918172,,,,,,0.4979698520000966
sub-01__jax_gpu,AMICA-Python (JAX-GPU),sub-01,2390,-1.3105323527022552,,,,,,0.4987585740000213
sub-01__jax_gpu,AMICA-Python (JAX-GPU),sub-01,2391,-1.3105323325858365,,,,,,0.49705486499988183
sub-01__jax_gpu,AMICA-Python (JAX-GPU),sub-01,2392,-1.3105323121509895,,,,,,0.49692958400009957
sub-01__jax_gpu,AMICA-Python (JAX-GPU),sub-01,2393,-1.3105322919979219,,,,,,0.49774556099873735
sub-01__jax_gpu,AMICA-Python (JAX-GPU),sub-01,2394,-1.310532271781996,,,,,,0.5049007520010491
sub-01__jax_gpu,AMICA-Python (JAX-GPU),sub-01,2395,-1.3105322513606457,,,,,,0.49795174400060205
sub-01__jax_gpu,AMICA-Python (JAX-GPU),sub-01,2396,-1.3105322309141048,,,,,,0.49764723900079844
sub-01__jax_gpu,AMICA-Python (JAX-GPU),sub-01,2397,-1.3105322106196953,,,,,,0.49808805099928577
sub-01__jax_gpu,AMICA-Python (JAX-GPU),sub-01,2398,-1.3105321902205924,,,,,,0.4982975489983801
sub-01__jax_gpu,AMICA-Python (JAX-GPU),sub-01,2399,-1.3105321699200023,,,,,,0.49927641999966
sub-01__jax_gpu,AMICA-Python (JAX-GPU),sub-01,2400,-1.3105321496853441,,,,,,0.5003656709995994
sub-01__jax_gpu,AMICA-Python (JAX-GPU),sub-01,2401,-1.3105321293009609,,,,,,0.49914005500068015
sub-01__jax_gpu,AMICA-Python (JAX-GPU),sub-01,2402,-1.310532109094966,,,,,,0.4981260789991211
sub-01__jax_gpu,AMICA-Python (JAX-GPU),sub-01,2403,-1.3105320892043715,,,,,,0.4995165210002597
sub-01__jax_gpu,AMICA-Python (JAX-GPU),sub-01,2404,-1.3105320695934064,,,,,,0.5003141849992971
sub-01__jax_gpu,AMICA-Python (JAX-GPU),sub-01,2405,-1.3105320495674966,,,,,,0.49860511900078563
sub-01__jax_gpu,AMICA-Python (JAX-GPU),sub-01,2406,-1.3105320294550962,,,,,,0.4978452080013085
sub-01__jax_gpu,AMICA-Python (JAX-GPU),sub-01,2407,-1.3105320094051782,,,,,,0.49908504399900266
sub-01__jax_gpu,AMICA-Python (JAX-GPU),sub-01,2408,-1.3105319895368752,,,,,,0.5015026469991426
sub-01__jax_gpu,AMICA-Python (JAX-GPU),sub-01,2409,-1.3105319698120117,,,,,,0.5021207839999988
sub-01__jax_gpu,AMICA-Python (JAX-GPU),sub-01,2410,-1.3105319497733405,,,,,,0.5034423820015945
sub-01__jax_gpu,AMICA-Python (JAX-GPU),sub-01,2411,-1.3105319297062885,,,,,,0.4995374520003679
sub-01__jax_gpu,AMICA-Python (JAX-GPU),sub-01,2412,-1.3105319099125994,,,,,,0.49799965800048085
sub-01__jax_gpu,AMICA-Python (JAX-GPU),sub-01,2413,-1.3105318898545535,,,,,,0.4976139049995254
sub-01__jax_gpu,AMICA-Python (JAX-GPU),sub-01,2414,-1.3105318700163622,,,,,,0.4993983559998014
sub-01__jax_gpu,AMICA-Python (JAX-GPU),sub-01,2415,-1.3105318501375336,,,,,,0.5038657040004182
sub-01__jax_gpu,AMICA-Python (JAX-GPU),sub-01,2416,-1.3105318304950522,,,,,,0.5009138469995378
sub-01__jax_gpu,AMICA-Python (JAX-GPU),sub-01,2417,-1.3105318110300963,,,,,,0.5032266929993057
sub-01__jax_gpu,AMICA-Python (JAX-GPU),sub-01,2418,-1.3105317913134187,,,,,,0.5010996950004483
sub-01__jax_gpu,AMICA-Python (JAX-GPU),sub-01,2419,-1.310531771483483,,,,,,0.5009531740015518
sub-01__jax_gpu,AMICA-Python (JAX-GPU),sub-01,2420,-1.3105317517667496,,,,,,0.4987882470013574
sub-01__jax_gpu,AMICA-Python (JAX-GPU),sub-01,2421,-1.3105317320372445,,,,,,0.49876825800129154
sub-01__jax_gpu,AMICA-Python (JAX-GPU),sub-01,2422,-1.3105317125317903,,,,,,0.4997908079985791
sub-01__jax_gpu,AMICA-Python (JAX-GPU),sub-01,2423,-1.3105316929480402,,,,,,0.5016943189984886
sub-01__jax_gpu,AMICA-Python (JAX-GPU),sub-01,2424,-1.3105316735392256,,,,,,0.5010878430002776
sub-01__jax_gpu,AMICA-Python (JAX-GPU),sub-01,2425,-1.3105316539122085,,,,,,0.499192334998952
sub-01__jax_gpu,AMICA-Python (JAX-GPU),sub-01,2426,-1.3105316342460682,,,,,,0.5014783699989493
sub-01__jax_gpu,AMICA-Python (JAX-GPU),sub-01,2427,-1.3105316145947072,,,,,,0.49964994200126966
sub-01__jax_gpu,AMICA-Python (JAX-GPU),sub-01,2428,-1.310531594845581,,,,,,0.49811159599994426
sub-01__jax_gpu,AMICA-Python (JAX-GPU),sub-01,2429,-1.3105315756791776,,,,,,0.4958355559992924
sub-01__jax_gpu,AMICA-Python (JAX-GPU),sub-01,2430,-1.310531556354414,,,,,,0.4935526299996127
sub-01__jax_gpu,AMICA-Python (JAX-GPU),sub-01,2431,-1.3105315369371244,,,,,,0.49344798600031936
sub-01__jax_gpu,AMICA-Python (JAX-GPU),sub-01,2432,-1.310531517533489,,,,,,0.4936099139995349
sub-01__jax_gpu,AMICA-Python (JAX-GPU),sub-01,2433,-1.310531498308248,,,,,,0.4958700980005233
sub-01__jax_gpu,AMICA-Python (JAX-GPU),sub-01,2434,-1.3105314788632005,,,,,,0.49680688499938697
sub-01__jax_gpu,AMICA-Python (JAX-GPU),sub-01,2435,-1.3105314593428405,,,,,,0.4959411170002568
sub-01__jax_gpu,AMICA-Python (JAX-GPU),sub-01,2436,-1.310531440176014,,,,,,0.494853915000931
sub-01__jax_gpu,AMICA-Python (JAX-GPU),sub-01,2437,-1.3105314209110313,,,,,,0.4939757060001284
sub-01__jax_gpu,AMICA-Python (JAX-GPU),sub-01,2438,-1.3105314020302712,,,,,,0.495916115
sub-01__jax_gpu,AMICA-Python (JAX-GPU),sub-01,2439,-1.310531382969174,,,,,,0.49547992299994803
sub-01__jax_gpu,AMICA-Python (JAX-GPU),sub-01,2440,-1.3105313637250082,,,,,,0.49823858799936716
sub-01__jax_gpu,AMICA-Python (JAX-GPU),sub-01,2441,-1.3105313445213618,,,,,,0.4968404270002793
sub-01__jax_gpu,AMICA-Python (JAX-GPU),sub-01,2442,-1.3105313252366382,,,,,,0.5165666269986104
sub-01__jax_gpu,AMICA-Python (JAX-GPU),sub-01,2443,-1.3105313062417943,,,,,,0.49937298899931193
sub-01__jax_gpu,AMICA-Python (JAX-GPU),sub-01,2444,-1.3105312871894705,,,,,,0.49723194900070666
sub-01__jax_gpu,AMICA-Python (JAX-GPU),sub-01,2445,-1.3105312680680188,,,,,,0.4992536909994669
sub-01__jax_gpu,AMICA-Python (JAX-GPU),sub-01,2446,-1.3105312491223413,,,,,,0.4984386910000467
sub-01__jax_gpu,AMICA-Python (JAX-GPU),sub-01,2447,-1.3105312301971261,,,,,,0.4965773010007979
sub-01__jax_gpu,AMICA-Python (JAX-GPU),sub-01,2448,-1.310531211250663,,,,,,0.4996244840003783
sub-01__jax_gpu,AMICA-Python (JAX-GPU),sub-01,2449,-1.3105311921701688,,,,,,0.4983115560007718
sub-01__jax_gpu,AMICA-Python (JAX-GPU),sub-01,2450,-1.3105311731386624,,,,,,0.4995569999991858
sub-01__jax_gpu,AMICA-Python (JAX-GPU),sub-01,2451,-1.3105311543058564,,,,,,0.4990358439990814
sub-01__jax_gpu,AMICA-Python (JAX-GPU),sub-01,2452,-1.3105311351702649,,,,,,0.4993907890002447
sub-01__jax_gpu,AMICA-Python (JAX-GPU),sub-01,2453,-1.3105311162168205,,,,,,0.4969526719996793
sub-01__jax_gpu,AMICA-Python (JAX-GPU),sub-01,2454,-1.310531097241838,,,,,,0.4974431570008164
sub-01__jax_gpu,AMICA-Python (JAX-GPU),sub-01,2455,-1.310531078429776,,,,,,0.4976484579983662
sub-01__jax_gpu,AMICA-Python (JAX-GPU),sub-01,2456,-1.3105310592697736,,,,,,0.49771022599998105
sub-01__jax_gpu,AMICA-Python (JAX-GPU),sub-01,2457,-1.3105310404542694,,,,,,0.4976706630004628
sub-01__jax_gpu,AMICA-Python (JAX-GPU),sub-01,2458,-1.3105310216925097,,,,,,0.5000647699998808
sub-01__jax_gpu,AMICA-Python (JAX-GPU),sub-01,2459,-1.3105310026364225,,,,,,0.49782859300103155
sub-01__jax_gpu,AMICA-Python (JAX-GPU),sub-01,2460,-1.3105309835995838,,,,,,0.49677098500069405
sub-01__jax_gpu,AMICA-Python (JAX-GPU),sub-01,2461,-1.31053096486749,,,,,,0.4990117349989305
sub-01__jax_gpu,AMICA-Python (JAX-GPU),sub-01,2462,-1.3105309460836323,,,,,,0.49891501300044183
sub-01__jax_gpu,AMICA-Python (JAX-GPU),sub-01,2463,-1.310530927223775,,,,,,0.4988977810007782
sub-01__jax_gpu,AMICA-Python (JAX-GPU),sub-01,2464,-1.3105309086224965,,,,,,0.5021946849992673
sub-01__jax_gpu,AMICA-Python (JAX-GPU),sub-01,2465,-1.310530889806216,,,,,,0.4995295660010015
sub-01__jax_gpu,AMICA-Python (JAX-GPU),sub-01,2466,-1.3105308708199932,,,,,,0.49928921699938655
sub-01__jax_gpu,AMICA-Python (JAX-GPU),sub-01,2467,-1.3105308520948238,,,,,,0.49828340800013393
sub-01__jax_gpu,AMICA-Python (JAX-GPU),sub-01,2468,-1.3105308334054429,,,,,,0.4991814839995641
sub-01__jax_gpu,AMICA-Python (JAX-GPU),sub-01,2469,-1.3105308147961938,,,,,,0.49900128500121355
sub-01__jax_gpu,AMICA-Python (JAX-GPU),sub-01,2470,-1.3105307961595272,,,,,,0.4996618290006154
sub-01__jax_gpu,AMICA-Python (JAX-GPU),sub-01,2471,-1.3105307776279083,,,,,,0.4975902619989938
sub-01__jax_gpu,AMICA-Python (JAX-GPU),sub-01,2472,-1.3105307591388375,,,,,,0.49782739200054493
sub-01__jax_gpu,AMICA-Python (JAX-GPU),sub-01,2473,-1.3105307405709135,,,,,,0.4970509969989507
sub-01__jax_gpu,AMICA-Python (JAX-GPU),sub-01,2474,-1.3105307219707594,,,,,,0.49930096800017054
sub-01__jax_gpu,AMICA-Python (JAX-GPU),sub-01,2475,-1.3105307033803062,,,,,,0.4990939539984538
sub-01__jax_gpu,AMICA-Python (JAX-GPU),sub-01,2476,-1.3105306848712626,,,,,,0.5030920320004952
sub-01__jax_gpu,AMICA-Python (JAX-GPU),sub-01,2477,-1.3105306665235266,,,,,,0.500826675001008
sub-01__jax_gpu,AMICA-Python (JAX-GPU),sub-01,2478,-1.3105306479531647,,,,,,0.5008324239988724
sub-01__jax_gpu,AMICA-Python (JAX-GPU),sub-01,2479,-1.3105306296001626,,,,,,0.5009032190009748
sub-01__jax_gpu,AMICA-Python (JAX-GPU),sub-01,2480,-1.3105306111025383,,,,,,0.5060960970004089
sub-01__jax_gpu,AMICA-Python (JAX-GPU),sub-01,2481,-1.3105305925995823,,,,,,0.5008060810014285
sub-01__jax_gpu,AMICA-Python (JAX-GPU),sub-01,2482,-1.3105305744750795,,,,,,0.5012940219985467
sub-01__jax_gpu,AMICA-Python (JAX-GPU),sub-01,2483,-1.3105305561265783,,,,,,0.5009863720006251
sub-01__jax_gpu,AMICA-Python (JAX-GPU),sub-01,2484,-1.3105305378077408,,,,,,0.5030057010008022
sub-01__jax_gpu,AMICA-Python (JAX-GPU),sub-01,2485,-1.3105305194872574,,,,,,0.4998239010001271
sub-01__jax_gpu,AMICA-Python (JAX-GPU),sub-01,2486,-1.3105305013411994,,,,,,0.5015831509990676
sub-01__jax_gpu,AMICA-Python (JAX-GPU),sub-01,2487,-1.3105304831060365,,,,,,0.5003594340014388
sub-01__jax_gpu,AMICA-Python (JAX-GPU),sub-01,2488,-1.310530464904176,,,,,,0.49805559999913385
sub-01__jax_gpu,AMICA-Python (JAX-GPU),sub-01,2489,-1.3105304466495058,,,,,,0.4954987630007963
sub-01__jax_gpu,AMICA-Python (JAX-GPU),sub-01,2490,-1.3105304284642414,,,,,,0.49714740899980825
sub-01__jax_gpu,AMICA-Python (JAX-GPU),sub-01,2491,-1.3105304102499882,,,,,,0.499450536999575
sub-01__jax_gpu,AMICA-Python (JAX-GPU),sub-01,2492,-1.310530392253455,,,,,,0.5014558929997293
sub-01__jax_gpu,AMICA-Python (JAX-GPU),sub-01,2493,-1.310530374121196,,,,,,0.5073711649984034
sub-01__jax_gpu,AMICA-Python (JAX-GPU),sub-01,2494,-1.3105303561416062,,,,,,0.5103047840002546
sub-01__jax_gpu,AMICA-Python (JAX-GPU),sub-01,2495,-1.3105303381318303,,,,,,0.5029149279998819
sub-01__jax_gpu,AMICA-Python (JAX-GPU),sub-01,2496,-1.3105303202067253,,,,,,0.5001199550006277
sub-01__jax_gpu,AMICA-Python (JAX-GPU),sub-01,2497,-1.3105303022206423,,,,,,0.4987027669994859
sub-01__jax_gpu,AMICA-Python (JAX-GPU),sub-01,2498,-1.3105302842706683,,,,,,0.4968089379999583
sub-01__jax_gpu,AMICA-Python (JAX-GPU),sub-01,2499,-1.3105302662382554,,,,,,0.49739682400104357
sub-01__jax_gpu,AMICA-Python (JAX-GPU),sub-01,2500,-1.3105302483114245,,,,,,0.5093844370003353
sub-01__jax_gpu,AMICA-Python (JAX-GPU),sub-01,2501,-1.3105302303699917,,,,,,0.5041660060014692
sub-01__jax_gpu,AMICA-Python (JAX-GPU),sub-01,2502,-1.3105302125153668,,,,,,0.5036036649999005
sub-01__jax_gpu,AMICA-Python (JAX-GPU),sub-01,2503,-1.3105301948915873,,,,,,0.5019064110001636
sub-01__jax_gpu,AMICA-Python (JAX-GPU),sub-01,2504,-1.3105301769356752,,,,,,0.4991510230011045
sub-01__jax_gpu,AMICA-Python (JAX-GPU),sub-01,2505,-1.3105301591012848,,,,,,0.5021398200005933
sub-01__jax_gpu,AMICA-Python (JAX-GPU),sub-01,2506,-1.3105301413965913,,,,,,0.5008047629999055
sub-01__jax_gpu,AMICA-Python (JAX-GPU),sub-01,2507,-1.3105301236234341,,,,,,0.49753974600025686
sub-01__jax_gpu,AMICA-Python (JAX-GPU),sub-01,2508,-1.310530105879138,,,,,,0.5040518730002077
sub-01__jax_gpu,AMICA-Python (JAX-GPU),sub-01,2509,-1.310530088039435,,,,,,0.5106638819997897
sub-01__jax_gpu,AMICA-Python (JAX-GPU),sub-01,2510,-1.3105300704450336,,,,,,0.5077614580004592
sub-01__jax_gpu,AMICA-Python (JAX-GPU),sub-01,2511,-1.3105300529978272,,,,,,0.5062713450006413
sub-01__jax_gpu,AMICA-Python (JAX-GPU),sub-01,2512,-1.3105300357667586,,,,,,0.5089186109998991
sub-01__jax_gpu,AMICA-Python (JAX-GPU),sub-01,2513,-1.3105300181505266,,,,,,0.501995934999286
sub-01__jax_gpu,AMICA-Python (JAX-GPU),sub-01,2514,-1.310530000688872,,,,,,0.5165576629988209
sub-01__jax_gpu,AMICA-Python (JAX-GPU),sub-01,2515,-1.310529983220623,,,,,,0.5399743359994318
sub-01__jax_gpu,AMICA-Python (JAX-GPU),sub-01,2516,-1.3105299657683502,,,,,,0.5106194609998056
sub-01__jax_gpu,AMICA-Python (JAX-GPU),sub-01,2517,-1.31052994822917,,,,,,0.5141462160008814
sub-01__jax_gpu,AMICA-Python (JAX-GPU),sub-01,2518,-1.310529930870624,,,,,,0.5173395309993793
sub-01__jax_gpu,AMICA-Python (JAX-GPU),sub-01,2519,-1.3105299134886095,,,,,,0.5059453710000525
sub-01__jax_gpu,AMICA-Python (JAX-GPU),sub-01,2520,-1.3105298961160476,,,,,,0.5095246750006481
sub-01__jax_gpu,AMICA-Python (JAX-GPU),sub-01,2521,-1.3105298787206792,,,,,,0.5204780279982515
sub-01__jax_gpu,AMICA-Python (JAX-GPU),sub-01,2522,-1.3105298616150292,,,,,,0.511691398000039
sub-01__jax_gpu,AMICA-Python (JAX-GPU),sub-01,2523,-1.3105298442968758,,,,,,0.5054832770001667
sub-01__jax_gpu,AMICA-Python (JAX-GPU),sub-01,2524,-1.3105298271060548,,,,,,0.5162057859997731
sub-01__jax_gpu,AMICA-Python (JAX-GPU),sub-01,2525,-1.3105298099637577,,,,,,0.5128571949990146
sub-01__jax_gpu,AMICA-Python (JAX-GPU),sub-01,2526,-1.3105297927060495,,,,,,0.5042202100012219
sub-01__jax_gpu,AMICA-Python (JAX-GPU),sub-01,2527,-1.3105297755796372,,,,,,0.5179712480003218
sub-01__jax_gpu,AMICA-Python (JAX-GPU),sub-01,2528,-1.3105297583837885,,,,,,0.5192501999990782
sub-01__jax_gpu,AMICA-Python (JAX-GPU),sub-01,2529,-1.3105297413691743,,,,,,0.5078778890001558
sub-01__jax_gpu,AMICA-Python (JAX-GPU),sub-01,2530,-1.3105297242440241,,,,,,0.5062086029993225
sub-01__jax_gpu,AMICA-Python (JAX-GPU),sub-01,2531,-1.3105297070304098,,,,,,0.51037235900003
sub-01__jax_gpu,AMICA-Python (JAX-GPU),sub-01,2532,-1.3105296899248635,,,,,,0.5088879920003819
sub-01__jax_gpu,AMICA-Python (JAX-GPU),sub-01,2533,-1.310529672876514,,,,,,0.5174952249999478
sub-01__jax_gpu,AMICA-Python (JAX-GPU),sub-01,2534,-1.3105296558521695,,,,,,0.5163236770004005
sub-01__jax_gpu,AMICA-Python (JAX-GPU),sub-01,2535,-1.3105296387285754,,,,,,0.5291896779999661
sub-01__jax_gpu,AMICA-Python (JAX-GPU),sub-01,2536,-1.310529621718887,,,,,,0.522670725998978
sub-01__jax_gpu,AMICA-Python (JAX-GPU),sub-01,2537,-1.3105296047031751,,,,,,0.5230490249996365
sub-01__jax_gpu,AMICA-Python (JAX-GPU),sub-01,2538,-1.3105295878271537,,,,,,0.5292602520003129
sub-01__jax_gpu,AMICA-Python (JAX-GPU),sub-01,2539,-1.3105295709405358,,,,,,0.5493070289994648
sub-01__jax_gpu,AMICA-Python (JAX-GPU),sub-01,2540,-1.310529554048657,,,,,,0.5645107710006414
sub-01__jax_gpu,AMICA-Python (JAX-GPU),sub-01,2541,-1.3105295371949215,,,,,,0.5211720679999416
sub-01__jax_gpu,AMICA-Python (JAX-GPU),sub-01,2542,-1.3105295204120688,,,,,,0.5105397520001134
sub-01__jax_gpu,AMICA-Python (JAX-GPU),sub-01,2543,-1.3105295036961584,,,,,,0.5306658010013052
sub-01__jax_gpu,AMICA-Python (JAX-GPU),sub-01,2544,-1.3105294868671005,,,,,,0.5153177409993077
sub-01__jax_gpu,AMICA-Python (JAX-GPU),sub-01,2545,-1.3105294701765664,,,,,,0.5118554020009469
sub-01__jax_gpu,AMICA-Python (JAX-GPU),sub-01,2546,-1.310529453343978,,,,,,0.5663887909995537
sub-01__jax_gpu,AMICA-Python (JAX-GPU),sub-01,2547,-1.3105294364743236,,,,,,0.5261489240001538
sub-01__jax_gpu,AMICA-Python (JAX-GPU),sub-01,2548,-1.310529419642184,,,,,,0.5533992189994024
sub-01__jax_gpu,AMICA-Python (JAX-GPU),sub-01,2549,-1.310529402951619,,,,,,0.5346812320003664
sub-01__jax_gpu,AMICA-Python (JAX-GPU),sub-01,2550,-1.3105293863910348,,,,,,0.5032993940003507
sub-01__jax_gpu,AMICA-Python (JAX-GPU),sub-01,2551,-1.3105293695932954,,,,,,0.5204457009986072
sub-01__jax_gpu,AMICA-Python (JAX-GPU),sub-01,2552,-1.3105293529052362,,,,,,0.5205648139999539
sub-01__jax_gpu,AMICA-Python (JAX-GPU),sub-01,2553,-1.3105293361368977,,,,,,0.543180561000554
sub-01__jax_gpu,AMICA-Python (JAX-GPU),sub-01,2554,-1.3105293194840961,,,,,,0.5135952880009427
sub-01__jax_gpu,AMICA-Python (JAX-GPU),sub-01,2555,-1.310529302941796,,,,,,0.5007512620013586
sub-01__jax_gpu,AMICA-Python (JAX-GPU),sub-01,2556,-1.3105292863286213,,,,,,0.5149936960006016
sub-01__jax_gpu,AMICA-Python (JAX-GPU),sub-01,2557,-1.3105292697652942,,,,,,0.5483289359999617
sub-01__jax_gpu,AMICA-Python (JAX-GPU),sub-01,2558,-1.31052925313079,,,,,,0.5500002679982572
sub-01__jax_gpu,AMICA-Python (JAX-GPU),sub-01,2559,-1.3105292365589591,,,,,,0.52120446400113
sub-01__jax_gpu,AMICA-Python (JAX-GPU),sub-01,2560,-1.3105292200719096,,,,,,0.5119550819999859
sub-01__jax_gpu,AMICA-Python (JAX-GPU),sub-01,2561,-1.3105292035362939,,,,,,0.5114541350012587
sub-01__jax_gpu,AMICA-Python (JAX-GPU),sub-01,2562,-1.3105291871303348,,,,,,0.5189281590010069
sub-01__jax_gpu,AMICA-Python (JAX-GPU),sub-01,2563,-1.310529170569624,,,,,,0.5286748929993337
sub-01__jax_gpu,AMICA-Python (JAX-GPU),sub-01,2564,-1.3105291542277115,,,,,,0.5222023730002547
sub-01__jax_gpu,AMICA-Python (JAX-GPU),sub-01,2565,-1.310529137744395,,,,,,0.5321445669997047
sub-01__jax_gpu,AMICA-Python (JAX-GPU),sub-01,2566,-1.3105291213115886,,,,,,0.5457778719992348
sub-01__jax_gpu,AMICA-Python (JAX-GPU),sub-01,2567,-1.310529104897862,,,,,,0.5528945990008651
sub-01__jax_gpu,AMICA-Python (JAX-GPU),sub-01,2568,-1.310529088544717,,,,,,0.49958662100107176
sub-01__jax_gpu,AMICA-Python (JAX-GPU),sub-01,2569,-1.3105290721124092,,,,,,0.5114633689991024
sub-01__jax_gpu,AMICA-Python (JAX-GPU),sub-01,2570,-1.310529055735803,,,,,,0.5062900850007281
sub-01__jax_gpu,AMICA-Python (JAX-GPU),sub-01,2571,-1.3105290394817577,,,,,,0.5270454780002183
sub-01__jax_gpu,AMICA-Python (JAX-GPU),sub-01,2572,-1.3105290231469837,,,,,,0.5224384880002617
sub-01__jax_gpu,AMICA-Python (JAX-GPU),sub-01,2573,-1.31052900685139,,,,,,0.5392822909998358
sub-01__jax_gpu,AMICA-Python (JAX-GPU),sub-01,2574,-1.31052899046162,,,,,,0.5469556629996077
sub-01__jax_gpu,AMICA-Python (JAX-GPU),sub-01,2575,-1.3105289741747126,,,,,,0.5169138010005554
sub-01__jax_gpu,AMICA-Python (JAX-GPU),sub-01,2576,-1.3105289580126431,,,,,,0.5058736589999171
sub-01__jax_gpu,AMICA-Python (JAX-GPU),sub-01,2577,-1.3105289417112858,,,,,,0.5074111750000156
sub-01__jax_gpu,AMICA-Python (JAX-GPU),sub-01,2578,-1.3105289254087427,,,,,,0.5098027659987565
sub-01__jax_gpu,AMICA-Python (JAX-GPU),sub-01,2579,-1.3105289090508652,,,,,,0.5070239739998215
sub-01__jax_gpu,AMICA-Python (JAX-GPU),sub-01,2580,-1.3105288927371288,,,,,,0.5045209980016807
sub-01__jax_gpu,AMICA-Python (JAX-GPU),sub-01,2581,-1.3105288765277172,,,,,,0.5045819400002074
sub-01__jax_gpu,AMICA-Python (JAX-GPU),sub-01,2582,-1.3105288603193292,,,,,,0.512036859001455
sub-01__jax_gpu,AMICA-Python (JAX-GPU),sub-01,2583,-1.3105288440511713,,,,,,0.51629188699917
sub-01__jax_gpu,AMICA-Python (JAX-GPU),sub-01,2584,-1.3105288278240725,,,,,,0.5258103199994366
sub-01__jax_gpu,AMICA-Python (JAX-GPU),sub-01,2585,-1.3105288116421008,,,,,,0.5484993219997705
sub-01__jax_gpu,AMICA-Python (JAX-GPU),sub-01,2586,-1.310528795510885,,,,,,0.5103893779996724
sub-01__jax_gpu,AMICA-Python (JAX-GPU),sub-01,2587,-1.3105287794021099,,,,,,0.5063848359986878
sub-01__jax_gpu,AMICA-Python (JAX-GPU),sub-01,2588,-1.3105287633129592,,,,,,0.519063453999479
sub-01__jax_gpu,AMICA-Python (JAX-GPU),sub-01,2589,-1.3105287472777327,,,,,,0.5151453119997313
sub-01__jax_gpu,AMICA-Python (JAX-GPU),sub-01,2590,-1.3105287311185612,,,,,,0.5288150920005137
sub-01__jax_gpu,AMICA-Python (JAX-GPU),sub-01,2591,-1.3105287150724538,,,,,,0.5120631120007602
sub-01__jax_gpu,AMICA-Python (JAX-GPU),sub-01,2592,-1.310528699081831,,,,,,0.5206645240014041
sub-01__jax_gpu,AMICA-Python (JAX-GPU),sub-01,2593,-1.3105286830983676,,,,,,0.513498112999514
sub-01__jax_gpu,AMICA-Python (JAX-GPU),sub-01,2594,-1.310528667048042,,,,,,0.5122295099990879
sub-01__jax_gpu,AMICA-Python (JAX-GPU),sub-01,2595,-1.3105286512038101,,,,,,0.5083001889997831
sub-01__jax_gpu,AMICA-Python (JAX-GPU),sub-01,2596,-1.3105286351288015,,,,,,0.5066531819993543
sub-01__jax_gpu,AMICA-Python (JAX-GPU),sub-01,2597,-1.3105286192606573,,,,,,0.5080633670004318
sub-01__jax_gpu,AMICA-Python (JAX-GPU),sub-01,2598,-1.3105286032961716,,,,,,0.5068026169992663
sub-01__jax_gpu,AMICA-Python (JAX-GPU),sub-01,2599,-1.3105285873334591,,,,,,0.501525646999653
sub-01__jax_gpu,AMICA-Python (JAX-GPU),sub-01,2600,-1.3105285712370252,,,,,,0.50116052300109
sub-01__jax_gpu,AMICA-Python (JAX-GPU),sub-01,2601,-1.3105285553742083,,,,,,0.5025709619985719
sub-01__jax_gpu,AMICA-Python (JAX-GPU),sub-01,2602,-1.3105285395175268,,,,,,0.5057548849999876
sub-01__jax_gpu,AMICA-Python (JAX-GPU),sub-01,2603,-1.3105285236940234,,,,,,0.4988542310002231
sub-01__jax_gpu,AMICA-Python (JAX-GPU),sub-01,2604,-1.3105285077234252,,,,,,0.4971032479988935
sub-01__jax_gpu,AMICA-Python (JAX-GPU),sub-01,2605,-1.3105284918880185,,,,,,0.49824863899993943
sub-01__jax_gpu,AMICA-Python (JAX-GPU),sub-01,2606,-1.3105284761148444,,,,,,0.49812614000074973
sub-01__jax_gpu,AMICA-Python (JAX-GPU),sub-01,2607,-1.3105284604956446,,,,,,0.5044868069999211
sub-01__jax_gpu,AMICA-Python (JAX-GPU),sub-01,2608,-1.310528444708624,,,,,,0.5096670669990999
sub-01__jax_gpu,AMICA-Python (JAX-GPU),sub-01,2609,-1.310528428939509,,,,,,0.5022621649986831
sub-01__jax_gpu,AMICA-Python (JAX-GPU),sub-01,2610,-1.3105284131380373,,,,,,0.5051357570009714
sub-01__jax_gpu,AMICA-Python (JAX-GPU),sub-01,2611,-1.3105283973503423,,,,,,0.500001506999979
sub-01__jax_gpu,AMICA-Python (JAX-GPU),sub-01,2612,-1.3105283817295692,,,,,,0.5167510560004303
sub-01__jax_gpu,AMICA-Python (JAX-GPU),sub-01,2613,-1.3105283661948688,,,,,,0.5145988050007873
sub-01__jax_gpu,AMICA-Python (JAX-GPU),sub-01,2614,-1.3105283503709726,,,,,,0.5137508389998402
sub-01__jax_gpu,AMICA-Python (JAX-GPU),sub-01,2615,-1.3105283346960819,,,,,,0.5112056550005946
sub-01__jax_gpu,AMICA-Python (JAX-GPU),sub-01,2616,-1.310528319157692,,,,,,0.5090674820003187
sub-01__jax_gpu,AMICA-Python (JAX-GPU),sub-01,2617,-1.3105283035075543,,,,,,0.5249749529994006
sub-01__jax_gpu,AMICA-Python (JAX-GPU),sub-01,2618,-1.310528287749688,,,,,,0.5060398650002753
sub-01__jax_gpu,AMICA-Python (JAX-GPU),sub-01,2619,-1.3105282721979559,,,,,,0.504434908998519
sub-01__jax_gpu,AMICA-Python (JAX-GPU),sub-01,2620,-1.3105282565684477,,,,,,0.5355361319998337
sub-01__jax_gpu,AMICA-Python (JAX-GPU),sub-01,2621,-1.310528240994759,,,,,,0.5124205000010988
sub-01__jax_gpu,AMICA-Python (JAX-GPU),sub-01,2622,-1.310528225344703,,,,,,0.5096419999990758
sub-01__jax_gpu,AMICA-Python (JAX-GPU),sub-01,2623,-1.310528209841895,,,,,,0.5143758159993013
sub-01__jax_gpu,AMICA-Python (JAX-GPU),sub-01,2624,-1.3105281941529472,,,,,,0.5242890490007994
sub-01__jax_gpu,AMICA-Python (JAX-GPU),sub-01,2625,-1.3105281786077012,,,,,,0.5257417080010782
sub-01__jax_gpu,AMICA-Python (JAX-GPU),sub-01,2626,-1.3105281631371708,,,,,,0.5136859539998113
sub-01__jax_gpu,AMICA-Python (JAX-GPU),sub-01,2627,-1.3105281476283566,,,,,,0.5358143100002053
sub-01__jax_gpu,AMICA-Python (JAX-GPU),sub-01,2628,-1.3105281320710247,,,,,,0.5224528439994174
sub-01__jax_gpu,AMICA-Python (JAX-GPU),sub-01,2629,-1.3105281166151685,,,,,,0.5134855340002105
sub-01__jax_gpu,AMICA-Python (JAX-GPU),sub-01,2630,-1.3105281012114698,,,,,,0.5102423710013682
sub-01__jax_gpu,AMICA-Python (JAX-GPU),sub-01,2631,-1.3105280858463149,,,,,,0.5091823059992748
sub-01__jax_gpu,AMICA-Python (JAX-GPU),sub-01,2632,-1.310528070314135,,,,,,0.511796934000813
sub-01__jax_gpu,AMICA-Python (JAX-GPU),sub-01,2633,-1.3105280549255829,,,,,,0.5039543530001538
sub-01__jax_gpu,AMICA-Python (JAX-GPU),sub-01,2634,-1.3105280395205636,,,,,,0.5033020290011336
sub-01__jax_gpu,AMICA-Python (JAX-GPU),sub-01,2635,-1.3105280240893784,,,,,,0.5080594069986546
sub-01__jax_gpu,AMICA-Python (JAX-GPU),sub-01,2636,-1.3105280085920945,,,,,,0.5071009780003806
sub-01__jax_gpu,AMICA-Python (JAX-GPU),sub-01,2637,-1.3105279932370855,,,,,,0.5070824579997861
sub-01__jax_gpu,AMICA-Python (JAX-GPU),sub-01,2638,-1.3105279779523158,,,,,,0.5050391920012771
sub-01__jax_gpu,AMICA-Python (JAX-GPU),sub-01,2639,-1.3105279628459887,,,,,,0.5046573549989262
sub-01__jax_gpu,AMICA-Python (JAX-GPU),sub-01,2640,-1.3105279473877083,,,,,,0.504956871000104
sub-01__jax_gpu,AMICA-Python (JAX-GPU),sub-01,2641,-1.3105279321613303,,,,,,0.506671668999843
sub-01__jax_gpu,AMICA-Python (JAX-GPU),sub-01,2642,-1.3105279168264332,,,,,,0.5076103640003566
sub-01__jax_gpu,AMICA-Python (JAX-GPU),sub-01,2643,-1.310527901461871,,,,,,0.5192552739990788
sub-01__jax_gpu,AMICA-Python (JAX-GPU),sub-01,2644,-1.3105278862243106,,,,,,0.5173631159996148
sub-01__jax_gpu,AMICA-Python (JAX-GPU),sub-01,2645,-1.3105278711067048,,,,,,0.5133509450006386
sub-01__jax_gpu,AMICA-Python (JAX-GPU),sub-01,2646,-1.3105278558091606,,,,,,0.5147566769992409
sub-01__jax_gpu,AMICA-Python (JAX-GPU),sub-01,2647,-1.3105278407025027,,,,,,0.518454772000041
sub-01__jax_gpu,AMICA-Python (JAX-GPU),sub-01,2648,-1.310527825316309,,,,,,0.5057121330009977
sub-01__jax_gpu,AMICA-Python (JAX-GPU),sub-01,2649,-1.3105278101438778,,,,,,0.5035416480004642
sub-01__jax_gpu,AMICA-Python (JAX-GPU),sub-01,2650,-1.3105277949357919,,,,,,0.5013658609987033
sub-01__jax_gpu,AMICA-Python (JAX-GPU),sub-01,2651,-1.31052777978242,,,,,,0.5031027570003062
sub-01__jax_gpu,AMICA-Python (JAX-GPU),sub-01,2652,-1.3105277645218851,,,,,,0.504228208999848
sub-01__jax_gpu,AMICA-Python (JAX-GPU),sub-01,2653,-1.3105277493720113,,,,,,0.5076985769992461
sub-01__jax_gpu,AMICA-Python (JAX-GPU),sub-01,2654,-1.3105277342763475,,,,,,0.5076085979999334
sub-01__jax_gpu,AMICA-Python (JAX-GPU),sub-01,2655,-1.3105277192851839,,,,,,0.5055868310009828
sub-01__jax_gpu,AMICA-Python (JAX-GPU),sub-01,2656,-1.3105277040024965,,,,,,0.5052731759988092
sub-01__jax_gpu,AMICA-Python (JAX-GPU),sub-01,2657,-1.3105276889703616,,,,,,0.5057517889999872
sub-01__jax_gpu,AMICA-Python (JAX-GPU),sub-01,2658,-1.3105276739180118,,,,,,0.5063232219999918
sub-01__jax_gpu,AMICA-Python (JAX-GPU),sub-01,2659,-1.3105276589077295,,,,,,0.5191514130001451
sub-01__jax_gpu,AMICA-Python (JAX-GPU),sub-01,2660,-1.310527643859712,,,,,,0.5084833480013913
sub-01__jax_gpu,AMICA-Python (JAX-GPU),sub-01,2661,-1.3105276288421135,,,,,,0.5080961140010913
sub-01__jax_gpu,AMICA-Python (JAX-GPU),sub-01,2662,-1.3105276138699162,,,,,,0.5017811779998738
sub-01__jax_gpu,AMICA-Python (JAX-GPU),sub-01,2663,-1.3105275988960827,,,,,,0.498200412001097
sub-01__jax_gpu,AMICA-Python (JAX-GPU),sub-01,2664,-1.3105275837436545,,,,,,0.5026681700001063
sub-01__jax_gpu,AMICA-Python (JAX-GPU),sub-01,2665,-1.3105275687148468,,,,,,0.49672970400024496
sub-01__jax_gpu,AMICA-Python (JAX-GPU),sub-01,2666,-1.3105275536715157,,,,,,0.5050929429999087
sub-01__jax_gpu,AMICA-Python (JAX-GPU),sub-01,2667,-1.3105275387764388,,,,,,0.4990420659996744
sub-01__jax_gpu,AMICA-Python (JAX-GPU),sub-01,2668,-1.3105275237576044,,,,,,0.4957608570002776
sub-01__jax_gpu,AMICA-Python (JAX-GPU),sub-01,2669,-1.3105275088896429,,,,,,0.49578409700006887
sub-01__jax_gpu,AMICA-Python (JAX-GPU),sub-01,2670,-1.3105274939496667,,,,,,0.496649308999622
sub-01__jax_gpu,AMICA-Python (JAX-GPU),sub-01,2671,-1.310527479011061,,,,,,0.49592388800010667
sub-01__jax_gpu,AMICA-Python (JAX-GPU),sub-01,2672,-1.3105274640748104,,,,,,0.49550162099876616
sub-01__jax_gpu,AMICA-Python (JAX-GPU),sub-01,2673,-1.310527449189173,,,,,,0.49539867200110166
sub-01__jax_gpu,AMICA-Python (JAX-GPU),sub-01,2674,-1.3105274342213409,,,,,,0.49658762300168746
sub-01__jax_gpu,AMICA-Python (JAX-GPU),sub-01,2675,-1.3105274194066707,,,,,,0.496704574999967
sub-01__jax_gpu,AMICA-Python (JAX-GPU),sub-01,2676,-1.3105274045737778,,,,,,0.49682332500015036
sub-01__jax_gpu,AMICA-Python (JAX-GPU),sub-01,2677,-1.310527389725612,,,,,,0.4971858400003839
sub-01__jax_gpu,AMICA-Python (JAX-GPU),sub-01,2678,-1.3105273749410662,,,,,,0.499099781998666
sub-01__jax_gpu,AMICA-Python (JAX-GPU),sub-01,2679,-1.3105273601351928,,,,,,0.49936388399873977
sub-01__jax_gpu,AMICA-Python (JAX-GPU),sub-01,2680,-1.3105273452133464,,,,,,0.49693862599997374
sub-01__jax_gpu,AMICA-Python (JAX-GPU),sub-01,2681,-1.3105273303643188,,,,,,0.497822510998958
sub-01__jax_gpu,AMICA-Python (JAX-GPU),sub-01,2682,-1.3105273155325996,,,,,,0.5010701440005505
sub-01__jax_gpu,AMICA-Python (JAX-GPU),sub-01,2683,-1.3105273007575884,,,,,,0.4991954990000522
sub-01__jax_gpu,AMICA-Python (JAX-GPU),sub-01,2684,-1.3105272859919546,,,,,,0.5056022700009635
sub-01__jax_gpu,AMICA-Python (JAX-GPU),sub-01,2685,-1.3105272712218878,,,,,,0.4986541859998397
sub-01__jax_gpu,AMICA-Python (JAX-GPU),sub-01,2686,-1.3105272564223263,,,,,,0.49973699700058205
sub-01__jax_gpu,AMICA-Python (JAX-GPU),sub-01,2687,-1.3105272416394065,,,,,,0.4996298170008231
sub-01__jax_gpu,AMICA-Python (JAX-GPU),sub-01,2688,-1.3105272268470074,,,,,,0.5032656870007486
sub-01__jax_gpu,AMICA-Python (JAX-GPU),sub-01,2689,-1.3105272122024147,,,,,,0.49939018500117527
sub-01__jax_gpu,AMICA-Python (JAX-GPU),sub-01,2690,-1.3105271976104222,,,,,,0.5034731430005195
sub-01__jax_gpu,AMICA-Python (JAX-GPU),sub-01,2691,-1.3105271828609848,,,,,,0.49905093499910436
sub-01__jax_gpu,AMICA-Python (JAX-GPU),sub-01,2692,-1.3105271681721538,,,,,,0.5009564339998178
sub-01__jax_gpu,AMICA-Python (JAX-GPU),sub-01,2693,-1.310527153454699,,,,,,0.4997379339984036
sub-01__jax_gpu,AMICA-Python (JAX-GPU),sub-01,2694,-1.310527138781304,,,,,,0.5019389499993849
sub-01__jax_gpu,AMICA-Python (JAX-GPU),sub-01,2695,-1.3105271242395269,,,,,,0.4995265070010646
sub-01__jax_gpu,AMICA-Python (JAX-GPU),sub-01,2696,-1.3105271096026934,,,,,,0.50091958899975
sub-01__jax_gpu,AMICA-Python (JAX-GPU),sub-01,2697,-1.3105270949402479,,,,,,0.49810405999960494
sub-01__jax_gpu,AMICA-Python (JAX-GPU),sub-01,2698,-1.310527080275847,,,,,,0.4995983949993388
sub-01__jax_gpu,AMICA-Python (JAX-GPU),sub-01,2699,-1.3105270656427446,,,,,,0.4991491529999621
sub-01__jax_gpu,AMICA-Python (JAX-GPU),sub-01,2700,-1.3105270510444476,,,,,,0.5005787280006189
sub-01__jax_gpu,AMICA-Python (JAX-GPU),sub-01,2701,-1.3105270363858335,,,,,,0.499922308999885
sub-01__jax_gpu,AMICA-Python (JAX-GPU),sub-01,2702,-1.3105270217416058,,,,,,0.5046804859994154
sub-01__jax_gpu,AMICA-Python (JAX-GPU),sub-01,2703,-1.310527007135607,,,,,,0.5040888969997468
sub-01__jax_gpu,AMICA-Python (JAX-GPU),sub-01,2704,-1.31052699256573,,,,,,0.5001489969999966
sub-01__jax_gpu,AMICA-Python (JAX-GPU),sub-01,2705,-1.3105269780115472,,,,,,0.49971620199903555
sub-01__jax_gpu,AMICA-Python (JAX-GPU),sub-01,2706,-1.3105269633343553,,,,,,0.5014927539996279
sub-01__jax_gpu,AMICA-Python (JAX-GPU),sub-01,2707,-1.3105269487956233,,,,,,0.5042547459997877
sub-01__jax_gpu,AMICA-Python (JAX-GPU),sub-01,2708,-1.3105269343036536,,,,,,0.5027448709988676
sub-01__jax_gpu,AMICA-Python (JAX-GPU),sub-01,2709,-1.3105269197587646,,,,,,0.501965213999938
sub-01__jax_gpu,AMICA-Python (JAX-GPU),sub-01,2710,-1.3105269052160333,,,,,,0.5002839910011971
sub-01__jax_gpu,AMICA-Python (JAX-GPU),sub-01,2711,-1.310526890718598,,,,,,0.5027928819999943
sub-01__jax_gpu,AMICA-Python (JAX-GPU),sub-01,2712,-1.3105268761881523,,,,,,0.5007731559999229
sub-01__jax_gpu,AMICA-Python (JAX-GPU),sub-01,2713,-1.3105268616809291,,,,,,0.49975642900062667
sub-01__jax_gpu,AMICA-Python (JAX-GPU),sub-01,2714,-1.310526847166778,,,,,,0.500455270999737
sub-01__jax_gpu,AMICA-Python (JAX-GPU),sub-01,2715,-1.3105268326430066,,,,,,0.5000974539998424
sub-01__jax_gpu,AMICA-Python (JAX-GPU),sub-01,2716,-1.3105268182169378,,,,,,0.5039829919987824
sub-01__jax_gpu,AMICA-Python (JAX-GPU),sub-01,2717,-1.3105268037625426,,,,,,0.4998200509999151
sub-01__jax_gpu,AMICA-Python (JAX-GPU),sub-01,2718,-1.3105267892994183,,,,,,0.4987605730002542
sub-01__jax_gpu,AMICA-Python (JAX-GPU),sub-01,2719,-1.3105267748323433,,,,,,0.5012265010009287
sub-01__jax_gpu,AMICA-Python (JAX-GPU),sub-01,2720,-1.3105267604386044,,,,,,0.500778674000685
sub-01__jax_gpu,AMICA-Python (JAX-GPU),sub-01,2721,-1.3105267460486603,,,,,,0.4989832730007038
sub-01__jax_gpu,AMICA-Python (JAX-GPU),sub-01,2722,-1.310526731542757,,,,,,0.49611558000106015
sub-01__jax_gpu,AMICA-Python (JAX-GPU),sub-01,2723,-1.3105267171313622,,,,,,0.49480562600001576
sub-01__jax_gpu,AMICA-Python (JAX-GPU),sub-01,2724,-1.3105267027257985,,,,,,0.49364386399975047
sub-01__jax_gpu,AMICA-Python (JAX-GPU),sub-01,2725,-1.3105266882889361,,,,,,0.4948397450007178
sub-01__jax_gpu,AMICA-Python (JAX-GPU),sub-01,2726,-1.3105266739042627,,,,,,0.49527908300115087
sub-01__jax_gpu,AMICA-Python (JAX-GPU),sub-01,2727,-1.3105266595469167,,,,,,0.4945743759999459
sub-01__jax_gpu,AMICA-Python (JAX-GPU),sub-01,2728,-1.3105266452643962,,,,,,0.4953939850001916
sub-01__jax_gpu,AMICA-Python (JAX-GPU),sub-01,2729,-1.3105266309053447,,,,,,0.49833503699846915
sub-01__jax_gpu,AMICA-Python (JAX-GPU),sub-01,2730,-1.3105266166090472,,,,,,0.4993402279997099
sub-01__jax_gpu,AMICA-Python (JAX-GPU),sub-01,2731,-1.310526602256486,,,,,,0.49805730499974743
sub-01__jax_gpu,AMICA-Python (JAX-GPU),sub-01,2732,-1.3105265879193966,,,,,,0.49836501500067243
sub-01__jax_gpu,AMICA-Python (JAX-GPU),sub-01,2733,-1.3105265736336078,,,,,,0.49935273000119196
sub-01__jax_gpu,AMICA-Python (JAX-GPU),sub-01,2734,-1.3105265592429611,,,,,,0.4978182260001631
sub-01__jax_gpu,AMICA-Python (JAX-GPU),sub-01,2735,-1.3105265450118186,,,,,,0.4988865249997616
sub-01__jax_gpu,AMICA-Python (JAX-GPU),sub-01,2736,-1.3105265307601546,,,,,,0.4972088539998367
sub-01__jax_gpu,AMICA-Python (JAX-GPU),sub-01,2737,-1.3105265165175983,,,,,,0.49649275399860926
sub-01__jax_gpu,AMICA-Python (JAX-GPU),sub-01,2738,-1.3105265021532007,,,,,,0.4973934729987377
sub-01__jax_gpu,AMICA-Python (JAX-GPU),sub-01,2739,-1.3105264878820064,,,,,,0.4974233809989528
sub-01__jax_gpu,AMICA-Python (JAX-GPU),sub-01,2740,-1.3105264735988469,,,,,,0.5055140849999589
sub-01__jax_gpu,AMICA-Python (JAX-GPU),sub-01,2741,-1.310526459325148,,,,,,0.4998328159999801
sub-01__jax_gpu,AMICA-Python (JAX-GPU),sub-01,2742,-1.3105264451387082,,,,,,0.49765030999878945
sub-01__jax_gpu,AMICA-Python (JAX-GPU),sub-01,2743,-1.3105264308630424,,,,,,0.4982010330004414
sub-01__jax_gpu,AMICA-Python (JAX-GPU),sub-01,2744,-1.3105264167149142,,,,,,0.4986033759996644
sub-01__jax_gpu,AMICA-Python (JAX-GPU),sub-01,2745,-1.3105264024937553,,,,,,0.5002441730011924
sub-01__jax_gpu,AMICA-Python (JAX-GPU),sub-01,2746,-1.3105263883775105,,,,,,0.49763614000039524
sub-01__jax_gpu,AMICA-Python (JAX-GPU),sub-01,2747,-1.3105263741192044,,,,,,0.501315784000326
sub-01__jax_gpu,AMICA-Python (JAX-GPU),sub-01,2748,-1.3105263600287556,,,,,,0.5012865980006609
sub-01__jax_gpu,AMICA-Python (JAX-GPU),sub-01,2749,-1.310526345841546,,,,,,0.5017564179997862
sub-01__jax_gpu,AMICA-Python (JAX-GPU),sub-01,2750,-1.310526331612313,,,,,,0.5012540370007628
sub-01__jax_gpu,AMICA-Python (JAX-GPU),sub-01,2751,-1.310526317562133,,,,,,0.5023015260012471
sub-01__jax_gpu,AMICA-Python (JAX-GPU),sub-01,2752,-1.3105263034138053,,,,,,0.49910935899970355
sub-01__jax_gpu,AMICA-Python (JAX-GPU),sub-01,2753,-1.3105262892485021,,,,,,0.5002427079998597
sub-01__jax_gpu,AMICA-Python (JAX-GPU),sub-01,2754,-1.3105262751076538,,,,,,0.5014723870008311
sub-01__jax_gpu,AMICA-Python (JAX-GPU),sub-01,2755,-1.3105262609564858,,,,,,0.499846737999178
sub-01__jax_gpu,AMICA-Python (JAX-GPU),sub-01,2756,-1.3105262468145742,,,,,,0.49928833800004213
sub-01__jax_gpu,AMICA-Python (JAX-GPU),sub-01,2757,-1.3105262328154772,,,,,,0.5000330429993483
sub-01__jax_gpu,AMICA-Python (JAX-GPU),sub-01,2758,-1.3105262187067894,,,,,,0.5025556159998814
sub-01__jax_gpu,AMICA-Python (JAX-GPU),sub-01,2759,-1.3105262046962882,,,,,,0.5009208999999828
sub-01__jax_gpu,AMICA-Python (JAX-GPU),sub-01,2760,-1.3105261906808856,,,,,,0.5045815439989383
sub-01__jax_gpu,AMICA-Python (JAX-GPU),sub-01,2761,-1.3105261766438563,,,,,,0.5018828829997801
sub-01__jax_gpu,AMICA-Python (JAX-GPU),sub-01,2762,-1.3105261625757896,,,,,,0.5008444559989584
sub-01__jax_gpu,AMICA-Python (JAX-GPU),sub-01,2763,-1.3105261485266388,,,,,,0.5028024099992763
sub-01__jax_gpu,AMICA-Python (JAX-GPU),sub-01,2764,-1.3105261345944363,,,,,,0.5004506370005402
sub-01__jax_gpu,AMICA-Python (JAX-GPU),sub-01,2765,-1.3105261207074956,,,,,,0.5000369310000679
sub-01__jax_gpu,AMICA-Python (JAX-GPU),sub-01,2766,-1.3105261067115517,,,,,,0.5005923750013608
sub-01__jax_gpu,AMICA-Python (JAX-GPU),sub-01,2767,-1.31052609271067,,,,,,0.5029069659995002
sub-01__jax_gpu,AMICA-Python (JAX-GPU),sub-01,2768,-1.3105260787648176,,,,,,0.5023202409993246
sub-01__jax_gpu,AMICA-Python (JAX-GPU),sub-01,2769,-1.310526064839667,,,,,,0.503426428000239
sub-01__jax_gpu,AMICA-Python (JAX-GPU),sub-01,2770,-1.3105260509185321,,,,,,0.5019780099992204
sub-01__jax_gpu,AMICA-Python (JAX-GPU),sub-01,2771,-1.3105260369712808,,,,,,0.5003399960005481
sub-01__jax_gpu,AMICA-Python (JAX-GPU),sub-01,2772,-1.3105260230126066,,,,,,0.5057614920006017
sub-01__jax_gpu,AMICA-Python (JAX-GPU),sub-01,2773,-1.3105260089828548,,,,,,0.5002928760004579
sub-01__jax_gpu,AMICA-Python (JAX-GPU),sub-01,2774,-1.3105259950626953,,,,,,0.49944814300033613
sub-01__jax_gpu,AMICA-Python (JAX-GPU),sub-01,2775,-1.310525981322114,,,,,,0.5004546600011963
sub-01__jax_gpu,AMICA-Python (JAX-GPU),sub-01,2776,-1.3105259674495886,,,,,,0.4993640979992051
sub-01__jax_gpu,AMICA-Python (JAX-GPU),sub-01,2777,-1.310525953526449,,,,,,0.5031814579997445
sub-01__jax_gpu,AMICA-Python (JAX-GPU),sub-01,2778,-1.3105259396986695,,,,,,0.5048136440000235
sub-01__jax_gpu,AMICA-Python (JAX-GPU),sub-01,2779,-1.3105259258971633,,,,,,0.5013864630000171
sub-01__jax_gpu,AMICA-Python (JAX-GPU),sub-01,2780,-1.3105259121276904,,,,,,0.5017679909997241
sub-01__jax_gpu,AMICA-Python (JAX-GPU),sub-01,2781,-1.310525898213607,,,,,,0.5023071720006556
sub-01__jax_gpu,AMICA-Python (JAX-GPU),sub-01,2782,-1.3105258843790568,,,,,,0.4978796470004454
sub-01__jax_gpu,AMICA-Python (JAX-GPU),sub-01,2783,-1.310525870628308,,,,,,0.495278127000347
sub-01__jax_gpu,AMICA-Python (JAX-GPU),sub-01,2784,-1.3105258567419222,,,,,,0.4943816250015516
sub-01__jax_gpu,AMICA-Python (JAX-GPU),sub-01,2785,-1.310525842876099,,,,,,0.49699783500000194
sub-01__jax_gpu,AMICA-Python (JAX-GPU),sub-01,2786,-1.3105258291088946,,,,,,0.49729699899944535
sub-01__jax_gpu,AMICA-Python (JAX-GPU),sub-01,2787,-1.3105258153356745,,,,,,0.4961746099997981
sub-01__jax_gpu,AMICA-Python (JAX-GPU),sub-01,2788,-1.310525801664868,,,,,,0.4969211860006908
sub-01__jax_gpu,AMICA-Python (JAX-GPU),sub-01,2789,-1.310525787893381,,,,,,0.49858128800042323
sub-01__jax_gpu,AMICA-Python (JAX-GPU),sub-01,2790,-1.3105257740770526,,,,,,0.5055011090007611
sub-01__jax_gpu,AMICA-Python (JAX-GPU),sub-01,2791,-1.3105257602701903,,,,,,0.49715368800025317
sub-01__jax_gpu,AMICA-Python (JAX-GPU),sub-01,2792,-1.31052574665333,,,,,,0.49725434699939797
sub-01__jax_gpu,AMICA-Python (JAX-GPU),sub-01,2793,-1.3105257329709619,,,,,,0.5006843089995527
sub-01__jax_gpu,AMICA-Python (JAX-GPU),sub-01,2794,-1.31052571907093,,,,,,0.49691559900020366
sub-01__jax_gpu,AMICA-Python (JAX-GPU),sub-01,2795,-1.3105257053372925,,,,,,0.49734048999926017
sub-01__jax_gpu,AMICA-Python (JAX-GPU),sub-01,2796,-1.310525691655687,,,,,,0.49885649899988493
sub-01__jax_gpu,AMICA-Python (JAX-GPU),sub-01,2797,-1.3105256778930545,,,,,,0.49799300899940135
sub-01__jax_gpu,AMICA-Python (JAX-GPU),sub-01,2798,-1.3105256642305807,,,,,,0.4988577330004773
sub-01__jax_gpu,AMICA-Python (JAX-GPU),sub-01,2799,-1.3105256505141516,,,,,,0.49901079399933224
sub-01__jax_gpu,AMICA-Python (JAX-GPU),sub-01,2800,-1.3105256368566345,,,,,,0.49769179899885785
sub-01__jax_gpu,AMICA-Python (JAX-GPU),sub-01,2801,-1.3105256232301126,,,,,,0.49730289699982677
sub-01__jax_gpu,AMICA-Python (JAX-GPU),sub-01,2802,-1.3105256096698181,,,,,,0.49976001499999256
sub-01__jax_gpu,AMICA-Python (JAX-GPU),sub-01,2803,-1.3105255959307662,,,,,,0.49791727000047104
sub-01__jax_gpu,AMICA-Python (JAX-GPU),sub-01,2804,-1.310525582343846,,,,,,0.5004122450009163
sub-01__jax_gpu,AMICA-Python (JAX-GPU),sub-01,2805,-1.3105255686540624,,,,,,0.4997056039992458
sub-01__jax_gpu,AMICA-Python (JAX-GPU),sub-01,2806,-1.3105255550278816,,,,,,0.4994939739990514
sub-01__jax_gpu,AMICA-Python (JAX-GPU),sub-01,2807,-1.310525541394338,,,,,,0.5017226639993169
sub-01__jax_gpu,AMICA-Python (JAX-GPU),sub-01,2808,-1.3105255277942156,,,,,,0.4991588530010631
sub-01__jax_gpu,AMICA-Python (JAX-GPU),sub-01,2809,-1.3105255141082184,,,,,,0.49795377800001006
sub-01__jax_gpu,AMICA-Python (JAX-GPU),sub-01,2810,-1.3105255004701195,,,,,,0.49842852000074345
sub-01__jax_gpu,AMICA-Python (JAX-GPU),sub-01,2811,-1.3105254868319678,,,,,,0.4981515740000759
sub-01__jax_gpu,AMICA-Python (JAX-GPU),sub-01,2812,-1.310525473367707,,,,,,0.49867417799941904
sub-01__jax_gpu,AMICA-Python (JAX-GPU),sub-01,2813,-1.310525459671324,,,,,,0.49987770000007004
sub-01__jax_gpu,AMICA-Python (JAX-GPU),sub-01,2814,-1.3105254460184257,,,,,,0.49900532299943734
sub-01__jax_gpu,AMICA-Python (JAX-GPU),sub-01,2815,-1.3105254324684659,,,,,,0.4992276840002887
sub-01__jax_gpu,AMICA-Python (JAX-GPU),sub-01,2816,-1.3105254189854114,,,,,,0.5010230269999738
sub-01__jax_gpu,AMICA-Python (JAX-GPU),sub-01,2817,-1.3105254053808701,,,,,,0.5059989889996359
sub-01__jax_gpu,AMICA-Python (JAX-GPU),sub-01,2818,-1.3105253919123006,,,,,,0.4997631050009659
sub-01__jax_gpu,AMICA-Python (JAX-GPU),sub-01,2819,-1.3105253782028548,,,,,,0.5013489070006472
sub-01__jax_gpu,AMICA-Python (JAX-GPU),sub-01,2820,-1.3105253647242139,,,,,,0.5017804529998102
sub-01__jax_gpu,AMICA-Python (JAX-GPU),sub-01,2821,-1.3105253511522872,,,,,,0.5045073660003254
sub-01__jax_gpu,AMICA-Python (JAX-GPU),sub-01,2822,-1.3105253377196828,,,,,,0.4996265839999978
sub-01__jax_gpu,AMICA-Python (JAX-GPU),sub-01,2823,-1.3105253241343344,,,,,,0.5180108660006226
sub-01__jax_gpu,AMICA-Python (JAX-GPU),sub-01,2824,-1.3105253107293164,,,,,,0.5086195789990597
sub-01__jax_gpu,AMICA-Python (JAX-GPU),sub-01,2825,-1.3105252971360761,,,,,,0.5022969250003371
sub-01__jax_gpu,AMICA-Python (JAX-GPU),sub-01,2826,-1.3105252836321442,,,,,,0.5006430169996747
sub-01__jax_gpu,AMICA-Python (JAX-GPU),sub-01,2827,-1.310525270179689,,,,,,0.4995481819987617
sub-01__jax_gpu,AMICA-Python (JAX-GPU),sub-01,2828,-1.31052525675665,,,,,,0.49971511799958535
sub-01__jax_gpu,AMICA-Python (JAX-GPU),sub-01,2829,-1.310525243091587,,,,,,0.5000920309994399
sub-01__jax_gpu,AMICA-Python (JAX-GPU),sub-01,2830,-1.3105252295763827,,,,,,0.49984376200154657
sub-01__jax_gpu,AMICA-Python (JAX-GPU),sub-01,2831,-1.3105252160971377,,,,,,0.5008426090007561
sub-01__jax_gpu,AMICA-Python (JAX-GPU),sub-01,2832,-1.3105252027003902,,,,,,0.5000894220011105
sub-01__jax_gpu,AMICA-Python (JAX-GPU),sub-01,2833,-1.3105251890614442,,,,,,0.49958984999830136
sub-01__jax_gpu,AMICA-Python (JAX-GPU),sub-01,2834,-1.3105251756182486,,,,,,0.4982197549998091
sub-01__jax_gpu,AMICA-Python (JAX-GPU),sub-01,2835,-1.310525162063721,,,,,,0.4998746220007888
sub-01__jax_gpu,AMICA-Python (JAX-GPU),sub-01,2836,-1.3105251485395237,,,,,,0.4988299630003894
sub-01__jax_gpu,AMICA-Python (JAX-GPU),sub-01,2837,-1.3105251351093528,,,,,,0.4991668189995835
sub-01__jax_gpu,AMICA-Python (JAX-GPU),sub-01,2838,-1.3105251216749578,,,,,,0.49876842200137617
sub-01__jax_gpu,AMICA-Python (JAX-GPU),sub-01,2839,-1.310525108222674,,,,,,0.4995364389997121
sub-01__jax_gpu,AMICA-Python (JAX-GPU),sub-01,2840,-1.310525094837283,,,,,,0.5011526590005815
sub-01__jax_gpu,AMICA-Python (JAX-GPU),sub-01,2841,-1.3105250812917093,,,,,,0.5005282090005494
sub-01__jax_gpu,AMICA-Python (JAX-GPU),sub-01,2842,-1.3105250678072242,,,,,,0.4965080809997744
sub-01__jax_gpu,AMICA-Python (JAX-GPU),sub-01,2843,-1.310525054273142,,,,,,0.495542597000167
sub-01__jax_gpu,AMICA-Python (JAX-GPU),sub-01,2844,-1.3105250408780147,,,,,,0.49669716999960656
sub-01__jax_gpu,AMICA-Python (JAX-GPU),sub-01,2845,-1.3105250274630142,,,,,,0.49536332600109745
sub-01__jax_gpu,AMICA-Python (JAX-GPU),sub-01,2846,-1.3105250140781812,,,,,,0.4941545830006362
sub-01__jax_gpu,AMICA-Python (JAX-GPU),sub-01,2847,-1.310525000585971,,,,,,0.4978077639989351
sub-01__jax_gpu,AMICA-Python (JAX-GPU),sub-01,2848,-1.3105249873131033,,,,,,0.4992927220009733
sub-01__jax_gpu,AMICA-Python (JAX-GPU),sub-01,2849,-1.3105249738890097,,,,,,0.49515658100062865
sub-01__jax_gpu,AMICA-Python (JAX-GPU),sub-01,2850,-1.310524960593107,,,,,,0.49674412900094467
sub-01__jax_gpu,AMICA-Python (JAX-GPU),sub-01,2851,-1.3105249471944131,,,,,,0.4969468030012649
sub-01__jax_gpu,AMICA-Python (JAX-GPU),sub-01,2852,-1.310524933936042,,,,,,0.49574027900052897
sub-01__jax_gpu,AMICA-Python (JAX-GPU),sub-01,2853,-1.3105249205851317,,,,,,0.49614357499922335
sub-01__jax_gpu,AMICA-Python (JAX-GPU),sub-01,2854,-1.3105249073518368,,,,,,0.495958845000132
sub-01__jax_gpu,AMICA-Python (JAX-GPU),sub-01,2855,-1.31052489401712,,,,,,0.4971518399997876
sub-01__jax_gpu,AMICA-Python (JAX-GPU),sub-01,2856,-1.3105248807955177,,,,,,0.49803167800018855
sub-01__jax_gpu,AMICA-Python (JAX-GPU),sub-01,2857,-1.3105248675407732,,,,,,0.5001800339996407
sub-01__jax_gpu,AMICA-Python (JAX-GPU),sub-01,2858,-1.3105248543324877,,,,,,0.49916042999939236
sub-01__jax_gpu,AMICA-Python (JAX-GPU),sub-01,2859,-1.3105248410490047,,,,,,0.4970258359990112
sub-01__jax_gpu,AMICA-Python (JAX-GPU),sub-01,2860,-1.3105248278039199,,,,,,0.4984980409990385
sub-01__jax_gpu,AMICA-Python (JAX-GPU),sub-01,2861,-1.3105248145052806,,,,,,0.49991923500056146
sub-01__jax_gpu,AMICA-Python (JAX-GPU),sub-01,2862,-1.3105248012935427,,,,,,0.49721847799992247
sub-01__jax_gpu,AMICA-Python (JAX-GPU),sub-01,2863,-1.3105247878783068,,,,,,0.49768052699982945
sub-01__jax_gpu,AMICA-Python (JAX-GPU),sub-01,2864,-1.3105247746506228,,,,,,0.49797880699952657
sub-01__jax_gpu,AMICA-Python (JAX-GPU),sub-01,2865,-1.3105247613853992,,,,,,0.4994646989998728
sub-01__jax_gpu,AMICA-Python (JAX-GPU),sub-01,2866,-1.3105247481226587,,,,,,0.49843703800070216
sub-01__jax_gpu,AMICA-Python (JAX-GPU),sub-01,2867,-1.310524734791475,,,,,,0.4981400369997573
sub-01__jax_gpu,AMICA-Python (JAX-GPU),sub-01,2868,-1.3105247215535099,,,,,,0.49924534099955054
sub-01__jax_gpu,AMICA-Python (JAX-GPU),sub-01,2869,-1.3105247083935758,,,,,,0.49884779499916476
sub-01__jax_gpu,AMICA-Python (JAX-GPU),sub-01,2870,-1.3105246951932588,,,,,,0.4979780470002879
sub-01__jax_gpu,AMICA-Python (JAX-GPU),sub-01,2871,-1.3105246820610061,,,,,,0.4987609750005504
sub-01__jax_gpu,AMICA-Python (JAX-GPU),sub-01,2872,-1.310524668843109,,,,,,0.4979391509987181
sub-01__jax_gpu,AMICA-Python (JAX-GPU),sub-01,2873,-1.3105246556339492,,,,,,0.5001949000015884
sub-01__jax_gpu,AMICA-Python (JAX-GPU),sub-01,2874,-1.310524642414693,,,,,,0.49862086800021643
sub-01__jax_gpu,AMICA-Python (JAX-GPU),sub-01,2875,-1.3105246291180286,,,,,,0.4982819719989493
sub-01__jax_gpu,AMICA-Python (JAX-GPU),sub-01,2876,-1.3105246161214816,,,,,,0.49842225199972745
sub-01__jax_gpu,AMICA-Python (JAX-GPU),sub-01,2877,-1.3105246028667872,,,,,,0.49849043900030665
sub-01__jax_gpu,AMICA-Python (JAX-GPU),sub-01,2878,-1.3105245897300968,,,,,,0.4985196029992949
sub-01__jax_gpu,AMICA-Python (JAX-GPU),sub-01,2879,-1.3105245765728826,,,,,,0.4980744209988188
sub-01__jax_gpu,AMICA-Python (JAX-GPU),sub-01,2880,-1.3105245636021576,,,,,,0.4987062849995709
sub-01__jax_gpu,AMICA-Python (JAX-GPU),sub-01,2881,-1.3105245504183791,,,,,,0.49973773199963034
sub-01__jax_gpu,AMICA-Python (JAX-GPU),sub-01,2882,-1.3105245374263517,,,,,,0.4996347420001257
sub-01__jax_gpu,AMICA-Python (JAX-GPU),sub-01,2883,-1.3105245242426595,,,,,,0.4990927430008014
sub-01__jax_gpu,AMICA-Python (JAX-GPU),sub-01,2884,-1.3105245111256418,,,,,,0.49914959099987755
sub-01__jax_gpu,AMICA-Python (JAX-GPU),sub-01,2885,-1.3105244980936408,,,,,,0.500318682001307
sub-01__jax_gpu,AMICA-Python (JAX-GPU),sub-01,2886,-1.3105244852710873,,,,,,0.5009444900006201
sub-01__jax_gpu,AMICA-Python (JAX-GPU),sub-01,2887,-1.3105244720807263,,,,,,0.5005297389998304
sub-01__jax_gpu,AMICA-Python (JAX-GPU),sub-01,2888,-1.3105244591617398,,,,,,0.4987492090003798
sub-01__jax_gpu,AMICA-Python (JAX-GPU),sub-01,2889,-1.310524446082722,,,,,,0.4988496709993342
sub-01__jax_gpu,AMICA-Python (JAX-GPU),sub-01,2890,-1.3105244332231545,,,,,,0.4996842770015064
sub-01__jax_gpu,AMICA-Python (JAX-GPU),sub-01,2891,-1.3105244202104995,,,,,,0.5000785989996075
sub-01__jax_gpu,AMICA-Python (JAX-GPU),sub-01,2892,-1.3105244073776188,,,,,,0.5010482529996807
sub-01__jax_gpu,AMICA-Python (JAX-GPU),sub-01,2893,-1.310524394226352,,,,,,0.4999101490011526
sub-01__jax_gpu,AMICA-Python (JAX-GPU),sub-01,2894,-1.3105243812305336,,,,,,0.49895546100015054
sub-01__jax_gpu,AMICA-Python (JAX-GPU),sub-01,2895,-1.3105243683429137,,,,,,0.49942106600065017
sub-01__jax_gpu,AMICA-Python (JAX-GPU),sub-01,2896,-1.310524355469029,,,,,,0.49970484299956297
sub-01__jax_gpu,AMICA-Python (JAX-GPU),sub-01,2897,-1.3105243425204507,,,,,,0.4996098310002708
sub-01__jax_gpu,AMICA-Python (JAX-GPU),sub-01,2898,-1.310524329615508,,,,,,0.4990271770002437
sub-01__jax_gpu,AMICA-Python (JAX-GPU),sub-01,2899,-1.3105243166694471,,,,,,0.49999069499972393
sub-01__jax_gpu,AMICA-Python (JAX-GPU),sub-01,2900,-1.3105243038878742,,,,,,0.500115064000056
sub-01__jax_gpu,AMICA-Python (JAX-GPU),sub-01,2901,-1.3105242909552661,,,,,,0.4996419130002323
sub-01__jax_gpu,AMICA-Python (JAX-GPU),sub-01,2902,-1.31052427809786,,,,,,0.5033429949999118
sub-01__jax_gpu,AMICA-Python (JAX-GPU),sub-01,2903,-1.3105242651893163,,,,,,0.4955419460002304
sub-01__jax_gpu,AMICA-Python (JAX-GPU),sub-01,2904,-1.3105242524548348,,,,,,0.4956891190013266
sub-01__jax_gpu,AMICA-Python (JAX-GPU),sub-01,2905,-1.3105242395736092,,,,,,0.4963578949991643
sub-01__jax_gpu,AMICA-Python (JAX-GPU),sub-01,2906,-1.3105242269462283,,,,,,0.4970661459992698
sub-01__jax_gpu,AMICA-Python (JAX-GPU),sub-01,2907,-1.3105242140376285,,,,,,0.49664167999981146
sub-01__jax_gpu,AMICA-Python (JAX-GPU),sub-01,2908,-1.3105242013552219,,,,,,0.4981318350000947
sub-01__jax_gpu,AMICA-Python (JAX-GPU),sub-01,2909,-1.310524188551335,,,,,,0.494302463999702
sub-01__jax_gpu,AMICA-Python (JAX-GPU),sub-01,2910,-1.3105241758077781,,,,,,0.49610819600093237
sub-01__jax_gpu,AMICA-Python (JAX-GPU),sub-01,2911,-1.3105241629771722,,,,,,0.4958760939989588
sub-01__jax_gpu,AMICA-Python (JAX-GPU),sub-01,2912,-1.310524150347485,,,,,,0.49635597999986203
sub-01__jax_gpu,AMICA-Python (JAX-GPU),sub-01,2913,-1.3105241375019614,,,,,,0.4964276430000609
sub-01__jax_gpu,AMICA-Python (JAX-GPU),sub-01,2914,-1.3105241248960429,,,,,,0.49768049500016787
sub-01__jax_gpu,AMICA-Python (JAX-GPU),sub-01,2915,-1.3105241121227231,,,,,,0.49789233099909325
sub-01__jax_gpu,AMICA-Python (JAX-GPU),sub-01,2916,-1.3105240994939578,,,,,,0.4965856260005239
sub-01__jax_gpu,AMICA-Python (JAX-GPU),sub-01,2917,-1.3105240867451322,,,,,,0.4981171480012563
sub-01__jax_gpu,AMICA-Python (JAX-GPU),sub-01,2918,-1.3105240741418096,,,,,,0.4960645540013502
sub-01__jax_gpu,AMICA-Python (JAX-GPU),sub-01,2919,-1.3105240613672005,,,,,,0.4959580309987359
sub-01__jax_gpu,AMICA-Python (JAX-GPU),sub-01,2920,-1.3105240487787835,,,,,,0.4996332329992583
sub-01__jax_gpu,AMICA-Python (JAX-GPU),sub-01,2921,-1.3105240360126578,,,,,,0.4963095130005968
sub-01__jax_gpu,AMICA-Python (JAX-GPU),sub-01,2922,-1.310524023416197,,,,,,0.49789040600080625
sub-01__jax_gpu,AMICA-Python (JAX-GPU),sub-01,2923,-1.3105240107893816,,,,,,0.49705007299962745
sub-01__jax_gpu,AMICA-Python (JAX-GPU),sub-01,2924,-1.310523998249034,,,,,,0.4981139000010444
sub-01__jax_gpu,AMICA-Python (JAX-GPU),sub-01,2925,-1.3105239854243094,,,,,,0.4969820770002116
sub-01__jax_gpu,AMICA-Python (JAX-GPU),sub-01,2926,-1.3105239728711315,,,,,,0.4988592660010909
sub-01__jax_gpu,AMICA-Python (JAX-GPU),sub-01,2927,-1.3105239602380874,,,,,,0.5018615099997987
sub-01__jax_gpu,AMICA-Python (JAX-GPU),sub-01,2928,-1.3105239477147204,,,,,,0.49991801400028635
sub-01__jax_gpu,AMICA-Python (JAX-GPU),sub-01,2929,-1.3105239350104203,,,,,,0.4992902250014595
sub-01__jax_gpu,AMICA-Python (JAX-GPU),sub-01,2930,-1.3105239224821608,,,,,,0.4998205109986884
sub-01__jax_gpu,AMICA-Python (JAX-GPU),sub-01,2931,-1.3105239098364814,,,,,,0.4977612010006851
sub-01__jax_gpu,AMICA-Python (JAX-GPU),sub-01,2932,-1.3105238973293423,,,,,,0.5006524170003104
sub-01__jax_gpu,AMICA-Python (JAX-GPU),sub-01,2933,-1.3105238847408238,,,,,,0.49822892699921795
sub-01__jax_gpu,AMICA-Python (JAX-GPU),sub-01,2934,-1.310523872335611,,,,,,0.49841009200099506
sub-01__jax_gpu,AMICA-Python (JAX-GPU),sub-01,2935,-1.310523859585174,,,,,,0.5005109049998282
sub-01__jax_gpu,AMICA-Python (JAX-GPU),sub-01,2936,-1.3105238472397374,,,,,,0.499495238000236
sub-01__jax_gpu,AMICA-Python (JAX-GPU),sub-01,2937,-1.3105238346141763,,,,,,0.4999804769995535
sub-01__jax_gpu,AMICA-Python (JAX-GPU),sub-01,2938,-1.310523822058371,,,,,,0.5004378070007078
sub-01__jax_gpu,AMICA-Python (JAX-GPU),sub-01,2939,-1.310523809523403,,,,,,0.4984282789991994
sub-01__jax_gpu,AMICA-Python (JAX-GPU),sub-01,2940,-1.3105237971069288,,,,,,0.500327568001012
sub-01__jax_gpu,AMICA-Python (JAX-GPU),sub-01,2941,-1.3105237846167785,,,,,,0.5004162820005149
sub-01__jax_gpu,AMICA-Python (JAX-GPU),sub-01,2942,-1.310523772260441,,,,,,0.49861690099896805
sub-01__jax_gpu,AMICA-Python (JAX-GPU),sub-01,2943,-1.310523759667471,,,,,,0.4998141649994068
sub-01__jax_gpu,AMICA-Python (JAX-GPU),sub-01,2944,-1.3105237473599274,,,,,,0.5000762899999245
sub-01__jax_gpu,AMICA-Python (JAX-GPU),sub-01,2945,-1.3105237348399963,,,,,,0.49858418599978904
sub-01__jax_gpu,AMICA-Python (JAX-GPU),sub-01,2946,-1.3105237224716095,,,,,,0.5009465330003877
sub-01__jax_gpu,AMICA-Python (JAX-GPU),sub-01,2947,-1.3105237099278217,,,,,,0.4990782479999325
sub-01__jax_gpu,AMICA-Python (JAX-GPU),sub-01,2948,-1.3105236975252745,,,,,,0.49817201899895736
sub-01__jax_gpu,AMICA-Python (JAX-GPU),sub-01,2949,-1.31052368517504,,,,,,0.49858346700057155
sub-01__jax_gpu,AMICA-Python (JAX-GPU),sub-01,2950,-1.310523672766681,,,,,,0.49956650899912347
sub-01__jax_gpu,AMICA-Python (JAX-GPU),sub-01,2951,-1.3105236603098136,,,,,,0.5012435700009519
sub-01__jax_gpu,AMICA-Python (JAX-GPU),sub-01,2952,-1.3105236479431182,,,,,,0.5018186790002801
sub-01__jax_gpu,AMICA-Python (JAX-GPU),sub-01,2953,-1.3105236354761765,,,,,,0.4995062840007449
sub-01__jax_gpu,AMICA-Python (JAX-GPU),sub-01,2954,-1.310523623137717,,,,,,0.5000255270006164
sub-01__jax_gpu,AMICA-Python (JAX-GPU),sub-01,2955,-1.3105236107134113,,,,,,0.5011806759994215
sub-01__jax_gpu,AMICA-Python (JAX-GPU),sub-01,2956,-1.3105235983069428,,,,,,0.5028665800000454
sub-01__jax_gpu,AMICA-Python (JAX-GPU),sub-01,2957,-1.3105235859006075,,,,,,0.4994690860003175
sub-01__jax_gpu,AMICA-Python (JAX-GPU),sub-01,2958,-1.3105235735681664,,,,,,0.49734193900076207
sub-01__jax_gpu,AMICA-Python (JAX-GPU),sub-01,2959,-1.3105235610575179,,,,,,0.5002715600003285
sub-01__jax_gpu,AMICA-Python (JAX-GPU),sub-01,2960,-1.3105235487599811,,,,,,0.49853124400033266
sub-01__jax_gpu,AMICA-Python (JAX-GPU),sub-01,2961,-1.3105235363387246,,,,,,0.5044029410000803
sub-01__jax_gpu,AMICA-Python (JAX-GPU),sub-01,2962,-1.3105235241511597,,,,,,0.5019299409996165
sub-01__jax_gpu,AMICA-Python (JAX-GPU),sub-01,2963,-1.3105235116062415,,,,,,0.49518925700067484
sub-01__jax_gpu,AMICA-Python (JAX-GPU),sub-01,2964,-1.3105234992715609,,,,,,0.4947775919990818
sub-01__jax_gpu,AMICA-Python (JAX-GPU),sub-01,2965,-1.3105234867423283,,,,,,0.4990970529997867
sub-01__jax_gpu,AMICA-Python (JAX-GPU),sub-01,2966,-1.310523474436265,,,,,,0.49566100199990615
sub-01__jax_gpu,AMICA-Python (JAX-GPU),sub-01,2967,-1.3105234619522999,,,,,,0.5005091250004625
sub-01__jax_gpu,AMICA-Python (JAX-GPU),sub-01,2968,-1.310523449566522,,,,,,0.4941929969991179
sub-01__jax_gpu,AMICA-Python (JAX-GPU),sub-01,2969,-1.3105234371520156,,,,,,0.49653809600022214
sub-01__jax_gpu,AMICA-Python (JAX-GPU),sub-01,2970,-1.310523424780899,,,,,,0.49593379299949447
sub-01__jax_gpu,AMICA-Python (JAX-GPU),sub-01,2971,-1.3105234122371696,,,,,,0.49953404599909845
sub-01__jax_gpu,AMICA-Python (JAX-GPU),sub-01,2972,-1.3105233998708035,,,,,,0.49577989200042794
sub-01__jax_gpu,AMICA-Python (JAX-GPU),sub-01,2973,-1.3105233874425544,,,,,,0.4984905559995241
sub-01__jax_gpu,AMICA-Python (JAX-GPU),sub-01,2974,-1.3105233751741017,,,,,,0.49657978899995214
sub-01__jax_gpu,AMICA-Python (JAX-GPU),sub-01,2975,-1.3105233626533568,,,,,,0.4978092680012196
sub-01__jax_gpu,AMICA-Python (JAX-GPU),sub-01,2976,-1.3105233503876201,,,,,,0.49860983599864994
sub-01__jax_gpu,AMICA-Python (JAX-GPU),sub-01,2977,-1.3105233380516317,,,,,,0.49646177000067837
sub-01__jax_gpu,AMICA-Python (JAX-GPU),sub-01,2978,-1.3105233257583846,,,,,,0.4962887319998117
sub-01__jax_gpu,AMICA-Python (JAX-GPU),sub-01,2979,-1.3105233133790009,,,,,,0.49598003400024027
sub-01__jax_gpu,AMICA-Python (JAX-GPU),sub-01,2980,-1.310523301085505,,,,,,0.4964871430001949
sub-01__jax_gpu,AMICA-Python (JAX-GPU),sub-01,2981,-1.3105232886735039,,,,,,0.5024043209996307
sub-01__jax_gpu,AMICA-Python (JAX-GPU),sub-01,2982,-1.3105232765946648,,,,,,0.4978614170013316
sub-01__jax_gpu,AMICA-Python (JAX-GPU),sub-01,2983,-1.310523264254392,,,,,,0.4980676550003409
sub-01__jax_gpu,AMICA-Python (JAX-GPU),sub-01,2984,-1.310523252048031,,,,,,0.49921756200092204
sub-01__jax_gpu,AMICA-Python (JAX-GPU),sub-01,2985,-1.310523239718589,,,,,,0.5056180440005846
sub-01__jax_gpu,AMICA-Python (JAX-GPU),sub-01,2986,-1.3105232274997105,,,,,,0.4984168060000229
sub-01__jax_gpu,AMICA-Python (JAX-GPU),sub-01,2987,-1.3105232151823796,,,,,,0.499970120999933
sub-01__jax_gpu,AMICA-Python (JAX-GPU),sub-01,2988,-1.3105232030188847,,,,,,0.5029316840009415
sub-01__jax_gpu,AMICA-Python (JAX-GPU),sub-01,2989,-1.3105231908044614,,,,,,0.5007445370010828
sub-01__jax_gpu,AMICA-Python (JAX-GPU),sub-01,2990,-1.3105231786238896,,,,,,0.49843107600099756
sub-01__jax_gpu,AMICA-Python (JAX-GPU),sub-01,2991,-1.3105231663242811,,,,,,0.4981572779997805
sub-01__jax_gpu,AMICA-Python (JAX-GPU),sub-01,2992,-1.3105231541684144,,,,,,0.49720425799932855
sub-01__jax_gpu,AMICA-Python (JAX-GPU),sub-01,2993,-1.3105231418520826,,,,,,0.502465065999786
sub-01__jax_gpu,AMICA-Python (JAX-GPU),sub-01,2994,-1.3105231297252378,,,,,,0.49812263599960716
sub-01__jax_gpu,AMICA-Python (JAX-GPU),sub-01,2995,-1.3105231174291792,,,,,,0.4972216349997325
sub-01__jax_gpu,AMICA-Python (JAX-GPU),sub-01,2996,-1.3105231053549073,,,,,,0.4974061630000506
sub-01__jax_gpu,AMICA-Python (JAX-GPU),sub-01,2997,-1.3105230931778247,,,,,,0.5001180990002467
sub-01__jax_gpu,AMICA-Python (JAX-GPU),sub-01,2998,-1.3105230810523154,,,,,,0.4985103340004571
sub-01__jax_gpu,AMICA-Python (JAX-GPU),sub-01,2999,-1.3105230686781997,,,,,,0.4999441410000145
sub-01__jax_gpu,AMICA-Python (JAX-GPU),sub-01,3000,-1.3105230566421138,,,,,,0.4977079589989444
