run_id,method,subject,component,dipole_residual_variance_percent,dipole_x,dipole_y,dipole_z,iclabel_brain,iclabel_muscle,iclabel_eye,kurtosis,variance_explained,topomap_path,notes
sub-37__fastica_cpu,FastICA,sub-37,0,52.22175833526077,-0.05768037699534884,-0.0013864459759104037,0.028703373296076508,,,,98.96357873725627,,,
sub-37__fastica_cpu,FastICA,sub-37,1,17.81235492726121,-0.05133982725279093,-0.02553563369492459,0.032733301082450976,0.8308959007263184,,,1222.7284908785184,,,
sub-37__fastica_cpu,FastICA,sub-37,2,74.71388012994161,-0.002679692901298547,-0.02154105942237267,0.06251222851921096,0.9587074518203735,,,2365.500782658736,,,
sub-37__fastica_cpu,FastICA,sub-37,3,1.7396378275954305,-0.010893612827812224,0.0028584684190673267,0.06505760321180415,0.9969289302825928,,,-0.43647039984889346,,,
sub-37__fastica_cpu,FastICA,sub-37,4,55.651031526559294,0.0011220442036854875,0.02005134680561391,0.06289867303491892,0.9080995321273804,,,1.7774890042834564,,,
sub-37__fastica_cpu,FastICA,sub-37,5,6.496021152212833,-0.04172670815551685,0.030280218142318904,0.041310065135231645,0.9799997806549072,,,5.80052642507445,,,
sub-37__fastica_cpu,FastICA,sub-37,6,34.26088925876995,0.0,0.06,0.02,,,,293.47681841687654,,,
sub-37__fastica_cpu,FastICA,sub-37,7,6.980595877218164,0.005863520690714971,-0.020196716946055397,0.06258615619730562,0.9998641014099121,,,0.22532521257951776,,,
sub-37__fastica_cpu,FastICA,sub-37,8,22.61258803678274,-0.012585217873580771,0.0642152770969784,0.009936519557977834,,,0.5575904846191406,9.9855424478888,,,
sub-37__fastica_cpu,FastICA,sub-37,9,4.751627980944988,-0.015455781787528058,-0.04855751751849736,0.0420483899281435,0.9959532618522644,,,2.5751905059554296,,,
sub-37__fastica_cpu,FastICA,sub-37,10,20.647106499443794,-0.04288621730708895,0.048059235780270264,0.015179217987688374,,0.5347813963890076,,3.1469916545623464,,,
sub-37__fastica_cpu,FastICA,sub-37,11,31.08687288725497,-0.005791370822396448,0.06368455797404236,0.016356824650002384,0.7734035849571228,,,1.0143004873793107,,,
sub-37__fastica_cpu,FastICA,sub-37,12,11.88605022814042,0.02452171121896613,-0.04958319367443931,0.03634200987694265,0.9993263483047485,,,2.723253344231778,,,
sub-37__fastica_cpu,FastICA,sub-37,13,47.10670813773531,-0.05420840708026721,0.008245607420893416,0.036853673785943036,0.9896644353866577,,,1.5238012137844121,,,
sub-37__fastica_cpu,FastICA,sub-37,14,14.326477918452454,0.061763693231154174,0.008081809366489218,0.022037740559252145,0.5284525752067566,,,0.9002930113902248,,,
sub-37__infomax_cpu,Infomax,sub-37,0,44.822661068210664,0.02376869220571587,0.006865275550262627,0.061214646387476944,,,,81.30763349163264,,,
sub-37__infomax_cpu,Infomax,sub-37,1,73.84423217823421,-0.0016979641284879316,-0.02575762462462299,0.06091599198992941,0.8534126877784729,,,2577.8170671650073,,,
sub-37__infomax_cpu,Infomax,sub-37,2,70.14367778280749,0.029754025807176444,0.03206955875429419,0.049507131334357315,0.6391324400901794,,,1.6285842343793977,,,
sub-37__infomax_cpu,Infomax,sub-37,3,17.542847755249383,-0.051567903621759455,-0.025172481853451053,0.03279775194240335,0.8201333284378052,,,1222.5327862297465,,,
sub-37__infomax_cpu,Infomax,sub-37,4,2.22493227192291,-0.011682398432678638,0.0019314527409643035,0.06495929674362982,0.9982138872146606,,,-0.45827381857386795,,,
sub-37__infomax_cpu,Infomax,sub-37,5,5.9293071746974135,-0.008363345785933876,-0.0035144301838618735,0.0654393701978891,0.9999315142631531,,,0.16872950713195012,,,
sub-37__infomax_cpu,Infomax,sub-37,6,11.903298963433457,-0.040323503404146886,0.03557391357575783,0.03838015820456552,0.9827675223350525,,,5.634654759690758,,,
sub-37__infomax_cpu,Infomax,sub-37,7,34.582654944215406,0.0,0.06,0.02,,,,293.02820965996153,,,
sub-37__infomax_cpu,Infomax,sub-37,8,30.287776572607356,-0.00914189204829538,0.02831286024901801,0.05893148265020037,0.972763180732727,,,1.1636470071519396,,,
sub-37__infomax_cpu,Infomax,sub-37,9,13.885286386317063,0.024569534492674,-0.050199013276425175,0.035343385114243085,0.9967262148857117,,,2.9641127345441776,,,
sub-37__infomax_cpu,Infomax,sub-37,10,5.314351349398606,-0.01438449577804175,-0.04660484429149394,0.044566708360735056,0.9981093406677246,,,1.071286408901126,,,
sub-37__infomax_cpu,Infomax,sub-37,11,21.850997645731596,-0.044149320139806006,0.046549995531613785,0.016147372449962602,,0.5025509595870972,,3.1250454118748943,,,
sub-37__infomax_cpu,Infomax,sub-37,12,28.04691330010604,-0.012311245619962524,0.0645049623006893,0.007212302208739591,,,0.5432001948356628,11.397288502017176,,,
sub-37__infomax_cpu,Infomax,sub-37,13,54.842232768909085,0.03613239262191467,0.051617907264638455,0.02023770773552951,0.8718916773796082,,,0.4897063614933548,,,
sub-37__infomax_cpu,Infomax,sub-37,14,15.080619874086238,0.06182121886076767,0.0006797974727926455,0.023458638717227295,0.4510155916213989,,,0.8929929769110982,,,
sub-37__jax_gpu,AMICA-Python (JAX-GPU),sub-37,0,42.32369719136013,-0.011861312475171928,0.01418009029311779,0.06340081264986845,,,,260.4156439336438,,,
sub-37__jax_gpu,AMICA-Python (JAX-GPU),sub-37,1,16.784989562068134,-0.051503035407201185,-0.025261392231969628,0.03278011440650572,0.751467764377594,,,1225.0981796838407,,,
sub-37__jax_gpu,AMICA-Python (JAX-GPU),sub-37,2,2.3562014971844008,-0.013573154961523259,0.0007159232594579101,0.06461085820833966,0.9986104965209961,,,-0.39332789772326615,,,
sub-37__jax_gpu,AMICA-Python (JAX-GPU),sub-37,3,4.653850053649023,-0.03414612596275514,0.03097139067073699,0.04727208689327484,0.99566650390625,,,6.092610301810616,,,
sub-37__jax_gpu,AMICA-Python (JAX-GPU),sub-37,4,31.060856372182883,0.0,0.06,0.02,,,0.6404613256454468,288.59402908177026,,,
sub-37__jax_gpu,AMICA-Python (JAX-GPU),sub-37,5,3.748265005848367,0.009898034211607325,-0.007354854206753593,0.06490739569184777,0.9988514184951782,,,0.1417537724386353,,,
sub-37__jax_gpu,AMICA-Python (JAX-GPU),sub-37,6,29.18706890059157,-0.02158241955761669,0.06155721652326451,0.011011187214836066,0.889366626739502,,,0.8069447247108177,,,
sub-37__jax_gpu,AMICA-Python (JAX-GPU),sub-37,7,4.296745620324572,-0.018674217169499466,-0.04688401437607868,0.042798638582002245,0.9648483395576477,,,72.88652788885302,,,
sub-37__jax_gpu,AMICA-Python (JAX-GPU),sub-37,8,23.484469572305173,-0.04307654671201758,0.04792848480559968,0.015060206166648419,,0.5615285038948059,,6.270519370548078,,,
sub-37__jax_gpu,AMICA-Python (JAX-GPU),sub-37,9,47.44745605543039,-0.05426118373878683,0.013088040712957742,0.035510356975928796,0.9954231381416321,,,2.7744103907040722,,,
sub-37__jax_gpu,AMICA-Python (JAX-GPU),sub-37,10,11.681342902617118,0.06149002599086967,0.009525136305151193,0.022199066924583292,0.5929479002952576,,,0.8791710091611846,,,
sub-37__jax_gpu,AMICA-Python (JAX-GPU),sub-37,11,26.59977209589347,-0.013178742099410447,0.064202105048923,0.008316766278522405,,,0.630088210105896,11.539370571132602,,,
sub-37__jax_gpu,AMICA-Python (JAX-GPU),sub-37,12,75.35394469647656,0.0009251445845970957,-0.027048610461184248,0.06027382588521699,0.9843119978904724,,,1875.817890228913,,,
sub-37__jax_gpu,AMICA-Python (JAX-GPU),sub-37,13,58.08249266451128,-6.312759247460286e-05,0.01779332098985675,0.06373864942705701,0.8686736822128296,,,2.079903233086866,,,
sub-37__jax_gpu,AMICA-Python (JAX-GPU),sub-37,14,13.345882791689434,0.029161575768693323,-0.04759469865589503,0.035415407187061695,0.9992172718048096,,,2.697393197480614,,,
sub-37__picard_cpu,Picard,sub-37,0,22.271779556120507,-0.009052656875358462,-0.002697331965623631,0.06538968286084075,,,,123.89156489662095,,,
sub-37__picard_cpu,Picard,sub-37,1,17.64997110057979,-0.05152557280981482,-0.025225405899172205,0.032818182813829797,0.8151274919509888,,,1222.1076587451685,,,
sub-37__picard_cpu,Picard,sub-37,2,61.88277505896388,-0.0014162202456528806,-0.024491248419478317,0.06134396370385914,0.9838525056838989,,,2335.822961194318,,,
sub-37__picard_cpu,Picard,sub-37,3,55.482125538577584,-0.0028459855825185196,0.012336096370431215,0.06479330253253655,0.932843029499054,,,1.849134272281681,,,
sub-37__picard_cpu,Picard,sub-37,4,1.8489546356896227,0.017330963722191395,0.020221802358518195,0.060415457823729535,0.9993603825569153,,,0.15964835461979643,,,
sub-37__picard_cpu,Picard,sub-37,5,2.398628346578249,-0.015673609555504685,-0.02133979451006877,0.06053159527762132,0.9998152852058411,,,0.23610737085761402,,,
sub-37__picard_cpu,Picard,sub-37,6,6.917947390001473,-0.04688189247488964,0.008027552982474989,0.04585446371435591,0.9693164229393005,,,5.960561646051472,,,
sub-37__picard_cpu,Picard,sub-37,7,6.029620262840652,-0.027951926516268634,0.0303716902525285,0.051532220407902105,0.9938817024230957,,,0.6628117955437731,,,
sub-37__picard_cpu,Picard,sub-37,8,34.2836975903673,0.0,0.06,0.02,,,,293.44888014043073,,,
sub-37__picard_cpu,Picard,sub-37,9,14.671628071397933,-0.013647550868028878,0.06398568310926243,0.009176457536596341,0.4161471128463745,,,10.226939583883839,,,
sub-37__picard_cpu,Picard,sub-37,10,4.09721471801771,-0.016788962857364004,-0.04443033991316772,0.045863041723493495,0.990301787853241,,,3.885433344368878,,,
sub-37__picard_cpu,Picard,sub-37,11,16.692879761254787,-0.044707492343671586,0.045830586525701614,0.016136744911291637,,0.6238928437232971,,3.2339132417282244,,,
sub-37__picard_cpu,Picard,sub-37,12,34.5993683475742,-0.03552881808472416,0.00693746036921862,0.05526377549882045,0.9966107606887817,,,1.8108735490742172,,,
sub-37__picard_cpu,Picard,sub-37,13,9.612340468776253,0.01977917498183246,-0.05053306146399146,0.03772124821167992,0.9987647533416748,,,2.660125139210101,,,
sub-37__picard_cpu,Picard,sub-37,14,19.939360506410097,0.0621062410315555,0.007782246906323986,0.02137070663674758,0.48039132356643677,,,0.919334105663661,,,
sub-38__fastica_cpu,FastICA,sub-38,0,67.73151106268429,-0.0564195064522795,0.015164912516281992,0.031014385613432446,0.5470057129859924,,,1325.955641092976,,,
sub-38__fastica_cpu,FastICA,sub-38,1,38.18426343727721,0.037705825102027093,0.0023125864390575513,0.05415014049722661,,,,1.2136639837493428,,,
sub-38__fastica_cpu,FastICA,sub-38,2,78.28575941120243,0.0006315924220173048,0.014635923102938287,0.06438819846886515,0.8859491944313049,,,580.9318343044118,,,
sub-38__fastica_cpu,FastICA,sub-38,3,12.952855854794976,0.04877787981450809,-0.027172742408516085,0.035459970055374164,0.6612930297851562,,,662.0223153265532,,,
sub-38__fastica_cpu,FastICA,sub-38,4,74.34923967766224,0.0003184782765844768,-0.02991231247267863,0.058892295909023486,0.7666441798210144,,,896.4852600844729,,,
sub-38__fastica_cpu,FastICA,sub-38,5,24.702469894548884,-0.05451197641689159,-0.027523855064833437,0.025392756757451892,0.6031160354614258,,,790.5146691549255,,,
sub-38__fastica_cpu,FastICA,sub-38,6,52.269862195263066,0.03592729362562397,-0.04085708501346064,0.03762800270867371,0.8687840700149536,,,1118.2184826382295,,,
sub-38__fastica_cpu,FastICA,sub-38,7,30.541036563436435,-0.022592503950875423,-0.05199562875941979,0.03391897410356371,0.8646299242973328,,,1335.8540939935083,,,
sub-38__fastica_cpu,FastICA,sub-38,8,21.569112757081527,0.01984737928997108,-0.05228952705592082,0.03508958081871347,0.5344769954681396,,,790.8285488635579,,,
sub-38__fastica_cpu,FastICA,sub-38,9,42.61988845759287,-0.040418602405538864,-0.0351145377287126,0.038893105612484324,0.7242599129676819,,,335.5882678306597,,,
sub-38__fastica_cpu,FastICA,sub-38,10,5.473950162432885,-0.0015025802519514732,0.06505888116631561,0.011378861449289233,,,0.9887025952339172,30.84033849192368,,,
sub-38__fastica_cpu,FastICA,sub-38,11,5.522884937750234,0.04204718785413368,0.031524925214991034,0.03996912906468304,0.7748741507530212,,,99.48046228766928,,,
sub-38__fastica_cpu,FastICA,sub-38,12,11.753472990253258,0.007563049668498491,0.06348621935405262,0.016644315558750396,,,0.8799131512641907,5.729474275000156,,,
sub-38__fastica_cpu,FastICA,sub-38,13,14.809759031507753,0.044168358654912955,0.04289550152412434,0.02426027413142055,0.5453668236732483,,,132.96882467017338,,,
sub-38__fastica_cpu,FastICA,sub-38,14,23.728815095818476,-0.04130351402834253,0.04503173587212444,0.02514110859769656,0.5296554565429688,,,63.70118223628111,,,
sub-38__infomax_cpu,Infomax,sub-38,0,67.75240512562111,-0.05560022992997031,0.014015232200033633,0.032888780295172816,0.5451101660728455,,,1321.0196910360041,,,
sub-38__infomax_cpu,Infomax,sub-38,1,36.92628831524204,0.03719132160993139,0.002229749822054149,0.054563527049977044,,,,1.2139840091092635,,,
sub-38__infomax_cpu,Infomax,sub-38,2,78.15082367525889,0.0005526093063075506,0.014600066567149309,0.06439675316974781,0.870917022228241,,,582.4398326353607,,,
sub-38__infomax_cpu,Infomax,sub-38,3,12.727199187805084,0.051103083913270626,-0.023730091688864367,0.034743616783941236,0.6804256439208984,,,667.1157080224581,,,
sub-38__infomax_cpu,Infomax,sub-38,4,23.64537114131322,-0.05332477807833048,-0.022345829680622854,0.031829969399149775,0.5361302495002747,,,806.7429538761271,,,
sub-38__infomax_cpu,Infomax,sub-38,5,73.54383700703403,7.235713406048374e-05,-0.03158214425573249,0.058088780671984176,0.8060818910598755,,,919.5773975631995,,,
sub-38__infomax_cpu,Infomax,sub-38,6,51.348590399709835,0.03695271412665578,-0.03792315496587936,0.03950668894608187,0.8704825639724731,,,1126.293805695473,,,
sub-38__infomax_cpu,Infomax,sub-38,7,28.3910402824109,-0.02099871031658887,-0.052042794053494795,0.03487237860246466,0.8502751588821411,,,1338.8101177586198,,,
sub-38__infomax_cpu,Infomax,sub-38,8,18.242730350650987,0.02003628689673646,-0.05214705691230749,0.03519339010097657,0.6070765852928162,,,837.3600478424697,,,
sub-38__infomax_cpu,Infomax,sub-38,9,40.730454392563686,-0.038058573126213684,-0.034320485702158926,0.04172637287497689,0.7346280813217163,,,340.3510652197923,,,
sub-38__infomax_cpu,Infomax,sub-38,10,5.2349746152058,-0.0018124608026873301,0.06487739206003443,0.012340741724284043,,,0.9865915179252625,31.074849088150017,,,
sub-38__infomax_cpu,Infomax,sub-38,11,5.887123474303749,0.04125215183310329,0.03263795192676944,0.03990441871230817,0.7744477987289429,,,101.40314109416673,,,
sub-38__infomax_cpu,Infomax,sub-38,12,11.7693320001395,0.00755526141565462,0.06339487269832134,0.016840620830348693,,,0.8949347734451294,6.05521348687242,,,
sub-38__infomax_cpu,Infomax,sub-38,13,15.293144556976017,0.04439425644843128,0.0426477913011531,0.0239909052789323,0.5756588578224182,,,133.02749656771306,,,
sub-38__infomax_cpu,Infomax,sub-38,14,23.656360629247203,-0.041065160440559134,0.045527197977216334,0.02494879720364633,0.5689204335212708,,,64.03002822291886,,,
sub-38__jax_gpu,AMICA-Python (JAX-GPU),sub-38,0,32.80824031798349,0.04124910859415938,0.0016733927570431067,0.05158182951518443,,,,1.2142761857304425,,,
sub-38__jax_gpu,AMICA-Python (JAX-GPU),sub-38,1,88.86869528389171,0.004853223276897624,0.015385985315365839,0.06406789800770175,0.73304682970047,,,406.0553940384355,,,
sub-38__jax_gpu,AMICA-Python (JAX-GPU),sub-38,2,27.62639775962367,-0.0479420180577997,0.006130321896459431,0.04503928033574505,0.9932644367218018,,,1205.2886943976014,,,
sub-38__jax_gpu,AMICA-Python (JAX-GPU),sub-38,3,13.116676955635924,0.04767607324383366,-0.028685469877715704,0.03553892386180375,0.7617344260215759,,,685.8400804261864,,,
sub-38__jax_gpu,AMICA-Python (JAX-GPU),sub-38,4,54.709314432922056,-0.049318590259563214,-0.028584006023623796,0.03327840429376604,0.49134862422943115,,,461.60389528509677,,,
sub-38__jax_gpu,AMICA-Python (JAX-GPU),sub-38,5,21.03051442835833,0.015699853750596543,-0.012902388845498757,0.06286800402953772,0.9762197136878967,,,972.5040728794239,,,
sub-38__jax_gpu,AMICA-Python (JAX-GPU),sub-38,6,38.34489185454393,-0.048429203294040386,-0.03009491734793771,0.03360382154421424,0.8101053833961487,,,375.68581177141886,,,
sub-38__jax_gpu,AMICA-Python (JAX-GPU),sub-38,7,1.4944541856141313,-0.015493089670491402,-0.017676874694615992,0.03803962281599805,0.9554867744445801,,,1059.8589788932836,,,
sub-38__jax_gpu,AMICA-Python (JAX-GPU),sub-38,8,4.402581967171926,0.025236551291701242,-0.050147993237695566,0.03483169212083277,0.6127163171768188,,,634.5577310581577,,,
sub-38__jax_gpu,AMICA-Python (JAX-GPU),sub-38,9,41.29824478769359,-0.038135477179591495,-0.03789691804982547,0.03832513556994318,0.914628267288208,,,615.9454133631641,,,
sub-38__jax_gpu,AMICA-Python (JAX-GPU),sub-38,10,11.782631316342275,0.0050418471775901304,0.06222974434801343,0.021598254693165148,,,0.6311267614364624,5.431526781064155,,,
sub-38__jax_gpu,AMICA-Python (JAX-GPU),sub-38,11,6.081301269492741,-0.0021502265002822716,0.06503698789713735,0.011403355235570949,,,0.990999698638916,30.20824139017285,,,
sub-38__jax_gpu,AMICA-Python (JAX-GPU),sub-38,12,11.310484019884498,0.044047690372845574,0.04344231117360838,0.023062391090164062,0.5458483695983887,,,130.97639465806,,,
sub-38__jax_gpu,AMICA-Python (JAX-GPU),sub-38,13,8.103753845970587,0.036697429656487195,0.03700219975250338,0.04049867972247299,0.7487601041793823,,,103.00449761259476,,,
sub-38__jax_gpu,AMICA-Python (JAX-GPU),sub-38,14,22.494130115781815,-0.04016365554026016,0.04570094743132639,0.025835019038577118,0.5632277727127075,,,63.55166734535645,,,
sub-38__picard_cpu,Picard,sub-38,0,67.83575685036061,-0.056446391179276544,0.01511525839918279,0.030992045196870537,0.5519295334815979,,,1320.389126772803,,,
sub-38__picard_cpu,Picard,sub-38,1,36.904032230158876,0.037235110497940795,0.0021547066554257763,0.05453766980637324,,,,1.214000020764777,,,
sub-38__picard_cpu,Picard,sub-38,2,78.21623007765508,0.0005770861978420956,0.014637633508230061,0.06438776909379779,0.8672837018966675,,,582.9255596332191,,,
sub-38__picard_cpu,Picard,sub-38,3,12.861259573577783,0.049165335906745156,-0.026516771208793987,0.03519816994696429,0.6793016791343689,,,667.0455268675014,,,
sub-38__picard_cpu,Picard,sub-38,4,73.69526132898818,0.0014373951667638852,-0.02947125160746082,0.059210335341193555,0.7922462821006775,,,908.5709639006077,,,
sub-38__picard_cpu,Picard,sub-38,5,23.532022378959894,-0.053933817879663545,-0.027451472926840473,0.026466276587208144,0.6011286973953247,,,800.1956625426259,,,
sub-38__picard_cpu,Picard,sub-38,6,51.392765166806704,0.037552184804181245,-0.03827005827106933,0.03859337904915515,0.866131603717804,,,1125.175048775373,,,
sub-38__picard_cpu,Picard,sub-38,7,28.549046268146412,-0.022232853096913772,-0.05214738097012471,0.03384769460305151,0.8493233323097229,,,1338.3982465390502,,,
sub-38__picard_cpu,Picard,sub-38,8,18.075866246731948,0.020278655601236012,-0.05190024986541384,0.03542368593897603,0.5988802909851074,,,835.4501207146733,,,
sub-38__picard_cpu,Picard,sub-38,9,41.050778349428185,-0.04052972528188207,-0.03511104497223705,0.03878996551122889,0.7366118431091309,,,341.35200468212304,,,
sub-38__picard_cpu,Picard,sub-38,10,5.243753822125569,-0.0010334034209602816,0.06500482566385528,0.0118063560161206,,,0.9863142967224121,31.068477993494305,,,
sub-38__picard_cpu,Picard,sub-38,11,5.869633007909613,0.0412019690208445,0.032614777411652855,0.03997475248901513,0.7726730108261108,,,101.4035101523589,,,
sub-38__picard_cpu,Picard,sub-38,12,11.77401534823909,0.007738113689930668,0.06337605089708362,0.016820836329377756,,,0.8939830660820007,6.03085214883648,,,
sub-38__picard_cpu,Picard,sub-38,13,15.298126238693058,0.04440362658784387,0.042659630508190174,0.023952682987006764,0.5664225220680237,,,133.0660994503796,,,
sub-38__picard_cpu,Picard,sub-38,14,23.60377505123759,-0.04021157936202061,0.045545735344210025,0.02613989959791204,0.5729607343673706,,,64.04601765055877,,,
sub-39__fastica_cpu,FastICA,sub-39,0,8.362946014001622,-0.008956580443783486,0.011716569676085689,0.06440149982521363,,,,0.1059106154409899,,,
sub-39__fastica_cpu,FastICA,sub-39,1,52.54273549834127,0.05202794936859005,0.013345407646005097,0.038463437782930904,0.8311025500297546,,,626.4273653428991,,,
sub-39__fastica_cpu,FastICA,sub-39,2,13.947192389454315,0.062280486953979086,0.011386018768333412,0.01925853520459023,0.8013668060302734,,,989.9678911474828,,,
sub-39__fastica_cpu,FastICA,sub-39,3,48.46795689517298,0.04071001044523777,-0.035121267813474376,0.0385162756564287,0.9377956390380859,,,594.6703900318358,,,
sub-39__fastica_cpu,FastICA,sub-39,4,10.535863338023304,0.020191251761400405,-0.052237675154034956,0.03516368365474179,0.960919976234436,,,1017.6653841418845,,,
sub-39__fastica_cpu,FastICA,sub-39,5,5.537126525093015,-0.012220609644597142,0.013761449979515205,0.0634501106746087,0.9997766017913818,,,0.9325665893939754,,,
sub-39__fastica_cpu,FastICA,sub-39,6,17.34361108792359,0.04826432943483322,-0.027814428958189384,0.03539663662012308,0.8800121545791626,,,1219.8321738245202,,,
sub-39__fastica_cpu,FastICA,sub-39,7,2.9439950733212186,-0.010296759384785673,-0.009208660979806426,0.047449325151452865,0.9993807077407837,,,0.4663092463805083,,,
sub-39__fastica_cpu,FastICA,sub-39,8,37.778041671558015,0.001506835153017544,0.04477412736761785,0.04850177577347168,0.9590545892715454,,,0.5972642103702972,,,
sub-39__fastica_cpu,FastICA,sub-39,9,11.232846915154752,-0.010617149025797051,0.0648591173861086,0.006715189159837234,,,0.5308727025985718,15.606479771927358,,,
sub-39__fastica_cpu,FastICA,sub-39,10,7.535646488996761,0.007034426719240118,-0.02105477425929293,0.0622268709764192,0.9999561905860901,,,0.49984482219131054,,,
sub-39__fastica_cpu,FastICA,sub-39,11,12.261361087373686,0.007942882575474255,0.06502031936940063,0.00846492378610245,,,0.9840885400772095,46.55971242276151,,,
sub-39__fastica_cpu,FastICA,sub-39,12,25.845044065778836,0.035564267273009126,0.0499595193050982,0.024584419363884905,0.881542444229126,,,14.884377163931514,,,
sub-39__fastica_cpu,FastICA,sub-39,13,72.81452205939075,0.031511037672873235,0.05708811852041461,0.010198344933631547,,0.8004927635192871,,7.208744095225429,,,
sub-39__fastica_cpu,FastICA,sub-39,14,38.962685624914684,-0.032243242956644456,0.05199050086511734,0.024959507912102444,0.8593915104866028,,,1.0911263941631306,,,
sub-39__infomax_cpu,Infomax,sub-39,0,6.565802495783373,-0.006114362113576458,0.007087609108787364,0.06533288351075758,,,,0.1074459566068442,,,
sub-39__infomax_cpu,Infomax,sub-39,1,51.797564418889024,0.051057428647200885,0.01471758029847971,0.03942089832574579,0.8463466167449951,,,627.1807874973623,,,
sub-39__infomax_cpu,Infomax,sub-39,2,13.33819277127337,0.06146034317621743,0.011238828614236645,0.02134519646535897,0.8010302186012268,,,989.5669477709573,,,
sub-39__infomax_cpu,Infomax,sub-39,3,48.19575812612176,0.040749013449972976,-0.03510440958146305,0.03850673947673574,0.9423232674598694,,,594.1181483542605,,,
sub-39__infomax_cpu,Infomax,sub-39,4,9.90433129988348,0.02106681019355732,-0.05175957793283012,0.0354471939209076,0.9513044357299805,,,1017.5741954115808,,,
sub-39__infomax_cpu,Infomax,sub-39,5,5.696215814304892,-0.012560725866353956,0.014009243128467096,0.06332546098107046,0.9998424053192139,,,0.9817840922886503,,,
sub-39__infomax_cpu,Infomax,sub-39,6,17.29986542671034,0.04889764816899425,-0.026930640119137053,0.03525724367559262,0.8712928295135498,,,1220.9060453098452,,,
sub-39__infomax_cpu,Infomax,sub-39,7,2.7761194038654367,-0.008766173015144957,-0.011581209519681985,0.04956923429618642,0.999447762966156,,,0.42384284638600933,,,
sub-39__infomax_cpu,Infomax,sub-39,8,8.581499206950099,0.004989399662075506,-0.01653891813684109,0.06375620429598963,0.9999776482582092,,,0.539165770054959,,,
sub-39__infomax_cpu,Infomax,sub-39,9,37.080965637340505,0.0011632699031694721,0.044011669629546404,0.04920306009520004,0.9616663455963135,,,0.5957178131923211,,,
sub-39__infomax_cpu,Infomax,sub-39,10,10.997361417566054,-0.011842049222709296,0.06458891652000148,0.006905729550198707,,0.5903176665306091,,16.006089364745062,,,
sub-39__infomax_cpu,Infomax,sub-39,11,12.305817433471972,0.00640636522780725,0.0651592316126162,0.008796790123420913,,,0.9913182258605957,46.806923918043765,,,
sub-39__infomax_cpu,Infomax,sub-39,12,25.23863436909714,0.03522800602303139,0.05007402972720504,0.024826882929892585,0.9000140428543091,,,15.499770750975031,,,
sub-39__infomax_cpu,Infomax,sub-39,13,73.91449465364332,0.031132225879780085,0.057313995910544376,0.01009562766903105,,0.7554802298545837,,7.213897414577145,,,
sub-39__infomax_cpu,Infomax,sub-39,14,43.446509342044294,-0.0342322154291498,0.051262020649546804,0.023719198972887344,0.9024527072906494,,,0.9966369367497103,,,
sub-39__jax_gpu,AMICA-Python (JAX-GPU),sub-39,0,23.656354783809178,-0.0006556188483036106,0.030862818436962862,0.05836406528301586,,,,0.09733724273386901,,,
sub-39__jax_gpu,AMICA-Python (JAX-GPU),sub-39,1,38.1295571833665,0.03994226554536175,-0.029873475215015332,0.0433200667447306,0.9603738188743591,,,509.26164591332133,,,
sub-39__jax_gpu,AMICA-Python (JAX-GPU),sub-39,2,12.19641261381004,0.06140309858831993,0.01219590191915722,0.021117234276004662,0.8233275413513184,,,897.8584675705238,,,
sub-39__jax_gpu,AMICA-Python (JAX-GPU),sub-39,3,4.809030983561499,-0.009258031089602459,0.011993980719841785,0.06439032501286139,0.9996961951255798,,,0.8596393210974647,,,
sub-39__jax_gpu,AMICA-Python (JAX-GPU),sub-39,4,4.943984990401404,0.027180397730992387,-0.04616025425039747,0.03860345890764905,0.9684537053108215,,,695.999546749837,,,
sub-39__jax_gpu,AMICA-Python (JAX-GPU),sub-39,5,35.532433155217376,0.04585213872718549,-0.037892951265756446,0.0287411721156359,0.8379055261611938,,,1010.0645181739543,,,
sub-39__jax_gpu,AMICA-Python (JAX-GPU),sub-39,6,30.575199816229244,0.05529415214085893,0.0010299065116023847,0.036137843460247204,0.9822521805763245,,,620.9024695352596,,,
sub-39__jax_gpu,AMICA-Python (JAX-GPU),sub-39,7,2.711618487558354,-0.010352282753656052,-0.011455820094906507,0.04714903127560544,0.9971534013748169,,,0.4297709284579021,,,
sub-39__jax_gpu,AMICA-Python (JAX-GPU),sub-39,8,11.889216648046087,0.00907679499062194,0.06501027603115733,0.007297113336644529,,,0.9940885305404663,47.96937186135439,,,
sub-39__jax_gpu,AMICA-Python (JAX-GPU),sub-39,9,16.46653119775482,-0.014764623390249552,0.06396143476430448,0.00743300432727072,,0.7020218372344971,,12.655845014542848,,,
sub-39__jax_gpu,AMICA-Python (JAX-GPU),sub-39,10,56.97427795727151,0.02821258903524751,0.05899609717642133,0.00928217504621521,,0.8915066123008728,,7.966587423991465,,,
sub-39__jax_gpu,AMICA-Python (JAX-GPU),sub-39,11,22.75489871466317,0.03337957919672312,0.051237320224173044,0.024896570400956757,0.903204619884491,,,15.493646507345815,,,
sub-39__jax_gpu,AMICA-Python (JAX-GPU),sub-39,12,15.964202888994322,0.00023026110772361342,-0.016500237048487843,0.06397570961635354,0.9997928738594055,,,0.5526224732460006,,,
sub-39__jax_gpu,AMICA-Python (JAX-GPU),sub-39,13,44.64197079281913,-0.029626275579108914,0.05239756116825709,0.027256896844828123,0.8686642050743103,,,1.0954950977559692,,,
sub-39__jax_gpu,AMICA-Python (JAX-GPU),sub-39,14,39.82714147349633,0.0013529156859325888,0.04386239264973095,0.04939318517314465,0.852089524269104,,,0.5972588913382468,,,
sub-39__picard_cpu,Picard,sub-39,0,7.7528328142167595,-0.007410123304072488,0.010469036462783146,0.0648104686282448,,,,0.10673764159554544,,,
sub-39__picard_cpu,Picard,sub-39,1,51.83121144131834,0.05105050616689845,0.014755888836368677,0.03941599643042921,0.8486509919166565,,,627.080306410425,,,
sub-39__picard_cpu,Picard,sub-39,2,13.264429340555523,0.06161669864067071,0.010401283191503047,0.021511287824058926,0.8007994294166565,,,989.452022562762,,,
sub-39__picard_cpu,Picard,sub-39,3,48.15141940296829,0.03908626006743744,-0.034697944682203635,0.040524733872120536,0.9417992830276489,,,594.0699476729802,,,
sub-39__picard_cpu,Picard,sub-39,4,9.969592229955481,0.020988389441851118,-0.051780853058154566,0.03546286500886142,0.9530948400497437,,,1018.8866221454874,,,
sub-39__picard_cpu,Picard,sub-39,5,5.667436538633282,-0.012302526902748087,0.013984049841301546,0.06338568670887643,0.9998403191566467,,,0.9459278738740093,,,
sub-39__picard_cpu,Picard,sub-39,6,17.113195885665164,0.04806644048391344,-0.02823450264401497,0.03558013508514631,0.8675178289413452,,,1221.054922369386,,,
sub-39__picard_cpu,Picard,sub-39,7,2.9645676393493403,-0.010512417755011761,-0.008938358429265667,0.04828924133626032,0.9994299411773682,,,0.46997326898839553,,,
sub-39__picard_cpu,Picard,sub-39,8,6.607231155516132,0.006899578578250688,-0.021331358158738427,0.06214618451815006,0.999975860118866,,,0.4879174763133829,,,
sub-39__picard_cpu,Picard,sub-39,9,10.931121635077162,-0.011252191626203131,0.06468699941531442,0.006899376827676046,,0.5337433218955994,,16.056609222527175,,,
sub-39__picard_cpu,Picard,sub-39,10,39.84530557200735,0.001498929103653329,0.04520235995958723,0.04816772215966308,0.9606208205223083,,,0.602089980265617,,,
sub-39__picard_cpu,Picard,sub-39,11,12.421492341338151,0.007535736100747553,0.06511772793147286,0.007892987166854966,,,0.9891928434371948,46.76901799614512,,,
sub-39__picard_cpu,Picard,sub-39,12,26.391846808277606,0.03548066681545261,0.04993828793914834,0.024905142856737644,0.894490122795105,,,15.503874213503916,,,
sub-39__picard_cpu,Picard,sub-39,13,73.99518382155509,0.02978154668499005,0.058094037470126605,0.009702991821172713,,0.7593839168548584,,7.186156581930758,,,
sub-39__picard_cpu,Picard,sub-39,14,38.54053958427938,-0.03294106853888196,0.051731157881643966,0.024476638559383073,0.9099202752113342,,,1.1161375133621014,,,
sub-40__fastica_cpu,FastICA,sub-40,0,61.537439099116924,-0.007182256302372849,-0.0517896800802992,0.04044265645145487,,,,584.3636841711041,,,
sub-40__fastica_cpu,FastICA,sub-40,1,7.000631545120413,0.05650834912022539,-0.011397645764859835,0.032263166745606774,0.9174308180809021,,,14553.863004044159,,,
sub-40__fastica_cpu,FastICA,sub-40,2,11.851014340279832,0.048211107887142536,-0.027946825875648434,0.035596698022469064,0.9959728717803955,,,3606.509352067062,,,
sub-40__fastica_cpu,FastICA,sub-40,3,16.313526503329612,0.006628046846395944,0.023348342582783375,0.06145223525687524,0.8702558875083923,,,11.637053297399811,,,
sub-40__fastica_cpu,FastICA,sub-40,4,30.74113564266193,-0.021823955583589846,-0.052267338139142576,0.033928539200586486,0.969809889793396,,,1057.1026350761397,,,
sub-40__fastica_cpu,FastICA,sub-40,5,23.788331188600324,0.01834515822668078,-0.052675687946925426,0.03538220765233131,0.8189318180084229,,,1104.901598424348,,,
sub-40__fastica_cpu,FastICA,sub-40,6,2.4051545633323173,-0.012629728926185623,0.0045197319340843,0.0527664847189631,0.9880337119102478,,,630.1979934460447,,,
sub-40__fastica_cpu,FastICA,sub-40,7,20.31198080259925,0.04029063479941624,0.04681046380318762,0.023483653945489177,0.5461635589599609,,,1558.4320053149731,,,
sub-40__fastica_cpu,FastICA,sub-40,8,18.398640845337695,0.007276827133758333,0.06530281988522196,0.006281534494913052,,,0.6305347681045532,39.71628394966355,,,
sub-40__fastica_cpu,FastICA,sub-40,9,15.072124907516368,-0.0003012896728180374,-0.020516790422835482,0.06280111226329643,0.9995424747467041,,,3296.9539296863145,,,
sub-40__fastica_cpu,FastICA,sub-40,10,60.09416883738459,0.0,0.06,0.02,,,0.5887196063995361,307.9430157253236,,,
sub-40__fastica_cpu,FastICA,sub-40,11,15.464885835528491,-0.02512053667765026,0.059452025975678,0.013918909157834843,,,0.35131916403770447,15.552915280674497,,,
sub-40__fastica_cpu,FastICA,sub-40,12,15.90996057325043,-0.06227180263871893,0.002297003776750764,0.02196490392283536,0.9794048070907593,,,18866.95214078146,,,
sub-40__fastica_cpu,FastICA,sub-40,13,32.14686948034776,0.009639896482758887,0.016365988758105042,0.0633410017083463,0.9997888803482056,,,4.443169587333985,,,
sub-40__fastica_cpu,FastICA,sub-40,14,45.46470735999253,-0.04003238213197138,-0.038242925822684334,0.03608786897225097,0.9903682470321655,,,1602.4944082599632,,,
sub-40__infomax_cpu,Infomax,sub-40,0,56.271120519552355,-0.01615841366263862,-0.04523593000368865,0.04553699478836093,,,,584.2730252253392,,,
sub-40__infomax_cpu,Infomax,sub-40,1,10.820414709231713,0.060125570025902304,-0.013980769630194345,0.023905680481003354,0.9664002656936646,,,16150.349320973603,,,
sub-40__infomax_cpu,Infomax,sub-40,2,10.931127987496765,0.048874727973401956,-0.027008874743740703,0.03530335639792471,0.9921228289604187,,,3475.5286561896505,,,
sub-40__infomax_cpu,Infomax,sub-40,3,10.902433415533508,0.05607771968973251,0.00034134060770228745,0.035043746632123514,0.8371793031692505,,,2250.458807690828,,,
sub-40__infomax_cpu,Infomax,sub-40,4,15.720490566008436,0.006831092136302641,0.02447074143437612,0.06094120027630959,0.8949028253555298,,,12.901254558763567,,,
sub-40__infomax_cpu,Infomax,sub-40,5,29.846853767279555,-0.022317653302014386,-0.05199394953726849,0.03422806055605361,0.9610618352890015,,,1066.5532742152077,,,
sub-40__infomax_cpu,Infomax,sub-40,6,21.81948582557706,0.017215882637500842,-0.05299093642946921,0.035424229809249544,0.8363076448440552,,,1110.8649077400366,,,
sub-40__infomax_cpu,Infomax,sub-40,7,3.898654427715826,0.0007920129847603496,0.005351890967259019,0.06580301448330156,0.9950323104858398,,,840.3951986143851,,,
sub-40__infomax_cpu,Infomax,sub-40,8,15.836959128520505,0.0013540772843589441,0.06583539673897988,0.006559333285660064,,,0.8884874582290649,60.549904847493494,,,
sub-40__infomax_cpu,Infomax,sub-40,9,19.72266739052928,-0.0021644329850126877,-0.014523532264753922,0.06437148957256078,0.99930340051651,,,239.4069460557186,,,
sub-40__infomax_cpu,Infomax,sub-40,10,12.210080059516784,-0.06249951372673507,0.00449726563049041,0.021262188432167966,0.9842639565467834,,,18530.545809118223,,,
sub-40__infomax_cpu,Infomax,sub-40,11,45.39284440354082,-0.04027571411465714,-0.0370670964914564,0.03698701668569568,0.9895577430725098,,,1610.2138917233713,,,
sub-40__infomax_cpu,Infomax,sub-40,12,40.43696467503904,-0.04585109825419791,0.0449472575530864,0.01535531084844468,0.8329307436943054,,,179.5227201788088,,,
sub-40__infomax_cpu,Infomax,sub-40,13,81.45975446214351,0.0,0.06,0.02,,,0.3519013524055481,273.7610762036103,,,
sub-40__infomax_cpu,Infomax,sub-40,14,72.07482169752738,-0.04263717800661999,0.03475733107866539,0.03658143906101186,0.9947682619094849,,,627.3896015202415,,,
sub-40__jax_gpu,AMICA-Python (JAX-GPU),sub-40,0,40.25953578052843,0.007081799100429999,-0.021586852586062726,0.061971687212155784,,,,580.0455830271653,,,
sub-40__jax_gpu,AMICA-Python (JAX-GPU),sub-40,1,12.19840039908945,0.04885233930894765,-0.026953878582835378,0.03526342380446575,0.9197906851768494,,,2112.403858396006,,,
sub-40__jax_gpu,AMICA-Python (JAX-GPU),sub-40,2,13.391265597668848,-0.022595010909823826,-0.0517393417029162,0.03431113764749734,0.9000235199928284,,,1079.4384306021425,,,
sub-40__jax_gpu,AMICA-Python (JAX-GPU),sub-40,3,15.92947323348615,0.00833011959337632,0.02620255458922655,0.060074701566127556,0.7598836421966553,,,24.9553475157557,,,
sub-40__jax_gpu,AMICA-Python (JAX-GPU),sub-40,4,1.7687963845577173,0.020987704753873855,-0.05073124988254358,0.036881942425838914,0.7319113612174988,,,865.4703492578273,,,
sub-40__jax_gpu,AMICA-Python (JAX-GPU),sub-40,5,13.354196660222257,0.0561748588920592,0.015694728399632506,0.03094420474018969,0.6324532628059387,,,12633.649037596904,,,
sub-40__jax_gpu,AMICA-Python (JAX-GPU),sub-40,6,1.3647463873808618,-0.009384717073172195,0.004521580668034023,0.05348561580177255,0.9929787516593933,,,633.5335838889945,,,
sub-40__jax_gpu,AMICA-Python (JAX-GPU),sub-40,7,14.503248596866996,-0.0020614764830796284,0.06569759561948434,0.006236306878175925,,,0.9655885696411133,146.23499398742968,,,
sub-40__jax_gpu,AMICA-Python (JAX-GPU),sub-40,8,10.18319168069334,-0.0157190651569791,-0.02701138773764115,0.058202968728812185,0.9969630241394043,,,1413.9543291289933,,,
sub-40__jax_gpu,AMICA-Python (JAX-GPU),sub-40,9,17.922019277981434,-0.031687924123098246,0.05684366341915342,0.011878899532256775,0.41408243775367737,,,82.94205144006487,,,
sub-40__jax_gpu,AMICA-Python (JAX-GPU),sub-40,10,12.863706912144167,0.010227042047665513,-0.024128150648401923,0.060646707131588165,0.9978885650634766,,,2729.4630699377994,,,
sub-40__jax_gpu,AMICA-Python (JAX-GPU),sub-40,11,33.594269245260136,-0.06252247669126831,0.0019614454115814118,0.021128179399081574,0.9780634045600891,,,17489.89764775952,,,
sub-40__jax_gpu,AMICA-Python (JAX-GPU),sub-40,12,21.28963022308473,0.038202557074086256,0.05109002611331128,0.01719243328172177,0.6975921988487244,,,7309.978069673103,,,
sub-40__jax_gpu,AMICA-Python (JAX-GPU),sub-40,13,17.058230067863818,0.011663055045952735,0.017155342796431185,0.06286439452801701,0.9982584714889526,,,5808.596818907893,,,
sub-40__jax_gpu,AMICA-Python (JAX-GPU),sub-40,14,65.41027269782873,0.020584016882554533,0.062230180447867114,0.008505450414510889,,,0.7195916771888733,191.49913842937264,,,
sub-40__picard_cpu,Picard,sub-40,0,58.64459860037331,-0.014265513409877308,-0.04576716652223085,0.04540100865769572,,,,586.166559979595,,,
sub-40__picard_cpu,Picard,sub-40,1,10.07543294657691,0.05890098996294515,-0.013326598322114545,0.026804999064566556,0.932595431804657,,,14433.706667890761,,,
sub-40__picard_cpu,Picard,sub-40,2,11.872385562082158,0.04841672808620712,-0.027614084235869973,0.03539206986204871,0.9948641061782837,,,3604.895935397173,,,
sub-40__picard_cpu,Picard,sub-40,3,16.073158513894157,0.006713701609643619,0.02326809917542008,0.06142381664332964,0.9327361583709717,,,15.168381576628988,,,
sub-40__picard_cpu,Picard,sub-40,4,29.923530214244053,-0.021878492783076728,-0.0522112184867075,0.0340557842882301,0.96077960729599,,,1066.1239369968318,,,
sub-40__picard_cpu,Picard,sub-40,5,21.88476998519539,0.017613271764026765,-0.05279501930605758,0.03554311214124935,0.8141677379608154,,,1108.147962950596,,,
sub-40__picard_cpu,Picard,sub-40,6,2.379177171069628,-0.011639429125474186,0.004610724996343252,0.05227186270756005,0.9897506237030029,,,681.305017274086,,,
sub-40__picard_cpu,Picard,sub-40,7,16.37600647677543,0.04043631050370639,0.04686741947413127,0.02308364219890879,0.6270262002944946,,,1726.864053599723,,,
sub-40__picard_cpu,Picard,sub-40,8,18.117378577302887,0.005373864815509048,0.06550689404203841,0.006263415515545509,,,0.6379743814468384,43.10005136704345,,,
sub-40__picard_cpu,Picard,sub-40,9,13.464234011571406,8.03322931374024e-05,-0.01959563269191755,0.0630944246079229,0.9998055696487427,,,3572.7888687922887,,,
sub-40__picard_cpu,Picard,sub-40,10,64.24443551781756,0.0,0.06,0.02,,,0.5150544047355652,307.001150771084,,,
sub-40__picard_cpu,Picard,sub-40,11,14.036608217184948,-0.06233108462956557,0.0030582908247860385,0.02167392250199369,0.9795382022857666,,,18848.945531696238,,,
sub-40__picard_cpu,Picard,sub-40,12,33.77941424311582,0.007037281613057351,0.017968861900906616,0.06318909537769109,0.9998013973236084,,,4.624819970056323,,,
sub-40__picard_cpu,Picard,sub-40,13,15.592192638042476,-0.024959951754738044,0.059563071227620265,0.014157880705832992,,,0.4635240435600281,17.734539698496153,,,
sub-40__picard_cpu,Picard,sub-40,14,44.80294755731672,-0.040824072727441894,-0.0370424080543017,0.036394283683703114,0.9905564785003662,,,1609.4145159657974,,,
sub-41__fastica_cpu,FastICA,sub-41,0,18.712248464701048,-0.005720928635571551,0.0033921414867545503,0.06584225096742659,,,,0.20029926101669293,,,
sub-41__fastica_cpu,FastICA,sub-41,1,44.118412432788226,-0.03986939463469205,0.0480832883873883,0.02155380067682751,,0.995409369468689,,123.50283981178087,,,
sub-41__fastica_cpu,FastICA,sub-41,2,1.5433260548267924,-0.018678163017751957,0.002844939724813077,0.06330873161150723,0.9997853636741638,,,3.0929005016688382,,,
sub-41__fastica_cpu,FastICA,sub-41,3,0.7862954870167584,0.017960707675864076,-0.052808683690053204,0.03532592310217869,0.9228277206420898,,,0.5733680032861637,,,
sub-41__fastica_cpu,FastICA,sub-41,4,11.143316813885122,-0.00027474978981993756,0.06572563522640319,0.007443162681832183,,,0.9369970560073853,96.94432627532132,,,
sub-41__fastica_cpu,FastICA,sub-41,5,4.324910142546329,0.015188078914238994,-0.009003314672826794,0.06366274272552433,0.9996750950813293,,,1.9190011551431327,,,
sub-41__fastica_cpu,FastICA,sub-41,6,23.518161685181255,-0.036110131835511594,0.043100156714500217,0.03488312666460152,0.5321498513221741,,,1.8622036230368977,,,
sub-41__fastica_cpu,FastICA,sub-41,7,6.531476710613177,-0.03099416937383453,-0.04441922908709195,0.037757214987651055,0.8153974413871765,,,0.815738044422599,,,
sub-41__fastica_cpu,FastICA,sub-41,8,33.35722522525289,-0.01027969898107115,0.06462152041589526,0.009165966759742334,,,0.9359318017959595,47.6015910654224,,,
sub-41__fastica_cpu,FastICA,sub-41,9,13.064984057459355,-0.05643969032906163,0.01428447339932533,0.031228779323898368,,,,10.966091983413133,,,
sub-41__fastica_cpu,FastICA,sub-41,10,18.2026105144422,-0.0011531987337364785,-0.03588796231813014,0.055453730243897735,0.999386727809906,,,1.71330072836159,,,
sub-41__fastica_cpu,FastICA,sub-41,11,27.48373174572265,0.04289243037189207,0.04667070397595075,0.018581073792376397,,0.9670860767364502,,329.21285261483274,,,
sub-41__fastica_cpu,FastICA,sub-41,12,15.984004071274754,0.06093210200685487,0.012406185672081566,0.022282290885717426,,0.7056015133857727,,9.670050058960046,,,
sub-41__fastica_cpu,FastICA,sub-41,13,24.436971377161655,0.019136187735963688,0.05695018222191868,0.027476304628804443,,,0.38662979006767273,16.443163406223338,,,
sub-41__fastica_cpu,FastICA,sub-41,14,45.40181833474981,-0.04091468109129997,0.03562765364346853,0.03790619496172354,0.9023800492286682,,,1.4741010188408623,,,
sub-41__infomax_cpu,Infomax,sub-41,0,16.385791722215416,-0.004521942552419971,-0.0011150688194979962,0.06590808073162023,,,,0.20058880422537673,,,
sub-41__infomax_cpu,Infomax,sub-41,1,44.37566735342266,-0.04008508535615796,0.04771056917397149,0.022010003520338942,,0.9970625638961792,,123.52436093310104,,,
sub-41__infomax_cpu,Infomax,sub-41,2,1.5233879541688822,-0.018282081425520694,0.002709405838141981,0.06338557372554342,0.9998033046722412,,,3.1157408863123193,,,
sub-41__infomax_cpu,Infomax,sub-41,3,0.8355985040219878,0.01885295495685899,-0.05253410919196565,0.035270557394916933,0.9613937139511108,,,0.5646709332406825,,,
sub-41__infomax_cpu,Infomax,sub-41,4,10.82190231181771,-0.00024090954610967808,0.06573563063013457,0.006524540352699778,,,0.9509209990501404,96.93920882118756,,,
sub-41__infomax_cpu,Infomax,sub-41,5,4.461237951326041,0.015086399386130014,-0.010256766664422068,0.06349948645558623,0.9996799826622009,,,1.9153649593877624,,,
sub-41__infomax_cpu,Infomax,sub-41,6,22.992431409922602,-0.037827015661635086,0.041927974899003725,0.03453135761462729,,,,2.005441668115987,,,
sub-41__infomax_cpu,Infomax,sub-41,7,7.076931164383154,-0.03070031956891941,-0.043271133005457,0.039498201918666105,0.8258131742477417,,,0.8073677098959955,,,
sub-41__infomax_cpu,Infomax,sub-41,8,32.07065603492843,-0.010128997813850295,0.0648243742092149,0.007953969535749793,,,0.913078784942627,46.003086255770455,,,
sub-41__infomax_cpu,Infomax,sub-41,9,12.559500675556038,-0.05659353999849005,0.013989287543097466,0.03100379535387617,,,,11.177884895766192,,,
sub-41__infomax_cpu,Infomax,sub-41,10,17.23152617705985,-0.0012734114261547472,-0.03574023746973048,0.05556704709650152,0.9996075630187988,,,1.7099877030506772,,,
sub-41__infomax_cpu,Infomax,sub-41,11,27.189420949091286,0.04252156406541837,0.04693380275825924,0.01881888626067814,,0.9691359996795654,,329.1475845496572,,,
sub-41__infomax_cpu,Infomax,sub-41,12,16.61787061902544,0.060905332605648906,0.012402622026405458,0.02235458119896511,,0.5854568481445312,,10.364723087257547,,,
sub-41__infomax_cpu,Infomax,sub-41,13,25.947591306353175,0.02072239957098662,0.05526821379412596,0.029806666178370276,0.4046606421470642,,,19.385969060523216,,,
sub-41__infomax_cpu,Infomax,sub-41,14,45.298267230274355,-0.034192439936332614,0.036372424756080136,0.04339563429676806,0.8496385216712952,,,1.4370078624499873,,,
sub-41__jax_gpu,AMICA-Python (JAX-GPU),sub-41,0,10.085954537965364,-0.008088725848494014,-0.020969067239560487,0.06212366179881761,,,,0.1906262969662098,,,
sub-41__jax_gpu,AMICA-Python (JAX-GPU),sub-41,1,1.5500204722013677,-0.018602645855937922,0.0024971838234106682,0.0633086145027015,0.9996770024299622,,,3.1427693886325363,,,
sub-41__jax_gpu,AMICA-Python (JAX-GPU),sub-41,2,44.48853582255673,-0.04036382024664421,0.04765485527488801,0.021539953654963022,,0.9935307502746582,,124.0654817505688,,,
sub-41__jax_gpu,AMICA-Python (JAX-GPU),sub-41,3,3.9049223556848744,0.01369545742638226,-0.014482280721714166,0.06294018957605384,0.9991852641105652,,,1.986353221096512,,,
sub-41__jax_gpu,AMICA-Python (JAX-GPU),sub-41,4,11.212161968748546,0.00030830606951439635,0.06573400263929062,0.006186270705325909,,,0.9583888053894043,98.26388262825266,,,
sub-41__jax_gpu,AMICA-Python (JAX-GPU),sub-41,5,29.76470542660988,-0.007845370932142381,0.06490395297880716,0.00941027929207912,,,0.9426565170288086,41.16039859891964,,,
sub-41__jax_gpu,AMICA-Python (JAX-GPU),sub-41,6,22.021198684176667,-0.036783347443958,0.041275961028511526,0.03608718461858506,,,,2.333769062037801,,,
sub-41__jax_gpu,AMICA-Python (JAX-GPU),sub-41,7,15.135748705267261,0.060910606528954726,0.012344177025558456,0.022362727921055224,,0.6049553155899048,,10.339464692484183,,,
sub-41__jax_gpu,AMICA-Python (JAX-GPU),sub-41,8,23.460416973151695,0.043059339569162164,0.04668706562030503,0.018184709081579906,,0.9660376906394958,,328.95974911441425,,,
sub-41__jax_gpu,AMICA-Python (JAX-GPU),sub-41,9,1.326060460773931,0.021030763456227248,-0.05193537363710643,0.03491202099191956,0.8475725650787354,,,0.5400182333175438,,,
sub-41__jax_gpu,AMICA-Python (JAX-GPU),sub-41,10,23.9455585054708,0.015127792756104009,0.05313806492078301,0.03622083081931828,0.5182490348815918,,,24.242632176549492,,,
sub-41__jax_gpu,AMICA-Python (JAX-GPU),sub-41,11,15.03021794124281,-0.05667973537768407,0.012618388324110955,0.031431455233478456,,,,11.637244701808955,,,
sub-41__jax_gpu,AMICA-Python (JAX-GPU),sub-41,12,16.9714442447422,-0.002747226114721907,-0.03486441557224718,0.056189787300238936,0.9992251396179199,,,1.7304471454116195,,,
sub-41__jax_gpu,AMICA-Python (JAX-GPU),sub-41,13,37.387006273402946,-0.012187081848005623,0.043197917830569955,0.04847270782222892,0.894471287727356,,,1.066653413369889,,,
sub-41__jax_gpu,AMICA-Python (JAX-GPU),sub-41,14,6.378896323192279,-0.032438171644689484,-0.042629249442589084,0.03859827863345268,0.9194052815437317,,,0.8305633234880263,,,
sub-41__picard_cpu,Picard,sub-41,0,17.418029307136507,-0.004117486436048997,-0.00025932793450243903,0.06594078625566453,,,,0.2011837163797745,,,
sub-41__picard_cpu,Picard,sub-41,1,44.353219106316,-0.040409284759535834,0.0476426620018324,0.02149633325635613,,0.9968343377113342,,123.55060488672463,,,
sub-41__picard_cpu,Picard,sub-41,2,1.5129136554035512,-0.018156536393042474,0.0028622342046542362,0.06346080315609577,0.9998103380203247,,,3.117931374471766,,,
sub-41__picard_cpu,Picard,sub-41,3,0.845167663727139,0.018554047598612466,-0.05263748499077946,0.03526139948539872,0.9619629979133606,,,0.5638743454255959,,,
sub-41__picard_cpu,Picard,sub-41,4,10.812043642530028,-4.772469901389957e-05,0.06573626700015411,0.006852590485980534,,,0.9472584128379822,96.93458576862291,,,
sub-41__picard_cpu,Picard,sub-41,5,4.476983827175189,0.01503989238738772,-0.0102648967854248,0.06346449043281395,0.9996930360794067,,,1.916396854932585,,,
sub-41__picard_cpu,Picard,sub-41,6,23.007199556538765,-0.03664656318882932,0.042638504533171605,0.03480294626740777,,,,1.9887884787610153,,,
sub-41__picard_cpu,Picard,sub-41,7,7.169492363050196,-0.03132819891490692,-0.04320446965234726,0.03887578947464991,0.8247461318969727,,,0.8054179890928954,,,
sub-41__picard_cpu,Picard,sub-41,8,32.03800227170275,-0.007402145272687258,0.06535437329906316,0.007435599866723368,,,0.9168533086776733,45.927358933391595,,,
sub-41__picard_cpu,Picard,sub-41,9,12.593165959581043,-0.056436325513131526,0.01433116418126817,0.031211720310371713,,,,11.155484756006224,,,
sub-41__picard_cpu,Picard,sub-41,10,17.248833610276108,-0.0012819334331472237,-0.03573674672335436,0.055569163576253404,0.9996072053909302,,,1.7095840315310369,,,
sub-41__picard_cpu,Picard,sub-41,11,27.20634176554414,0.042884981896319556,0.047038293797829284,0.017743569822384713,,0.9695494174957275,,329.2264673111406,,,
sub-41__picard_cpu,Picard,sub-41,12,16.63686533088864,0.06092200421520568,0.012583083322634452,0.022124261909926113,,0.5960867404937744,,10.354946704292365,,,
sub-41__picard_cpu,Picard,sub-41,13,26.009152021667774,0.021604022346016973,0.05551198516002291,0.028605604985156255,0.40956905484199524,,,19.41807729116105,,,
sub-41__picard_cpu,Picard,sub-41,14,45.5747177303323,-0.03495484099041353,0.03816273081738733,0.04114901703007878,0.8609524369239807,,,1.4443247120456526,,,
sub-42__fastica_cpu,FastICA,sub-42,0,7.290793059770479,-0.019158259790926523,0.015100025799337908,0.04984750178125118,,,,-0.043967621360944786,,,
sub-42__fastica_cpu,FastICA,sub-42,1,30.0361657556018,0.010976204667422518,-0.005520680912544807,0.0649199631127895,0.6599234938621521,,,47.72794701279428,,,
sub-42__fastica_cpu,FastICA,sub-42,2,4.11847882594499,0.008909547757206428,0.007536769236578283,0.06498580785445522,0.9885106086730957,,,1.609851820983038,,,
sub-42__fastica_cpu,FastICA,sub-42,3,4.807822248706998,-0.021243951097986314,-0.0011688436664655073,0.0625696756186178,0.9987147450447083,,,1.3385116306488785,,,
sub-42__fastica_cpu,FastICA,sub-42,4,12.151482491798845,-0.0003721608451986253,0.06573936738414649,0.006237278245264321,,,0.9566991925239563,58.84610798286194,,,
sub-42__fastica_cpu,FastICA,sub-42,5,47.30829673831466,-0.010483879089779895,-0.03876860630565383,0.05253525023853946,0.8538835644721985,,,55.95019599933932,,,
sub-42__fastica_cpu,FastICA,sub-42,6,65.13283867055304,-0.03596133071757716,-0.04413195665200737,0.03233282942354347,0.9976444840431213,,,28.842544481499797,,,
sub-42__fastica_cpu,FastICA,sub-42,7,27.803853501424157,-0.041388197259230375,0.04344763414056888,0.027790149256962684,0.6690365076065063,,,74.34086505320853,,,
sub-42__fastica_cpu,FastICA,sub-42,8,26.23742637116011,0.05577744306450064,0.015284629847513418,0.031984930757044346,,,,80.50527645796893,,,
sub-42__fastica_cpu,FastICA,sub-42,9,17.774351206370483,-0.008862504037761464,0.06315588609822231,0.017638269844259764,,,0.9946971535682678,8.548973448897925,,,
sub-42__fastica_cpu,FastICA,sub-42,10,73.35208117720228,0.047317726523456075,0.04337356776565577,0.01585188097906782,,,,57.52250170949112,,,
sub-42__fastica_cpu,FastICA,sub-42,11,49.33793145132237,0.0062837946053892115,-0.02201492440069742,0.06193092274313527,0.6141943335533142,,,9.851660858144996,,,
sub-42__fastica_cpu,FastICA,sub-42,12,37.24843353125604,-0.06279900084918698,0.006967550426492459,0.019538835549531446,,,,25.54335837812336,,,
sub-42__fastica_cpu,FastICA,sub-42,13,47.96730814667263,-0.018357736998936832,-0.04957435737206881,0.03962768311577874,0.5502973198890686,,,87.8521546930793,,,
sub-42__fastica_cpu,FastICA,sub-42,14,45.18535255879649,0.016055415997073302,-0.053269162352617735,0.035551649024348285,0.989401638507843,,,22.309504809262187,,,
sub-42__infomax_cpu,Infomax,sub-42,0,9.710743767750358,-0.023416473093601748,0.009608178098783423,0.06001934288276552,,,,-0.045439685645023875,,,
sub-42__infomax_cpu,Infomax,sub-42,1,29.65388617857002,0.011045918410757203,-0.005495363083867138,0.06490891044229027,0.649247944355011,,,47.97143514258273,,,
sub-42__infomax_cpu,Infomax,sub-42,2,4.759803710251276,-0.020379843493398955,-0.0011346874336334814,0.06288690627790458,0.9989261031150818,,,1.3379253305517036,,,
sub-42__infomax_cpu,Infomax,sub-42,3,11.757235583728345,0.0003790510113308124,0.06573598546000761,0.0063332694074755575,,,0.9456419944763184,59.16489363022408,,,
sub-42__infomax_cpu,Infomax,sub-42,4,3.947328632765675,0.008244153041664828,0.008370937062117705,0.06501478027059307,0.9887738227844238,,,1.614787691078213,,,
sub-42__infomax_cpu,Infomax,sub-42,5,46.813144455910724,-0.010253146470591409,-0.04025291917854707,0.051369362605086004,0.8069183230400085,,,56.465004527504775,,,
sub-42__infomax_cpu,Infomax,sub-42,6,64.66812943862928,-0.034553041224761404,-0.04556407366024856,0.03230395256758764,0.9964503049850464,,,31.310630343833083,,,
sub-42__infomax_cpu,Infomax,sub-42,7,29.28680137515373,-0.040207439421056014,0.04365739326019577,0.029013348422803203,0.7019848227500916,,,75.10876126545429,,,
sub-42__infomax_cpu,Infomax,sub-42,8,27.495728059916985,0.056135096353194046,0.015875950156464154,0.03118069285941071,,,,80.33011057074658,,,
sub-42__infomax_cpu,Infomax,sub-42,9,18.33255800307711,-0.012135585372816393,0.0634159483353545,0.013969614549981775,,,0.9811515212059021,9.296955157947492,,,
sub-42__infomax_cpu,Infomax,sub-42,10,48.35387005027238,0.009730246772180833,-0.016667536931915007,0.06318277487739798,0.6053388714790344,,,10.366746792926696,,,
sub-42__infomax_cpu,Infomax,sub-42,11,76.38399224314341,0.03908378044425572,0.05169689710555917,0.01261763060442803,,,,59.02100958756746,,,
sub-42__infomax_cpu,Infomax,sub-42,12,35.093630890642714,-0.06160255580769981,0.007478262896538517,0.022598979879047076,,,,26.883774366184486,,,
sub-42__infomax_cpu,Infomax,sub-42,13,45.44273076339198,-0.01863953919174343,-0.04934778473310667,0.03977120548999478,0.5901603698730469,,,88.00043548312878,,,
sub-42__infomax_cpu,Infomax,sub-42,14,45.118768006773415,0.016345299617722273,-0.05297476360650737,0.036165303199084474,0.9911273717880249,,,22.84240968611782,,,
sub-42__jax_gpu,AMICA-Python (JAX-GPU),sub-42,0,6.928181852822746,-0.03107948894683628,0.010032415671454499,0.05111309210806279,,,,-0.03898071609916354,,,
sub-42__jax_gpu,AMICA-Python (JAX-GPU),sub-42,1,31.849757444257605,0.01089391380729966,-0.005123349638262539,0.0649680715260546,,,,46.47525911071931,,,
sub-42__jax_gpu,AMICA-Python (JAX-GPU),sub-42,2,10.103216891901937,0.006253398672259488,0.04375158564090094,0.049053156558165445,0.5725376009941101,,,20.188547334802344,,,
sub-42__jax_gpu,AMICA-Python (JAX-GPU),sub-42,3,4.489799477808205,-0.021254749529182312,-0.004207607384940732,0.06254682207859712,0.9994326829910278,,,1.4071106181132782,,,
sub-42__jax_gpu,AMICA-Python (JAX-GPU),sub-42,4,41.67456595485661,-0.00906049705269834,-0.03904008675582113,0.05265272628912128,0.8988592624664307,,,56.77261105799188,,,
sub-42__jax_gpu,AMICA-Python (JAX-GPU),sub-42,5,3.782658240668127,0.006341840099374315,0.011015911293850263,0.06479003178340217,0.9869911670684814,,,1.4999675785954905,,,
sub-42__jax_gpu,AMICA-Python (JAX-GPU),sub-42,6,21.292309981107735,-0.023344617239872103,0.05828932705573758,0.020447315186839822,,,0.4261987805366516,11.32269288739632,,,
sub-42__jax_gpu,AMICA-Python (JAX-GPU),sub-42,7,14.420186716891692,0.05715348883150982,0.006758893169841518,0.03239506998479077,0.5551958084106445,,,67.54400373169338,,,
sub-42__jax_gpu,AMICA-Python (JAX-GPU),sub-42,8,59.56217680576624,0.008063568789808198,-0.06066575900407721,0.01437658232917372,0.9966342449188232,,,21.228826024032273,,,
sub-42__jax_gpu,AMICA-Python (JAX-GPU),sub-42,9,77.87799264163503,-0.04728084854661322,0.027607255651815307,0.03692746039683458,,,,59.68460761872877,,,
sub-42__jax_gpu,AMICA-Python (JAX-GPU),sub-42,10,43.3748988283604,-0.04538224608034862,0.04553076675522036,0.015221236918017347,0.7061622142791748,,,56.99548683205023,,,
sub-42__jax_gpu,AMICA-Python (JAX-GPU),sub-42,11,64.94877115028805,0.0,0.06,0.02,,,0.7072257995605469,34.434759575076,,,
sub-42__jax_gpu,AMICA-Python (JAX-GPU),sub-42,12,61.850869008697416,-0.022206282322015273,-0.04852389414760916,0.03887957945717228,0.5247808694839478,,,87.56604799371071,,,
sub-42__jax_gpu,AMICA-Python (JAX-GPU),sub-42,13,37.19752544583397,-0.06104763132553831,0.017169499713118323,0.018578011301581304,,,,23.347525503934996,,,
sub-42__jax_gpu,AMICA-Python (JAX-GPU),sub-42,14,29.27448004116718,0.02635072072867119,-0.050050294519166656,0.034137447086211796,0.960788369178772,,,24.79997779938265,,,
sub-42__picard_cpu,Picard,sub-42,0,9.534012014545837,-0.023205534685817375,0.005832983588206734,0.06158994274670342,,,,-0.05210730222106941,,,
sub-42__picard_cpu,Picard,sub-42,1,29.709910110194443,0.011205927050268844,-0.00542492643652427,0.06488599968717722,0.6598972082138062,,,47.998402970023164,,,
sub-42__picard_cpu,Picard,sub-42,2,4.743390998692334,-0.020813680027493328,-0.0009263222428161071,0.06269624822494758,0.9981032609939575,,,1.3307071635145356,,,
sub-42__picard_cpu,Picard,sub-42,3,11.749775894045442,0.0002635917275514863,0.06573315717882271,0.0062003518273315425,,,0.9490262866020203,59.17786421268971,,,
sub-42__picard_cpu,Picard,sub-42,4,3.9588743537980093,0.008277626881329865,0.007871629963131515,0.06509239944861522,0.9892785549163818,,,1.613647367066319,,,
sub-42__picard_cpu,Picard,sub-42,5,46.38755454923912,-0.01118310799425353,-0.04099305510694405,0.05069807064519582,0.8188334703445435,,,56.341250598153046,,,
sub-42__picard_cpu,Picard,sub-42,6,64.93799894812994,-0.03249450116249081,-0.04743930414670023,0.03237386551460184,0.9964334964752197,,,31.35657259908554,,,
sub-42__picard_cpu,Picard,sub-42,7,29.395461161426923,-0.040171213232002866,0.04371909286125071,0.028882889894792853,0.7084736824035645,,,74.96424736150226,,,
sub-42__picard_cpu,Picard,sub-42,8,27.537395544711615,0.05613496155181582,0.01620712828971173,0.030900705937812092,,,,80.39173681587917,,,
sub-42__picard_cpu,Picard,sub-42,9,18.36763898771366,-0.011707578990211388,0.06305254932061143,0.015809714993920938,,,0.9798375368118286,9.321785406673516,,,
sub-42__picard_cpu,Picard,sub-42,10,74.25941693533822,0.04722901467919055,0.043489080471459066,0.015998437910681385,,,,59.04644544483727,,,
sub-42__picard_cpu,Picard,sub-42,11,48.06380487750294,0.010312572048325712,-0.016730570123231082,0.06318140529905132,0.6131505370140076,,,10.333510018059679,,,
sub-42__picard_cpu,Picard,sub-42,12,35.24865354741094,-0.0616106495686593,0.007509228108138556,0.02256628501784861,,,,26.875962622501696,,,
sub-42__picard_cpu,Picard,sub-42,13,45.49020096263724,-0.01826143980156565,-0.04935741682527642,0.03987397383757635,0.5975528955459595,,,87.98877985152144,,,
sub-42__picard_cpu,Picard,sub-42,14,44.72537196197551,0.01641385952585155,-0.05296594583613461,0.036146513091424116,0.9801781177520752,,,22.779842417911173,,,
sub-43__fastica_cpu,FastICA,sub-43,0,68.60014639062638,0.008971513154711955,-0.05466674643283344,0.03598670299059539,,,,259.60138402526803,,,
sub-43__fastica_cpu,FastICA,sub-43,1,63.550176454737525,-0.0014006622936305012,-0.05640773354660572,0.034434026373453865,0.9209044575691223,,,43959.21682536279,,,
sub-43__fastica_cpu,FastICA,sub-43,2,29.30765621587861,0.020876209850482188,-0.0520396338549755,0.03505757977215322,0.6573302745819092,,,2705.2360567475557,,,
sub-43__fastica_cpu,FastICA,sub-43,3,14.575975215787992,0.04760604259622598,-0.02879038268509469,0.035554700964260375,0.738562822341919,,,1034.3763823351221,,,
sub-43__fastica_cpu,FastICA,sub-43,4,40.06682986366721,-0.039992724187705254,-0.039929507866482916,0.03266734790586746,0.5541643500328064,,,585.1597656874412,,,
sub-43__fastica_cpu,FastICA,sub-43,5,69.55333366495768,0.04819627803675484,0.022598947355480924,0.03919064190259051,0.4843989610671997,,,162.04967531085825,,,
sub-43__fastica_cpu,FastICA,sub-43,6,10.895706423183384,-0.010556545044665699,0.06465188899658236,0.009303849129001472,,,0.9793355464935303,81.9354360732695,,,
sub-43__fastica_cpu,FastICA,sub-43,7,13.579440301952118,-0.05755227413176688,0.013260588446837394,0.029513306416245215,,0.9371016025543213,,4.947929398270904,,,
sub-43__fastica_cpu,FastICA,sub-43,8,6.410619630765439,-0.006935596303731879,0.008980447145580621,0.06506309475256156,0.9998618364334106,,,2.5638228489127224,,,
sub-43__fastica_cpu,FastICA,sub-43,9,6.934176396885277,0.015255952340658666,0.06096873951651208,0.02035607544444706,,,0.5362999439239502,3.623757448331723,,,
sub-43__fastica_cpu,FastICA,sub-43,10,37.56104026087094,-0.037869304851022446,-0.03477778743856846,0.041482613613824146,0.9002361297607422,,,39.3994437700769,,,
sub-43__fastica_cpu,FastICA,sub-43,11,21.257067906885126,-0.0466469841265435,0.04297147583187116,0.018352877469885263,,0.6192091703414917,,8.511433362397247,,,
sub-43__fastica_cpu,FastICA,sub-43,12,24.965038250591036,0.013413853565998654,0.011064557893787139,0.06376156939193046,0.9888652563095093,,,0.5447681728979146,,,
sub-43__fastica_cpu,FastICA,sub-43,13,51.995342339663765,0.03463074003199002,0.049165058112641505,0.027468480195966406,,,,9.902203571385773,,,
sub-43__fastica_cpu,FastICA,sub-43,14,17.193606514260978,0.06123370936426602,0.008775292625926032,0.023211674273619642,0.5776057243347168,,,70.76455188597768,,,
sub-43__infomax_cpu,Infomax,sub-43,0,77.9066270657184,-0.017122619662856154,-0.05369823754909224,0.03463163928371283,,,,274.9471754979431,,,
sub-43__infomax_cpu,Infomax,sub-43,1,28.748201048759398,0.01987915117001608,-0.05213106454364437,0.03555265759262479,0.5546796321868896,,,2736.408703560621,,,
sub-43__infomax_cpu,Infomax,sub-43,2,14.30666455522784,0.04874231521148558,-0.027225432796110102,0.035444677320316455,0.6762441396713257,,,1032.6532553546056,,,
sub-43__infomax_cpu,Infomax,sub-43,3,21.328135934505823,-0.03192987072397886,-0.04757585513395725,0.03293997854879822,0.755132794380188,,,1469.421292866207,,,
sub-43__infomax_cpu,Infomax,sub-43,4,69.48405544581698,0.005818660728717326,-0.055548857632065685,0.03526831852725765,0.7495477199554443,,,44249.66644190139,,,
sub-43__infomax_cpu,Infomax,sub-43,5,68.5588790263157,0.04362500755342579,0.019804055204204755,0.04552359684483193,,,,154.67078774197097,,,
sub-43__infomax_cpu,Infomax,sub-43,6,10.71066788521317,-0.009542391897365424,0.06481549243055693,0.008550116882298316,,,0.9833268523216248,82.28673439472288,,,
sub-43__infomax_cpu,Infomax,sub-43,7,11.842165268251676,-0.061414708586798684,0.012387135817996144,0.02083531790682034,,0.8939961194992065,,4.906834719579605,,,
sub-43__infomax_cpu,Infomax,sub-43,8,49.647577104250615,-0.038011202972981314,-0.03247064303665258,0.043185477233309226,0.9604408740997314,,,30.723977635617942,,,
sub-43__infomax_cpu,Infomax,sub-43,9,17.405407289873608,-0.007775640691959928,-0.00045807813871878223,0.031074566004349956,0.9982435703277588,,,20.012943718907707,,,
sub-43__infomax_cpu,Infomax,sub-43,10,12.30032445476462,0.030780416427250677,0.04623470526068474,0.035696703343733115,0.921500027179718,,,15.928410310570925,,,
sub-43__infomax_cpu,Infomax,sub-43,11,66.90868578278724,-0.008353152441211304,0.05686804775889687,0.03268627983874436,0.6645691990852356,,,54.362944372637514,,,
sub-43__infomax_cpu,Infomax,sub-43,12,24.58215430976277,-0.04488726448106146,0.045901777313141864,0.01588075075678995,,0.7635133266448975,,8.36594505888686,,,
sub-43__infomax_cpu,Infomax,sub-43,13,12.23373781539297,0.054294939797468175,0.02739452238640333,0.025689780341688836,0.8257896304130554,,,39.22882549189628,,,
sub-43__infomax_cpu,Infomax,sub-43,14,76.8058836298735,0.0023226586815654313,-0.05347627759924737,0.03299728298243758,0.9563616514205933,,,1.460033550712292,,,
sub-43__jax_gpu,AMICA-Python (JAX-GPU),sub-43,0,64.54455848920051,-0.0576989168047811,-0.014317506791799236,0.02872336461082275,,,,517.7961696214052,,,
sub-43__jax_gpu,AMICA-Python (JAX-GPU),sub-43,1,26.945018910148917,0.02016786821767369,-0.05220472893693511,0.035225914987240474,0.571786642074585,,,5214.075436597857,,,
sub-43__jax_gpu,AMICA-Python (JAX-GPU),sub-43,2,15.520252159776263,0.05083602066284008,-0.02424907224891282,0.03468716859865478,0.6810390949249268,,,1029.3610578939913,,,
sub-43__jax_gpu,AMICA-Python (JAX-GPU),sub-43,3,11.630944922686453,-0.05292018017533655,-0.029549541087316323,0.026482053429093103,0.9561501741409302,,,24573.056330604562,,,
sub-43__jax_gpu,AMICA-Python (JAX-GPU),sub-43,4,13.379061907226045,-0.05807334536458005,0.009165621589386818,0.03014524095321216,,0.9388493895530701,,48.887648613150866,,,
sub-43__jax_gpu,AMICA-Python (JAX-GPU),sub-43,5,9.769464498884034,-0.009847721953161064,0.06477703545089128,0.009075081588595907,,,0.9864527583122253,91.85022335484298,,,
sub-43__jax_gpu,AMICA-Python (JAX-GPU),sub-43,6,49.83694511838556,0.03219814840346189,0.05166679459156099,0.025672033680282418,,,,14.318135409380922,,,
sub-43__jax_gpu,AMICA-Python (JAX-GPU),sub-43,7,16.95261725262837,-0.046072150654986925,0.04323879179760591,0.019106327010648273,,0.4412885904312134,,72.72979924588256,,,
sub-43__jax_gpu,AMICA-Python (JAX-GPU),sub-43,8,41.007418752149604,-0.03856599453244774,-0.0380464542813667,0.03796248169905824,0.898686408996582,,,156.39763543757405,,,
sub-43__jax_gpu,AMICA-Python (JAX-GPU),sub-43,9,14.257470274391324,0.06101508926074836,0.010882937625126939,0.022885749316656625,0.6490660905838013,,,233.31476714571033,,,
sub-43__jax_gpu,AMICA-Python (JAX-GPU),sub-43,10,45.83910816243781,0.041249103399799224,0.018148178352261127,0.04830225130984535,,,,233.39220330980615,,,
sub-43__jax_gpu,AMICA-Python (JAX-GPU),sub-43,11,7.072806078883971,-0.005750381527473349,0.005591286754071908,0.0656780460658948,0.9998573660850525,,,756.5877240032698,,,
sub-43__jax_gpu,AMICA-Python (JAX-GPU),sub-43,12,72.14483488719378,-0.012221279022290183,-0.025179641404301137,0.05998631566361197,,,,38316.22156916258,,,
sub-43__jax_gpu,AMICA-Python (JAX-GPU),sub-43,13,20.62729160592697,0.01415406529198664,0.01250676530041302,0.06333248475924567,0.9990619421005249,,,1.839571313183657,,,
sub-43__jax_gpu,AMICA-Python (JAX-GPU),sub-43,14,8.379435811583079,0.01680597058998764,0.06055760420234627,0.020731468664917787,,,0.4856875240802765,7.608755800013871,,,
sub-43__picard_cpu,Picard,sub-43,0,79.23458901687255,0.023174558894841785,0.06130380557165043,0.008143764905115525,,,,261.6871193757084,,,
sub-43__picard_cpu,Picard,sub-43,1,67.44123703126156,-0.010734121557891014,-0.055230342480523956,0.034664818886077,0.9550384879112244,,,45755.33455759773,,,
sub-43__picard_cpu,Picard,sub-43,2,29.242196057135345,0.02004234032311436,-0.05221546469261238,0.03515963533046762,0.6294013261795044,,,2794.469305710163,,,
sub-43__picard_cpu,Picard,sub-43,3,14.579447935358147,0.04737745396773913,-0.02890925729459646,0.03604107376991023,0.6936363577842712,,,1027.1891347293383,,,
sub-43__picard_cpu,Picard,sub-43,4,36.91266791111346,-0.0474874196355081,-0.03086956327998556,0.03329347792400822,,,,998.1576314638422,,,
sub-43__picard_cpu,Picard,sub-43,5,69.3241705271046,0.04728218010513906,0.023923040845787343,0.039504041611078185,0.5004879832267761,,,168.63242355558168,,,
sub-43__picard_cpu,Picard,sub-43,6,10.862448410916414,-0.009197874667062289,0.0650956493049684,0.00748803365179031,,,0.9777502417564392,82.29338772450616,,,
sub-43__picard_cpu,Picard,sub-43,7,13.383437353975708,-0.05800553254453029,0.010406242634729357,0.030063521878149743,,0.9499245882034302,,4.937827023697499,,,
sub-43__picard_cpu,Picard,sub-43,8,6.865220009031049,0.016580386818483336,0.0613064592466256,0.0183561747464534,,,0.46304067969322205,3.773163684048879,,,
sub-43__picard_cpu,Picard,sub-43,9,8.878708766785806,-0.006327248171989772,0.006183305044110225,0.0654779132287802,0.9997806549072266,,,2.5930000210683675,,,
sub-43__picard_cpu,Picard,sub-43,10,17.186563481077755,0.010523172790992078,0.013629771552092934,0.06374386224418516,0.9980859756469727,,,1.2526218564514684,,,
sub-43__picard_cpu,Picard,sub-43,11,36.43227869557367,-0.03915684594562806,-0.035192806764337024,0.04008436816160617,0.9076205492019653,,,50.4386792813689,,,
sub-43__picard_cpu,Picard,sub-43,12,19.759996971825274,-0.04675861132229023,0.04283218513263153,0.018549508469029558,,0.6778770685195923,,9.44499926734513,,,
sub-43__picard_cpu,Picard,sub-43,13,54.7604035795901,0.032459888187013036,0.05074099500227747,0.027037605288683098,,,,10.312879004960672,,,
sub-43__picard_cpu,Picard,sub-43,14,16.893941819623365,0.06105118778475451,0.010313396548535532,0.022928598747033808,0.4609418213367462,,,69.51823788625686,,,
sub-44__fastica_cpu,FastICA,sub-44,0,2.93231695591642,-0.015294617358801069,0.027365965720305266,0.05810761265842572,,,,0.08033284647902939,,,
sub-44__fastica_cpu,FastICA,sub-44,1,13.361000357598002,-0.002213342331695037,0.03552046635262705,0.055667087029333054,0.6738810539245605,,,0.19616698834444746,,,
sub-44__fastica_cpu,FastICA,sub-44,2,0.49311126878176026,0.0026231034550256867,-0.0014260506816776144,0.06595601301919847,0.9996718168258667,,,1.335894056766974,,,
sub-44__fastica_cpu,FastICA,sub-44,3,14.689912266698286,-0.021779236466255184,0.015029035101553371,0.06053420527109018,0.9119716882705688,,,0.2037601105344451,,,
sub-44__fastica_cpu,FastICA,sub-44,4,25.861237860468606,-0.0028967774879650313,0.06570551125303974,0.006224295618431725,,,0.7566022276878357,28.316418573162572,,,
sub-44__fastica_cpu,FastICA,sub-44,5,19.223740617210467,0.004246956868462783,0.040417354645508635,0.05209342428010291,0.8707258105278015,,,0.3837231265801573,,,
sub-44__fastica_cpu,FastICA,sub-44,6,45.51806789041414,0.024932730516052194,0.05898161103906299,0.016230278069195955,,,,5.464854241095518,,,
sub-44__fastica_cpu,FastICA,sub-44,7,38.67803065137625,0.027571149825130953,0.051655288342938054,0.030841442744301166,0.9556894302368164,,,0.5772591324350973,,,
sub-44__fastica_cpu,FastICA,sub-44,8,8.20549642186576,0.04730946631417419,0.038454409706357495,0.025345286160292465,0.9434689879417419,,,20.888400537958454,,,
sub-44__fastica_cpu,FastICA,sub-44,9,15.039478062982795,-0.004531733695727994,0.016473712084243655,0.06389042202035432,0.999256432056427,,,0.7451863815497415,,,
sub-44__fastica_cpu,FastICA,sub-44,10,21.941043045487703,0.001956644203107354,0.0654605801254423,0.008696696857977405,,,0.9436703324317932,33.79190764992429,,,
sub-44__fastica_cpu,FastICA,sub-44,11,15.725997289122944,0.03811295521896492,0.015402598068587969,0.051763996792730825,0.9876140356063843,,,0.6266893226929438,,,
sub-44__fastica_cpu,FastICA,sub-44,12,6.537459109257227,-0.022188044138503626,-0.036504570889216825,0.05048851713711712,0.9997521042823792,,,1.0231266989501613,,,
sub-44__fastica_cpu,FastICA,sub-44,13,10.196999841583192,-0.05967520312404115,0.010103007366271531,0.02647986956436118,0.9091797471046448,,,5.599840013142442,,,
sub-44__fastica_cpu,FastICA,sub-44,14,21.19653628352924,-0.010821345892054595,-0.05248285492363095,0.03857141113393125,0.9960942268371582,,,5.767118293489187,,,
sub-44__infomax_cpu,Infomax,sub-44,0,2.6926846046849846,-0.011325684445391596,0.027460165153028508,0.05900966398875209,,,,0.0843065010207571,,,
sub-44__infomax_cpu,Infomax,sub-44,1,8.06103328097069,-0.0005746597295984031,0.029165372589241827,0.059231677007198995,,,,-0.004136635998077232,,,
sub-44__infomax_cpu,Infomax,sub-44,2,0.4828939807472352,0.0028624410479744828,-0.0012693402914028143,0.06592586246830787,0.999744713306427,,,1.3358787973088102,,,
sub-44__infomax_cpu,Infomax,sub-44,3,30.087881117952833,-0.004151584309698599,0.05718777999537541,0.032810752557941456,0.790023684501648,,,0.6171711703639677,,,
sub-44__infomax_cpu,Infomax,sub-44,4,12.21580500288843,-0.021031620330342796,0.014162410640451092,0.06096252766101953,0.9642778635025024,,,0.23104195749188872,,,
sub-44__infomax_cpu,Infomax,sub-44,5,25.653538425623722,-0.002387070739129792,0.06568806205810554,0.0062206204702825495,,,0.7172813415527344,28.436579244050137,,,
sub-44__infomax_cpu,Infomax,sub-44,6,41.3876500733401,0.020693392229472224,0.0584958290415194,0.02298823464190249,,,,5.850092834180991,,,
sub-44__infomax_cpu,Infomax,sub-44,7,16.262218642637023,-0.005420792606596221,0.016593794864752046,0.06371143576015222,0.9992103576660156,,,0.7631207909390683,,,
sub-44__infomax_cpu,Infomax,sub-44,8,21.628624508995216,0.0025971632593587623,0.06539931926313498,0.008705247131006101,,,0.9415368437767029,35.17270770078239,,,
sub-44__infomax_cpu,Infomax,sub-44,9,13.629562060589905,0.03870304068064202,0.01639249553059691,0.05093004340683306,0.9885180592536926,,,0.6379425977030615,,,
sub-44__infomax_cpu,Infomax,sub-44,10,37.06027253192996,0.027016709428538597,0.053766076925471494,0.027274654118171936,0.9450249671936035,,,0.6538378020047433,,,
sub-44__infomax_cpu,Infomax,sub-44,11,8.759989098433351,0.046679453275972976,0.035196856058219685,0.030769258804149234,0.984146237373352,,,21.688239048783434,,,
sub-44__infomax_cpu,Infomax,sub-44,12,6.4192540210326285,-0.02153308113994539,-0.03522327431288689,0.05156572640695423,0.9998273849487305,,,1.0199745331085701,,,
sub-44__infomax_cpu,Infomax,sub-44,13,10.567416900685913,-0.0595094423544338,0.009565185480400086,0.026952658991372638,0.9143073558807373,,,5.679012629072794,,,
sub-44__infomax_cpu,Infomax,sub-44,14,19.907193912063633,-0.011726469956841405,-0.05221062036909536,0.03871988765908073,0.9976547360420227,,,5.998220312236144,,,
sub-44__jax_gpu,AMICA-Python (JAX-GPU),sub-44,0,38.675430280702486,-0.0010948449735136694,0.01671227928102537,0.06391131693675983,,,,0.05111082083018115,,,
sub-44__jax_gpu,AMICA-Python (JAX-GPU),sub-44,1,0.4987924171550304,0.0026361684627403256,-0.0041698449552605875,0.06473430461927752,0.9995607137680054,,,1.3469103956986936,,,
sub-44__jax_gpu,AMICA-Python (JAX-GPU),sub-44,2,25.838946157433867,-0.00272941267409267,0.06565421956695366,0.006295966004334028,,,0.6738167405128479,30.44623856558497,,,
sub-44__jax_gpu,AMICA-Python (JAX-GPU),sub-44,3,8.454897927760953,-0.02788120046943379,-0.026410243433493897,0.05382865660250426,0.9995930790901184,,,1.0368779700519815,,,
sub-44__jax_gpu,AMICA-Python (JAX-GPU),sub-44,4,23.940556113767272,0.005384128163932287,0.014164594060648116,0.0643034762622123,0.7329387068748474,,,0.018638473855352444,,,
sub-44__jax_gpu,AMICA-Python (JAX-GPU),sub-44,5,21.35210589012128,0.0030479207284184735,0.06545136249259603,0.008133576175574834,,,0.9460061192512512,33.08321307554742,,,
sub-44__jax_gpu,AMICA-Python (JAX-GPU),sub-44,6,11.18955894043141,0.008737093738915961,0.02609445787879393,0.06005897293727469,0.9998086094856262,,,0.5717506337442124,,,
sub-44__jax_gpu,AMICA-Python (JAX-GPU),sub-44,7,7.3711801453156625,-0.01505573873929397,0.006993215211035552,0.06390863953501268,0.998572587966919,,,0.2965659643238614,,,
sub-44__jax_gpu,AMICA-Python (JAX-GPU),sub-44,8,40.460969528832734,0.015630692689686393,0.05435570044014004,0.03433529986721456,0.9814712405204773,,,0.3114861013107353,,,
sub-44__jax_gpu,AMICA-Python (JAX-GPU),sub-44,9,41.459796987600996,0.00937673180930887,0.05802928226133532,0.030167757647596577,,,,6.306274673833451,,,
sub-44__jax_gpu,AMICA-Python (JAX-GPU),sub-44,10,12.933860500222764,-0.05986755615176841,0.010619482555349504,0.025831838895695642,0.9297505617141724,,,5.811816717874345,,,
sub-44__jax_gpu,AMICA-Python (JAX-GPU),sub-44,11,45.90770897692559,-0.026996255007805725,-0.04890068750688022,0.035254083793343,0.9660741090774536,,,6.709800705058365,,,
sub-44__jax_gpu,AMICA-Python (JAX-GPU),sub-44,12,11.200425532222695,0.04570013479827896,0.03239525566039254,0.03500873938425298,0.9892476201057434,,,19.708537993166132,,,
sub-44__jax_gpu,AMICA-Python (JAX-GPU),sub-44,13,8.73751985177877,0.028751210381714083,0.03345696184565734,0.029750108348775988,,,,0.5888709926854223,,,
sub-44__jax_gpu,AMICA-Python (JAX-GPU),sub-44,14,26.389012987714906,-0.0009868040630001244,0.04988654903370108,0.04324510383728621,0.9358932971954346,,,0.2603782190253079,,,
sub-44__picard_cpu,Picard,sub-44,0,2.8347450682268374,-0.014207714706820914,0.027175741954055692,0.05851954213188353,,,,0.0813395337213465,,,
sub-44__picard_cpu,Picard,sub-44,1,12.45154385604718,-0.002967804416345622,0.03525286829171814,0.05579762761905605,0.6944776177406311,,,0.19231052180508046,,,
sub-44__picard_cpu,Picard,sub-44,2,0.4861184350282315,0.002607327683962846,-0.0009497236544974559,0.06600884910269679,0.9997460246086121,,,1.325433591145603,,,
sub-44__picard_cpu,Picard,sub-44,3,14.1992667450439,-0.02016225412577664,0.015418327035395531,0.06099838551953899,0.9629281759262085,,,0.2110860351756938,,,
sub-44__picard_cpu,Picard,sub-44,4,25.89906000620583,-0.0026325059861726473,0.06560424502151262,0.007126380352711745,,,0.7301652431488037,28.41777745989323,,,
sub-44__picard_cpu,Picard,sub-44,5,19.176325590078008,0.004093654534178562,0.04046116781507789,0.05206243263022355,0.852928638458252,,,0.35989823036998647,,,
sub-44__picard_cpu,Picard,sub-44,6,44.2025431285993,0.023417145493532517,0.05875472202176089,0.019097013014243207,,,,5.616696492540314,,,
sub-44__picard_cpu,Picard,sub-44,7,39.591744959183096,0.026399054160496722,0.053245514985088546,0.028848910869980017,0.946479856967926,,,0.5736162397650522,,,
sub-44__picard_cpu,Picard,sub-44,8,21.9010532049671,0.0018718322538683147,0.06544603847493631,0.008826846714904645,,,0.9416648149490356,35.25066600785334,,,
sub-44__picard_cpu,Picard,sub-44,9,15.365106663064012,0.038017690567796705,0.01621928538909435,0.051541281899566214,0.9867075681686401,,,0.6286610571185771,,,
sub-44__picard_cpu,Picard,sub-44,10,17.004341340276795,-0.004681937909993376,0.01669063124360105,0.06380695372104724,0.9989673495292664,,,0.7665937250100745,,,
sub-44__picard_cpu,Picard,sub-44,11,6.35662014290709,-0.022262328994162483,-0.03547129532324617,0.05107629166436283,0.9997971057891846,,,1.0185159749597297,,,
sub-44__picard_cpu,Picard,sub-44,12,8.916272672228132,0.048668991368794566,0.03620035240987978,0.02608010528124798,0.9577442407608032,,,21.082649539757057,,,
sub-44__picard_cpu,Picard,sub-44,13,10.834223738989706,-0.05950106072794499,0.00967164029113638,0.02701027936100836,0.9214455485343933,,,5.6888435952844425,,,
sub-44__picard_cpu,Picard,sub-44,14,19.564751889222165,-0.010914126719089421,-0.051756418312775,0.039764607286509275,0.9976524114608765,,,5.916341085663786,,,
sub-45__fastica_cpu,FastICA,sub-45,0,13.506713740254085,0.06166010506627467,0.010149009117447845,0.021446496494784324,0.800986111164093,,,259.29670014195807,,,
sub-45__fastica_cpu,FastICA,sub-45,1,39.34471793207327,0.05379443451194567,0.02706782270227751,0.02732144532811663,,,,265.7179263292431,,,
sub-45__fastica_cpu,FastICA,sub-45,2,15.849600597497044,0.06207849332385703,0.010864208475760655,0.01975980316584686,0.5040179491043091,,,2168.461645449175,,,
sub-45__fastica_cpu,FastICA,sub-45,3,68.15982235779751,0.039999999999999994,0.04,0.02,0.6465874910354614,,,19327.794355395326,,,
sub-45__fastica_cpu,FastICA,sub-45,4,29.726080077296587,0.053424081325914585,0.028968177687440876,0.02591143431108741,0.45780181884765625,,,10097.52319389652,,,
sub-45__fastica_cpu,FastICA,sub-45,5,40.26878541795932,0.06216028985383743,0.003967148509114206,0.022418044530658467,,,,322.43450791712286,,,
sub-45__fastica_cpu,FastICA,sub-45,6,68.40269550103636,0.012669239244668425,0.05074009489599604,0.04046614642924717,,,,330.7536471529039,,,
sub-45__fastica_cpu,FastICA,sub-45,7,28.794123363322484,0.06194416661199494,-0.014777076170460318,0.017927670191319717,0.9188429117202759,,,22.859838246874762,,,
sub-45__fastica_cpu,FastICA,sub-45,8,12.748746608259722,-0.028801363521599965,0.016608065887560208,0.05709026149720611,0.9996041059494019,,,3.081766050844556,,,
sub-45__fastica_cpu,FastICA,sub-45,9,11.991142111588829,0.045824851120820846,0.04474231187785577,0.01649273084616319,0.777899444103241,,,119.87218324243814,,,
sub-45__fastica_cpu,FastICA,sub-45,10,11.425220705753787,-0.008626076577076074,0.008406320500210542,0.06492063861596514,0.999946117401123,,,2.326175172068936,,,
sub-45__fastica_cpu,FastICA,sub-45,11,60.13537514666861,0.06112760529668515,0.012982248634107997,0.021445366866245937,0.9565795063972473,,,29.7828682122148,,,
sub-45__fastica_cpu,FastICA,sub-45,12,3.7642715455606037,-0.04635812672824479,0.018614894834614454,0.04317092009922113,0.9837753772735596,,,0.8917057000454389,,,
sub-45__fastica_cpu,FastICA,sub-45,13,20.800426415834593,0.016069217910648775,-0.032293713910607126,0.02505415963966794,0.9942545890808105,,,6.616986987608499,,,
sub-45__fastica_cpu,FastICA,sub-45,14,15.090248295049463,-0.01439960687155125,0.06402440941243809,0.0076095552687193225,,,0.4027545154094696,16.13859940030162,,,
sub-45__infomax_cpu,Infomax,sub-45,0,13.549861588192229,0.06152486644039444,0.010089611482640069,0.021794211585768185,0.8049584627151489,,,259.0407136057371,,,
sub-45__infomax_cpu,Infomax,sub-45,1,37.29163719919121,0.054267235270986196,0.02591529141865819,0.02759315268343562,,,,276.60942011160756,,,
sub-45__infomax_cpu,Infomax,sub-45,2,16.043075450010207,0.061754507731704905,0.011239422139860731,0.02047833031015015,0.4761372208595276,,,2189.714664550187,,,
sub-45__infomax_cpu,Infomax,sub-45,3,73.91480803183521,0.039999999999999994,0.04,0.02,0.5598394274711609,,,17377.627902681565,,,
sub-45__infomax_cpu,Infomax,sub-45,4,38.596606028274074,0.062470421190903014,0.004257352482571472,0.02097069403197279,0.40261781215667725,,,324.52704400568547,,,
sub-45__infomax_cpu,Infomax,sub-45,5,31.004489887858597,0.05175065255727268,0.03197185141593726,0.025670545673775604,0.6640732288360596,,,10317.130273239476,,,
sub-45__infomax_cpu,Infomax,sub-45,6,66.2962338607059,0.04629757160785557,0.015590332245136791,0.04458074068485961,,,,328.18204111880345,,,
sub-45__infomax_cpu,Infomax,sub-45,7,27.178390434751805,0.061141309698140855,-0.014955796943178428,0.020158855034867505,0.9184738397598267,,,32.36851253652941,,,
sub-45__infomax_cpu,Infomax,sub-45,8,17.679768537327547,-0.02820980246476827,0.02664955727377269,0.0535097265643658,0.9985740780830383,,,2.7190480344892274,,,
sub-45__infomax_cpu,Infomax,sub-45,9,16.45614008475755,-0.04986949594150677,0.012070471585383383,0.04162260089955134,0.9988673329353333,,,0.9099109259181688,,,
sub-45__infomax_cpu,Infomax,sub-45,10,10.728466955861776,0.04294757349006909,0.04828665841604373,0.014059328604364072,0.8825885057449341,,,69.56578868529184,,,
sub-45__infomax_cpu,Infomax,sub-45,11,3.7631558180183617,-0.026987654340918037,0.012262321772082278,0.059044476797252624,0.9994128346443176,,,2.7503131744030576,,,
sub-45__infomax_cpu,Infomax,sub-45,12,17.648356858770867,0.021773110979642712,-0.027989180291101604,0.026701057335544964,0.9967077970504761,,,7.603058852677368,,,
sub-45__infomax_cpu,Infomax,sub-45,13,59.09964466235868,-0.05222649865245364,-0.019633364102320524,0.0355795730970458,0.9798237681388855,,,29.14465270210514,,,
sub-45__infomax_cpu,Infomax,sub-45,14,10.270262738291478,-0.015611589457809435,0.06364588014303492,0.008049042474810378,0.5001620054244995,,,16.78086813709713,,,
sub-45__jax_gpu,AMICA-Python (JAX-GPU),sub-45,0,13.555967939161135,0.06155891731301296,0.01020631678247167,0.021579114109620413,,,,240.24945688058548,,,
sub-45__jax_gpu,AMICA-Python (JAX-GPU),sub-45,1,10.034410190214132,0.02764742096836989,-0.0341756844448252,0.0282577378903673,,,,308.7152981197287,,,
sub-45__jax_gpu,AMICA-Python (JAX-GPU),sub-45,2,20.8407663552684,0.019728498531236406,0.006827834967925541,0.06263828370464698,0.9969629049301147,,,2641.700408509661,,,
sub-45__jax_gpu,AMICA-Python (JAX-GPU),sub-45,3,67.19450542448722,3.342082118452745e-05,-0.05364994137355286,0.03855753377150313,,,,354.0718658178264,,,
sub-45__jax_gpu,AMICA-Python (JAX-GPU),sub-45,4,62.382118126799604,0.015045342664818284,0.0570953701077095,0.029749030089237547,,,,327.0576678852777,,,
sub-45__jax_gpu,AMICA-Python (JAX-GPU),sub-45,5,36.72304156155164,0.014715137359419487,0.06380216492314686,0.00877261825598591,,,0.8423917293548584,9803.191696131507,,,
sub-45__jax_gpu,AMICA-Python (JAX-GPU),sub-45,6,40.40682367321043,0.03597708293301381,0.052545912882737085,0.01753440015404287,,0.42274385690689087,,14661.932865214487,,,
sub-45__jax_gpu,AMICA-Python (JAX-GPU),sub-45,7,2.2233590981352194,0.019586704309412596,-0.007184807419867736,0.04546218361135119,0.8181179761886597,,,4134.937390143549,,,
sub-45__jax_gpu,AMICA-Python (JAX-GPU),sub-45,8,46.042616041295645,0.05669778741106177,0.011685965011689461,0.03169863865867425,0.767979085445404,,,2570.5277953071763,,,
sub-45__jax_gpu,AMICA-Python (JAX-GPU),sub-45,9,13.20071967425882,-0.006345430368084052,0.00910930109611191,0.06512760149765122,0.9999142289161682,,,20.685286523967854,,,
sub-45__jax_gpu,AMICA-Python (JAX-GPU),sub-45,10,13.377230682511595,-0.0026025142965163876,0.06565611457312155,0.0062061802409105245,,,0.4401628375053406,12340.743134533888,,,
sub-45__jax_gpu,AMICA-Python (JAX-GPU),sub-45,11,11.97721400771107,-0.03566869053187237,-0.018999169786967706,0.0522605427255211,0.9916896820068359,,,27.82415477582331,,,
sub-45__jax_gpu,AMICA-Python (JAX-GPU),sub-45,12,5.636623982916831,-0.049285369488233435,0.019730935311186807,0.039514017256234324,0.9902706742286682,,,21.42416674343856,,,
sub-45__jax_gpu,AMICA-Python (JAX-GPU),sub-45,13,56.063521117714515,-0.014438876590447442,0.06324758392451754,0.012448685487229553,0.8741049766540527,,,81.0239522685893,,,
sub-45__jax_gpu,AMICA-Python (JAX-GPU),sub-45,14,9.759792124035599,-0.025061361193331706,0.017282693012948196,0.058635609991612374,0.9981725215911865,,,6.082357549417619,,,
sub-45__picard_cpu,Picard,sub-45,0,13.512003173984496,0.06169017458695475,0.010181243899732104,0.021343758420345752,0.7941544651985168,,,259.01358142455877,,,
sub-45__picard_cpu,Picard,sub-45,1,33.452207105332704,0.05288126416617646,0.03042649167784123,0.025242912773190244,,,,282.17969113993377,,,
sub-45__picard_cpu,Picard,sub-45,2,16.583810365434914,0.06169787843807521,0.011727682408256054,0.020375573553136465,0.48853904008865356,,,2250.924316568288,,,
sub-45__picard_cpu,Picard,sub-45,3,68.92937823527728,0.039999999999999994,0.04,0.02,0.5682535767555237,,,18792.096256832374,,,
sub-45__picard_cpu,Picard,sub-45,4,38.50334751663554,0.06244232700469154,0.0034049366304207437,0.021506256400341713,,,,322.20162665139827,,,
sub-45__picard_cpu,Picard,sub-45,5,30.219185379680624,0.050908849298136306,0.03314298390171415,0.0258694664602977,0.47618764638900757,,,9305.098502701361,,,
sub-45__picard_cpu,Picard,sub-45,6,67.29690897006515,0.05646960028632018,0.013616736855793484,0.03136591818798813,,,,329.48541896725453,,,
sub-45__picard_cpu,Picard,sub-45,7,8.671929696694036,0.04181345046410753,0.04846547462708113,0.016571676406401056,0.6530242562294006,,,360.1670959168394,,,
sub-45__picard_cpu,Picard,sub-45,8,26.852766487303555,0.05337457082242385,-0.012439840253106418,0.028111860334454952,0.9527785181999207,,,25.33958392490722,,,
sub-45__picard_cpu,Picard,sub-45,9,12.272526680842262,-0.030105560768871217,0.01714747055641932,0.05624989276807241,0.9994504451751709,,,3.9903321905606512,,,
sub-45__picard_cpu,Picard,sub-45,10,12.030332445006081,-0.009266464626401115,0.009241429207958056,0.06475732786104925,0.9999315142631531,,,2.3676596532308425,,,
sub-45__picard_cpu,Picard,sub-45,11,58.56789065807874,0.056258020127575296,0.01632432018128705,0.030831676588676585,0.9615774750709534,,,31.236312407756714,,,
sub-45__picard_cpu,Picard,sub-45,12,4.239142447127918,-0.04678398527646276,0.018924986677502587,0.042572401104492244,0.9829595685005188,,,0.9625624716662791,,,
sub-45__picard_cpu,Picard,sub-45,13,24.63543829473589,0.012752553371158942,-0.03340686394461632,0.02491406471868913,0.9957593679428101,,,8.835314621713618,,,
sub-45__picard_cpu,Picard,sub-45,14,20.596484513476526,-0.015412251592159913,0.06379515446741746,0.007577851197608549,,,0.5650431513786316,15.697752174788395,,,
sub-46__fastica_cpu,FastICA,sub-46,0,22.004429266639264,-0.007727609881188136,0.0009157745379527823,0.05495440179161567,,,,3.687128689273367,,,
sub-46__fastica_cpu,FastICA,sub-46,1,52.33378469324968,0.05075199990180837,0.012447491325429605,0.04035557906966244,0.7302185893058777,,,740.0343039980837,,,
sub-46__fastica_cpu,FastICA,sub-46,2,76.91216198353318,0.0018942685338430745,0.014756047343930467,0.06446291107932806,0.5186744928359985,,,988.5702341781196,,,
sub-46__fastica_cpu,FastICA,sub-46,3,12.725770341152895,0.06156359160661427,0.010402799234019901,0.021549679843760505,0.5881946682929993,,,807.4056478001338,,,
sub-46__fastica_cpu,FastICA,sub-46,4,1.085867047800022,-0.003591017261562369,-0.005731480165110585,0.06567772170127566,0.9872848987579346,,,0.8513954596596309,,,
sub-46__fastica_cpu,FastICA,sub-46,5,14.138459149515185,0.05203008949716908,-0.029347681300886296,0.0281227821718706,0.6392826437950134,,,766.125581861991,,,
sub-46__fastica_cpu,FastICA,sub-46,6,37.5681034226181,0.015489274751377088,0.06359295803002546,0.008741095739351173,,,0.5459740161895752,103.2629425332721,,,
sub-46__fastica_cpu,FastICA,sub-46,7,10.952402309437375,0.0005467235799003099,0.06573135606330426,0.006197210862670722,,,0.8917335867881775,67.14655533899398,,,
sub-46__fastica_cpu,FastICA,sub-46,8,6.910420707143459,-0.02070642845338266,-0.0005923922366576398,0.06286996036275942,0.994377851486206,,,0.715545436397687,,,
sub-46__fastica_cpu,FastICA,sub-46,9,7.037938552247837,-0.028969004650357406,-0.0015621846599751573,0.05936069607648529,0.9999239444732666,,,0.8565355366944427,,,
sub-46__fastica_cpu,FastICA,sub-46,10,57.63017846610856,0.01824986864786646,-0.04754110444771275,0.042131094107937986,0.860299289226532,,,185.31455607659683,,,
sub-46__fastica_cpu,FastICA,sub-46,11,22.95607360955634,0.044269565393124925,-0.033359462228828934,0.035897640898163885,0.9992457032203674,,,64.66632574573862,,,
sub-46__fastica_cpu,FastICA,sub-46,12,10.733604007051426,0.024380082433889193,0.05534502956398533,0.026599555984553807,0.9132123589515686,,,27.404050707694026,,,
sub-46__fastica_cpu,FastICA,sub-46,13,33.33966110385387,0.03194346164579298,0.049792037940871794,0.029478849085074532,0.9936286211013794,,,19.661276281033206,,,
sub-46__fastica_cpu,FastICA,sub-46,14,22.859114577913758,-0.044481994575530696,0.046344513312491745,0.015777150729583612,0.6189389824867249,,,14.731137009727437,,,
sub-46__infomax_cpu,Infomax,sub-46,0,24.354836078149376,-0.00785763884342648,0.0065202234125777275,0.060121996891366276,,,,3.6895114412697625,,,
sub-46__infomax_cpu,Infomax,sub-46,1,51.3936424218089,0.04939274215378668,0.011123668735320523,0.042639273879285816,0.7238929271697998,,,743.9702194619869,,,
sub-46__infomax_cpu,Infomax,sub-46,2,76.86857362228153,-0.0008190895508233635,0.013406593456059152,0.06468587581592625,0.5069296360015869,,,988.7822991465732,,,
sub-46__infomax_cpu,Infomax,sub-46,3,12.244508113788456,0.0614672515823215,0.010386699384000653,0.02177737879752866,0.5826876163482666,,,808.5021930956735,,,
sub-46__infomax_cpu,Infomax,sub-46,4,1.0903129214961211,-0.0036399353602829384,-0.005883111637522499,0.06566180420793019,0.9875830411911011,,,0.8489609039449633,,,
sub-46__infomax_cpu,Infomax,sub-46,5,13.615199503089144,0.05194303867212112,-0.029344095187738232,0.028392110839387617,0.6362177729606628,,,766.3895499454007,,,
sub-46__infomax_cpu,Infomax,sub-46,6,10.928887555230915,0.0025920869845983074,0.06570745420501561,0.0063544138185832435,,,0.913330614566803,67.98387985424782,,,
sub-46__infomax_cpu,Infomax,sub-46,7,38.7907503869189,0.015385201838384372,0.06358427965299941,0.009669221809384293,,,0.5929501056671143,103.45222699238106,,,
sub-46__infomax_cpu,Infomax,sub-46,8,6.834908460556591,-0.01970626482016014,-0.0008659143415742336,0.06301486708185114,0.9934965968132019,,,0.7194108533605763,,,
sub-46__infomax_cpu,Infomax,sub-46,9,6.947166811951092,-0.028784766867207445,-0.00079592059028921,0.059536074869619725,0.9999376535415649,,,0.8588217100379043,,,
sub-46__infomax_cpu,Infomax,sub-46,10,55.88513929109555,0.017674795972850814,-0.04822229738572632,0.04158807958194858,0.9050350785255432,,,186.93956205755921,,,
sub-46__infomax_cpu,Infomax,sub-46,11,23.28702727786535,0.04405638170994121,-0.03370973578578255,0.03586423100994276,0.9995403289794922,,,65.23634404256586,,,
sub-46__infomax_cpu,Infomax,sub-46,12,10.564642281295008,0.02296860818569613,0.054850685374857815,0.028788020659348167,0.9203298687934875,,,28.167170297628513,,,
sub-46__infomax_cpu,Infomax,sub-46,13,32.38375360415495,0.03295107167386028,0.04891920818057759,0.02989132220603517,0.9954657554626465,,,20.10825893980623,,,
sub-46__infomax_cpu,Infomax,sub-46,14,24.499771963199294,-0.04344013391739024,0.04676027756004258,0.01700068771550949,0.645990788936615,,,15.365724251064382,,,
sub-46__jax_gpu,AMICA-Python (JAX-GPU),sub-46,0,28.052918083731257,-0.006062594307685046,0.03362819156506273,0.056545546973281714,,,,3.6890787691210303,,,
sub-46__jax_gpu,AMICA-Python (JAX-GPU),sub-46,1,69.04864333498703,0.0009804591770659306,0.013807877689337169,0.0646375273601141,0.7310735583305359,,,985.8319891285464,,,
sub-46__jax_gpu,AMICA-Python (JAX-GPU),sub-46,2,1.0353192584572355,-0.0045300679590273675,-0.0047406608774040754,0.0658083573107037,0.9889615178108215,,,0.8450924263856403,,,
sub-46__jax_gpu,AMICA-Python (JAX-GPU),sub-46,3,13.714805704783672,0.06170892450492048,0.00999611475125277,0.021371353153838854,0.45449063181877136,,,515.0850055212255,,,
sub-46__jax_gpu,AMICA-Python (JAX-GPU),sub-46,4,5.977733470911176,0.05377300133420484,-0.01801364830431701,0.03412623816387597,0.735107421875,,,626.6522204791461,,,
sub-46__jax_gpu,AMICA-Python (JAX-GPU),sub-46,5,52.688516830455185,0.009428588783333362,0.06454744650606836,0.010201508643402319,,,0.9482866525650024,89.70795099116405,,,
sub-46__jax_gpu,AMICA-Python (JAX-GPU),sub-46,6,29.315872240381495,0.0458994407439384,0.003939369046236708,0.047297252474056126,0.8910780549049377,,,739.73505021947,,,
sub-46__jax_gpu,AMICA-Python (JAX-GPU),sub-46,7,33.469442132010045,0.02479752638927332,-0.03127325178755021,0.052648796836735574,0.9509849548339844,,,162.73793562953765,,,
sub-46__jax_gpu,AMICA-Python (JAX-GPU),sub-46,8,7.17422781105239,-0.018768974131570353,-0.0035664393864971895,0.06320057083133418,0.9966747760772705,,,0.7067058224231784,,,
sub-46__jax_gpu,AMICA-Python (JAX-GPU),sub-46,9,15.858065556888704,0.014712343216118882,0.06402927760138485,0.006815181478148952,,,0.9397926926612854,92.99418982128503,,,
sub-46__jax_gpu,AMICA-Python (JAX-GPU),sub-46,10,6.383023427618866,-0.029575078007425086,-0.003955261902738872,0.05894949387769854,0.9999409914016724,,,0.8652761823496022,,,
sub-46__jax_gpu,AMICA-Python (JAX-GPU),sub-46,11,7.34915358656059,0.014417583303305026,0.051162071086285246,0.03929975973793701,0.9710822701454163,,,29.760779164686653,,,
sub-46__jax_gpu,AMICA-Python (JAX-GPU),sub-46,12,30.4601643486518,0.032178505986400714,0.048800307603064454,0.030798514405384055,0.9949119687080383,,,19.6997234538422,,,
sub-46__jax_gpu,AMICA-Python (JAX-GPU),sub-46,13,21.932021010735568,-0.04650773737374133,0.043069633512185374,0.018621222026708722,0.6070366501808167,,,17.883799041520266,,,
sub-46__jax_gpu,AMICA-Python (JAX-GPU),sub-46,14,23.71263965071776,0.04397049894038629,-0.03392449628079271,0.03596283238954043,0.9988240599632263,,,156.6673940981212,,,
sub-46__picard_cpu,Picard,sub-46,0,24.24417947927995,-0.008528103294522556,0.006842658519384647,0.05993554405541043,,,,3.6897366740513826,,,
sub-46__picard_cpu,Picard,sub-46,1,51.81624074735508,0.049201456861586085,0.011645065774816672,0.04269297522888634,0.727351725101471,,,742.4534940116706,,,
sub-46__picard_cpu,Picard,sub-46,2,76.86521985891103,0.0018914800958242776,0.014752667840179793,0.0644633430536715,0.5066171884536743,,,988.7622313356835,,,
sub-46__picard_cpu,Picard,sub-46,3,12.211362080957457,0.06163245347526956,0.010317202765837821,0.02144631377779928,0.5820346474647522,,,808.5249226892169,,,
sub-46__picard_cpu,Picard,sub-46,4,1.1009569795969725,-0.003453596062354858,-0.006375098771435897,0.06566776870579624,0.9892364144325256,,,0.8475007981152181,,,
sub-46__picard_cpu,Picard,sub-46,5,13.658786145614272,0.05195052718643543,-0.03047069919459896,0.027158891517385365,0.6373570561408997,,,766.3668582591383,,,
sub-46__picard_cpu,Picard,sub-46,6,10.98167341384189,0.004401353373887788,0.065631690202041,0.00623954883150156,,,0.9123098850250244,68.06974972580305,,,
sub-46__picard_cpu,Picard,sub-46,7,39.070912756249996,0.015196743853730786,0.06357251963077212,0.009593062178538916,,,0.6176019310951233,103.30929684805659,,,
sub-46__picard_cpu,Picard,sub-46,8,6.678545224831609,-0.019761307625880273,-0.0005012471374657017,0.06303754799185361,0.9924485683441162,,,0.7236626496266476,,,
sub-46__picard_cpu,Picard,sub-46,9,6.9309978783075366,-0.02827938064035635,-0.0014301776142619058,0.059690321674017104,0.9999440908432007,,,0.857091509043006,,,
sub-46__picard_cpu,Picard,sub-46,10,55.904887479132945,0.017769535017983264,-0.04819455127133367,0.04158670817324239,0.9078807830810547,,,186.9561366504104,,,
sub-46__picard_cpu,Picard,sub-46,11,23.1167180813505,0.04550094896871575,-0.031705743730169704,0.035782917734518,0.999526858329773,,,65.42852293441301,,,
sub-46__picard_cpu,Picard,sub-46,12,10.47752489236234,0.023073277098026753,0.054880316411332376,0.028639103112316287,0.9193907976150513,,,28.207938932983637,,,
sub-46__picard_cpu,Picard,sub-46,13,32.30223346295466,0.0314401307665564,0.04937431725298886,0.030602414803353763,0.9953118562698364,,,20.102283992560135,,,
sub-46__picard_cpu,Picard,sub-46,14,24.4267392864802,-0.04379714541824107,0.046349237416051126,0.017218685904136107,0.6436920166015625,,,15.369354898664803,,,
sub-47__fastica_cpu,FastICA,sub-47,0,50.54391742667849,-0.006408154451746599,0.007297869784183663,0.06530684407040853,,,,0.052351054800825025,,,
sub-47__fastica_cpu,FastICA,sub-47,1,32.12138432009468,-0.022277613869821775,-0.05214373995228956,0.03389932511351736,,,,1187.5837821675657,,,
sub-47__fastica_cpu,FastICA,sub-47,2,54.999176769207104,-0.03866113035062508,-0.036698133122564085,0.039033467809796066,0.8927607536315918,,,1583.2018773975713,,,
sub-47__fastica_cpu,FastICA,sub-47,3,78.93031265352023,-0.002203007813329617,0.015805360609478885,0.06424015103046761,0.7848586440086365,,,4478.616045321104,,,
sub-47__fastica_cpu,FastICA,sub-47,4,0.8348847703275908,-0.0011628539117299532,0.01699248689033856,0.039912909628797164,0.9966886043548584,,,0.8563556497547853,,,
sub-47__fastica_cpu,FastICA,sub-47,5,16.451598273230346,-0.003249438750151764,0.06568893655097506,0.006236928231806868,,,0.9859342575073242,42.18594859877839,,,
sub-47__fastica_cpu,FastICA,sub-47,6,3.8551027191867036,0.009751223656627079,0.01570845833439994,0.06338360731164197,0.9976102113723755,,,54.328331987946996,,,
sub-47__fastica_cpu,FastICA,sub-47,7,3.602958396607505,0.012307983726240227,-0.006691429623835957,0.06456907531782266,0.999782919883728,,,0.989886885192353,,,
sub-47__fastica_cpu,FastICA,sub-47,8,8.46433534057914,-0.011428586890644538,-0.042934102902485165,0.0490451153343808,0.9994375705718994,,,0.7638369857383869,,,
sub-47__fastica_cpu,FastICA,sub-47,9,63.27100540681869,-0.00503984916606925,-0.0360551301599436,0.05508104761517858,0.9933136701583862,,,55858.909000594,,,
sub-47__fastica_cpu,FastICA,sub-47,10,60.594920774238766,-0.01611315350253025,-0.05395885038136483,0.03454024804456392,,,,123.33743377332569,,,
sub-47__fastica_cpu,FastICA,sub-47,11,28.290619265172197,-0.0056089303672856045,0.06431412837120185,0.014263133249970843,,,0.8907069563865662,7.7299805341421965,,,
sub-47__fastica_cpu,FastICA,sub-47,12,37.68450780711557,-0.05620242051981388,0.0021231399967741784,0.03465536092507808,0.9993881583213806,,,13727.318394408756,,,
sub-47__fastica_cpu,FastICA,sub-47,13,20.608765708390436,-0.038874089196972404,0.04529227048586048,0.028322761158051275,0.5097074508666992,,,466.46517098303286,,,
sub-47__fastica_cpu,FastICA,sub-47,14,31.219988184657296,0.03559649610997759,0.05163723083595252,0.020771938313224707,,0.8432672023773193,,448.8678564896681,,,
sub-47__infomax_cpu,Infomax,sub-47,0,15.37235174971974,-0.01343957028201814,0.055587137340866836,0.016495506334465056,,,,0.06678447077813354,,,
sub-47__infomax_cpu,Infomax,sub-47,1,32.12615619774377,-0.022275928352022512,-0.05214519171788686,0.033898201184886324,,,,1187.5874636146937,,,
sub-47__infomax_cpu,Infomax,sub-47,2,54.82546125469744,-0.03989094277138089,-0.037072462255818124,0.0375818749529535,0.8873977661132812,,,1583.4444743990484,,,
sub-47__infomax_cpu,Infomax,sub-47,3,78.86576143326943,-0.0020794404796229352,0.01601274881639093,0.06419184996478752,0.7833334803581238,,,4477.467197394971,,,
sub-47__infomax_cpu,Infomax,sub-47,4,0.6025509854829494,0.0041136403442323605,0.009850100090751717,0.0484964009240266,0.9994417428970337,,,0.5307470405110375,,,
sub-47__infomax_cpu,Infomax,sub-47,5,16.734271102049973,-0.00356051006345393,0.06562953074736254,0.006368259847927283,,,0.9830706715583801,42.43680830655719,,,
sub-47__infomax_cpu,Infomax,sub-47,6,2.1671131176283183,-0.007280425686798126,-0.007037518145560579,0.06529003839358019,0.9999179244041443,,,0.9551360857446678,,,
sub-47__infomax_cpu,Infomax,sub-47,7,7.392229963772039,0.0040645685008255895,-0.016670227386053105,0.0602967176087135,0.9997768402099609,,,30.354380858082955,,,
sub-47__infomax_cpu,Infomax,sub-47,8,31.83148737617013,0.0151854642151241,-0.002539120057411182,0.0170135973140763,0.9983322024345398,,,24.846744039485998,,,
sub-47__infomax_cpu,Infomax,sub-47,9,69.14088636310741,-0.005593991683785239,-0.04062285368737184,0.05184809428430925,0.9930189251899719,,,55145.485961323495,,,
sub-47__infomax_cpu,Infomax,sub-47,10,62.04061716873747,-0.005551777341999711,0.04823314864947381,0.04498957171598707,,,,115.2173219538222,,,
sub-47__infomax_cpu,Infomax,sub-47,11,37.27022976886134,-0.005903730705066173,0.0648666235700613,0.011772421734322067,,,0.6003650426864624,8.16229768249737,,,
sub-47__infomax_cpu,Infomax,sub-47,12,35.773666475498786,-0.05568515620812927,0.00022854771660398392,0.035474307097107804,0.9994093775749207,,,13693.564219518488,,,
sub-47__infomax_cpu,Infomax,sub-47,13,22.124924347199908,-0.0316849431418275,0.0485076495246286,0.03166926894266924,0.4018782079219818,,,432.8169260544387,,,
sub-47__infomax_cpu,Infomax,sub-47,14,48.69808716865565,0.04074658851052472,0.04865621395919641,0.018705432067871952,,0.5109711289405823,,440.66490967745443,,,
sub-47__jax_gpu,AMICA-Python (JAX-GPU),sub-47,0,26.422752703629115,0.0076233662798972255,0.00788330929145618,0.06520229532166712,,,,0.07820059139640767,,,
sub-47__jax_gpu,AMICA-Python (JAX-GPU),sub-47,1,32.06614895604564,-0.02179199832040188,-0.052252141010738815,0.03397524748476905,,,,1183.3810820150843,,,
sub-47__jax_gpu,AMICA-Python (JAX-GPU),sub-47,2,55.41867708105202,-0.038919723186902636,-0.03650818779611566,0.038946262446772524,0.8212987184524536,,,1518.1283473531637,,,
sub-47__jax_gpu,AMICA-Python (JAX-GPU),sub-47,3,82.84718814550007,4.294632115019832e-05,0.015759965430248206,0.06416025988954754,0.8191095590591431,,,4346.031414378907,,,
sub-47__jax_gpu,AMICA-Python (JAX-GPU),sub-47,4,1.106007004231273,0.006452160850760487,0.00333111125685543,0.049223852565347996,0.9981949329376221,,,1220.0037599837058,,,
sub-47__jax_gpu,AMICA-Python (JAX-GPU),sub-47,5,4.067634652609371,-0.024082565378353054,-0.006394038224443123,0.061186485593251405,0.9998867511749268,,,0.8523969220457412,,,
sub-47__jax_gpu,AMICA-Python (JAX-GPU),sub-47,6,4.289877706639231,0.0017938529460645829,-0.017748782166746843,0.0635694193988329,0.9999315142631531,,,17747.321213855055,,,
sub-47__jax_gpu,AMICA-Python (JAX-GPU),sub-47,7,17.245501776773295,-0.0035838911091731675,0.06562670385016008,0.006289068166132635,,,0.9805673360824585,48.630949312305454,,,
sub-47__jax_gpu,AMICA-Python (JAX-GPU),sub-47,8,68.7912531033785,-0.0035814041238222674,0.053076367797234736,0.03910433095226989,0.49449220299720764,,,194.1201672266681,,,
sub-47__jax_gpu,AMICA-Python (JAX-GPU),sub-47,9,33.81803808470258,-0.02043347802960538,0.041665547993803904,0.04702056324356972,0.991135835647583,,,41625.85443473598,,,
sub-47__jax_gpu,AMICA-Python (JAX-GPU),sub-47,10,21.833852120514663,-0.0027325511458157455,0.06431622062297988,0.014957093111766084,,,0.735192596912384,11.008607025689571,,,
sub-47__jax_gpu,AMICA-Python (JAX-GPU),sub-47,11,16.84974269061219,-0.05904442227016762,-0.008436144815701551,0.02825947059263116,0.9998964071273804,,,11982.529580829721,,,
sub-47__jax_gpu,AMICA-Python (JAX-GPU),sub-47,12,5.646043753174439,0.01457371288888399,0.028346583504890627,0.05787474681615346,0.9948190450668335,,,38.14401305924889,,,
sub-47__jax_gpu,AMICA-Python (JAX-GPU),sub-47,13,24.62357861545314,-0.03432550401652025,0.050011794443028515,0.02616708904845495,,,,819.8319311754572,,,
sub-47__jax_gpu,AMICA-Python (JAX-GPU),sub-47,14,23.29338715434298,0.03414583122024696,0.0532268124659514,0.019134481490105375,,0.8429646492004395,,437.0103690961364,,,
sub-47__picard_cpu,Picard,sub-47,0,52.44893553950523,0.015463626751360714,0.06294453030398385,0.012769839391855834,,,,0.0310301217692337,,,
sub-47__picard_cpu,Picard,sub-47,1,32.12314852896996,-0.022277636898395087,-0.05214493667975835,0.033897471516877074,,,,1187.5966008091923,,,
sub-47__picard_cpu,Picard,sub-47,2,54.93731983023806,-0.039020277403374326,-0.03606644822262394,0.03921699355786718,0.8909175395965576,,,1583.488690378104,,,
sub-47__picard_cpu,Picard,sub-47,3,78.86127623199545,-0.00207482133201154,0.016017680563334347,0.06419054446506778,0.7912552952766418,,,4476.981036780772,,,
sub-47__picard_cpu,Picard,sub-47,4,0.8728384027727429,-0.001802810692816144,0.01821855514536877,0.03980623870142698,0.9977952241897583,,,0.97172202012562,,,
sub-47__picard_cpu,Picard,sub-47,5,16.08426103843074,-0.002335787281877714,0.06576687773021919,0.006232930164672159,,,0.9883177280426025,42.357982780555275,,,
sub-47__picard_cpu,Picard,sub-47,6,4.071060526722164,0.010617578345868014,0.01712048241960356,0.06292160772882655,0.9968987703323364,,,62.23238195993069,,,
sub-47__picard_cpu,Picard,sub-47,7,3.676305247190058,0.012258440316511611,-0.006819557783967895,0.06456125168674878,0.9998155832290649,,,1.0054212727186451,,,
sub-47__picard_cpu,Picard,sub-47,8,6.989782999497734,-0.010050783823427794,-0.04214256300847906,0.04989606901435892,0.9994598031044006,,,0.754643927328853,,,
sub-47__picard_cpu,Picard,sub-47,9,51.16590551352688,-0.006834225863744376,-0.034445598706806434,0.05609916058500254,0.987261176109314,,,56174.31345664105,,,
sub-47__picard_cpu,Picard,sub-47,10,28.31937739573806,-0.005907406289626341,0.06431829392574204,0.014087581091568607,,,0.6867637038230896,7.611282613122139,,,
sub-47__picard_cpu,Picard,sub-47,11,59.50181739610582,-0.014245688426875161,-0.054419908430500014,0.03463840234584246,,,,130.1042356720324,,,
sub-47__picard_cpu,Picard,sub-47,12,18.37767410868466,-0.037742657884635475,0.04577397384217511,0.029073753900406854,0.4926978647708893,,,468.84106494008887,,,
sub-47__picard_cpu,Picard,sub-47,13,33.542709521268975,-0.056563585984986064,0.0007968403764915857,0.03413306188984033,0.9992884993553162,,,13957.88630593332,,,
sub-47__picard_cpu,Picard,sub-47,14,35.53182767531487,0.03609105788361497,0.05157894743670293,0.020051184190538158,,0.8903147578239441,,446.041238618956,,,
sub-48__fastica_cpu,FastICA,sub-48,0,80.805342593603,0.019743935830231263,-0.04781578161982704,0.04108614093603201,,,,350.5628081168893,,,
sub-48__fastica_cpu,FastICA,sub-48,1,29.433355395343256,0.018967154348011914,-0.05256022501542842,0.035244556753724475,,0.5304799675941467,,202.84207369678134,,,
sub-48__fastica_cpu,FastICA,sub-48,2,77.72093635544942,-0.0009605638409646451,-0.031309858072558955,0.058121238903478346,0.8801332712173462,,,5128.906218065874,,,
sub-48__fastica_cpu,FastICA,sub-48,3,52.00818088626712,0.0372219105567942,-0.03653750972921785,0.04065983591042019,0.8947867751121521,,,1788.2452373956705,,,
sub-48__fastica_cpu,FastICA,sub-48,4,70.59249142580502,-0.011949109480829263,0.0646085114805647,0.006883310973250835,,,,4884.913125468941,,,
sub-48__fastica_cpu,FastICA,sub-48,5,11.110885292326927,0.05089048751673656,-0.023975256850472693,0.03458692500667653,0.8468140363693237,,,604.6312010538699,,,
sub-48__fastica_cpu,FastICA,sub-48,6,33.121703119113235,-0.03948933027040395,0.046561189624716066,0.025279353578860353,0.5044173002243042,,,97.94661880380974,,,
sub-48__fastica_cpu,FastICA,sub-48,7,0.7905627559501198,-0.010570603562556785,-0.013857911747247993,0.045041080150684094,0.994447648525238,,,5.001331738781495,,,
sub-48__fastica_cpu,FastICA,sub-48,8,26.658819864117703,0.03958972641366581,0.04733408536275906,0.023589096901681535,,0.8322962522506714,,140.59359688830335,,,
sub-48__fastica_cpu,FastICA,sub-48,9,4.421581778338123,0.013256031651247387,0.06258572284032847,0.01648749975969795,,,0.8664226531982422,86.94856041209336,,,
sub-48__fastica_cpu,FastICA,sub-48,10,50.98981406086242,-0.040492582386733394,-0.030694765205085302,0.04213994980480247,0.8964534401893616,,,335.4686071314609,,,
sub-48__fastica_cpu,FastICA,sub-48,11,52.728624139624905,-0.04670045790370345,-0.03764560178100706,0.0278433206143005,0.7825489640235901,,,206.1493353315886,,,
sub-48__fastica_cpu,FastICA,sub-48,12,5.156021797800051,-0.029603993506790178,0.054985744635891544,0.02168091028250971,0.7919060587882996,,,349.69725357419014,,,
sub-48__fastica_cpu,FastICA,sub-48,13,75.54271728389992,-0.0007367413790597163,0.050100759625590734,0.04306122933600462,0.5938872694969177,,,45543.1142657707,,,
sub-48__fastica_cpu,FastICA,sub-48,14,28.152493050382105,-0.06185561189412956,0.01083119146372538,0.020520530870588676,,0.9086917638778687,,74.07203663209762,,,
sub-48__infomax_cpu,Infomax,sub-48,0,73.92602534696951,0.043125327603076566,-0.04447013653564578,0.022953176038461934,,,,351.4843786243128,,,
sub-48__infomax_cpu,Infomax,sub-48,1,29.42920190086714,0.01896076663968359,-0.05256361810287959,0.035242933541593406,,0.5282554626464844,,202.84700569509963,,,
sub-48__infomax_cpu,Infomax,sub-48,2,51.04449377346636,0.037971728837110454,-0.0370885445499958,0.03952214590143201,0.9105496406555176,,,1731.1671701064365,,,
sub-48__infomax_cpu,Infomax,sub-48,3,79.70031216633845,-0.001229089086369263,-0.03088248500373607,0.05839357113211608,0.8531690835952759,,,5339.444788527361,,,
sub-48__infomax_cpu,Infomax,sub-48,4,62.681852965359624,-0.010098302353308546,0.06490631267136235,0.006879456165706113,,,0.7955870628356934,3605.443190779197,,,
sub-48__infomax_cpu,Infomax,sub-48,5,12.741510513060192,0.054560309872368755,-0.02763950334317036,0.025330443990271043,0.8029038906097412,,,604.6992727756605,,,
sub-48__infomax_cpu,Infomax,sub-48,6,31.70180255246835,-0.03863665239822781,0.04744248218759769,0.02484144456569251,,0.522179126739502,,97.91674053153645,,,
sub-48__infomax_cpu,Infomax,sub-48,7,0.7845018372076566,-0.010769556608766656,-0.012497990001751596,0.0435689521466168,0.9953386783599854,,,5.007539910980325,,,
sub-48__infomax_cpu,Infomax,sub-48,8,27.237835392242914,0.03970932669232198,0.04712345344878952,0.023710158882920815,,0.8339505195617676,,142.0007769745144,,,
sub-48__infomax_cpu,Infomax,sub-48,9,4.417684486755704,0.013739979263076837,0.06150092015631622,0.0201319491268742,,,0.8853586316108704,89.61339069615435,,,
sub-48__infomax_cpu,Infomax,sub-48,10,52.00070863020464,-0.045451911195767164,-0.038802395825402104,0.02811993888145103,0.8016757965087891,,,206.11932181744996,,,
sub-48__infomax_cpu,Infomax,sub-48,11,48.89326010222703,-0.03977731064662387,-0.03053301642762842,0.04301081230394987,0.9079560041427612,,,336.88531456376376,,,
sub-48__infomax_cpu,Infomax,sub-48,12,5.185508639590324,-0.029461436816536193,0.05560604572848406,0.020477699683764703,0.7315430045127869,,,351.52365812559555,,,
sub-48__infomax_cpu,Infomax,sub-48,13,73.0241421275278,-0.0010669166929882653,0.05022183030118871,0.04301159750298116,,,,46228.48587961237,,,
sub-48__infomax_cpu,Infomax,sub-48,14,28.156837726576896,-0.06173591271020178,0.011541133808414929,0.020492408206333773,,0.9267186522483826,,77.61073428038574,,,
sub-48__jax_gpu,AMICA-Python (JAX-GPU),sub-48,0,48.92608376176181,-0.042756436363737944,0.04819155458277282,0.014448784038612595,,,,373.07545255896537,,,
sub-48__jax_gpu,AMICA-Python (JAX-GPU),sub-48,1,29.797841694693517,0.018565683169251872,-0.05258953718757003,0.03535779140442453,,0.4555698037147522,,199.57937560960613,,,
sub-48__jax_gpu,AMICA-Python (JAX-GPU),sub-48,2,61.661012919634786,0.03941962060904967,-0.03472065838790831,0.04001991763673708,0.9059704542160034,,,1350.2255730237232,,,
sub-48__jax_gpu,AMICA-Python (JAX-GPU),sub-48,3,43.80710402646234,0.014227968930683167,-0.035760401627657395,0.05386232943185266,0.9497736096382141,,,3898.415139069997,,,
sub-48__jax_gpu,AMICA-Python (JAX-GPU),sub-48,4,4.819631090789443,0.038965843648263616,-0.039884215848494366,0.03543679793205883,0.9241772294044495,,,601.4005432103859,,,
sub-48__jax_gpu,AMICA-Python (JAX-GPU),sub-48,5,71.32010063095055,-0.013640969767400417,0.06423833473296824,0.007890474726199257,,,0.9292314052581787,4547.342389929341,,,
sub-48__jax_gpu,AMICA-Python (JAX-GPU),sub-48,6,34.70096643715301,-0.038900655316435995,0.047376993688002064,0.0248682938771275,,0.598199188709259,,343.4698757714873,,,
sub-48__jax_gpu,AMICA-Python (JAX-GPU),sub-48,7,1.3268880487183594,-0.011794555176182126,-0.005473960777881718,0.04396781964260881,0.9967362880706787,,,58.45706757980384,,,
sub-48__jax_gpu,AMICA-Python (JAX-GPU),sub-48,8,52.12047313016676,-0.043634223857665015,-0.040691794371491424,0.028374412908351736,0.7298849821090698,,,535.2968827049793,,,
sub-48__jax_gpu,AMICA-Python (JAX-GPU),sub-48,9,26.900849960671124,0.03804141247530262,0.04860187358459584,0.02345292602234137,0.5292596817016602,,,1551.7174653809802,,,
sub-48__jax_gpu,AMICA-Python (JAX-GPU),sub-48,10,2.4600511120188884,-0.024019726805676194,0.05374557782754074,0.029984803949009077,0.9043930768966675,,,265.31641531342774,,,
sub-48__jax_gpu,AMICA-Python (JAX-GPU),sub-48,11,34.49283649704907,0.006124656055987188,0.04771807717949711,0.045285160724336596,0.8538827300071716,,,38986.57607740955,,,
sub-48__jax_gpu,AMICA-Python (JAX-GPU),sub-48,12,20.619357370690594,-0.024477380754509344,-0.04314835996465856,0.04364461714304816,0.9620435833930969,,,2422.877100829399,,,
sub-48__jax_gpu,AMICA-Python (JAX-GPU),sub-48,13,5.012983737680017,0.01800376686554188,0.05924697849045094,0.02302518011201257,,,0.7034982442855835,125.90022461565297,,,
sub-48__jax_gpu,AMICA-Python (JAX-GPU),sub-48,14,36.02130086570136,-0.0618578794113081,0.012985940588166153,0.01915668471901736,,0.9813258051872253,,113.75679878312191,,,
sub-48__picard_cpu,Picard,sub-48,0,76.80045082236225,0.04431133884255239,-0.0436412418711046,0.022420318026912016,,,,351.60445333230166,,,
sub-48__picard_cpu,Picard,sub-48,1,29.780488626233662,0.015893508515097014,-0.05331525144539861,0.03551016261746084,,0.5327935814857483,,202.8466317325721,,,
sub-48__picard_cpu,Picard,sub-48,2,76.08884759619454,-0.0008536076683157693,-0.031803499967263206,0.05790036429264599,0.90794837474823,,,5175.999165713533,,,
sub-48__picard_cpu,Picard,sub-48,3,52.556865659336,0.03656102140715279,-0.036089234131013434,0.04153498945148083,0.9114410877227783,,,1776.9518750446884,,,
sub-48__picard_cpu,Picard,sub-48,4,69.18574589836429,0.044554118831330605,-0.033040301767432605,0.03581376192217914,,,,4908.36692539961,,,
sub-48__picard_cpu,Picard,sub-48,5,12.729707495591015,0.05301141800453888,-0.02805035907107133,0.027713343955427325,0.8011438250541687,,,604.8425121950429,,,
sub-48__picard_cpu,Picard,sub-48,6,33.41274124178949,-0.03840114080092519,0.047813532813683036,0.024636521566578373,,0.6435033679008484,,97.52477341509395,,,
sub-48__picard_cpu,Picard,sub-48,7,0.8251857401073295,-0.010679769796245612,-0.013259684148068074,0.045135411920623585,0.9952152371406555,,,5.1215453032216285,,,
sub-48__picard_cpu,Picard,sub-48,8,26.416536444839892,0.04073200664759658,0.045942203741086304,0.02472860259361628,,0.7995059490203857,,141.72068318203634,,,
sub-48__picard_cpu,Picard,sub-48,9,4.183243951176223,0.013717842167093978,0.06207803620526613,0.017869472450122485,,,0.8408545851707458,87.3190477101106,,,
sub-48__picard_cpu,Picard,sub-48,10,51.98886997434434,-0.04528888603485505,-0.03881896461443005,0.028393508003162926,0.8011429905891418,,,206.48459579968767,,,
sub-48__picard_cpu,Picard,sub-48,11,49.48730727442867,-0.03982272031313994,-0.03063319485578043,0.042808238512355795,0.9308345317840576,,,353.19646557124395,,,
sub-48__picard_cpu,Picard,sub-48,12,5.0123723650829675,-0.029514567504343336,0.05520469882814876,0.021125147219844875,0.7557662725448608,,,387.5861748861223,,,
sub-48__picard_cpu,Picard,sub-48,13,72.06821008674247,-0.0014987504948754107,0.05036393921200596,0.04272631840339298,0.569165050983429,,,45440.28276660135,,,
sub-48__picard_cpu,Picard,sub-48,14,22.596401090117624,-0.06189485726454008,0.010079569878178854,0.020799935903349113,,0.8871968984603882,,74.7496742625414,,,
sub-49__fastica_cpu,FastICA,sub-49,0,11.989929813264268,-0.009237307026023803,-0.0062703096211997695,0.047227248964440506,,,,0.13642653895696233,,,
sub-49__fastica_cpu,FastICA,sub-49,1,3.8338198184294896,-0.014098230703509391,0.0057338426290297236,0.0456072653902588,0.9924361109733582,,,0.7882638354168692,,,
sub-49__fastica_cpu,FastICA,sub-49,2,4.947873145364383,0.003055757878188076,0.01760120550570679,0.06360550221683729,0.9988747835159302,,,0.29451982068168503,,,
sub-49__fastica_cpu,FastICA,sub-49,3,2.2345921016057133,-0.004812297097084122,-0.02498948640069087,0.06107158379424513,0.9984049797058105,,,0.4287019529358913,,,
sub-49__fastica_cpu,FastICA,sub-49,4,8.830114739832837,-0.0001545226877200873,0.02904079195569503,0.04255576935975311,,,,1.8388744299584197,,,
sub-49__fastica_cpu,FastICA,sub-49,5,24.303488144620957,-0.0569672715496627,-0.0013853154734504848,0.03348090513615058,0.5820353627204895,,,0.4814603647839717,,,
sub-49__fastica_cpu,FastICA,sub-49,6,16.56548770682022,-0.0005515494455961997,0.06557966602323208,0.008845163176653455,,,0.9537932872772217,50.74435230254769,,,
sub-49__fastica_cpu,FastICA,sub-49,7,3.9195790136445794,0.02026593294676945,-0.0464067060389861,0.042430553019179126,0.9981735944747925,,,1.0202028276572754,,,
sub-49__fastica_cpu,FastICA,sub-49,8,15.387746520914874,0.007923817794336973,-0.03877888467732781,0.053040441339876815,0.9990767240524292,,,0.5506814341943667,,,
sub-49__fastica_cpu,FastICA,sub-49,9,54.59971408622514,-0.028460151724059857,-0.047386390641711476,0.03618499958420536,,,,888.0659673833222,,,
sub-49__fastica_cpu,FastICA,sub-49,10,11.376918835822892,0.007997841759119433,0.06421303512876782,0.01311221500397366,,,0.9754797220230103,10.797121181860271,,,
sub-49__fastica_cpu,FastICA,sub-49,11,54.07344940252365,0.050919411401717754,0.012126767301308652,0.04030676358136477,0.588676929473877,,,2.1405557890029527,,,
sub-49__fastica_cpu,FastICA,sub-49,12,8.187933240638571,0.058494061301678904,0.007006168340790352,0.030074417425273368,,,,0.5856901892821811,,,
sub-49__fastica_cpu,FastICA,sub-49,13,85.26650558995269,0.006247731784497968,0.06479762456541506,0.010890246719062604,,0.7953099608421326,,1.9614697046170795,,,
sub-49__fastica_cpu,FastICA,sub-49,14,39.3156650164428,0.027167551278732088,-0.05064567209880059,0.032475965552867435,0.9438955783843994,,,5.148916257630212,,,
sub-49__infomax_cpu,Infomax,sub-49,0,10.265962360819287,-0.004907046663842314,0.024233307823656416,0.061278833645685316,,,,0.13403869062961382,,,
sub-49__infomax_cpu,Infomax,sub-49,1,1.6352236584908155,-0.0012154772620324961,-0.0050655193332108,0.06586072379128426,0.9967361092567444,,,0.29181586244669555,,,
sub-49__infomax_cpu,Infomax,sub-49,2,8.992068722017635,-0.0009927530723483353,0.029092997568809953,0.04164752306430439,,,,1.8766312148502227,,,
sub-49__infomax_cpu,Infomax,sub-49,3,27.304370444247766,-0.056795601331851936,0.005663092941479494,0.03326554602053681,0.5963764190673828,,,0.47817750994361585,,,
sub-49__infomax_cpu,Infomax,sub-49,4,17.660592224429337,-0.0371105114629286,-0.004167731129655366,0.05444984048436293,0.9937248826026917,,,0.873998751463581,,,
sub-49__infomax_cpu,Infomax,sub-49,5,16.404064659320127,-0.0008784925183824348,0.06574615601842693,0.0064604799622949615,,,0.9393513202667236,51.16521536498533,,,
sub-49__infomax_cpu,Infomax,sub-49,6,3.770218805105145,0.021173342500142963,-0.046482463056985855,0.04188802830057393,0.9984799027442932,,,1.0350280417016968,,,
sub-49__infomax_cpu,Infomax,sub-49,7,54.46892687380226,-0.028783709363436664,-0.04715012182649102,0.036232917892485395,,,,887.0596907474472,,,
sub-49__infomax_cpu,Infomax,sub-49,8,11.082138364936739,0.008956508515118417,0.06402870730548955,0.01359808889315585,,,0.9764288663864136,11.053161991997756,,,
sub-49__infomax_cpu,Infomax,sub-49,9,18.23520085840353,0.004787033110524693,-0.03589587133609361,0.055377042282208695,0.9993687868118286,,,0.5368814278858651,,,
sub-49__infomax_cpu,Infomax,sub-49,10,52.98513334911396,0.05049515738751766,0.012852391344449956,0.04062187603706125,0.6215648651123047,,,2.1465442357674203,,,
sub-49__infomax_cpu,Infomax,sub-49,11,25.844035184415972,-0.0018580076291895569,0.040391576025793054,0.05237732884878926,0.9733986854553223,,,0.33190004784098326,,,
sub-49__infomax_cpu,Infomax,sub-49,12,9.143533989075266,0.059589771051182655,0.014271009050991365,0.02470367769170617,,,,0.5895974051860318,,,
sub-49__infomax_cpu,Infomax,sub-49,13,14.488754712271557,0.026322084167814872,-0.050942412671096914,0.03273134767393068,0.9671064615249634,,,5.1768307984980915,,,
sub-49__infomax_cpu,Infomax,sub-49,14,85.78153836911079,0.003916802186973323,0.06497945436436013,0.01087876836593916,,0.8605203628540039,,2.0110349205836284,,,
sub-49__jax_gpu,AMICA-Python (JAX-GPU),sub-49,0,37.6863215802623,-0.0424880912729195,0.019170508014326716,0.01876941837472145,,,,0.12236317598378266,,,
sub-49__jax_gpu,AMICA-Python (JAX-GPU),sub-49,1,2.0282497278415406,-0.006175157955107464,-0.022389729106264564,0.06180513503688046,0.9966099262237549,,,0.3676077777060698,,,
sub-49__jax_gpu,AMICA-Python (JAX-GPU),sub-49,2,3.676945997777594,0.025506858342984932,-0.03189573544819881,0.051878420476750654,0.9987077713012695,,,1.0266934374439458,,,
sub-49__jax_gpu,AMICA-Python (JAX-GPU),sub-49,3,15.176691161632633,-0.0020254501876206246,0.06573463910603597,0.006260484735106341,,,0.9752988815307617,51.370797167981735,,,
sub-49__jax_gpu,AMICA-Python (JAX-GPU),sub-49,4,7.994425770473171,0.013073542647640771,0.0627192375713252,0.01611107202541645,,,0.9425249695777893,8.996811286464858,,,
sub-49__jax_gpu,AMICA-Python (JAX-GPU),sub-49,5,3.4044810625927653,-0.025838138705745053,0.00037054457490066646,0.056526934607104715,0.9935330152511597,,,0.7387683019362776,,,
sub-49__jax_gpu,AMICA-Python (JAX-GPU),sub-49,6,53.98448506125079,-0.028999850874464227,-0.04697990989486385,0.036281315099190324,,,,883.3356172959511,,,
sub-49__jax_gpu,AMICA-Python (JAX-GPU),sub-49,7,12.606945873635468,-0.015865819645817972,0.02683515964785351,0.03477905791747314,,,,2.683195779381836,,,
sub-49__jax_gpu,AMICA-Python (JAX-GPU),sub-49,8,85.00220939954491,0.00764150637981521,0.06461083849527274,0.011161887958569231,,0.8134648203849792,,2.2289158748244784,,,
sub-49__jax_gpu,AMICA-Python (JAX-GPU),sub-49,9,27.549944007952604,-0.05037068727602912,0.01275448659166167,0.04079957456369563,0.8601793050765991,,,0.4392318033962126,,,
sub-49__jax_gpu,AMICA-Python (JAX-GPU),sub-49,10,8.235858518601319,-0.0014025002418084874,0.0220095383897184,0.06222218137269535,0.9976551532745361,,,0.30409679389607724,,,
sub-49__jax_gpu,AMICA-Python (JAX-GPU),sub-49,11,8.207425067197477,0.0570569196390888,0.009246913852697339,0.03200701550429236,,,,0.5945871671137071,,,
sub-49__jax_gpu,AMICA-Python (JAX-GPU),sub-49,12,12.178848696120752,0.01862470081645894,-0.027031961044015423,0.057286139045055785,0.9989376664161682,,,0.46480208700348413,,,
sub-49__jax_gpu,AMICA-Python (JAX-GPU),sub-49,13,18.210543115097778,0.027371067036848832,-0.050662992262248845,0.032384346746696824,0.9764770865440369,,,5.158261889390204,,,
sub-49__jax_gpu,AMICA-Python (JAX-GPU),sub-49,14,58.20422296684668,0.051071996875786,0.012255210221547583,0.04007804544684572,0.7821413278579712,,,2.1852184438045246,,,
sub-49__picard_cpu,Picard,sub-49,0,11.18344629910564,-0.009351704799157961,-0.007353325533918653,0.04508854812227803,,,,0.1361459425043141,,,
sub-49__picard_cpu,Picard,sub-49,1,4.508572581696356,-0.014753702214955923,0.0059970324666447205,0.045636689473407814,0.9936305284500122,,,0.8053150788528942,,,
sub-49__picard_cpu,Picard,sub-49,2,4.8256556771494274,0.0032288424525138905,0.016685918829910055,0.06380037997895614,0.9987760782241821,,,0.29148170218500935,,,
sub-49__picard_cpu,Picard,sub-49,3,2.0971617526622737,-0.00435265278376627,-0.024570557501331598,0.061174374162018756,0.9982422590255737,,,0.4189540011835655,,,
sub-49__picard_cpu,Picard,sub-49,4,8.553453833851506,-0.00035281328453327547,0.028957461751931167,0.04203773347247393,,,,1.8509072165350933,,,
sub-49__picard_cpu,Picard,sub-49,5,24.493910264373255,-0.056403004231186646,-0.001804861119729333,0.03435170130221405,0.6184715628623962,,,0.48348706768750915,,,
sub-49__picard_cpu,Picard,sub-49,6,16.620445853558266,-0.0005435592129880918,0.06555619822221681,0.008849912647260738,,,0.9334288835525513,51.140482965085475,,,
sub-49__picard_cpu,Picard,sub-49,7,3.775638615463862,0.020262976024480142,-0.04700238560868508,0.041785013753579,0.9984654188156128,,,1.0216959382560473,,,
sub-49__picard_cpu,Picard,sub-49,8,54.57716753211942,-0.028456107113791956,-0.0471740604387647,0.03667631627813137,,,,887.0586453870646,,,
sub-49__picard_cpu,Picard,sub-49,9,11.297950252586844,0.0071795695738462,0.06432887113656523,0.01317936148734788,,,0.9731857776641846,11.117996867098613,,,
sub-49__picard_cpu,Picard,sub-49,10,15.565285481123965,0.007792443468034769,-0.03684406303267208,0.05428072627690856,0.9992541670799255,,,0.5512248434401905,,,
sub-49__picard_cpu,Picard,sub-49,11,54.02396536248402,0.05095491234575612,0.012115336294537074,0.040262581616828275,0.6510101556777954,,,2.154506395120989,,,
sub-49__picard_cpu,Picard,sub-49,12,7.521715182422184,0.05761793554690202,0.004027131816234742,0.03226096710202219,,,,0.5829928354157854,,,
sub-49__picard_cpu,Picard,sub-49,13,85.21155423432202,0.0051288909133958265,0.06500469906780953,0.011024587046023803,,0.862354040145874,,2.0140060660019667,,,
sub-49__picard_cpu,Picard,sub-49,14,37.010201931086016,0.02652440170556865,-0.05092751334034491,0.03255320636642905,0.9387607574462891,,,5.186872724457107,,,
sub-50__fastica_cpu,FastICA,sub-50,0,2.8449134255701978,0.0017916900626067306,0.017639681937449015,0.034912057357110796,,,,0.058844221602494695,,,
sub-50__fastica_cpu,FastICA,sub-50,1,15.115282359436264,0.001405464779828535,0.0657239202503012,0.007628487455118612,,,0.9932132959365845,61.15851649289486,,,
sub-50__fastica_cpu,FastICA,sub-50,2,34.57867829496638,-0.016963188121728676,0.06180568951293009,0.016268340663355328,,,,18.69884936072121,,,
sub-50__fastica_cpu,FastICA,sub-50,3,55.67315142504003,0.02148887719255588,-0.05102949804608749,0.03619033323670334,0.6088408827781677,,,645.8217612443337,,,
sub-50__fastica_cpu,FastICA,sub-50,4,0.5422675225863713,-0.013230588916520064,0.013879007326506045,0.06315323922996399,0.9998728036880493,,,0.6686611887936218,,,
sub-50__fastica_cpu,FastICA,sub-50,5,19.527243474527197,-0.05223581527811851,0.031445063339656985,0.02533712637800087,,0.505057692527771,,22.921661886593657,,,
sub-50__fastica_cpu,FastICA,sub-50,6,12.874484054250118,0.004329723952403519,-0.010115368008502691,0.06514537317392857,0.9872827529907227,,,12.355719190227523,,,
sub-50__fastica_cpu,FastICA,sub-50,7,50.03638677947445,-0.046486279510017256,0.04336994158714602,0.01799393515353862,0.5808793306350708,,,244.14916353461567,,,
sub-50__fastica_cpu,FastICA,sub-50,8,4.370923329776332,0.024270508144781388,-0.007400802117035109,0.06100000276454058,0.9840697050094604,,,0.2342569484559287,,,
sub-50__fastica_cpu,FastICA,sub-50,9,14.914428503812772,0.052731413865232245,0.021156018283712292,0.03363208667798379,0.6156257390975952,,,24.4194245970484,,,
sub-50__fastica_cpu,FastICA,sub-50,10,10.359671899352179,-0.01819240251330315,0.06297472630866738,0.00909857441601539,,,0.9737381935119629,8.67016350187046,,,
sub-50__fastica_cpu,FastICA,sub-50,11,25.75422845656462,-0.06181113317195956,0.010296778635537178,0.020922700077075786,,0.7518069744110107,,4.4822655376558735,,,
sub-50__fastica_cpu,FastICA,sub-50,12,60.56984418215741,-0.03235007608012192,0.053928941583553824,0.0202469274587021,,0.894665539264679,,18.59418030514543,,,
sub-50__fastica_cpu,FastICA,sub-50,13,28.883540337521453,0.06262162773438827,0.01264643737621652,0.016829176908689954,0.6479449272155762,,,0.484556782776167,,,
sub-50__fastica_cpu,FastICA,sub-50,14,49.8381788632817,0.030926966818820845,0.05589529970913292,0.017232213107222567,0.4516998529434204,,,19.344931975142288,,,
sub-50__infomax_cpu,Infomax,sub-50,0,2.5805702586708037,0.001934985455904198,0.018800176085817764,0.03623989080910496,,,,0.05830140210167345,,,
sub-50__infomax_cpu,Infomax,sub-50,1,15.197286793143405,0.0031091862795357855,0.06565845888748771,0.0066470176400808415,,,0.9943938851356506,62.26681191061108,,,
sub-50__infomax_cpu,Infomax,sub-50,2,35.362893068373126,-0.016609945965875873,0.06193640130328503,0.015786943398878216,,,,18.71632467459801,,,
sub-50__infomax_cpu,Infomax,sub-50,3,55.02555128511744,0.021527573409662097,-0.050405312122292774,0.03689216657959028,0.6587123870849609,,,646.604802273171,,,
sub-50__infomax_cpu,Infomax,sub-50,4,0.5778472458894583,-0.012711268746611472,0.015532608609468273,0.06234871438938723,0.9998998045921326,,,0.6769813046665489,,,
sub-50__infomax_cpu,Infomax,sub-50,5,20.617411297404004,-0.05245181970149318,0.03185240747297101,0.02446604646267637,,0.6027830839157104,,22.871923060892335,,,
sub-50__infomax_cpu,Infomax,sub-50,6,4.260107397419475,0.024679980055783885,-0.007970660375166418,0.060764860955067695,0.9731169939041138,,,0.24693706073536825,,,
sub-50__infomax_cpu,Infomax,sub-50,7,12.832264408094503,0.004595133976675224,-0.010303012770228973,0.06505879560268522,0.9872586131095886,,,13.383580553804904,,,
sub-50__infomax_cpu,Infomax,sub-50,8,52.32601756637511,-0.04637666555234831,0.0434239273125118,0.018133250243428854,0.6450458765029907,,,244.92347997692906,,,
sub-50__infomax_cpu,Infomax,sub-50,9,14.968149065251964,0.051867303100770375,0.021439593271250636,0.03477747523999446,0.6240901350975037,,,24.613947455267503,,,
sub-50__infomax_cpu,Infomax,sub-50,10,10.503932023440328,-0.019284486179818323,0.062109519500736496,0.012124472182755752,,,0.9771179556846619,8.885583508025277,,,
sub-50__infomax_cpu,Infomax,sub-50,11,24.823219660352265,-0.061911128837968454,0.011109594082741366,0.020488097522230072,,0.5366257429122925,,4.953919907094999,,,
sub-50__infomax_cpu,Infomax,sub-50,12,60.957239604687274,-0.03234931691121548,0.053973234861072514,0.02013269498541121,,0.8748900294303894,,19.01478690648995,,,
sub-50__infomax_cpu,Infomax,sub-50,13,29.076599279404263,0.044267330104705446,0.019060075235576453,0.021345592170005763,0.7495023012161255,,,0.4706002887260743,,,
sub-50__infomax_cpu,Infomax,sub-50,14,49.32151111446341,0.03188436249394676,0.05398873091691962,0.0208298628857791,0.5100868940353394,,,19.480513036085203,,,
sub-50__jax_gpu,AMICA-Python (JAX-GPU),sub-50,0,15.42929083968258,-0.05314389394879413,-0.01314120626626931,0.036913831176070985,,,,0.05345488756288441,,,
sub-50__jax_gpu,AMICA-Python (JAX-GPU),sub-50,1,36.08752514768825,-0.017427496525873314,0.06161975843171974,0.016624244643961367,,,,18.534224087106356,,,
sub-50__jax_gpu,AMICA-Python (JAX-GPU),sub-50,2,32.894737844917586,0.01729099714668231,-0.05296364994637521,0.035535684195820275,0.6251696348190308,,,638.5570532017861,,,
sub-50__jax_gpu,AMICA-Python (JAX-GPU),sub-50,3,15.360367779629698,-0.0001342130217522763,0.0657646308929444,0.007497822433994529,,,0.9904213547706604,58.39851874998951,,,
sub-50__jax_gpu,AMICA-Python (JAX-GPU),sub-50,4,17.246550456245757,0.0021962937023176617,-0.02909023085708857,0.05927264740477524,0.9906152486801147,,,6.504790123571933,,,
sub-50__jax_gpu,AMICA-Python (JAX-GPU),sub-50,5,2.8308793693184384,0.00876061953840123,0.014652208728545566,0.054816533894317655,0.6547026038169861,,,0.14018391727926094,,,
sub-50__jax_gpu,AMICA-Python (JAX-GPU),sub-50,6,1.3865418860562357,-0.022131514821507197,-0.00497183868744608,0.06205006621618928,0.9956192970275879,,,0.5929046573881416,,,
sub-50__jax_gpu,AMICA-Python (JAX-GPU),sub-50,7,40.52928673180709,-0.04145081396179227,0.04759824948160015,0.019381259785891822,,0.8839824199676514,,40.66186924282316,,,
sub-50__jax_gpu,AMICA-Python (JAX-GPU),sub-50,8,19.101820571152246,-0.056902640608911544,0.009414539897357563,0.032183752717249076,0.6429671049118042,,,15.630191140163536,,,
sub-50__jax_gpu,AMICA-Python (JAX-GPU),sub-50,9,58.78570537914135,0.02754092330010181,0.059282082660193726,0.00911835655401971,,0.7530529499053955,,18.870432095439643,,,
sub-50__jax_gpu,AMICA-Python (JAX-GPU),sub-50,10,60.29693249882744,-0.04524690218949191,0.045193068580725665,0.016560073712268277,,,0.43036386370658875,153.66456640373843,,,
sub-50__jax_gpu,AMICA-Python (JAX-GPU),sub-50,11,13.037918052204972,0.05161171082706569,0.030438205339365,0.02799156148868525,0.8533859252929688,,,0.39088469024837247,,,
sub-50__jax_gpu,AMICA-Python (JAX-GPU),sub-50,12,13.712834877864566,0.003934868432397276,0.06471429569128985,0.012490386078140844,,,0.9655266404151917,14.996991110958849,,,
sub-50__jax_gpu,AMICA-Python (JAX-GPU),sub-50,13,15.151849739732711,0.05191606405148936,0.02096195416930425,0.03504395169808425,0.5930503606796265,,,25.138965029178053,,,
sub-50__jax_gpu,AMICA-Python (JAX-GPU),sub-50,14,37.98827747507731,-0.05508177262251152,0.02764254167881803,0.023689729913351745,0.8198379874229431,,,15.562896059432173,,,
sub-50__picard_cpu,Picard,sub-50,0,2.788453868595994,0.0022967406577061055,0.017614510782165048,0.03648571855850515,,,,0.058705830168202855,,,
sub-50__picard_cpu,Picard,sub-50,1,15.266400090449764,0.003196804016498528,0.06558467513047445,0.007247575618580403,,,0.9948153495788574,62.39464575375999,,,
sub-50__picard_cpu,Picard,sub-50,2,35.10985844878812,-0.016695230635707315,0.062119126652028636,0.015071181606831685,,,,18.71411390860109,,,
sub-50__picard_cpu,Picard,sub-50,3,54.929871622189566,0.020625118740693404,-0.05127966233590446,0.03633269856492557,0.6638258695602417,,,646.5742680119425,,,
sub-50__picard_cpu,Picard,sub-50,4,0.5492302614895266,-0.013308855353400562,0.014323573826501162,0.06276768827357349,0.9998964071273804,,,0.6720860833817457,,,
sub-50__picard_cpu,Picard,sub-50,5,20.56813893665108,-0.052491784465616566,0.031665770808512954,0.02451981308014085,,0.5667568445205688,,22.93537939162611,,,
sub-50__picard_cpu,Picard,sub-50,6,4.5147546245168115,0.02449262942186502,-0.007656111826752367,0.06083704865003523,0.9784101247787476,,,0.2344346294711679,,,
sub-50__picard_cpu,Picard,sub-50,7,12.82486730428245,0.004632935410358461,-0.010401749865658356,0.0650399979151473,0.9875330924987793,,,13.354925050831824,,,
sub-50__picard_cpu,Picard,sub-50,8,52.59262000543088,-0.04619227205883812,0.04353653646560281,0.01819926336432012,0.649060845375061,,,244.7977975810333,,,
sub-50__picard_cpu,Picard,sub-50,9,14.961420014264604,0.05188171529021148,0.02152463481975824,0.03472073510681877,0.6327903866767883,,,24.6346487339844,,,
sub-50__picard_cpu,Picard,sub-50,10,10.359261176301587,-0.01866500062747545,0.062120994602407914,0.012211638209094523,,,0.9834739565849304,8.895497071456608,,,
sub-50__picard_cpu,Picard,sub-50,11,24.636699512373298,-0.06164395939806431,0.009238485729947413,0.021984440205619887,,0.5414721369743347,,4.9040213256421845,,,
sub-50__picard_cpu,Picard,sub-50,12,60.9754366028541,-0.032353887005780145,0.05397082930283447,0.020132246168795578,,0.8251045346260071,,19.011118454250084,,,
sub-50__picard_cpu,Picard,sub-50,13,21.38551145156768,0.05398817848898687,0.023669503898745375,0.026863500787259815,0.6851890683174133,,,0.49129869109379776,,,
sub-50__picard_cpu,Picard,sub-50,14,49.480210990486576,0.031976434059803,0.05389912575772968,0.020777879186215452,0.4628453254699707,,,19.46859518887033,,,
sub-51__fastica_cpu,FastICA,sub-51,0,35.99562410838935,0.007507289762155153,0.04449147225634467,0.01634385476377075,,,,0.04197715264407709,,,
sub-51__fastica_cpu,FastICA,sub-51,1,38.89064939116425,-0.0009422227313825713,0.029565580941872498,0.059076747486579505,0.8111119270324707,,,39.42106815320781,,,
sub-51__fastica_cpu,FastICA,sub-51,2,27.261514552914377,-0.001907612843530434,-0.015303034317769422,0.018819583054883834,0.8713346719741821,,,36.55277771268391,,,
sub-51__fastica_cpu,FastICA,sub-51,3,37.1142275932928,0.004060306249304811,-0.01386413224948027,0.01864307824965681,,,,20.56942228415828,,,
sub-51__fastica_cpu,FastICA,sub-51,4,17.001081627193088,-0.0024813889021521583,0.06569208687985506,0.0062809903024109055,,,0.8968891501426697,39.856313956474565,,,
sub-51__fastica_cpu,FastICA,sub-51,5,12.776149895817682,0.015392482574823804,-0.020165202580798455,0.060946668716489696,0.9179902672767639,,,22.664601898940848,,,
sub-51__fastica_cpu,FastICA,sub-51,6,1.6116695299827057,0.002451562358526114,0.016281777394511216,0.063992919689189,0.9998881816864014,,,0.7320936146754229,,,
sub-51__fastica_cpu,FastICA,sub-51,7,7.452545028767261,-0.027277019481327464,-0.04714087680835672,0.037278888725277584,0.9718084335327148,,,1.7786442997021652,,,
sub-51__fastica_cpu,FastICA,sub-51,8,35.683238017304305,-0.0028225271887267374,0.04016269473354679,0.05232893969646634,,,0.4389183223247528,48.960333548632065,,,
sub-51__fastica_cpu,FastICA,sub-51,9,73.74473601061209,-0.04197807636935003,0.048949252711983575,0.01419881766663414,,,,3.921024966991564,,,
sub-51__fastica_cpu,FastICA,sub-51,10,4.494518626076243,0.03141784547483248,-0.04703969046891164,0.034005110390505834,0.8817527890205383,,,5.297320061328721,,,
sub-51__fastica_cpu,FastICA,sub-51,11,10.676639572682191,-0.013847057801327107,0.01095366323482871,0.06366419766845748,0.9978658556938171,,,1.3714900574796518,,,
sub-51__fastica_cpu,FastICA,sub-51,12,84.21857013754786,0.0009868771523468072,0.06366248489373436,0.017784927755263885,,,,6.716473608569547,,,
sub-51__fastica_cpu,FastICA,sub-51,13,11.83696950347209,-0.05723110645708798,0.012829794302708301,0.03064654304278084,0.5789575576782227,,,54.72538335827097,,,
sub-51__fastica_cpu,FastICA,sub-51,14,27.491409376659888,0.03537584100237511,0.04908563939035294,0.026533676079873923,0.7327026724815369,,,4.557891905822506,,,
sub-51__infomax_cpu,Infomax,sub-51,0,25.052437255512416,0.0069992593207742065,0.054418109326789116,0.03675926299823925,,,,0.0425642551800296,,,
sub-51__infomax_cpu,Infomax,sub-51,1,39.35877727783289,-0.0005825822062506584,0.029760435149674913,0.058958698000060664,0.734229564666748,,,39.193409154240925,,,
sub-51__infomax_cpu,Infomax,sub-51,2,27.433367596648623,0.0,-0.02,0.02,0.8537627458572388,,,37.08532684379241,,,
sub-51__infomax_cpu,Infomax,sub-51,3,37.1082368703329,0.004067302719829143,-0.014470043830622337,0.018827661175078225,,,,20.609619768322116,,,
sub-51__infomax_cpu,Infomax,sub-51,4,17.010234643639507,-0.0005428302778764273,0.065761586205496,0.006290902374962397,,,0.9229568839073181,39.888680918748555,,,
sub-51__infomax_cpu,Infomax,sub-51,5,13.176700809926785,0.01532638799048462,-0.019748692576316902,0.061135691459010995,0.9443520307540894,,,22.72124514751266,,,
sub-51__infomax_cpu,Infomax,sub-51,6,1.6477596103503487,0.0022164369280062955,0.016114538284094367,0.06399581013390708,0.9998971819877625,,,0.7314480206534038,,,
sub-51__infomax_cpu,Infomax,sub-51,7,8.686781408472783,-0.023272845015761136,-0.04344668186037612,0.03518557569986391,0.9775997400283813,,,1.8869901272215976,,,
sub-51__infomax_cpu,Infomax,sub-51,8,33.48543248128105,-0.005860185203082995,0.0397161042008884,0.050662226953974474,,,0.5471437573432922,54.232250995384184,,,
sub-51__infomax_cpu,Infomax,sub-51,9,57.749318555662214,-0.045848224164675676,0.04344789306255781,0.019290275496234077,,,,6.223260086147683,,,
sub-51__infomax_cpu,Infomax,sub-51,10,10.625557229632705,0.032218566429453865,-0.04940945031009339,0.0297498754742491,0.7679392695426941,,,4.135167946063912,,,
sub-51__infomax_cpu,Infomax,sub-51,11,10.320975990626735,-0.013638199962354026,0.012010280394930009,0.0634749948262447,0.9974108338356018,,,1.4640992881218677,,,
sub-51__infomax_cpu,Infomax,sub-51,12,75.06326213910079,0.012041557132420442,0.062348990929881346,0.018382626442418313,,,,7.1143338097120274,,,
sub-51__infomax_cpu,Infomax,sub-51,13,11.232492659512928,-0.05723435122946516,0.012468888976687777,0.030791299388916598,0.4696182906627655,,,55.2773749923385,,,
sub-51__infomax_cpu,Infomax,sub-51,14,22.72323800940009,0.03515717258313827,0.05157511635281058,0.021672630782479167,0.5837136507034302,,,4.186499154380453,,,
sub-51__jax_gpu,AMICA-Python (JAX-GPU),sub-51,0,15.327541993441827,-0.001322396160561677,0.038375724083359396,0.009740672490752824,,,,0.03533263161026934,,,
sub-51__jax_gpu,AMICA-Python (JAX-GPU),sub-51,1,39.30664480608919,5.435080698182672e-06,-0.020024190466953896,0.020003206432029023,,,,33.24293179143315,,,
sub-51__jax_gpu,AMICA-Python (JAX-GPU),sub-51,2,7.489753296710234,-0.012486349437733477,-0.036931881770425,0.03377851978291233,0.9894131422042847,,,1.9224745199554238,,,
sub-51__jax_gpu,AMICA-Python (JAX-GPU),sub-51,3,25.46673253673869,-0.04045870088484135,0.049844949541889276,0.015608032301735165,0.5689430832862854,,,34.13909159307608,,,
sub-51__jax_gpu,AMICA-Python (JAX-GPU),sub-51,4,15.1931999876726,-0.002714160786427214,0.0656543783205911,0.006546516883983529,,,0.9084903001785278,39.00821586541918,,,
sub-51__jax_gpu,AMICA-Python (JAX-GPU),sub-51,5,38.852139677422194,-0.0032947946782605274,0.0630181022928612,0.019420873013498454,,,,19.538951371392653,,,
sub-51__jax_gpu,AMICA-Python (JAX-GPU),sub-51,6,17.32713244551711,0.03991568276205673,-0.04512017274546004,0.027112455947335908,0.8973022103309631,,,3.1138055741361503,,,
sub-51__jax_gpu,AMICA-Python (JAX-GPU),sub-51,7,12.572351307842666,0.009445392587493348,-0.014572913183200751,0.05025505626287975,0.9823448061943054,,,32.19713355493855,,,
sub-51__jax_gpu,AMICA-Python (JAX-GPU),sub-51,8,9.198580917711851,-0.013497103868866017,0.00790107569380629,0.06418686025047712,0.9996821880340576,,,1.1038708464788511,,,
sub-51__jax_gpu,AMICA-Python (JAX-GPU),sub-51,9,1.564196813612682,0.002665460548436307,0.015272743415764171,0.06418107274090498,0.9998733997344971,,,0.7177248064414572,,,
sub-51__jax_gpu,AMICA-Python (JAX-GPU),sub-51,10,10.394840809274683,-0.0571420583055421,0.012741161887127202,0.030846787287280776,0.7047414183616638,,,56.96207161644686,,,
sub-51__jax_gpu,AMICA-Python (JAX-GPU),sub-51,11,39.624491228549395,0.011695974444258848,-0.05440715441165547,0.035718929914734986,0.5522905588150024,,,8.312801262039239,,,
sub-51__jax_gpu,AMICA-Python (JAX-GPU),sub-51,12,41.66958080030593,0.05543058404141992,0.014007107594650793,0.03302359459332042,,,,7.272362871290682,,,
sub-51__jax_gpu,AMICA-Python (JAX-GPU),sub-51,13,25.55253010044487,0.011425150380024646,0.02230242959961141,0.011830556987970763,,,,4.37930754593546,,,
sub-51__jax_gpu,AMICA-Python (JAX-GPU),sub-51,14,71.34541326779505,-0.04916184916054472,-0.03468850017437494,0.027295601053144845,,,,39.10641580184552,,,
sub-51__picard_cpu,Picard,sub-51,0,25.27644493873545,0.007290011764850525,0.05488118511844451,0.03597522816281694,,,,0.04295773452378171,,,
sub-51__picard_cpu,Picard,sub-51,1,39.406424234612594,-0.0011708500623595407,0.02915428909567826,0.05927188704812528,0.6811190843582153,,,39.071531035118795,,,
sub-51__picard_cpu,Picard,sub-51,2,27.410046816266714,-0.0006915590648596412,-0.018883779279827494,0.01972970815634619,0.8766303062438965,,,37.03399934937235,,,
sub-51__picard_cpu,Picard,sub-51,3,37.164269005557095,0.004073238326063864,-0.014478412559919123,0.018823355155395904,,,,20.599369423751767,,,
sub-51__picard_cpu,Picard,sub-51,4,16.994283751630718,-0.00340725888394043,0.06563584237924999,0.006301890925587833,,,0.9257282018661499,39.88912648663529,,,
sub-51__picard_cpu,Picard,sub-51,5,13.295743397172046,0.015033381739299119,-0.019594253443976993,0.06120509535942563,0.9410268068313599,,,22.572508042098303,,,
sub-51__picard_cpu,Picard,sub-51,6,1.6362254507863412,0.0020541965499369912,0.016171803387701012,0.06398592704865969,0.9998812079429626,,,0.7310813195433967,,,
sub-51__picard_cpu,Picard,sub-51,7,9.360803878490557,-0.020364539140547522,-0.04132225946425348,0.034078148994760096,0.9770517945289612,,,1.911221297991851,,,
sub-51__picard_cpu,Picard,sub-51,8,32.97082114973591,-0.006497277114018421,0.03870070840604722,0.048627713909808766,,,0.5673192739486694,54.7811961034747,,,
sub-51__picard_cpu,Picard,sub-51,9,55.08379540711662,-0.04649410650057256,0.043197301430571426,0.01867128310895033,,,,6.62378814686245,,,
sub-51__picard_cpu,Picard,sub-51,10,9.972472097924395,0.030934513192035194,-0.04742015866201772,0.03405215027856442,0.7219129800796509,,,3.9615337503542802,,,
sub-51__picard_cpu,Picard,sub-51,11,10.207149150401037,-0.013746380088046944,0.01207337867862605,0.06344035483482333,0.9969372153282166,,,1.4449293795108682,,,
sub-51__picard_cpu,Picard,sub-51,12,73.13042515620342,0.017500411669494217,0.060708427314120225,0.019637437002442755,,,,7.097734382002429,,,
sub-51__picard_cpu,Picard,sub-51,13,25.069318454734344,0.03496772106271998,0.052551483765816816,0.019515930121417682,,,,4.105651925362408,,,
sub-51__picard_cpu,Picard,sub-51,14,11.493790508969994,-0.05713471515806553,0.01179450432447358,0.030920559982000592,0.484661340713501,,,55.30045973485961,,,
sub-52__fastica_cpu,FastICA,sub-52,0,51.437521564835805,0.02736185334492237,0.05613016360341925,0.02152681440800653,,,,-0.10918833690826313,,,
sub-52__fastica_cpu,FastICA,sub-52,1,12.33139254450657,0.0001309765245794702,0.06577447129604633,0.006168542863233408,,,0.9615774154663086,29.98358401114227,,,
sub-52__fastica_cpu,FastICA,sub-52,2,0.6420980708680304,-0.007652453022983,-0.018009593463471828,0.06305870708277163,0.9988207817077637,,,1.0327891018427362,,,
sub-52__fastica_cpu,FastICA,sub-52,3,7.174530893383519,-0.0028458445156142914,0.019663913590083664,0.06301085295358567,0.9900031089782715,,,2.551320807405797,,,
sub-52__fastica_cpu,FastICA,sub-52,4,6.857433192866836,-0.0010042196890528907,0.02235364459986474,0.06216104184668527,0.9996696710586548,,,1.5355526668064288,,,
sub-52__fastica_cpu,FastICA,sub-52,5,14.695584209467,0.013193437192982719,0.06426890897799788,0.00776017649644102,,,0.992999792098999,17.511371876168372,,,
sub-52__fastica_cpu,FastICA,sub-52,6,29.28944455932036,0.050921994828587586,0.009509821159179728,0.041191383373345526,0.7219108939170837,,,3.6097675874204285,,,
sub-52__fastica_cpu,FastICA,sub-52,7,10.72550790451524,0.032364738074523725,-0.017351653928669237,0.05491758580137847,0.9917773008346558,,,0.9728527394713411,,,
sub-52__fastica_cpu,FastICA,sub-52,8,14.917174748544056,0.01956054338657719,0.05459810987150795,0.03155531068633327,0.953538715839386,,,2.5359588764939662,,,
sub-52__fastica_cpu,FastICA,sub-52,9,14.57848491057338,-0.03939923953450073,0.004892027465731193,0.052815814605487975,0.9993206262588501,,,1.4782172120346493,,,
sub-52__fastica_cpu,FastICA,sub-52,10,7.048078862314483,-0.0373202082460215,-0.033062569848952554,0.04334176601389803,0.9914776086807251,,,1.2588917006962799,,,
sub-52__fastica_cpu,FastICA,sub-52,11,94.88183881260348,-0.027536851471104632,0.059243052735890554,0.009818335600343871,,,0.6329037547111511,4.866491046737727,,,
sub-52__fastica_cpu,FastICA,sub-52,12,7.376087143684487,0.0613983155737297,0.01133053101534914,0.021610461954527985,,0.49275633692741394,,3.308713499323468,,,
sub-52__fastica_cpu,FastICA,sub-52,13,11.900113719189747,-0.06068001900580609,0.015931597311625374,0.02057734687062491,,0.4375181794166565,,1.040706543095764,,,
sub-52__fastica_cpu,FastICA,sub-52,14,32.23817422812405,-0.03874059357509762,0.048403643952102025,0.02270595397094976,,0.3542903959751129,,17.75229058883608,,,
sub-52__infomax_cpu,Infomax,sub-52,0,50.60835134404386,-0.013557991569831769,0.0635450009819308,0.012670386651244472,,,,-0.11996652930056317,,,
sub-52__infomax_cpu,Infomax,sub-52,1,12.356410535584246,0.0005417076812916792,0.06572655028923188,0.006223167056571484,,,0.927829384803772,30.022779603829463,,,
sub-52__infomax_cpu,Infomax,sub-52,2,0.6702534419836041,-0.008162047270244345,-0.017754199129564427,0.06304110898677645,0.9991943836212158,,,1.0275979302354425,,,
sub-52__infomax_cpu,Infomax,sub-52,3,7.157615451004972,-0.0027393502214539704,0.018222079280210874,0.06344218869585104,0.9871038198471069,,,2.584532080567313,,,
sub-52__infomax_cpu,Infomax,sub-52,4,6.877845759782673,-0.001519522277575872,0.022925186333251024,0.06194873787409086,0.9989978671073914,,,1.5350659577061334,,,
sub-52__infomax_cpu,Infomax,sub-52,5,15.034325649431722,0.013775004302289246,0.06408542477226242,0.007912597508285756,,,0.9783083200454712,17.659214294570393,,,
sub-52__infomax_cpu,Infomax,sub-52,6,10.431698378618137,0.03149731917181321,-0.017367811541401375,0.05541821509029454,0.991714596748352,,,0.9605356001484475,,,
sub-52__infomax_cpu,Infomax,sub-52,7,14.616613599973036,0.019578432501782768,0.05442652874071245,0.03192139436123596,0.9631488919258118,,,2.5124612112972713,,,
sub-52__infomax_cpu,Infomax,sub-52,8,30.215036228027955,0.050010126336267904,0.009542328949718864,0.04203852393202172,0.8354841470718384,,,3.6402122199811933,,,
sub-52__infomax_cpu,Infomax,sub-52,9,15.040677909762508,-0.03969047209391258,0.0038504476815414217,0.052671870192647435,0.999133825302124,,,1.4355757817095007,,,
sub-52__infomax_cpu,Infomax,sub-52,10,7.301015712837284,-0.03686661028497853,-0.035311024171398475,0.04193314935817781,0.9924185276031494,,,1.2590088407468327,,,
sub-52__infomax_cpu,Infomax,sub-52,11,94.36381049687668,-0.0285756779140501,0.05876415986673945,0.010377301037781492,,,0.5487188696861267,5.023172398100465,,,
sub-52__infomax_cpu,Infomax,sub-52,12,6.959984305618221,0.0614851550662496,0.010500281685286475,0.021760647593925094,,0.5007189512252808,,3.290183666211358,,,
sub-52__infomax_cpu,Infomax,sub-52,13,12.727832012927436,-0.060607550166151394,0.01745518672456985,0.020108074111230174,,0.5377909541130066,,1.021429105460145,,,
sub-52__infomax_cpu,Infomax,sub-52,14,30.288694253200006,-0.04031325711327468,0.04761931255625789,0.021744590763847247,,0.36432522535324097,,19.854918534329894,,,
sub-52__jax_gpu,AMICA-Python (JAX-GPU),sub-52,0,29.736820801064397,0.02414386897912277,0.053702761519158246,0.02995721373729058,,,,-0.10282068965483271,,,
sub-52__jax_gpu,AMICA-Python (JAX-GPU),sub-52,1,12.216865008684096,0.0004014367165176719,0.06573748775859667,0.006141074662029983,,,0.9744458198547363,30.00497830238681,,,
sub-52__jax_gpu,AMICA-Python (JAX-GPU),sub-52,2,8.059815823865208,-0.0374648973676915,-0.0343670639935399,0.04212622120058307,0.9850122332572937,,,1.272068805576736,,,
sub-52__jax_gpu,AMICA-Python (JAX-GPU),sub-52,3,9.360540004485173,-0.002983114783944263,0.01997208439231953,0.06286115298105281,0.995050311088562,,,2.4135284503063392,,,
sub-52__jax_gpu,AMICA-Python (JAX-GPU),sub-52,4,0.6510105503896852,-0.00875193690129105,-0.019188857919502738,0.06253956185337,0.9989280104637146,,,1.0403721535848165,,,
sub-52__jax_gpu,AMICA-Python (JAX-GPU),sub-52,5,12.510032330470594,0.014310948829102986,0.06400532777876435,0.007607558799423054,,,0.995936393737793,17.665881177197686,,,
sub-52__jax_gpu,AMICA-Python (JAX-GPU),sub-52,6,6.888243907754742,-0.0013260628247621627,0.020135799499825368,0.06286601616122975,0.9996823072433472,,,1.5441145488102412,,,
sub-52__jax_gpu,AMICA-Python (JAX-GPU),sub-52,7,6.913559929921135,0.06170854761522781,0.009866491175722683,0.021592994970820827,,0.7011924982070923,,3.4927389860072484,,,
sub-52__jax_gpu,AMICA-Python (JAX-GPU),sub-52,8,14.849876708241197,0.019034269753951037,0.05481762346391305,0.03175151034191497,0.9471503496170044,,,2.5564015217253475,,,
sub-52__jax_gpu,AMICA-Python (JAX-GPU),sub-52,9,97.30493139950838,0.02323286716027594,0.061270763481573155,0.008942105032688476,,,0.6380383372306824,4.885042662340174,,,
sub-52__jax_gpu,AMICA-Python (JAX-GPU),sub-52,10,29.383034778281996,-0.039397505544523266,0.048432950456324224,0.02160754160051402,,0.3613819479942322,,19.70386906584146,,,
sub-52__jax_gpu,AMICA-Python (JAX-GPU),sub-52,11,14.01815299443804,-0.061016809622657965,0.015032395303837117,0.020385894914835747,,,,1.012268283349524,,,
sub-52__jax_gpu,AMICA-Python (JAX-GPU),sub-52,12,13.873178219911054,-0.04038562685653022,0.0037861710149015133,0.05223354832744575,0.9992318153381348,,,1.4301155260865936,,,
sub-52__jax_gpu,AMICA-Python (JAX-GPU),sub-52,13,9.922723228794226,0.030259498444293265,-0.011839452429654033,0.057480244999478236,0.9933269023895264,,,0.9434154073552512,,,
sub-52__jax_gpu,AMICA-Python (JAX-GPU),sub-52,14,27.432446346477107,0.048928862301275036,0.00956470178373084,0.043365254425631244,0.8169808387756348,,,3.5456517974272614,,,
sub-52__picard_cpu,Picard,sub-52,0,51.04320209395831,-0.014504718380174872,0.06318916904961709,0.013062253371982689,,,,-0.11993595464207374,,,
sub-52__picard_cpu,Picard,sub-52,1,12.332959361392497,0.0005715100732647354,0.06575738029537952,0.006332529932109613,,,0.9237751364707947,30.02238172559138,,,
sub-52__picard_cpu,Picard,sub-52,2,0.6607034145629029,-0.008095512800188503,-0.017821915450434333,0.06303055555750108,0.9992066621780396,,,1.027993943546969,,,
sub-52__picard_cpu,Picard,sub-52,3,7.177279350020854,-0.0027404365965329387,0.018299161686814065,0.06342004583532387,0.9873289465904236,,,2.585577833165928,,,
sub-52__picard_cpu,Picard,sub-52,4,6.860123611897592,-0.0016094352566468934,0.023102070024260197,0.06188630927357095,0.9990408420562744,,,1.5376822775082601,,,
sub-52__picard_cpu,Picard,sub-52,5,14.941911503966153,0.01236364182720808,0.06440824862226972,0.008918598657769623,,,0.9807730317115784,17.65718555503571,,,
sub-52__picard_cpu,Picard,sub-52,6,10.40951327184328,0.03121086345234158,-0.017675121783431773,0.055480321316802354,0.9905356764793396,,,0.9620540885001727,,,
sub-52__picard_cpu,Picard,sub-52,7,14.537542740594418,0.019612506503153812,0.054334759194239725,0.03206290898072264,0.9610309600830078,,,2.521789393070687,,,
sub-52__picard_cpu,Picard,sub-52,8,30.08126507180488,0.050970761984858094,0.009560958178889257,0.04111835781845698,0.8297221064567566,,,3.6425056605593085,,,
sub-52__picard_cpu,Picard,sub-52,9,15.06554075015353,-0.04201551647254756,0.0032380222516912825,0.05105503779842218,0.9990971088409424,,,1.4427587652207343,,,
sub-52__picard_cpu,Picard,sub-52,10,7.2446389164568075,-0.03686964584753169,-0.035560108512837196,0.04172451482051976,0.9924694299697876,,,1.2582151421495684,,,
sub-52__picard_cpu,Picard,sub-52,11,94.52883763018413,-0.031014628785957416,0.05732848193596151,0.010817310380160138,,,0.536311149597168,5.019588438816376,,,
sub-52__picard_cpu,Picard,sub-52,12,6.98833204341031,0.061517682827220595,0.010382847854355868,0.02172243559428396,,0.5169519186019897,,3.2908410993256867,,,
sub-52__picard_cpu,Picard,sub-52,13,12.618028030724233,-0.06079375241017322,0.015202553446861502,0.020792149784921814,,0.5391331315040588,,1.0240111651969013,,,
sub-52__picard_cpu,Picard,sub-52,14,30.854267428573024,-0.039909609946565276,0.04776413222110625,0.022147409436247097,,0.3945014178752899,,19.546633843177815,,,
sub-53__fastica_cpu,FastICA,sub-53,0,36.92045831785712,-0.04514116955724831,0.04528974785610821,0.01657740455139863,0.5199158191680908,,,157.69440947284247,,,
sub-53__fastica_cpu,FastICA,sub-53,1,36.06588347706718,-0.046241236629827404,0.04426183217942448,0.016650406074283263,,,,198.81998541956716,,,
sub-53__fastica_cpu,FastICA,sub-53,2,18.113639669863957,-0.0013525930484144918,0.06574091137220518,0.0063748180099252325,,,0.9173598885536194,141.16098001713794,,,
sub-53__fastica_cpu,FastICA,sub-53,3,4.711053255999644,-0.01121177859667665,0.009517169943276534,0.060846121523185456,0.9514971971511841,,,5.356810717101348,,,
sub-53__fastica_cpu,FastICA,sub-53,4,71.41876041133186,-0.04940420589295249,-0.022967575827084242,0.03736823997787465,,,,275.1161710209097,,,
sub-53__fastica_cpu,FastICA,sub-53,5,74.48552858179573,-0.016086871332020206,0.06361574176600357,0.007659275030235749,,,0.4437411427497864,966.3215891963032,,,
sub-53__fastica_cpu,FastICA,sub-53,6,31.741661399795262,0.05713759074163936,0.008235416231207875,0.03199189183134822,,,,37.1711582390965,,,
sub-53__fastica_cpu,FastICA,sub-53,7,5.558091960765495,0.01881103653400411,0.023117877742306003,0.056218946505872724,0.9677210450172424,,,5.928430217288154,,,
sub-53__fastica_cpu,FastICA,sub-53,8,5.670753562281831,-0.06043331331590049,0.012734445173718271,0.023418222369570807,0.7970724701881409,,,23.112722737969545,,,
sub-53__fastica_cpu,FastICA,sub-53,9,9.958180424104938,0.01829778475185362,-0.033250929939156064,0.025724983912561797,0.7751613855361938,,,11.410757943130765,,,
sub-53__fastica_cpu,FastICA,sub-53,10,72.61048754240875,0.04023552964979624,0.04904075703816825,0.018814530263483002,0.6125909090042114,,,107.07453659261583,,,
sub-53__fastica_cpu,FastICA,sub-53,11,45.595647124801275,-0.0329682007369384,0.05240080902564567,0.02324365954781108,0.9777653217315674,,,265.950756923162,,,
sub-53__fastica_cpu,FastICA,sub-53,12,75.07448723807029,0.038233315550144,-0.03450220316266708,0.04138050775527368,0.9319839477539062,,,172.1775320871427,,,
sub-53__fastica_cpu,FastICA,sub-53,13,23.89426989779777,-0.047330455325885645,-0.03153815041880178,0.033532753959024574,0.9675201773643494,,,28.99293666920143,,,
sub-53__fastica_cpu,FastICA,sub-53,14,50.16817049939136,-0.03973061555436969,0.040987189302841225,0.033231254138510954,0.9961243867874146,,,30.32325925170472,,,
sub-53__infomax_cpu,Infomax,sub-53,0,36.91445033856664,-0.045139123460816624,0.0452920066287137,0.016576750567968857,0.4922462999820709,,,155.59891282510287,,,
sub-53__infomax_cpu,Infomax,sub-53,1,36.06946885222614,-0.04514522208795747,0.04528422877636407,0.016582904370582772,,,,202.0346600971275,,,
sub-53__infomax_cpu,Infomax,sub-53,2,17.656470162660412,-0.0002675967877202256,0.06572469873705461,0.006192108700573575,,,0.919925332069397,145.79931420037624,,,
sub-53__infomax_cpu,Infomax,sub-53,3,6.173063979882826,-0.006590683466304102,0.012260048682616303,0.0473917954438057,0.8323043584823608,,,1.3414725397233598,,,
sub-53__infomax_cpu,Infomax,sub-53,4,71.14687077278327,-0.04933683877737323,-0.022783890599920423,0.037568881336557815,,,,277.6561783368905,,,
sub-53__infomax_cpu,Infomax,sub-53,5,73.81766874468818,-0.01732490398132276,0.06327117624694473,0.00784300247053933,,,0.49510934948921204,966.3798512604155,,,
sub-53__infomax_cpu,Infomax,sub-53,6,28.371905621921613,0.05677085243916969,0.011527577584625153,0.031763721562679904,,,,37.21466500949498,,,
sub-53__infomax_cpu,Infomax,sub-53,7,4.241482559881163,0.016239147973096342,0.021456611102684327,0.05817262123209574,0.9856204390525818,,,9.540984516912525,,,
sub-53__infomax_cpu,Infomax,sub-53,8,5.715950329703674,-0.06043714919431003,0.01369788563060956,0.02289039188284788,0.8267692923545837,,,24.009214006182656,,,
sub-53__infomax_cpu,Infomax,sub-53,9,71.60492912594809,0.03972253924372587,0.048318964070075535,0.021112169348271953,0.5811389684677124,,,110.14271140110914,,,
sub-53__infomax_cpu,Infomax,sub-53,10,10.380261760506144,0.006476329752344596,-0.051339361843183176,0.011588774846639551,0.8008182048797607,,,18.630946644157884,,,
sub-53__infomax_cpu,Infomax,sub-53,11,47.72598557572735,-0.029718557518384345,0.05375836847975505,0.024558910420696092,0.9827922582626343,,,286.8967600572992,,,
sub-53__infomax_cpu,Infomax,sub-53,12,24.991495162265537,-0.047898436025324495,-0.030140929366216228,0.0342241811302616,0.9659750461578369,,,28.56320611871294,,,
sub-53__infomax_cpu,Infomax,sub-53,13,74.57017799167701,0.0360194901673664,-0.03357720316451603,0.04422997146074141,0.9480699896812439,,,174.35201890202168,,,
sub-53__infomax_cpu,Infomax,sub-53,14,47.85097667462041,-0.03235641123753676,0.03930869047720945,0.04220424319650107,0.9961636066436768,,,30.546452670545477,,,
sub-53__jax_gpu,AMICA-Python (JAX-GPU),sub-53,0,36.87217757953771,-0.046255313666334015,0.04424737346822505,0.016646179658876527,0.6303609609603882,,,143.65046653468352,,,
sub-53__jax_gpu,AMICA-Python (JAX-GPU),sub-53,1,40.58128639360059,-0.009416441309461225,-0.045638645706025126,0.028563813771120918,,,,205.78492593052118,,,
sub-53__jax_gpu,AMICA-Python (JAX-GPU),sub-53,2,12.040375070411471,-0.0019468623317580665,0.0657062400291903,0.006468757373129222,,,0.9754228591918945,132.98469049764788,,,
sub-53__jax_gpu,AMICA-Python (JAX-GPU),sub-53,3,4.370712325467807,0.014052785496129403,0.015806353543470958,0.05283969100922252,0.9916060566902161,,,9.03547232119577,,,
sub-53__jax_gpu,AMICA-Python (JAX-GPU),sub-53,4,59.96693873723119,-0.020545210742750182,0.06233873864955478,0.007502097658561606,,,0.5856557488441467,963.1777291692863,,,
sub-53__jax_gpu,AMICA-Python (JAX-GPU),sub-53,5,4.659073336110126,-0.01496709216752071,0.006542432065603381,0.06402169744369977,0.956993579864502,,,14.483763329256544,,,
sub-53__jax_gpu,AMICA-Python (JAX-GPU),sub-53,6,10.105522426348472,0.01797231108539967,-0.0052210032328155525,0.017909196549497793,0.7348234057426453,,,5.040767301521042,,,
sub-53__jax_gpu,AMICA-Python (JAX-GPU),sub-53,7,47.47790713243979,-0.03177499752812747,0.04941741296232117,0.030206258093091076,0.9702534079551697,,,108.91850222023749,,,
sub-53__jax_gpu,AMICA-Python (JAX-GPU),sub-53,8,4.33156902556955,-0.06044895062480232,0.012187765144914698,0.023648672954296783,0.9685491919517517,,,21.519991721129102,,,
sub-53__jax_gpu,AMICA-Python (JAX-GPU),sub-53,9,64.19381159796022,0.04120464093980499,0.04817483491436471,0.018822489118791003,0.7817291617393494,,,98.59275586408121,,,
sub-53__jax_gpu,AMICA-Python (JAX-GPU),sub-53,10,70.7164702747279,-0.046635125925147444,-0.02259651900856291,0.04097478251874106,,,,213.96846376413208,,,
sub-53__jax_gpu,AMICA-Python (JAX-GPU),sub-53,11,49.35186331891167,0.05616770212953018,0.004257927492957179,0.034536121801441805,0.7966641783714294,,,34.36065622587217,,,
sub-53__jax_gpu,AMICA-Python (JAX-GPU),sub-53,12,65.950347023993,-0.03673593013335044,0.008605409801893766,0.054231656633291145,0.5135194659233093,,,68.27674813824038,,,
sub-53__jax_gpu,AMICA-Python (JAX-GPU),sub-53,13,76.6317086047647,0.023787379131322395,0.040691849408782524,0.04629424105070437,0.7720130681991577,,,186.91895246166894,,,
sub-53__jax_gpu,AMICA-Python (JAX-GPU),sub-53,14,14.704851670633786,-0.04110598505749553,-0.03155040222538816,0.04105885562603819,0.9919092655181885,,,29.233237525947146,,,
sub-53__picard_cpu,Picard,sub-53,0,36.900555034663306,-0.04553539898171095,0.04500510286871624,0.016298932140227273,0.5016779899597168,,,155.57740582438007,,,
sub-53__picard_cpu,Picard,sub-53,1,35.961107896900984,-0.04573137889208491,0.0450095852476221,0.01597680884443514,,,,202.07113684954567,,,
sub-53__picard_cpu,Picard,sub-53,2,17.683956614823586,-0.0016882621242197292,0.06572955856688398,0.006417311571539275,,,0.9242169857025146,146.18973240054132,,,
sub-53__picard_cpu,Picard,sub-53,3,4.718790973292613,-0.011791783047267523,0.010283711884008591,0.062476835324728516,0.9609410166740417,,,6.5139320955483075,,,
sub-53__picard_cpu,Picard,sub-53,4,71.127377718494,-0.047525507690403535,-0.022691570991849912,0.0400917406864822,,,,277.9146699926996,,,
sub-53__picard_cpu,Picard,sub-53,5,73.81490568122754,-0.01645321002535074,0.06350852543690393,0.007431075352454348,,,0.4830104112625122,966.3853948238824,,,
sub-53__picard_cpu,Picard,sub-53,6,28.61311065719964,0.05655010839903648,0.011951558981434416,0.03199870659418526,,,,37.25564983349909,,,
sub-53__picard_cpu,Picard,sub-53,7,4.923259094765115,0.018073157499207525,0.020650155383017562,0.054777280286817165,0.9710911512374878,,,7.475490071205591,,,
sub-53__picard_cpu,Picard,sub-53,8,5.260369539878795,-0.05996936960690786,0.013446722912196108,0.024577184654249407,0.8323769569396973,,,24.005310463491174,,,
sub-53__picard_cpu,Picard,sub-53,9,10.194120724872334,0.019113864949475545,-0.029771349758826383,0.02472849737679399,0.7939039468765259,,,11.28079537171109,,,
sub-53__picard_cpu,Picard,sub-53,10,71.98706952031405,0.040360388160923584,0.04800927305749201,0.02075000279884603,0.5825580358505249,,,110.00419715229708,,,
sub-53__picard_cpu,Picard,sub-53,11,46.512009839057235,-0.02907930943734361,0.05380210925502796,0.025160141923921048,0.9834950566291809,,,285.34217461191685,,,
sub-53__picard_cpu,Picard,sub-53,12,25.866015838678976,-0.047315056498625024,-0.03139738746893079,0.033675255386812625,0.9681013822555542,,,28.769362391403135,,,
sub-53__picard_cpu,Picard,sub-53,13,74.53953203427875,0.033968980835989246,-0.03561795759212929,0.044040364488646316,0.9464266896247864,,,174.46258120083735,,,
sub-53__picard_cpu,Picard,sub-53,14,46.937398693201004,-0.037900303432508414,0.03710313198196488,0.03939486605330292,0.9965462684631348,,,30.56425617429945,,,
sub-54__fastica_cpu,FastICA,sub-54,0,38.236792358077196,0.005805610851336778,-0.05331852696417466,0.03855035510249913,,,,0.1095723081400819,,,
sub-54__fastica_cpu,FastICA,sub-54,1,18.005269454525646,0.002998244408218526,0.019389747911127114,0.0630425815967315,0.9991357326507568,,,0.09415004127839,,,
sub-54__fastica_cpu,FastICA,sub-54,2,9.284362912371463,-0.008690128643253163,0.06518130391912993,0.006583076291106704,,,0.9859338402748108,46.44968146334442,,,
sub-54__fastica_cpu,FastICA,sub-54,3,38.61393971890566,-0.006727883826600708,0.025492050538664563,0.06033378600397561,0.9992547035217285,,,7.252670427867502,,,
sub-54__fastica_cpu,FastICA,sub-54,4,7.271057496895494,-0.013281826018366983,-0.03801332993856046,0.05236805877652728,0.9991236925125122,,,0.7100853980497459,,,
sub-54__fastica_cpu,FastICA,sub-54,5,38.57701650070761,-0.005535888154186535,0.05524419311418957,0.03581156767197157,0.9753094911575317,,,12.87154919591412,,,
sub-54__fastica_cpu,FastICA,sub-54,6,19.423854964851856,-0.002065216373854776,0.033836664982848805,0.056715965366740236,0.9999707937240601,,,2.045535180340466,,,
sub-54__fastica_cpu,FastICA,sub-54,7,6.130665461543771,-0.04628644211596426,0.043578847413656356,0.01797186806066252,,,,138.07239684148584,,,
sub-54__fastica_cpu,FastICA,sub-54,8,23.261522198500387,0.005086508184156747,0.06529556808596941,0.008827922211211463,,,0.8836418390274048,6.2122351416411075,,,
sub-54__fastica_cpu,FastICA,sub-54,9,24.099314717117778,0.0151079126416476,-0.046862602125398764,0.044142624513734685,0.9982778429985046,,,3.9761255433215066,,,
sub-54__fastica_cpu,FastICA,sub-54,10,25.444190274827136,0.04489900471460529,0.04613631237877995,0.015009378730136925,,0.8641646504402161,,113.35556210517376,,,
sub-54__fastica_cpu,FastICA,sub-54,11,50.5912423588883,0.02859276430658276,0.053465991765548754,0.026299902649317464,,,,27.226962147991358,,,
sub-54__fastica_cpu,FastICA,sub-54,12,9.71870857404366,0.04481912786742626,0.017767036034646685,0.037502621580470664,0.9550585746765137,,,60.03709709725584,,,
sub-54__fastica_cpu,FastICA,sub-54,13,34.23292188712867,-0.005655215045929273,0.005299379918590482,0.06573024091073687,0.6748125553131104,,,494.5191203469803,,,
sub-54__fastica_cpu,FastICA,sub-54,14,12.552588368575101,-0.06135385336499014,0.006458985566263348,0.02363329407003102,0.6868783235549927,,,9.23389402690151,,,
sub-54__infomax_cpu,Infomax,sub-54,0,30.598603115849002,0.01346916476133731,-0.05380537244355892,0.03600321366032538,,,,0.10792437874496041,,,
sub-54__infomax_cpu,Infomax,sub-54,1,17.495852863227796,0.0007989609929917982,0.017609717520817327,0.06380046009588686,0.9993149638175964,,,0.10869669423192585,,,
sub-54__infomax_cpu,Infomax,sub-54,2,9.101286071502628,-0.008928904622103249,0.06513094500767444,0.006771660532071861,,,0.98792964220047,46.90919035710851,,,
sub-54__infomax_cpu,Infomax,sub-54,3,31.305088531939987,-0.002541698424037167,-0.0031365953726591425,0.06594360746246355,0.9939010739326477,,,1.5779800209316468,,,
sub-54__infomax_cpu,Infomax,sub-54,4,4.966822272125782,-0.0008362335344497417,-0.02790728402809116,0.05987143035490361,0.9998549222946167,,,0.37636644142061293,,,
sub-54__infomax_cpu,Infomax,sub-54,5,24.47133491488735,-0.006644241519227838,0.054505316802242444,0.03689460495651803,0.9984453916549683,,,11.11403378515693,,,
sub-54__infomax_cpu,Infomax,sub-54,6,6.510940019764817,-0.04564650137315942,0.044082768447244194,0.018375390586478826,,,,141.85967074303184,,,
sub-54__infomax_cpu,Infomax,sub-54,7,23.460736427783786,0.0009632547002437098,0.06573155303097038,0.007717379010488484,,,0.9246007800102234,6.102317112922554,,,
sub-54__infomax_cpu,Infomax,sub-54,8,49.932334749108605,0.027847573918782734,0.052428255796893676,0.029001857028078185,,,,28.35347427002936,,,
sub-54__infomax_cpu,Infomax,sub-54,9,23.327013221307524,0.045748629284850094,0.04516849747540305,0.015039457744213712,,0.8859720230102539,,116.2782774338721,,,
sub-54__infomax_cpu,Infomax,sub-54,10,8.266670653602432,0.04556691759003097,0.009007739189866176,0.02640867875663595,0.9630395174026489,,,60.33313894241055,,,
sub-54__infomax_cpu,Infomax,sub-54,11,33.81549625524333,-0.00642410062449689,0.006207086894384033,0.06545852658691691,0.75213623046875,,,486.3816645701312,,,
sub-54__infomax_cpu,Infomax,sub-54,12,26.40983949854582,0.018481349893892697,0.04667155247027966,0.04313628114424691,0.9998632669448853,,,2.2957607495240904,,,
sub-54__infomax_cpu,Infomax,sub-54,13,68.95815471718205,-0.006078514851943281,0.06020565111051049,0.026520703311478284,0.9932871460914612,,,17.58598516680178,,,
sub-54__infomax_cpu,Infomax,sub-54,14,13.973984152373504,-0.06146020616267093,0.006234599646731474,0.0234115769137591,0.5110865831375122,,,9.216786365189773,,,
sub-54__jax_gpu,AMICA-Python (JAX-GPU),sub-54,0,29.667523101445553,0.023325004150690956,-0.04750685002145474,0.039476200750820374,,,,0.10068570902714047,,,
sub-54__jax_gpu,AMICA-Python (JAX-GPU),sub-54,1,15.23096341526059,0.003960148975102079,0.013221288168908938,0.06460831229133426,0.9996126294136047,,,0.12001035744111066,,,
sub-54__jax_gpu,AMICA-Python (JAX-GPU),sub-54,2,12.887143970777686,-0.008148507373280359,0.012165962367176203,0.06440071406221608,0.9999397993087769,,,1.1186204224093315,,,
sub-54__jax_gpu,AMICA-Python (JAX-GPU),sub-54,3,31.07235732696695,-0.05289396286179358,-0.00449745353045165,0.039547459070784656,0.9959183931350708,,,6.889929699457651,,,
sub-54__jax_gpu,AMICA-Python (JAX-GPU),sub-54,4,9.415951936199264,-0.011800765674185022,0.06469395425994906,0.00701567615180561,,,0.9788346886634827,47.47341768996689,,,
sub-54__jax_gpu,AMICA-Python (JAX-GPU),sub-54,5,24.43603544020958,0.003600762794874411,0.06557483093229691,0.007080877861003664,,,0.9853283166885376,6.680161112968571,,,
sub-54__jax_gpu,AMICA-Python (JAX-GPU),sub-54,6,55.33889912033875,0.02917846714625032,0.05425097456695394,0.02389630348394318,,,,40.905351148522975,,,
sub-54__jax_gpu,AMICA-Python (JAX-GPU),sub-54,7,2.75579412765687,-0.046745443964595616,0.04406756732305069,0.01568067843805509,,,,133.04803418737404,,,
sub-54__jax_gpu,AMICA-Python (JAX-GPU),sub-54,8,23.65114703363686,0.014821147203024127,-0.04916454124832042,0.04151101152704501,0.9941673278808594,,,5.894053194497081,,,
sub-54__jax_gpu,AMICA-Python (JAX-GPU),sub-54,9,27.168654154310147,-0.0216212059196981,0.030402437699452618,0.054668783425709966,0.7048758864402771,,,302.66750286137614,,,
sub-54__jax_gpu,AMICA-Python (JAX-GPU),sub-54,10,14.379819670604675,-0.06146310853248659,0.0074734055254531044,0.02301478131762292,0.49175184965133667,,,10.617384230708684,,,
sub-54__jax_gpu,AMICA-Python (JAX-GPU),sub-54,11,13.676641050164307,0.031467513419392246,0.011181636562930527,0.03986867476522263,0.9360954761505127,,,59.34575218988776,,,
sub-54__jax_gpu,AMICA-Python (JAX-GPU),sub-54,12,56.46907909840967,-0.010194193364936387,0.04464864619350932,0.04760823638542493,0.9868024587631226,,,268.4445068998706,,,
sub-54__jax_gpu,AMICA-Python (JAX-GPU),sub-54,13,22.826306048232112,0.04499846067167467,0.04598971431305204,0.0148121171804594,,0.8148488998413086,,112.24597436303173,,,
sub-54__jax_gpu,AMICA-Python (JAX-GPU),sub-54,14,9.252687066218684,0.041140080961273744,-0.0072004192955105436,0.05118805003868143,0.9991203546524048,,,1.0903668454550797,,,
sub-54__picard_cpu,Picard,sub-54,0,22.278019360941684,0.018411612273096144,-0.0525001929105672,0.035633904688953735,,,,0.10843745004392558,,,
sub-54__picard_cpu,Picard,sub-54,1,16.79915106935735,0.002394135029714823,0.017674377181328946,0.06357035759623644,0.9994591474533081,,,0.111057935941143,,,
sub-54__picard_cpu,Picard,sub-54,2,9.059396368740934,-0.00910117121854887,0.06504021369237246,0.006574508196201225,,,0.9827108383178711,47.33370786248777,,,
sub-54__picard_cpu,Picard,sub-54,3,5.761058845064042,-0.0022296798982487853,-0.01986922125451357,0.06296958595190087,0.9999467134475708,,,0.40232729085478525,,,
sub-54__picard_cpu,Picard,sub-54,4,24.106982203226877,0.016487293310828238,-0.03260812626046058,0.05502318436696441,0.9970152974128723,,,3.5153197019638673,,,
sub-54__picard_cpu,Picard,sub-54,5,27.531207742941646,-0.018959057332140632,0.04831391951082067,0.04081254920663537,0.9989229440689087,,,12.38393808009549,,,
sub-54__picard_cpu,Picard,sub-54,6,6.637794012248889,-0.04603359049316078,0.0436451561020698,0.01845384971121762,,,,142.41324507111034,,,
sub-54__picard_cpu,Picard,sub-54,7,22.008054168303786,0.004175222329728295,0.06529030781725642,0.008894275237272577,,,0.9247048497200012,5.670260749652348,,,
sub-54__picard_cpu,Picard,sub-54,8,71.05812326382308,-0.05749699185090848,-0.0018864546057209516,0.03249085802477596,0.8905662298202515,,,13.574814193827148,,,
sub-54__picard_cpu,Picard,sub-54,9,33.998696750827875,0.05572483414912305,0.01760211531773796,0.03082108402132857,0.9950809478759766,,,5.355546540639308,,,
sub-54__picard_cpu,Picard,sub-54,10,49.800529187015805,0.027858152062232206,0.05273234265237627,0.02842479347130745,,,,28.30794944623481,,,
sub-54__picard_cpu,Picard,sub-54,11,23.72449075957543,0.04663239242318868,0.044233000549504214,0.015519270261651407,,0.8539959192276001,,116.70339646013983,,,
sub-54__picard_cpu,Picard,sub-54,12,8.816138927942106,0.046430399958687474,0.008051565834601091,0.024711662821993715,0.9504871964454651,,,60.51885909495529,,,
sub-54__picard_cpu,Picard,sub-54,13,33.78399757106632,-0.006216097742022233,0.004865905990337612,0.06559217761654001,0.813117504119873,,,473.4369658964772,,,
sub-54__picard_cpu,Picard,sub-54,14,13.71829890106153,-0.06149700587587574,0.00502744976158868,0.023610018501837426,0.48427218198776245,,,9.150070550092314,,,
sub-55__fastica_cpu,FastICA,sub-55,0,27.27191720260761,0.04308108965634957,0.04685676961362127,0.017760267726478166,,,,0.011484497802268123,,,
sub-55__fastica_cpu,FastICA,sub-55,1,11.563009549831136,0.030057684684121358,0.057519785922603976,0.012860973882231109,,,,0.2421216324603841,,,
sub-55__fastica_cpu,FastICA,sub-55,2,58.7026810672951,0.040089080378570466,0.0445560441826312,0.028024008795052763,,,,0.2624606331368611,,,
sub-55__fastica_cpu,FastICA,sub-55,3,0.744205283962458,-0.010070689956302885,-0.019852381728079502,0.056264640018251016,0.9993687272071838,,,1.1562967232330434,,,
sub-55__fastica_cpu,FastICA,sub-55,4,13.509806058300185,-0.0175956848877148,0.01721694706277803,0.0612546481177809,,,,13.501418480708264,,,
sub-55__fastica_cpu,FastICA,sub-55,5,13.368402423720354,-0.002323961715628699,0.06567329021813444,0.006246500384699254,,,0.9763219356536865,30.322747436114028,,,
sub-55__fastica_cpu,FastICA,sub-55,6,10.764818100640099,-0.017206403960301608,0.0625768304480758,0.012354087653344958,0.47100353240966797,,,1.4202769382335223,,,
sub-55__fastica_cpu,FastICA,sub-55,7,21.974456076535887,-0.02795410183743335,0.00684430033275202,0.059576133347061605,0.9345084428787231,,,1.0791328070725728,,,
sub-55__fastica_cpu,FastICA,sub-55,8,3.8894818935195445,0.00028934072335047773,0.010242050719227323,0.06537025318596669,0.9926708936691284,,,0.7905461772019335,,,
sub-55__fastica_cpu,FastICA,sub-55,9,92.9700568425328,0.01682333426789503,0.06325600666807285,0.009114910050055177,,,,0.5471454413302572,,,
sub-55__fastica_cpu,FastICA,sub-55,10,22.073679596488006,0.04284293346631426,0.004537128182195636,0.050090010656359804,0.9876359105110168,,,1.500549175856933,,,
sub-55__fastica_cpu,FastICA,sub-55,11,8.127154679039577,0.02191736260824132,-0.03787101751392882,0.04962370740374427,0.9998382329940796,,,0.49766637401000713,,,
sub-55__fastica_cpu,FastICA,sub-55,12,15.700802525339114,-0.056031863478916,0.023513511871300533,0.026056625022678546,0.5750201344490051,,,0.8892377199255623,,,
sub-55__fastica_cpu,FastICA,sub-55,13,18.84948218450478,-0.01289223102271205,-0.048903533522803765,0.042514244167855084,0.9998557567596436,,,1.1199634546902244,,,
sub-55__fastica_cpu,FastICA,sub-55,14,22.47709564183741,-0.013080047466570804,0.0594232111671846,0.025740589472673797,0.8148869872093201,,,4.336068278512393,,,
sub-55__infomax_cpu,Infomax,sub-55,0,33.91813227363252,-0.04119766495920297,-0.0011784043093191262,0.05158169312733697,,,,0.06566046645282642,,,
sub-55__infomax_cpu,Infomax,sub-55,1,0.759654451359637,-0.009814555175185332,-0.020291974371610493,0.056134602409346646,0.9988952875137329,,,1.1584618640917839,,,
sub-55__infomax_cpu,Infomax,sub-55,2,13.738648916529257,-0.017124116346403217,0.01660948611397856,0.06089248800239961,,,,13.504672583236673,,,
sub-55__infomax_cpu,Infomax,sub-55,3,13.465264388470715,-0.0021194728254010967,0.06570955462907764,0.00648867090951926,,,0.9788215160369873,30.359095374526667,,,
sub-55__infomax_cpu,Infomax,sub-55,4,3.7585066808307914,0.00019270413344227205,0.011725521149492761,0.06501392179364633,0.991650402545929,,,0.7876314739955235,,,
sub-55__infomax_cpu,Infomax,sub-55,5,11.30273445426802,0.032162681294196895,0.056409560508328634,0.012718862879757308,,,,0.2530597074213987,,,
sub-55__infomax_cpu,Infomax,sub-55,6,58.305001713255464,0.04098910223623267,0.0439023696644527,0.0274181534310082,,,,0.2729974780643838,,,
sub-55__infomax_cpu,Infomax,sub-55,7,22.63055528052857,-0.028512338111733548,0.0052652069018567955,0.05936631013844071,0.9572834372520447,,,1.0848633164958663,,,
sub-55__infomax_cpu,Infomax,sub-55,8,8.25483021260736,0.022783743836830142,-0.038954267361934754,0.04824861675959035,0.9997493028640747,,,0.5000776876300792,,,
sub-55__infomax_cpu,Infomax,sub-55,9,21.69779890168516,0.043279096470307185,0.004331236105875818,0.049730695222104375,0.9943395256996155,,,1.505750136792117,,,
sub-55__infomax_cpu,Infomax,sub-55,10,16.564262102005173,-0.012077588167365844,-0.048530713156094966,0.04314129351196579,0.9998999834060669,,,1.1297291032420844,,,
sub-55__infomax_cpu,Infomax,sub-55,11,21.78291199882203,-0.012654906901372215,0.05965851438190363,0.02563047639805571,0.8435236215591431,,,4.4199658614603035,,,
sub-55__infomax_cpu,Infomax,sub-55,12,9.879849804747593,-0.01637642587241143,0.06285977437408345,0.011823305888284287,,,0.5996986031532288,1.5054000481992986,,,
sub-55__infomax_cpu,Infomax,sub-55,13,93.61700726783633,0.016159015843107836,0.0633047921230606,0.01021062484535266,,,0.6425005197525024,0.5513855215818251,,,
sub-55__infomax_cpu,Infomax,sub-55,14,17.01323811204037,-0.05452393499010215,0.029604308581744718,0.022511077384009853,0.9154067039489746,,,0.8823398532681122,,,
sub-55__jax_gpu,AMICA-Python (JAX-GPU),sub-55,0,56.13534882441629,0.03709444486186298,0.05208469852715654,0.01651947517365652,,,,0.04596862171436422,,,
sub-55__jax_gpu,AMICA-Python (JAX-GPU),sub-55,1,13.888652968336629,-0.016521700373703818,0.016151076666425224,0.06143514179516465,,,,13.620610830838224,,,
sub-55__jax_gpu,AMICA-Python (JAX-GPU),sub-55,2,20.209719275862938,-0.0290728509890628,0.005330372757939847,0.05908120573027294,0.9023499488830566,,,1.0809491405214766,,,
sub-55__jax_gpu,AMICA-Python (JAX-GPU),sub-55,3,0.9947290971909695,-0.008493601922178469,-0.025372631837701345,0.057820690936882066,0.9994831085205078,,,1.2675895053676802,,,
sub-55__jax_gpu,AMICA-Python (JAX-GPU),sub-55,4,14.128862236412274,-0.001953396692977252,0.06572370711434325,0.006310758971180085,,,0.976862907409668,30.409130360169392,,,
sub-55__jax_gpu,AMICA-Python (JAX-GPU),sub-55,5,10.266975213864967,-0.014818610468491429,0.0633374851006116,0.01153862809165169,0.6263050436973572,,,1.6269777358189792,,,
sub-55__jax_gpu,AMICA-Python (JAX-GPU),sub-55,6,20.357905534055803,-0.007251339018310709,0.05899772865388513,0.028834284111354865,0.8552536368370056,,,4.400238049238613,,,
sub-55__jax_gpu,AMICA-Python (JAX-GPU),sub-55,7,4.365575482893263,-0.0037047746531637376,0.012545815808412441,0.06485921920708707,0.9903091192245483,,,0.7770678395918087,,,
sub-55__jax_gpu,AMICA-Python (JAX-GPU),sub-55,8,93.82371974198458,0.021447657518325298,0.06172975354810418,0.01039414642698865,,,0.7137100100517273,0.5531357465749047,,,
sub-55__jax_gpu,AMICA-Python (JAX-GPU),sub-55,9,17.908361731554876,-0.01806539431371473,-0.041332914790942255,0.04826873250388194,0.9998169541358948,,,0.999347591611953,,,
sub-55__jax_gpu,AMICA-Python (JAX-GPU),sub-55,10,7.601195044433425,0.02570923285241002,-0.03290990158882196,0.05119324614377475,0.9997372627258301,,,0.47797468975973567,,,
sub-55__jax_gpu,AMICA-Python (JAX-GPU),sub-55,11,61.567990418019455,0.04366149186436249,0.04276249215154937,0.02526142697886096,,,,0.2265818840418934,,,
sub-55__jax_gpu,AMICA-Python (JAX-GPU),sub-55,12,10.203776825830488,0.03726332923330417,0.052837367120762174,0.013828511679729443,,,,0.25482170913908186,,,
sub-55__jax_gpu,AMICA-Python (JAX-GPU),sub-55,13,18.08273654189884,-0.054609090976735414,0.029314366634595374,0.02268303655329427,0.576712965965271,,,0.8968320606309876,,,
sub-55__jax_gpu,AMICA-Python (JAX-GPU),sub-55,14,21.314167437682514,0.0415188615009228,0.005038183845032707,0.051142613337509905,0.9937223196029663,,,1.5104943422234536,,,
sub-55__picard_cpu,Picard,sub-55,0,32.26625453946481,-0.0416571243031855,-0.0008542041006564072,0.05127016302791201,,,,0.06588155643869698,,,
sub-55__picard_cpu,Picard,sub-55,1,0.7572385569763043,-0.0098913212135929,-0.020210645634967616,0.056283700430731234,0.9989093542098999,,,1.1584741729617134,,,
sub-55__picard_cpu,Picard,sub-55,2,13.747487739949221,-0.017097523647687594,0.016631066379832336,0.06091246087724937,,,,13.499385829559483,,,
sub-55__picard_cpu,Picard,sub-55,3,13.479140218343915,-0.004016445708904743,0.0656263766266747,0.006445347234957632,,,0.9795701503753662,30.359900735658044,,,
sub-55__picard_cpu,Picard,sub-55,4,3.762261310891219,0.0005194961228869414,0.011618504630837903,0.06503414024108846,0.9920103549957275,,,0.7883767835684843,,,
sub-55__picard_cpu,Picard,sub-55,5,11.52010448856366,0.03296978217314186,0.0552968078818287,0.014811190130010806,,,,0.253473888680932,,,
sub-55__picard_cpu,Picard,sub-55,6,58.16818601315375,0.04043898388886977,0.04431943491303922,0.027564143541493412,,,,0.2740885617092217,,,
sub-55__picard_cpu,Picard,sub-55,7,22.456972319060085,-0.02845470610626217,0.005569702994345398,0.05933681007401019,0.9604731798171997,,,1.0839830565530075,,,
sub-55__picard_cpu,Picard,sub-55,8,8.282832933815726,0.022684257169417632,-0.039154541959970826,0.04808112179784824,0.9997677206993103,,,0.5000160225267489,,,
sub-55__picard_cpu,Picard,sub-55,9,21.784889366411804,0.043059119224981686,0.004543984911507038,0.049910016471261566,0.9942021369934082,,,1.505031882938951,,,
sub-55__picard_cpu,Picard,sub-55,10,16.95203319087949,-0.011670639802822782,-0.0487667560611801,0.04302059397572908,0.9998999834060669,,,1.1286521342951064,,,
sub-55__picard_cpu,Picard,sub-55,11,21.79024908882583,-0.011754918473128886,0.059971238628506805,0.025199104291001646,0.8414893746376038,,,4.418617101989354,,,
sub-55__picard_cpu,Picard,sub-55,12,9.693713583577164,-0.016399448757648285,0.06289692106596802,0.011592266771713886,,,0.6030796766281128,1.5096817428100273,,,
sub-55__picard_cpu,Picard,sub-55,13,93.60115213741106,0.014737748545568502,0.06374183232850225,0.00962559229448751,,,0.6505263447761536,0.5507375858780579,,,
sub-55__picard_cpu,Picard,sub-55,14,16.959427444993324,-0.054530597622237005,0.029620214349354437,0.02249796073269928,0.9163692593574524,,,0.8812999429126376,,,
sub-56__fastica_cpu,FastICA,sub-56,0,27.2315769303339,0.014474429438531363,0.048335560320294194,0.04264941754347757,,,,46.683995036606746,,,
sub-56__fastica_cpu,FastICA,sub-56,1,1.9014899770992884,-0.00457715104310852,0.012889471582027452,0.0647350003083877,0.9994816184043884,,,0.4567397518121612,,,
sub-56__fastica_cpu,FastICA,sub-56,2,5.090741065966085,0.0004488590875184976,0.06562448717961221,0.007803285870097114,,,0.9884193539619446,121.8211567573311,,,
sub-56__fastica_cpu,FastICA,sub-56,3,17.115448312098238,-0.0032717235289697927,9.934773149684116e-05,0.06456671544723841,0.997772216796875,,,0.25311463183409755,,,
sub-56__fastica_cpu,FastICA,sub-56,4,4.103987164838742,-0.0057545217079565105,0.012828580299588884,0.06468846312697646,0.9982649683952332,,,0.5451083201658737,,,
sub-56__fastica_cpu,FastICA,sub-56,5,46.974092693081296,0.03070988639453078,0.05756469568022254,0.009960715283409508,,,0.7115966081619263,502.8750975274443,,,
sub-56__fastica_cpu,FastICA,sub-56,6,32.37308865167019,-0.02744741728952628,-0.04850260857951919,0.031967925327214965,0.9937040209770203,,,2.0986479385052936,,,
sub-56__fastica_cpu,FastICA,sub-56,7,7.495128800123609,0.014584360355270824,0.06378714692967226,0.009937617647082635,0.5712867379188538,,,2.864211646456199,,,
sub-56__fastica_cpu,FastICA,sub-56,8,23.07524136693941,-0.0031080873667956883,-0.004217361245789637,0.0658578749083749,0.9999946355819702,,,0.753255428822166,,,
sub-56__fastica_cpu,FastICA,sub-56,9,1.3401993192315587,0.017569683359642194,0.017263041740787428,0.061258802026607634,0.9992948770523071,,,0.7964459602199594,,,
sub-56__fastica_cpu,FastICA,sub-56,10,10.156046026768166,0.027491663557807276,-0.04368547938078041,0.04117199440156749,0.998699426651001,,,0.6180071668786526,,,
sub-56__fastica_cpu,FastICA,sub-56,11,67.20157374859376,-0.001471656592638634,0.05156082502261603,0.04121433677198014,0.7211232781410217,,,3.5919086720489055,,,
sub-56__fastica_cpu,FastICA,sub-56,12,8.949803644390812,-0.017872498735145573,0.042869652879475216,0.04701367333100052,0.9984426498413086,,,0.3865661993444487,,,
sub-56__fastica_cpu,FastICA,sub-56,13,22.85273926593031,0.022117022093831987,-0.051455752112040745,0.03503590059030835,0.9840853214263916,,,2.086307510886792,,,
sub-56__fastica_cpu,FastICA,sub-56,14,14.476703922230456,-0.04925501880184046,0.0406024244229357,0.017077011713121957,,0.5416265726089478,,2.348221197470761,,,
sub-56__infomax_cpu,Infomax,sub-56,0,17.147230163477673,0.00942839035686184,0.05316934100510463,0.038021743178826395,,,,46.698727320067924,,,
sub-56__infomax_cpu,Infomax,sub-56,1,1.8882378811066047,-0.0036539836042108823,0.012246729251260706,0.06481886503516912,0.9995262622833252,,,0.45311866021356684,,,
sub-56__infomax_cpu,Infomax,sub-56,2,5.038267324265675,0.000437431582360916,0.06572798535742264,0.007700571675380985,,,0.9895728826522827,124.99871175874681,,,
sub-56__infomax_cpu,Infomax,sub-56,3,4.67775291625216,-0.006416867491068876,0.01393866502396169,0.06426004998263547,0.9984884262084961,,,0.5518480353624646,,,
sub-56__infomax_cpu,Infomax,sub-56,4,16.89750557282008,-0.007027357239842122,-0.0013392048630076992,0.06563632952126965,0.9978362321853638,,,0.25226904486847435,,,
sub-56__infomax_cpu,Infomax,sub-56,5,7.92170591615033,0.014253947473076364,0.06334648801429178,0.012186967990886801,0.5060326457023621,,,2.904451788545736,,,
sub-56__infomax_cpu,Infomax,sub-56,6,55.75443537969088,0.03438616601629027,0.05523109525067403,0.011096019281474169,,,0.7530515789985657,508.8272281198998,,,
sub-56__infomax_cpu,Infomax,sub-56,7,33.4907336572677,-0.024955941736372843,-0.050725374594057675,0.03302027053631718,0.995785117149353,,,2.1191789033699058,,,
sub-56__infomax_cpu,Infomax,sub-56,8,23.280879380196296,-0.0027377039519244453,-0.002479484523312364,0.06596442493424234,0.9999949932098389,,,0.754609026964971,,,
sub-56__infomax_cpu,Infomax,sub-56,9,10.102089867954717,0.02711178161585728,-0.04181626341686543,0.04347591900514159,0.9986433386802673,,,0.6218434826259189,,,
sub-56__infomax_cpu,Infomax,sub-56,10,8.763898771909652,-0.016289790079025864,0.040767170857731634,0.04937279443542731,0.9973849654197693,,,0.3889250852508268,,,
sub-56__infomax_cpu,Infomax,sub-56,11,1.2971246966034613,0.01778893382830812,0.016015723575263548,0.0615333890776459,0.9992470741271973,,,0.7972420084474545,,,
sub-56__infomax_cpu,Infomax,sub-56,12,66.29528699484769,-0.0018802286445996344,0.04973136720915771,0.043561075897445616,0.7308785915374756,,,3.594270071645279,,,
sub-56__infomax_cpu,Infomax,sub-56,13,23.438428734278176,0.02197919730780617,-0.05161283023023338,0.03482929055458871,0.9846993684768677,,,2.085970850247649,,,
sub-56__infomax_cpu,Infomax,sub-56,14,13.753672761542504,-0.049787096104404495,0.039908243577072296,0.017092564700893036,,0.5489732623100281,,2.3161427596518323,,,
sub-56__jax_gpu,AMICA-Python (JAX-GPU),sub-56,0,10.29217491677909,0.017100228643632524,0.031677255793131215,0.05540145077648514,,,,46.687969270244345,,,
sub-56__jax_gpu,AMICA-Python (JAX-GPU),sub-56,1,1.755081051192704,-0.0005666282083620696,0.01078570076519758,0.06517656738505387,0.9994902610778809,,,0.40717251206531513,,,
sub-56__jax_gpu,AMICA-Python (JAX-GPU),sub-56,2,12.026464088713695,-0.028353214701262466,-0.0051534551755485925,0.05944985599993315,0.9951955676078796,,,0.2521690065925828,,,
sub-56__jax_gpu,AMICA-Python (JAX-GPU),sub-56,3,13.236307807440596,0.0297578795494348,-0.019612720958510667,0.055625125338125705,0.9985989928245544,,,0.46099399316337486,,,
sub-56__jax_gpu,AMICA-Python (JAX-GPU),sub-56,4,5.178317051973721,0.0012331653323021316,0.06571082594367168,0.006730085538692597,,,0.9880317449569702,179.42003229693572,,,
sub-56__jax_gpu,AMICA-Python (JAX-GPU),sub-56,5,7.098310058842372,0.014380853426566144,0.06330537509233954,0.012239360929512662,0.5456968545913696,,,3.0619426431992425,,,
sub-56__jax_gpu,AMICA-Python (JAX-GPU),sub-56,6,25.179322604569123,-0.0239100127896873,-0.04164938989615785,0.028378026458848817,0.9989251494407654,,,2.072997284364072,,,
sub-56__jax_gpu,AMICA-Python (JAX-GPU),sub-56,7,34.55329448063249,-0.018772902645175598,0.06273283446643897,0.009191130653218138,,,0.7828530669212341,484.36276742715364,,,
sub-56__jax_gpu,AMICA-Python (JAX-GPU),sub-56,8,7.9577392236582085,-0.015252325453078535,0.026624140604451205,0.05851313834162984,0.9974765181541443,,,0.5839285256837488,,,
sub-56__jax_gpu,AMICA-Python (JAX-GPU),sub-56,9,19.659335250900043,-0.0125919165684162,-0.006246645501556826,0.06455296371053044,0.9999929666519165,,,0.7513906772045851,,,
sub-56__jax_gpu,AMICA-Python (JAX-GPU),sub-56,10,13.82487525373746,-0.04982345594505359,0.039727209042789674,0.01744645809918285,,0.4938204288482666,,2.2588565783699552,,,
sub-56__jax_gpu,AMICA-Python (JAX-GPU),sub-56,11,66.95086635680501,-0.0010461482167863395,0.05166600657577645,0.04119659548066545,0.5816916227340698,,,3.6175739164224003,,,
sub-56__jax_gpu,AMICA-Python (JAX-GPU),sub-56,12,1.9924075418876157,0.017409070330639088,0.022630813937463336,0.05957986204412535,0.9993154406547546,,,0.8276462956985364,,,
sub-56__jax_gpu,AMICA-Python (JAX-GPU),sub-56,13,19.978863702640098,0.019900321158911754,-0.05205286919699274,0.03536237631010642,0.9875866174697876,,,2.0900310824578057,,,
sub-56__jax_gpu,AMICA-Python (JAX-GPU),sub-56,14,11.338014326654829,0.004013075321532788,0.02963960369905988,0.058908380211667104,0.996141791343689,,,0.39577897622147873,,,
sub-56__picard_cpu,Picard,sub-56,0,21.622667008496393,0.011211063623122125,0.04771017654374368,0.04424249283861958,,,,46.69788485470298,,,
sub-56__picard_cpu,Picard,sub-56,1,1.92797248476559,-0.005143661464616284,0.013223047157433976,0.0646581635990095,0.9995025992393494,,,0.4561893579504783,,,
sub-56__picard_cpu,Picard,sub-56,2,5.04190620168859,0.0004356918923847832,0.06572799748401432,0.0076997283179340474,,,0.9895814657211304,125.03005202490269,,,
sub-56__picard_cpu,Picard,sub-56,3,4.335700117918009,-0.006656596783584659,0.013435322962918824,0.06430026660937857,0.9983387589454651,,,0.5459064550802295,,,
sub-56__picard_cpu,Picard,sub-56,4,17.16093241283656,-0.0031974821600222526,0.000707421830721732,0.06374705354803586,0.9982070326805115,,,0.2550687388695363,,,
sub-56__picard_cpu,Picard,sub-56,5,7.51406092781329,0.016034104386306907,0.06337970379341108,0.010252811797612124,0.5184037685394287,,,2.9174978902970574,,,
sub-56__picard_cpu,Picard,sub-56,6,55.93901574314991,0.034531902870305504,0.05512595197574628,0.01116870777111889,,,0.754798173904419,508.6983247378759,,,
sub-56__picard_cpu,Picard,sub-56,7,31.738215729798938,-0.02711113995589821,-0.048194046556764035,0.03177238134767328,0.9949396848678589,,,2.124536047404967,,,
sub-56__picard_cpu,Picard,sub-56,8,22.84164304492772,-0.0033473340968558124,-0.005185539908049924,0.0658693066154796,0.9999951124191284,,,0.7550450487170255,,,
sub-56__picard_cpu,Picard,sub-56,9,10.055319783917653,0.027420262000625913,-0.043614028758160006,0.041295083623208544,0.9981467723846436,,,0.6174630800963405,,,
sub-56__picard_cpu,Picard,sub-56,10,1.430204969856959,0.01795918117147677,0.016983731389467474,0.06122783232983228,0.999322772026062,,,0.7966433520801037,,,
sub-56__picard_cpu,Picard,sub-56,11,8.927109531355143,-0.016488234327842795,0.041234009508894866,0.04891341921321654,0.9973052144050598,,,0.388571128407861,,,
sub-56__picard_cpu,Picard,sub-56,12,66.32933273896312,-0.0016212994814565297,0.05142884059301003,0.041373236433452434,0.7332810163497925,,,3.5940041174935757,,,
sub-56__picard_cpu,Picard,sub-56,13,22.50990891974179,0.02294991459897197,-0.05113687224333203,0.03503556261060495,0.9849530458450317,,,2.0856273614549936,,,
sub-56__picard_cpu,Picard,sub-56,14,13.774448143637656,-0.04906996126068486,0.04091174345669865,0.01661898039887084,,0.5377411246299744,,2.325106059825001,,,
sub-57__fastica_cpu,FastICA,sub-57,0,9.761525049412896,0.0058402837560522745,-0.01354802658983539,0.0643972080951853,,,,0.021513024385937385,,,
sub-57__fastica_cpu,FastICA,sub-57,1,1.7062370245115517,0.0015020788377794931,-0.029609955450444547,0.0589941638947161,0.999326229095459,,,-0.18532156807551337,,,
sub-57__fastica_cpu,FastICA,sub-57,2,12.627025003635126,-0.0017491519950800206,0.06557982822582833,0.007797465948179907,,,0.9862150549888611,39.525610835139815,,,
sub-57__fastica_cpu,FastICA,sub-57,3,17.213964650476044,0.016588089631995238,0.06313184793764853,0.009927473373219451,,,0.9968819618225098,2.161856955420526,,,
sub-57__fastica_cpu,FastICA,sub-57,4,3.8634226310159647,-0.006672619222517829,-6.309692004374562e-05,0.06576893082963578,0.9998696446418762,,,0.22993631370922296,,,
sub-57__fastica_cpu,FastICA,sub-57,5,3.9831122767435545,-0.02008246927485205,0.05072320508743391,0.03719082797558827,,,0.4178997874259949,1.055928380553218,,,
sub-57__fastica_cpu,FastICA,sub-57,6,0.7277043816009297,0.016326468645073977,0.012158043005376505,0.06285307132821068,0.9960904717445374,,,1.098135363061659,,,
sub-57__fastica_cpu,FastICA,sub-57,7,11.492430052925712,-0.005918622021582982,0.045229462178677265,0.04789447532920336,0.9721100330352783,,,0.6173943521869867,,,
sub-57__fastica_cpu,FastICA,sub-57,8,17.655070618787164,0.054918412664099026,0.009315438287043015,0.035527558307043725,0.7942871451377869,,,1.7854858987370417,,,
sub-57__fastica_cpu,FastICA,sub-57,9,41.86682393114356,-0.055956485668937184,0.030582609702506543,0.0172840852860602,0.7004629969596863,,,0.851123538594075,,,
sub-57__fastica_cpu,FastICA,sub-57,10,12.523943591405938,-0.057089599366886346,-0.014107103491000602,0.030017713531501868,0.9737289547920227,,,0.7719262593357366,,,
sub-57__fastica_cpu,FastICA,sub-57,11,49.94501165443287,-0.03442330531226658,0.05236796548498433,0.021212862165746544,,0.9477013349533081,,4.340058856903043,,,
sub-57__fastica_cpu,FastICA,sub-57,12,60.595430274546366,0.02679867131970687,-0.0498082667451907,0.03401434583558089,0.9942977428436279,,,0.43185844029510134,,,
sub-57__fastica_cpu,FastICA,sub-57,13,36.6287061309429,-0.014543724778746474,-0.05381800751580437,0.03537538341960085,0.9680616855621338,,,7.109117662219489,,,
sub-57__fastica_cpu,FastICA,sub-57,14,48.11561386735869,0.007440120208342697,0.05036459297454718,0.04207387824859343,,,,6.997949221251259,,,
sub-57__infomax_cpu,Infomax,sub-57,0,2.7050512240551967,-0.0064579244653816875,-0.013973013512807097,0.06424674504578856,,,,0.03181701434589135,,,
sub-57__infomax_cpu,Infomax,sub-57,1,2.7189666393535106,7.279358609700585e-05,-0.014215833203169619,0.06450706756306683,0.9770135879516602,,,0.09667126303116369,,,
sub-57__infomax_cpu,Infomax,sub-57,2,12.296675173024823,-0.0016492208935867635,0.06543996720112413,0.008634030999205294,,,0.9885827898979187,39.559222913631196,,,
sub-57__infomax_cpu,Infomax,sub-57,3,17.14447640040629,0.01616419896431997,0.06321451861734792,0.010097142119687924,,,0.9958374500274658,2.1698119198333394,,,
sub-57__infomax_cpu,Infomax,sub-57,4,25.540543811390435,-0.05356317774187991,0.027161072332506232,0.027429957545940603,0.7211905121803284,,,0.8848759500846453,,,
sub-57__infomax_cpu,Infomax,sub-57,5,5.471235887177642,-0.011355395162176315,-0.008685660289275572,0.06446159479921683,0.9998986124992371,,,0.2980340786876794,,,
sub-57__infomax_cpu,Infomax,sub-57,6,4.267935875248156,-0.020920558301733002,0.051875252053658304,0.03515720274836015,,,0.42446833848953247,1.0603569863808184,,,
sub-57__infomax_cpu,Infomax,sub-57,7,1.6357369947598954,0.022353135319499354,0.001996317316331678,0.06209414908944749,0.9943268299102783,,,1.1308050108578556,,,
sub-57__infomax_cpu,Infomax,sub-57,8,9.00494678470612,-0.0022279116458590936,0.035201707087600044,0.05581382941833034,0.9938126802444458,,,0.5877332989533381,,,
sub-57__infomax_cpu,Infomax,sub-57,9,2.55723580298573,0.01008076693249783,-0.05162663708627696,0.03997409082221519,0.9996544718742371,,,0.4615054972264443,,,
sub-57__infomax_cpu,Infomax,sub-57,10,22.84446476741016,0.05449527776102237,0.011747829160403065,0.03545275871593566,0.879989743232727,,,1.7829397202221555,,,
sub-57__infomax_cpu,Infomax,sub-57,11,19.453693310576455,-0.05979164814203229,-0.011977140698937842,0.025391948507880333,0.9847375750541687,,,0.770863193234471,,,
sub-57__infomax_cpu,Infomax,sub-57,12,26.030084694568288,-0.020168523607747506,-0.051891526032835165,0.035813348785593724,0.9809001088142395,,,7.125201587058633,,,
sub-57__infomax_cpu,Infomax,sub-57,13,48.71981041646142,-0.03396834617536532,0.05180064847170082,0.022957142486654602,,0.9556348323822021,,4.33752516945935,,,
sub-57__infomax_cpu,Infomax,sub-57,14,59.04560466339553,0.005077099593761358,0.05244733876096913,0.03997826339376382,,,,7.035470479250144,,,
sub-57__jax_gpu,AMICA-Python (JAX-GPU),sub-57,0,23.657967387329265,-0.01364968641533655,-0.04354769562082111,0.02790441959437449,,,,0.015163489674389297,,,
sub-57__jax_gpu,AMICA-Python (JAX-GPU),sub-57,1,1.7258533783111716,0.002289877539978992,-0.032261689819239,0.05760953764970081,0.9998637437820435,,,-0.14612899997935935,,,
sub-57__jax_gpu,AMICA-Python (JAX-GPU),sub-57,2,16.71945898581643,0.01614621633708826,0.0633853770349921,0.010167581540370214,,,0.997776985168457,2.173285466783022,,,
sub-57__jax_gpu,AMICA-Python (JAX-GPU),sub-57,3,12.736541680343223,-0.001956423536350905,0.06542136293666227,0.00903030231963421,,,0.9916205406188965,39.46868717928398,,,
sub-57__jax_gpu,AMICA-Python (JAX-GPU),sub-57,4,3.3945952326927085,-0.006768175708187431,-0.0033425806963182196,0.06563899585613966,0.9995365738868713,,,0.2172316482837453,,,
sub-57__jax_gpu,AMICA-Python (JAX-GPU),sub-57,5,1.674986643801617,0.022038323342545,0.008994707897734126,0.06174887362777288,0.9966310858726501,,,1.1376770080722514,,,
sub-57__jax_gpu,AMICA-Python (JAX-GPU),sub-57,6,48.62449680768226,-0.032730589443690825,0.05277438139552801,0.022933143870568086,,0.9853771924972534,,4.38676736626376,,,
sub-57__jax_gpu,AMICA-Python (JAX-GPU),sub-57,7,19.479599412595746,-0.06084169395135673,-0.008038572164575321,0.024458781678158483,0.8192958235740662,,,0.8340858871037482,,,
sub-57__jax_gpu,AMICA-Python (JAX-GPU),sub-57,8,4.499316146319558,-0.020663187942999862,0.048706142369882195,0.03956760449575984,0.6266918182373047,,,1.0280512844527925,,,
sub-57__jax_gpu,AMICA-Python (JAX-GPU),sub-57,9,9.971816266194622,-0.009058596927117695,0.03783603787088272,0.05334560316656149,0.9594175219535828,,,0.5644099816026067,,,
sub-57__jax_gpu,AMICA-Python (JAX-GPU),sub-57,10,17.488148670471276,0.055334216392234646,0.00982784248657207,0.0347339841537456,0.7974823713302612,,,1.8024250867851759,,,
sub-57__jax_gpu,AMICA-Python (JAX-GPU),sub-57,11,39.429990682845286,-0.015391388400278969,-0.05368001025532135,0.03527878260060324,0.9784727096557617,,,7.163953525120787,,,
sub-57__jax_gpu,AMICA-Python (JAX-GPU),sub-57,12,61.98053220628531,0.001961627926555819,0.04103400077508099,0.051688360402600365,,,,7.130185646095882,,,
sub-57__jax_gpu,AMICA-Python (JAX-GPU),sub-57,13,31.668436903816286,-0.03413053069717365,-0.04625660305794511,0.032425939837866416,0.6902624368667603,,,0.6185437563618099,,,
sub-57__jax_gpu,AMICA-Python (JAX-GPU),sub-57,14,18.72648826261748,-0.002850567760783411,0.009059381243253525,0.06549287885131892,0.9951945543289185,,,0.3381315588290268,,,
sub-57__picard_cpu,Picard,sub-57,0,2.6287470716020067,-0.005437528144859118,-0.012911134566570445,0.06456314604056171,0.6364904642105103,,,0.03230423746243449,,,
sub-57__picard_cpu,Picard,sub-57,1,2.716312548995333,0.0003121289844371987,-0.014138232888028573,0.06452768401851859,0.9374938011169434,,,0.07967331838686986,,,
sub-57__picard_cpu,Picard,sub-57,2,12.324779810908808,-0.0015928751375389055,0.06530306846882036,0.009956805622027243,,,0.988648533821106,39.564226103835075,,,
sub-57__picard_cpu,Picard,sub-57,3,17.191358490343248,0.016049050531524424,0.06327343207441209,0.010184313538237337,,,0.9959729313850403,2.1695446396138705,,,
sub-57__picard_cpu,Picard,sub-57,4,25.875758724368353,-0.053710732178092045,0.02793773815897178,0.026344739086325997,0.6790785789489746,,,0.8900346213459795,,,
sub-57__picard_cpu,Picard,sub-57,5,5.01562352159101,-0.011030942057942679,-0.01046034316181518,0.06429088050194826,0.9998869299888611,,,0.3013865496862973,,,
sub-57__picard_cpu,Picard,sub-57,6,4.424145676966532,-0.020911198511039276,0.05237468843911716,0.03433540257417467,,,0.48980629444122314,1.0621465956825755,,,
sub-57__picard_cpu,Picard,sub-57,7,1.6088507041588116,0.022090409219610644,0.0022112423199323974,0.06218068934957887,0.9963598251342773,,,1.1314175996003986,,,
sub-57__picard_cpu,Picard,sub-57,8,9.437607781557489,-0.002307106248136232,0.03538873691500717,0.0557381867132598,0.997147798538208,,,0.5861585220184287,,,
sub-57__picard_cpu,Picard,sub-57,9,3.211404856769576,0.01156748113872296,-0.05323839531622872,0.03730674398160458,0.9995379447937012,,,0.48435017565926497,,,
sub-57__picard_cpu,Picard,sub-57,10,22.709445815171208,0.05454852287848695,0.011649878094590648,0.035400003450141916,0.8636503219604492,,,1.7824108145906452,,,
sub-57__picard_cpu,Picard,sub-57,11,23.474262629437888,-0.059831301238923947,-0.012593110577039681,0.02492169455717489,0.9447760581970215,,,0.7639018705818157,,,
sub-57__picard_cpu,Picard,sub-57,12,27.710831683439707,-0.017221119216808613,-0.05241284522572341,0.03641275272547869,0.9674104452133179,,,7.134365649232432,,,
sub-57__picard_cpu,Picard,sub-57,13,48.7132844416621,-0.03394480048063277,0.05210876516407317,0.02240649376925285,,0.9556429386138916,,4.3369488063834165,,,
sub-57__picard_cpu,Picard,sub-57,14,58.44030768007732,0.0062450989915555,0.0527753882816759,0.03928987477091266,,,,7.026167528769415,,,
sub-58__fastica_cpu,FastICA,sub-58,0,7.16075642345497,0.0065757791795803934,0.04571394597275531,0.04725234447687163,,,,0.0731767804324659,,,
sub-58__fastica_cpu,FastICA,sub-58,1,5.114275419940171,-0.009477725334974785,0.015689523551419338,0.06351987372492797,0.9962807297706604,,,0.49435047861224657,,,
sub-58__fastica_cpu,FastICA,sub-58,2,0.26609364585078765,0.007834848078550578,-0.0030974999827342925,0.04891062181814998,0.9948857426643372,,,0.5963526359798643,,,
sub-58__fastica_cpu,FastICA,sub-58,3,15.171434069279016,0.0025172385775370804,0.06498019974913685,0.011719852900099314,,,0.9983081221580505,5.67995651755915,,,
sub-58__fastica_cpu,FastICA,sub-58,4,8.183668496213187,0.031538603987366604,0.006726575957183461,0.05771704890627524,0.9997345209121704,,,1.6582226635980337,,,
sub-58__fastica_cpu,FastICA,sub-58,5,13.125590342779532,0.0005578116233128337,0.065826786249435,0.006970737354614072,,,0.9896819591522217,16.146248962665105,,,
sub-58__fastica_cpu,FastICA,sub-58,6,8.677661460586279,-0.03132009203711796,0.004460301154333228,0.05796348455068671,0.997970700263977,,,0.336311012652283,,,
sub-58__fastica_cpu,FastICA,sub-58,7,27.76893144949875,0.0023398228913840058,0.03416257853498098,0.05645131155737936,0.9853940010070801,,,0.5494262823482576,,,
sub-58__fastica_cpu,FastICA,sub-58,8,32.52286827845931,-0.062036281976042995,0.005638045473260958,0.021906578062280458,0.5756758451461792,,,4.432760355987958,,,
sub-58__fastica_cpu,FastICA,sub-58,9,12.785344520500288,0.0501052535979686,-0.025263185031259756,0.03498451559861223,0.9726346731185913,,,108.65920095670394,,,
sub-58__fastica_cpu,FastICA,sub-58,10,21.51574631248924,-0.046196173815869906,0.039892230095230886,0.0254775552260061,,0.6881852746009827,,1.654775288113158,,,
sub-58__fastica_cpu,FastICA,sub-58,11,12.346889636233271,0.03367456896280518,0.0313967885442817,0.0473896211310367,0.9727508425712585,,,4.317696474562009,,,
sub-58__fastica_cpu,FastICA,sub-58,12,88.63610936114267,0.040290249690111746,-0.03299127075368781,0.040697387012792706,0.9692451357841492,,,519.8212538947079,,,
sub-58__fastica_cpu,FastICA,sub-58,13,61.322914202744,-0.022192576647593654,0.06158172813151555,0.008437478084612727,,0.868598461151123,,4.433376572769639,,,
sub-58__fastica_cpu,FastICA,sub-58,14,40.733527693902026,0.03432351643173273,0.05206825923850538,0.02198325410109734,,0.48548808693885803,,14.866955440379297,,,
sub-58__infomax_cpu,Infomax,sub-58,0,8.096637787147728,0.003931935978504933,0.04707385366177531,0.04613038310699993,,,,0.07267523019937139,,,
sub-58__infomax_cpu,Infomax,sub-58,1,6.236346008406883,-0.009041306557604056,0.022038585471148193,0.061625964221398793,0.9970009326934814,,,0.5164368660451744,,,
sub-58__infomax_cpu,Infomax,sub-58,2,0.313015842431696,0.006998301706915211,-0.00058503585107609,0.047580166534637765,0.9942593574523926,,,0.5748992863874696,,,
sub-58__infomax_cpu,Infomax,sub-58,3,15.212500947698288,0.0017227827616896805,0.06496517918401665,0.01188622439300471,,,0.9974172115325928,5.728149739060436,,,
sub-58__infomax_cpu,Infomax,sub-58,4,8.328128935397558,0.03176659997983601,0.005834839951775676,0.05758596799128864,0.9998818635940552,,,1.6437033400839054,,,
sub-58__infomax_cpu,Infomax,sub-58,5,13.072054854832885,0.0009786568774511352,0.065720728544946,0.006253500735081594,,,0.9869893193244934,16.18518717690934,,,
sub-58__infomax_cpu,Infomax,sub-58,6,10.20886626348073,-0.03206608695089993,0.0020607958391991063,0.05772480997732919,0.9985430240631104,,,0.3401045293887113,,,
sub-58__infomax_cpu,Infomax,sub-58,7,32.44933434698399,-0.06214318368933016,0.004906448166316899,0.021890762815551048,0.6486147046089172,,,4.433163205550295,,,
sub-58__infomax_cpu,Infomax,sub-58,8,12.982603187760049,0.050242395362948555,-0.02493210881037272,0.034849981957187935,0.9735552072525024,,,108.87637283433813,,,
sub-58__infomax_cpu,Infomax,sub-58,9,26.87736183761504,0.001100036689049793,0.0303064919934084,0.05868269926797641,0.9933801293373108,,,0.5310427270491078,,,
sub-58__infomax_cpu,Infomax,sub-58,10,21.83408040780529,-0.04608779293915655,0.03981567889769358,0.025776025496889038,,0.7705042362213135,,1.6492095474722017,,,
sub-58__infomax_cpu,Infomax,sub-58,11,13.080023630680259,0.03595915202259931,0.02858439400883612,0.04742729231081502,0.9721425771713257,,,4.4474314986070915,,,
sub-58__infomax_cpu,Infomax,sub-58,12,88.5282379027394,0.041443722033991506,-0.03238289587106355,0.04008660363053828,0.9731848239898682,,,519.3041146756719,,,
sub-58__infomax_cpu,Infomax,sub-58,13,69.93381819533687,-0.04,0.039999999999999994,0.02,,0.9154654145240784,,4.4383412268352345,,,
sub-58__infomax_cpu,Infomax,sub-58,14,40.37107306973622,0.03432190586396708,0.05184223942782795,0.022317883676701157,,0.47126781940460205,,14.9972767098668,,,
sub-58__jax_gpu,AMICA-Python (JAX-GPU),sub-58,0,6.1992247304177965,0.0047520674613418,0.042073178485364175,0.050715713981908155,,,,0.06646321724496351,,,
sub-58__jax_gpu,AMICA-Python (JAX-GPU),sub-58,1,0.2068568918326008,0.010579114869092946,-0.009690089049854803,0.05358532553018706,0.9947968125343323,,,0.600134098325344,,,
sub-58__jax_gpu,AMICA-Python (JAX-GPU),sub-58,2,15.591257601042457,0.0007502634118859943,0.06496646597975989,0.01199581235088674,,,0.9990925788879395,5.791436916185162,,,
sub-58__jax_gpu,AMICA-Python (JAX-GPU),sub-58,3,23.43618475054582,0.0020341914424421626,0.031120809286347154,0.058246945541454875,0.9884797930717468,,,0.4615369119245871,,,
sub-58__jax_gpu,AMICA-Python (JAX-GPU),sub-58,4,13.55000462804496,-0.0036059528270686435,0.06562798536370988,0.006266673188030491,,,0.9806117415428162,16.24143715433113,,,
sub-58__jax_gpu,AMICA-Python (JAX-GPU),sub-58,5,6.622268636773029,0.03145529838279536,0.006204619923040935,0.057814736192728804,0.9994284510612488,,,1.6768624862618395,,,
sub-58__jax_gpu,AMICA-Python (JAX-GPU),sub-58,6,33.62838642830425,-0.062036775354473786,0.0043846589694854134,0.022529089711539153,0.6641141176223755,,,4.426264080109255,,,
sub-58__jax_gpu,AMICA-Python (JAX-GPU),sub-58,7,13.274082112976288,0.05070617781961946,-0.02418871970803764,0.034759509114303484,0.9594355821609497,,,100.17710032729273,,,
sub-58__jax_gpu,AMICA-Python (JAX-GPU),sub-58,8,65.04565407046792,0.05408280739313434,-0.01919435919126896,0.03274069786602107,0.9505093097686768,,,515.8126914882153,,,
sub-58__jax_gpu,AMICA-Python (JAX-GPU),sub-58,9,6.633007858973201,-0.011899701853643415,0.016532862825197704,0.06285038140999152,0.9972153902053833,,,0.48751353521230456,,,
sub-58__jax_gpu,AMICA-Python (JAX-GPU),sub-58,10,72.15247791803601,-0.04,0.039999999999999994,0.02,,0.7620124220848083,,4.448025822804544,,,
sub-58__jax_gpu,AMICA-Python (JAX-GPU),sub-58,11,24.068426423999924,-0.0463447714270041,0.04021387415365178,0.0243791556628673,,0.6353746652603149,,1.645839147333768,,,
sub-58__jax_gpu,AMICA-Python (JAX-GPU),sub-58,12,43.623108850404456,0.033679665974741396,0.05293472921419961,0.02100206580717767,,0.48728615045547485,,15.320646609632519,,,
sub-58__jax_gpu,AMICA-Python (JAX-GPU),sub-58,13,6.4467260677946285,-0.02455410901485206,0.012644175601457567,0.05243486513436218,0.9967057108879089,,,0.30554353244029375,,,
sub-58__jax_gpu,AMICA-Python (JAX-GPU),sub-58,14,16.416770887966905,0.03941523979577071,0.017414947420403164,0.050024934637758145,0.9430968761444092,,,4.389854357845615,,,
sub-58__picard_cpu,Picard,sub-58,0,6.3954497676855055,0.007044358500914239,0.045188296040607624,0.04780131810074508,,,,0.07319427528949163,,,
sub-58__picard_cpu,Picard,sub-58,1,4.50775375596119,-0.009828383575228316,0.014795475211936667,0.06364787159255969,0.9963266849517822,,,0.4883239958996226,,,
sub-58__picard_cpu,Picard,sub-58,2,0.23231127907709492,0.008309472814735914,-0.003945862698267546,0.049516911348497034,0.9951653480529785,,,0.5982025199827721,,,
sub-58__picard_cpu,Picard,sub-58,3,15.17986584298444,0.0007074198936832857,0.0650289381000266,0.011646178692755752,,,0.9973784685134888,5.732816705714631,,,
sub-58__picard_cpu,Picard,sub-58,4,8.318210717523613,0.031371160183591144,0.007549307761482099,0.05760409663123088,0.999843955039978,,,1.6528016326357493,,,
sub-58__picard_cpu,Picard,sub-58,5,8.304170643018168,-0.030076272420234557,0.0057318782705045425,0.05854652389760984,0.9980226755142212,,,0.3314353952545388,,,
sub-58__picard_cpu,Picard,sub-58,6,13.108288738442724,7.530008737865218e-05,0.06576831874787271,0.006240920086592022,,,0.9862688183784485,16.18406365968173,,,
sub-58__picard_cpu,Picard,sub-58,7,28.324118051512244,0.0031712698045027036,0.036166021434181884,0.055209861317892836,0.9893410205841064,,,0.5710174244505555,,,
sub-58__picard_cpu,Picard,sub-58,8,32.43906334353116,-0.06194951290272755,0.00447681504431246,0.022576502002326148,0.6470730900764465,,,4.4337443485499755,,,
sub-58__picard_cpu,Picard,sub-58,9,12.886224924698269,0.05082277232353567,-0.024137539791696545,0.03460658462347921,0.9735904932022095,,,108.87905075272843,,,
sub-58__picard_cpu,Picard,sub-58,10,21.663686627575046,-0.0446212365871736,0.041872815309232786,0.025193562311950045,,0.7570629119873047,,1.6487492215457067,,,
sub-58__picard_cpu,Picard,sub-58,11,13.266712346774526,0.0360808144450124,0.029837647951455982,0.046643471801647525,0.9677034616470337,,,4.46834077143462,,,
sub-58__picard_cpu,Picard,sub-58,12,88.31464095734167,0.04144441613838113,-0.032354324086060385,0.04010901697340789,0.9742165207862854,,,519.3567712674693,,,
sub-58__picard_cpu,Picard,sub-58,13,69.96676932772635,-0.04,0.039999999999999994,0.02,,0.9139623641967773,,4.437189524291187,,,
sub-58__picard_cpu,Picard,sub-58,14,40.468455121896184,0.03419684513398028,0.0520399689573307,0.022053734595578058,,0.4650551974773407,,14.963982404760653,,,
sub-59__fastica_cpu,FastICA,sub-59,0,15.387048146187297,0.005830908961033858,0.015118362659552992,0.0640058813151444,,,,-0.03915533930890103,,,
sub-59__fastica_cpu,FastICA,sub-59,1,8.735500384138135,-0.006883379572646359,0.006813350988480307,0.06535143208700642,0.8484162092208862,,,0.3158282359460358,,,
sub-59__fastica_cpu,FastICA,sub-59,2,11.49701843407918,-0.0008972857745602169,0.06572734579021053,0.006162199921873004,,,0.986360490322113,40.1551110955844,,,
sub-59__fastica_cpu,FastICA,sub-59,3,4.402958927130214,-0.014662334424717314,3.5953059594113125e-05,0.06441594537342811,0.9869292974472046,,,1.529051679207086,,,
sub-59__fastica_cpu,FastICA,sub-59,4,1.047213952656307,0.02073706156566586,-0.010029842262148475,0.0532298945260942,0.9279417395591736,,,0.8106147681175799,,,
sub-59__fastica_cpu,FastICA,sub-59,5,69.86768284775745,0.0,0.06,0.02,,0.9863690137863159,,0.9963319981615268,,,
sub-59__fastica_cpu,FastICA,sub-59,6,13.75073362233168,0.008989024146234887,0.0637668991693962,0.014562743298179973,,,0.8418949246406555,3.604846173136993,,,
sub-59__fastica_cpu,FastICA,sub-59,7,30.178925844457993,-0.04541326462719528,0.044379433338067695,0.018121680315161447,,0.9843129515647888,,8.760776362223904,,,
sub-59__fastica_cpu,FastICA,sub-59,8,13.450834150813066,0.03161350729078433,0.004427885735164484,0.05782813809448406,0.9967019557952881,,,5.316877673718768,,,
sub-59__fastica_cpu,FastICA,sub-59,9,12.633014720458462,0.061253140455180814,0.009062744197974698,0.023045761289626068,,0.6182631254196167,,8.160359818545713,,,
sub-59__fastica_cpu,FastICA,sub-59,10,42.14165291477021,0.007187193615630903,-0.05523778899772697,0.03551659420963513,,,,64.10844617489252,,,
sub-59__fastica_cpu,FastICA,sub-59,11,17.762759168312684,-0.035578398861129956,0.010003622653235332,0.05481258275747716,0.9977186918258667,,,12.316907888725183,,,
sub-59__fastica_cpu,FastICA,sub-59,12,24.452227452166625,-0.05286166903921953,0.029757488976211915,0.026066245653853907,,0.3965533971786499,,13.208872821808274,,,
sub-59__fastica_cpu,FastICA,sub-59,13,45.67678171160272,0.032457457493557704,0.05522803010156393,0.016173911513248,,,,2.285670466245099,,,
sub-59__fastica_cpu,FastICA,sub-59,14,44.082994465017286,-0.034490140216993745,-0.04418005241367427,0.03516480808519994,0.7467391490936279,,,4.9980681057447764,,,
sub-59__infomax_cpu,Infomax,sub-59,0,5.480966228682632,0.01016534533995451,0.006982859288271535,0.06486342872551637,,,,-0.0676125002168102,,,
sub-59__infomax_cpu,Infomax,sub-59,1,1.1231456314285282,0.022138830796921558,-0.01343507723625137,0.05181795361977654,0.4306303560733795,,,0.8134454174227375,,,
sub-59__infomax_cpu,Infomax,sub-59,2,3.4339728349652603,-0.013092548906110613,0.0023221365426672625,0.06467223992230471,0.8774323463439941,,,1.239623216325418,,,
sub-59__infomax_cpu,Infomax,sub-59,3,10.947905010636859,-0.006748997726657996,0.00918497542606633,0.06518508688410744,0.9052468538284302,,,0.3200406069010966,,,
sub-59__infomax_cpu,Infomax,sub-59,4,11.300014506240785,0.0014090205087711992,0.06575559411177019,0.006205742129390278,,,0.9877589344978333,40.21274543701385,,,
sub-59__infomax_cpu,Infomax,sub-59,5,13.94623302719269,0.006704906408571245,0.06404977809917947,0.015263514938742551,,,0.6036343574523926,3.6128754730546317,,,
sub-59__infomax_cpu,Infomax,sub-59,6,44.98542592436839,0.03234157514245563,0.05536682178383833,0.015745699217099382,0.484194815158844,,,2.262267331510788,,,
sub-59__infomax_cpu,Infomax,sub-59,7,70.35458930597801,0.0,0.06,0.02,,0.9895623326301575,,0.9953453734944313,,,
sub-59__infomax_cpu,Infomax,sub-59,8,28.77470794518669,-0.045591388487875854,0.044338620993498015,0.017893334344443967,,0.987433910369873,,9.151627229801084,,,
sub-59__infomax_cpu,Infomax,sub-59,9,12.253680871308617,0.06157915160512504,0.00749082591375746,0.02285634734719837,,0.731040894985199,,8.212358775767727,,,
sub-59__infomax_cpu,Infomax,sub-59,10,11.909783221393184,0.032791331635521406,0.0036419538385870807,0.057237120577813445,0.997025191783905,,,5.978210394859833,,,
sub-59__infomax_cpu,Infomax,sub-59,11,38.778215934432616,-0.03754096422338776,-0.041912923495767605,0.0346251218238977,0.980794370174408,,,4.908468912598382,,,
sub-59__infomax_cpu,Infomax,sub-59,12,17.137292204681913,-0.039642283031089576,0.008423067981971493,0.0521725546392679,0.9986312389373779,,,14.45243404525392,,,
sub-59__infomax_cpu,Infomax,sub-59,13,41.58587808055213,0.00781856805471431,-0.054867162138815706,0.03610569297689796,,,,64.11824232911081,,,
sub-59__infomax_cpu,Infomax,sub-59,14,25.26266729908224,-0.053533302227630086,0.028762267022989892,0.02584254890407935,0.4816666841506958,,,12.783834005747186,,,
sub-59__jax_gpu,AMICA-Python (JAX-GPU),sub-59,0,5.925785159708525,-0.018440825591691173,0.01032448540087723,0.06259595766767852,,,,-0.01792643841201791,,,
sub-59__jax_gpu,AMICA-Python (JAX-GPU),sub-59,1,11.258621956355512,1.4643320460685869e-05,0.06577994951342502,0.006145508185713478,,,0.9818966388702393,40.19914876511571,,,
sub-59__jax_gpu,AMICA-Python (JAX-GPU),sub-59,2,14.333395272834878,0.01083912549684427,0.06326847118089302,0.015629244417663023,,,0.9828296899795532,3.6513380418575307,,,
sub-59__jax_gpu,AMICA-Python (JAX-GPU),sub-59,3,72.37702377398342,0.0,0.06,0.02,,0.9786895513534546,,0.9641550243479533,,,
sub-59__jax_gpu,AMICA-Python (JAX-GPU),sub-59,4,8.700772204046942,-0.006237490071870431,0.005202948669657102,0.0655739656426973,0.983734667301178,,,0.30154915157831175,,,
sub-59__jax_gpu,AMICA-Python (JAX-GPU),sub-59,5,5.723978352038145,-0.014500914649099719,-0.0026928660887181764,0.06452554825475647,0.9752204418182373,,,2.0115725547748147,,,
sub-59__jax_gpu,AMICA-Python (JAX-GPU),sub-59,6,1.2477790649377027,0.019204371872047526,-0.007760394446997524,0.0553525079059855,0.9852703809738159,,,0.787191818257861,,,
sub-59__jax_gpu,AMICA-Python (JAX-GPU),sub-59,7,25.696920668124875,-0.04488339884135714,0.04527061175724178,0.017458353721874206,,0.9916366338729858,,9.813710549994234,,,
sub-59__jax_gpu,AMICA-Python (JAX-GPU),sub-59,8,14.745637647954311,0.061199063262192765,0.008500806124770105,0.023402486088306286,,0.6106346845626831,,8.625478710551752,,,
sub-59__jax_gpu,AMICA-Python (JAX-GPU),sub-59,9,18.655913546986923,-0.05357572185027927,0.029160751595407902,0.02527050027772777,,,,14.15051331308235,,,
sub-59__jax_gpu,AMICA-Python (JAX-GPU),sub-59,10,40.35032791284326,0.005171483145866187,-0.055588594739774434,0.03525943950285234,,,,64.01769563632318,,,
sub-59__jax_gpu,AMICA-Python (JAX-GPU),sub-59,11,51.55332932814034,0.03345235163730082,0.05361795485159839,0.01935192970177983,,,,2.272165289519654,,,
sub-59__jax_gpu,AMICA-Python (JAX-GPU),sub-59,12,12.88562811360893,0.025736011231983758,0.006745128200003036,0.06060213805481868,0.9951368570327759,,,4.266919935113353,,,
sub-59__jax_gpu,AMICA-Python (JAX-GPU),sub-59,13,18.03420802742184,-0.030576769728217854,0.01301030270725766,0.05710302322506069,0.9957354664802551,,,12.392627234926655,,,
sub-59__jax_gpu,AMICA-Python (JAX-GPU),sub-59,14,42.48505536971984,-0.050069505006250875,-0.027432750984320402,0.03311335522403567,0.800574779510498,,,6.192203482040821,,,
sub-59__picard_cpu,Picard,sub-59,0,6.75446545839354,0.013916750456085607,0.004192766692972222,0.06017309097402681,,,,-0.06862837381436426,,,
sub-59__picard_cpu,Picard,sub-59,1,1.1152076981610861,0.02078274280726746,-0.010644171449748219,0.05294027414115629,0.4462142884731293,,,0.7756847690086781,,,
sub-59__picard_cpu,Picard,sub-59,2,4.470856902018582,-0.014022068624798665,0.0004811983746560205,0.06468623740953158,0.9193843007087708,,,1.5056060434187932,,,
sub-59__picard_cpu,Picard,sub-59,3,8.87258878664693,-0.006139690814843257,0.007458043491512051,0.06535627785662909,0.9451408982276917,,,0.3148461395820905,,,
sub-59__picard_cpu,Picard,sub-59,4,11.322184062290077,0.0018669909904417234,0.06573305633451747,0.006224311685169128,,,0.9866041541099548,40.214425984706835,,,
sub-59__picard_cpu,Picard,sub-59,5,13.923011320357901,0.008348537673447952,0.06394487839643614,0.014355813242169446,,,0.4622635245323181,3.592368719591046,,,
sub-59__picard_cpu,Picard,sub-59,6,44.52175012813097,0.03205582396991815,0.055463899529441155,0.016038504198699774,,,,2.263476385545717,,,
sub-59__picard_cpu,Picard,sub-59,7,70.40603471020196,0.0,0.06,0.02,,0.9914295673370361,,0.9976997941797485,,,
sub-59__picard_cpu,Picard,sub-59,8,12.418494012501057,0.061581860448771016,0.007502670786357995,0.02284439261585851,,0.7154450416564941,,8.205583395063101,,,
sub-59__picard_cpu,Picard,sub-59,9,29.036874685103058,-0.04523905083390896,0.04452730198578373,0.01820559015306037,,0.9874177575111389,,9.203063789264975,,,
sub-59__picard_cpu,Picard,sub-59,10,13.306301450291897,0.03265421768113031,0.0038248783894123312,0.05725693166461862,0.9969266057014465,,,5.6950031176567375,,,
sub-59__picard_cpu,Picard,sub-59,11,17.316237614064377,-0.03610527068353906,0.009389661938445962,0.0545247602018783,0.9986070990562439,,,13.268774907791396,,,
sub-59__picard_cpu,Picard,sub-59,12,42.809340120967676,-0.037823055527121924,-0.042251753721242215,0.03389852769769321,0.9767650365829468,,,5.077669991142836,,,
sub-59__picard_cpu,Picard,sub-59,13,41.92136696747178,0.00419929557558659,-0.05579718275751892,0.035049011255005,,,,64.13184001048597,,,
sub-59__picard_cpu,Picard,sub-59,14,22.613429174374005,-0.052518569752483646,0.03065883452781793,0.025814296134151888,0.5217851996421814,,,13.051375620751369,,,
sub-60__fastica_cpu,FastICA,sub-60,0,29.96819501765657,0.020371568715273722,0.06200132631929609,0.010237774589442127,,,,0.07985166722783577,,,
sub-60__fastica_cpu,FastICA,sub-60,1,26.60044127062524,0.0,0.06,0.02,,,0.8369574546813965,174.82433729756005,,,
sub-60__fastica_cpu,FastICA,sub-60,2,13.87715668999138,-0.0011904795968124338,0.06461966589184812,0.01350267467017278,,,0.9722217321395874,20.893377982903584,,,
sub-60__fastica_cpu,FastICA,sub-60,3,17.123489297224296,0.012364904092540763,0.06394642270478361,0.010829309126377026,,,0.9834733009338379,4.78604162377887,,,
sub-60__fastica_cpu,FastICA,sub-60,4,3.0922637935416475,-0.020954826543971673,0.004687885533506899,0.06240944378369759,0.9584223031997681,,,0.8672268772036533,,,
sub-60__fastica_cpu,FastICA,sub-60,5,6.331802670656117,0.020979901235296687,0.00598249451860884,0.042766871715155544,0.8581608533859253,,,9.666261403044718,,,
sub-60__fastica_cpu,FastICA,sub-60,6,60.368395354437006,-0.023095607128595957,-0.04229143461118894,0.04513773995186626,0.7443622946739197,,,565.0390084433946,,,
sub-60__fastica_cpu,FastICA,sub-60,7,11.93346174028271,0.015145072715999327,-0.05351171632907715,0.03567689050122979,0.8011327981948853,,,60.03283467347471,,,
sub-60__fastica_cpu,FastICA,sub-60,8,6.8866088361814946,-0.0029859944475208134,0.01803155501635377,0.06344488659616977,0.9726040363311768,,,0.46239953975131787,,,
sub-60__fastica_cpu,FastICA,sub-60,9,5.580396119028251,-0.020044266163981264,-0.04542617761270881,0.0435204282187968,0.9861932396888733,,,65.14015371570179,,,
sub-60__fastica_cpu,FastICA,sub-60,10,23.005346886165057,0.0029604329770434356,0.004983119851013553,0.06581393555689004,0.999665379524231,,,4.305837364396882,,,
sub-60__fastica_cpu,FastICA,sub-60,11,53.18998064064658,0.0,0.06,0.02,,0.5384399890899658,,111.49649516471246,,,
sub-60__fastica_cpu,FastICA,sub-60,12,14.971711484789424,0.043968807507871,0.024525937905357363,0.0197924464232274,0.5507427453994751,,,8.337113718699596,,,
sub-60__fastica_cpu,FastICA,sub-60,13,9.358457593101619,-0.061555518473093936,0.014914783127445397,0.0188046324949965,0.4344290792942047,,,28.148022363430783,,,
sub-60__fastica_cpu,FastICA,sub-60,14,64.38271701994486,-0.008948014184474343,0.04175496786830889,0.05035676059850223,0.6332638263702393,,,22.29500449469694,,,
sub-60__infomax_cpu,Infomax,sub-60,0,24.015248452547652,0.014632376096654244,0.06381429302238158,0.008540168645097782,,,,0.07894997976863305,,,
sub-60__infomax_cpu,Infomax,sub-60,1,26.64683191832256,0.0,0.06,0.02,,,0.8444675207138062,172.38206415913854,,,
sub-60__infomax_cpu,Infomax,sub-60,2,13.37511366751032,-0.0008251900583384252,0.06432317506942133,0.015195168518870742,,,0.9411645531654358,21.337477429831484,,,
sub-60__infomax_cpu,Infomax,sub-60,3,16.78048920976066,0.012976798004354213,0.06396407369898059,0.010063961493091482,,,0.9838584661483765,4.793360211369643,,,
sub-60__infomax_cpu,Infomax,sub-60,4,3.1810804100482244,-0.02041628970876695,0.004850730030855364,0.06257518968713202,0.9510506391525269,,,0.9108457006838253,,,
sub-60__infomax_cpu,Infomax,sub-60,5,6.284651726977756,0.021428403719579225,0.004650662554051436,0.04469788628334902,0.8884981870651245,,,10.291057284158391,,,
sub-60__infomax_cpu,Infomax,sub-60,6,60.11253277143496,-0.02281448170630282,-0.04235919486850863,0.04522095323888808,0.7471194863319397,,,564.8107196289271,,,
sub-60__infomax_cpu,Infomax,sub-60,7,12.420495780525997,0.014996290669499895,-0.05353405070674451,0.035706434730768746,0.8142884373664856,,,59.94465609861903,,,
sub-60__infomax_cpu,Infomax,sub-60,8,6.8790764581782184,-0.004735602332500687,0.019314884287318517,0.06308116483718745,0.9253553152084351,,,0.5233050277238154,,,
sub-60__infomax_cpu,Infomax,sub-60,9,5.551100863390033,-0.019930766755882477,-0.045376632735234256,0.04362391216389508,0.9839563369750977,,,65.52767910935317,,,
sub-60__infomax_cpu,Infomax,sub-60,10,22.540056566200974,0.0048748165903001245,0.004884069683563099,0.06573118265044214,0.9995036721229553,,,4.191139310741719,,,
sub-60__infomax_cpu,Infomax,sub-60,11,55.347947005779666,0.0,0.06,0.02,,0.5705596208572388,,114.83176131767449,,,
sub-60__infomax_cpu,Infomax,sub-60,12,15.214056739792,0.047846223733079334,0.027889429483777657,0.02093831803337808,0.5612550377845764,,,8.400324569734531,,,
sub-60__infomax_cpu,Infomax,sub-60,13,9.230143884200913,-0.06154935875759393,0.014925835138189422,0.01881616920910647,,0.5074170231819153,,28.799746677620956,,,
sub-60__infomax_cpu,Infomax,sub-60,14,65.72028299955335,0.04402254501809357,0.04834210698649529,-0.009479503118089908,,,,29.343771384152852,,,
sub-60__jax_gpu,AMICA-Python (JAX-GPU),sub-60,0,46.64175453554806,0.01541695033192199,0.06371839363422899,0.007854029256825441,,,,0.06830403439141541,,,
sub-60__jax_gpu,AMICA-Python (JAX-GPU),sub-60,1,14.996412992669903,-0.0022313622686460986,0.06573444017691786,0.0061938962359332555,,,0.9803233742713928,100.86909755310798,,,
sub-60__jax_gpu,AMICA-Python (JAX-GPU),sub-60,2,11.268143785883595,0.01686476319144071,-0.05243611279281696,0.036721348150031495,0.7339223027229309,,,58.63156763620459,,,
sub-60__jax_gpu,AMICA-Python (JAX-GPU),sub-60,3,14.836561034987156,0.014338852385425309,0.06347098244487993,0.011436553635345875,,,0.989657461643219,4.9338338535660915,,,
sub-60__jax_gpu,AMICA-Python (JAX-GPU),sub-60,4,56.89635476862679,-0.016126743053587796,-0.04553684121994641,0.04506806135606106,0.8965856432914734,,,553.5766891229125,,,
sub-60__jax_gpu,AMICA-Python (JAX-GPU),sub-60,5,2.8708580880372523,-0.021943572099540953,0.00567389084837327,0.062066629803255585,0.8905979990959167,,,0.9567325028288964,,,
sub-60__jax_gpu,AMICA-Python (JAX-GPU),sub-60,6,7.131471065261181,0.001952712836096122,0.01832726803840875,0.06340035976278531,0.9512207508087158,,,0.33574748288695355,,,
sub-60__jax_gpu,AMICA-Python (JAX-GPU),sub-60,7,6.711746202431783,0.021462782301310757,0.004136930279553742,0.05891169544265557,0.9478940963745117,,,11.630123113392274,,,
sub-60__jax_gpu,AMICA-Python (JAX-GPU),sub-60,8,5.479335157349141,-0.02294020548573797,-0.04853981937219794,0.03850382450251918,0.9708262085914612,,,65.49264069002342,,,
sub-60__jax_gpu,AMICA-Python (JAX-GPU),sub-60,9,33.60781086267693,0.004628964409081156,0.06555509218330084,0.0078244471016073,0.8679802417755127,,,181.58646000923324,,,
sub-60__jax_gpu,AMICA-Python (JAX-GPU),sub-60,10,35.4091633799073,0.015046037841792622,0.06263594483877884,0.01465487986648757,0.5522795915603638,,,95.36425055833567,,,
sub-60__jax_gpu,AMICA-Python (JAX-GPU),sub-60,11,35.472943080316654,-0.00687594748893417,0.047130466466726154,0.04580028174118515,0.9474781155586243,,,16.819794040151557,,,
sub-60__jax_gpu,AMICA-Python (JAX-GPU),sub-60,12,9.733465631239696,-0.061671025833779175,0.012339618300327631,0.020299414689845013,0.4591968059539795,,,29.80900304546649,,,
sub-60__jax_gpu,AMICA-Python (JAX-GPU),sub-60,13,18.873098443552877,-0.005447220464065305,0.005396304155657381,0.06561921261051436,0.9970421195030212,,,4.601724951594289,,,
sub-60__jax_gpu,AMICA-Python (JAX-GPU),sub-60,14,14.074623911565084,0.027870514771030825,0.024823140686375582,0.01385886409428411,0.6961311101913452,,,7.413759710176771,,,
sub-60__picard_cpu,Picard,sub-60,0,26.430095888477396,0.017527503137027348,0.06304055247480114,0.009147410889422395,,,,0.0792785916570824,,,
sub-60__picard_cpu,Picard,sub-60,1,26.63566754636105,0.0,0.06,0.02,,,0.8474492430686951,172.22349660769083,,,
sub-60__picard_cpu,Picard,sub-60,2,13.405740189555544,-0.00117794188715053,0.06447838244829643,0.01416352026058563,,,0.9405553936958313,21.2686020631964,,,
sub-60__picard_cpu,Picard,sub-60,3,16.81292056960288,0.013143520610304361,0.06381102660683374,0.010955301562429017,,,0.9831589460372925,4.800381672773804,,,
sub-60__picard_cpu,Picard,sub-60,4,3.1455381808656284,-0.020396730168802703,0.004932115732441283,0.06264135987513322,0.9558984041213989,,,0.9161410595180306,,,
sub-60__picard_cpu,Picard,sub-60,5,6.242805686001091,0.02131555784727029,0.0046507155844807725,0.04474358187063558,0.8896317481994629,,,10.307391401805758,,,
sub-60__picard_cpu,Picard,sub-60,6,60.05924983919334,-0.02356165571018216,-0.042557482999648365,0.04483276116923005,0.7445046901702881,,,564.7977570848427,,,
sub-60__picard_cpu,Picard,sub-60,7,12.606161976260609,0.0161084735570094,-0.05313370919673438,0.03570595371504329,0.8206181526184082,,,59.901449963833194,,,
sub-60__picard_cpu,Picard,sub-60,8,6.998870023258348,-0.0028794622601698025,0.018631349412213685,0.06327636488449412,0.9581018090248108,,,0.4572050579159499,,,
sub-60__picard_cpu,Picard,sub-60,9,5.545635103096316,-0.01987835484860372,-0.04527099511011779,0.04382279087561351,0.9837570190429688,,,65.52502485618793,,,
sub-60__picard_cpu,Picard,sub-60,10,22.65606295595728,0.002018492106882072,0.004919169455569206,0.06584832748784782,0.9995561242103577,,,4.418090070145013,,,
sub-60__picard_cpu,Picard,sub-60,11,55.534538069749665,0.0,0.06,0.02,,0.5591202974319458,,115.08138318485076,,,
sub-60__picard_cpu,Picard,sub-60,12,15.08516751686389,0.046930268470911564,0.028337854419774895,0.02026084081017364,0.5636711120605469,,,8.370280641305778,,,
sub-60__picard_cpu,Picard,sub-60,13,9.295327110356581,-0.06146544074522221,0.014969016907550951,0.01890083565409563,,0.4865497350692749,,28.697076367271276,,,
sub-60__picard_cpu,Picard,sub-60,14,65.85098121401421,0.04443273285917145,0.04817421607988755,-0.008019100327352601,,,,29.381582845954057,,,
sub-61__fastica_cpu,FastICA,sub-61,0,46.2045441548264,0.051461940815303066,-0.01578671194077548,0.03823292283426479,,,,0.07667136985156953,,,
sub-61__fastica_cpu,FastICA,sub-61,1,8.54629894374203,0.005046551546347421,0.06544852350178314,0.0070978624696174915,,,0.991351842880249,29.698421466650807,,,
sub-61__fastica_cpu,FastICA,sub-61,2,36.07370262194366,-0.018359727665656758,0.06296706350275097,0.00790574339116959,,,0.7737764120101929,933.0092874761003,,,
sub-61__fastica_cpu,FastICA,sub-61,3,26.18393792007072,0.0,0.06,0.02,,,0.4990236461162567,308.5453745826941,,,
sub-61__fastica_cpu,FastICA,sub-61,4,24.19219405131915,0.010341486865203635,0.06479268229881577,0.008147338727705497,,,0.9979047775268555,25.9956365153886,,,
sub-61__fastica_cpu,FastICA,sub-61,5,14.58515086946619,0.053655370652293796,0.017334283667720215,0.034407912212164486,,0.5149091482162476,,14.565786170563186,,,
sub-61__fastica_cpu,FastICA,sub-61,6,1.1088490822785673,-0.005466299664346768,-0.017727589321270422,0.04910753312543842,0.9947705864906311,,,3.81052342367442,,,
sub-61__fastica_cpu,FastICA,sub-61,7,11.73955948445861,-0.04514759568178997,0.045720404950847025,0.015155106723968987,,,,286.9418830618949,,,
sub-61__fastica_cpu,FastICA,sub-61,8,10.297804663922278,-0.05576282479206199,0.015380697011148019,0.031936009917684874,,0.45709651708602905,,25.84095032685405,,,
sub-61__fastica_cpu,FastICA,sub-61,9,46.95089890644311,0.037566717732943615,0.050376839031321854,0.020393766501142836,,0.9952939748764038,,15.707265150422757,,,
sub-61__fastica_cpu,FastICA,sub-61,10,5.348801847031453,0.021323919916262733,-0.007994238830103442,0.06197329105780456,0.9975109100341797,,,2.242108960097503,,,
sub-61__fastica_cpu,FastICA,sub-61,11,27.14006364651516,0.018865351957002504,-0.052549640829394784,0.03523584221359262,0.7264273762702942,,,8.366656236588224,,,
sub-61__fastica_cpu,FastICA,sub-61,12,4.954529321067099,-0.03634143013136403,-0.01739577138012001,0.052357692399915175,0.9995077848434448,,,0.7714255249056192,,,
sub-61__fastica_cpu,FastICA,sub-61,13,10.964432802769963,-0.03583403881345429,0.041724391683073694,0.036717909815145514,0.8371007442474365,,,18.27552640644383,,,
sub-61__fastica_cpu,FastICA,sub-61,14,13.185218539333434,0.05334321538457316,-0.01050136294191061,0.03746490954784948,0.8648254871368408,,,19.33886923970781,,,
sub-61__infomax_cpu,Infomax,sub-61,0,46.31894359037777,0.04122526205489174,-0.011648124305155157,0.05041134094006446,,,,0.07648691632384796,,,
sub-61__infomax_cpu,Infomax,sub-61,1,7.806107487854732,0.005589966941865506,0.06540971037113112,0.007977685626988069,,,0.9936795234680176,42.796305100058945,,,
sub-61__infomax_cpu,Infomax,sub-61,2,35.05567446605062,-0.01753180900392844,0.06318948349977452,0.007682996347283415,,,0.7887373566627502,922.7267547842964,,,
sub-61__infomax_cpu,Infomax,sub-61,3,20.67030554928857,0.008874799543130293,0.06511005094942478,0.006414179604521445,,,0.7050759196281433,310.32520860220416,,,
sub-61__infomax_cpu,Infomax,sub-61,4,24.751071987137337,0.008502046511018187,0.06505510962885036,0.007750352833888213,,,0.99774169921875,26.329875167147357,,,
sub-61__infomax_cpu,Infomax,sub-61,5,15.426103317606533,0.053454756687704934,0.017282300475251117,0.03476228387428617,0.5755975842475891,,,14.523982456660072,,,
sub-61__infomax_cpu,Infomax,sub-61,6,1.2443871321129336,-0.005372779260910186,-0.017257858554817256,0.048305328826421835,0.9960755109786987,,,3.887381960980595,,,
sub-61__infomax_cpu,Infomax,sub-61,7,13.298288380398617,-0.04594106012831259,0.0449051494121215,0.015414799720278143,,,,281.56728363492294,,,
sub-61__infomax_cpu,Infomax,sub-61,8,10.50099504963707,-0.055938324861196535,0.01562308700899211,0.031479137936117486,,,,26.12953049473999,,,
sub-61__infomax_cpu,Infomax,sub-61,9,49.01997759865196,0.03673317216377638,0.050478168086831955,0.02160675252464875,,0.9899626970291138,,15.861359567250645,,,
sub-61__infomax_cpu,Infomax,sub-61,10,5.629580768041421,0.02160350928056351,-0.00875499521844961,0.061774382783390376,0.9980839490890503,,,2.2354949215254507,,,
sub-61__infomax_cpu,Infomax,sub-61,11,13.70071369020016,-0.04160905355299005,0.04724407444003375,0.020026253979821072,0.6496016979217529,,,25.22072289476182,,,
sub-61__infomax_cpu,Infomax,sub-61,12,25.704238257186518,0.01833092537907571,-0.052569390393577185,0.03550392009641947,0.7437358498573303,,,8.37365800064408,,,
sub-61__infomax_cpu,Infomax,sub-61,13,5.834205814308902,-0.03537857198285191,-0.01675565884571842,0.05316875936479891,0.9995316863059998,,,0.7553555327320693,,,
sub-61__infomax_cpu,Infomax,sub-61,14,11.015937808711797,0.049672443700760974,-0.009816937393249143,0.042434838589768695,0.8746366500854492,,,19.215430493025274,,,
sub-61__jax_gpu,AMICA-Python (JAX-GPU),sub-61,0,38.215877055287365,0.013664654655268024,0.0012880490450803833,0.05085698512662058,,,,0.07287214763037486,,,
sub-61__jax_gpu,AMICA-Python (JAX-GPU),sub-61,1,11.015447661405489,0.0016024607270950255,0.06574723891804728,0.006278177540297251,,,0.9951909780502319,73.44755456780676,,,
sub-61__jax_gpu,AMICA-Python (JAX-GPU),sub-61,2,48.84589876237464,-0.017382425795499142,0.06298080398006146,0.009758091149999384,,,0.8178611397743225,806.0003664149668,,,
sub-61__jax_gpu,AMICA-Python (JAX-GPU),sub-61,3,13.398112347584117,-0.03705444666844521,0.04368185665464187,0.0330948095862311,0.6491137742996216,,,387.11145182064854,,,
sub-61__jax_gpu,AMICA-Python (JAX-GPU),sub-61,4,16.551211959430233,0.013762461830112574,0.06339581360676942,0.012813214148286785,,,0.9992039203643799,28.692806254733476,,,
sub-61__jax_gpu,AMICA-Python (JAX-GPU),sub-61,5,41.11470353430933,0.03374599925314173,0.05405556875092112,0.01769542432841755,,0.8944666385650635,,79.37799556658248,,,
sub-61__jax_gpu,AMICA-Python (JAX-GPU),sub-61,6,7.73503647897131,-0.056918674354575496,0.006173664692808499,0.032885500321516443,,0.9231524467468262,,37.34365592065989,,,
sub-61__jax_gpu,AMICA-Python (JAX-GPU),sub-61,7,12.463015467137012,0.05392359579451149,0.016714030273543623,0.03423773794270106,,0.8531454801559448,,18.423097940476485,,,
sub-61__jax_gpu,AMICA-Python (JAX-GPU),sub-61,8,5.598169951604092,0.02246228824775259,-0.005589223997771855,0.06183456839378896,0.9992899894714355,,,2.438855872630122,,,
sub-61__jax_gpu,AMICA-Python (JAX-GPU),sub-61,9,35.274903469837355,-0.032768605472715644,0.05208559581464367,0.024042921749097206,,0.9115647077560425,,454.6767378911589,,,
sub-61__jax_gpu,AMICA-Python (JAX-GPU),sub-61,10,0.7691752506297149,-0.004619813826788275,-0.016783330327749646,0.053157720190288665,0.993474543094635,,,4.347410864773184,,,
sub-61__jax_gpu,AMICA-Python (JAX-GPU),sub-61,11,27.647078883327197,0.018257550063970118,-0.05263236864594061,0.03544992582836277,0.7877861857414246,,,8.38993674914365,,,
sub-61__jax_gpu,AMICA-Python (JAX-GPU),sub-61,12,3.793771596323225,-0.031122864453558375,-0.021363253356365103,0.0542285495723599,0.9988352656364441,,,0.8414210206993968,,,
sub-61__jax_gpu,AMICA-Python (JAX-GPU),sub-61,13,26.733042436269955,0.05697521621160418,-0.004410109237773366,0.03318462348814894,0.46017152070999146,,,25.744005833350588,,,
sub-61__jax_gpu,AMICA-Python (JAX-GPU),sub-61,14,17.96978705529348,-0.010256966463074424,0.025908887166849946,0.058351188491332355,0.44765734672546387,,,44.96133509969148,,,
sub-61__picard_cpu,Picard,sub-61,0,47.04544343184644,0.029328427396010732,-0.015094221459470642,0.0572460501703702,,,,0.07664937885203438,,,
sub-61__picard_cpu,Picard,sub-61,1,8.101231174088198,0.005672343380051634,0.06526339684288104,0.008690206683767182,,,0.9850218296051025,38.85075796847259,,,
sub-61__picard_cpu,Picard,sub-61,2,35.258295202272606,-0.017978326976978407,0.06310409982951096,0.00775650525053997,,,0.797450602054596,922.6388770752806,,,
sub-61__picard_cpu,Picard,sub-61,3,26.89013347368892,0.0,0.06,0.02,,,0.5818636417388916,310.39627590251996,,,
sub-61__picard_cpu,Picard,sub-61,4,24.697989375275355,0.007351700534999476,0.06540849679207213,0.006691490424661672,,,0.9978129863739014,26.371524597684083,,,
sub-61__picard_cpu,Picard,sub-61,5,15.584762624419156,0.05342759889524449,0.017094058707197747,0.03489678348532716,0.4960879981517792,,,14.549688257033036,,,
sub-61__picard_cpu,Picard,sub-61,6,1.3621651445985066,-0.004899383399517823,-0.017443736963793748,0.0482427347187994,0.9968644976615906,,,3.7079428580486633,,,
sub-61__picard_cpu,Picard,sub-61,7,12.301749906180461,-0.054586658485069633,0.02374744476248972,0.028662438529323805,,0.41972586512565613,,32.85940768240449,,,
sub-61__picard_cpu,Picard,sub-61,8,48.1040083048876,0.03688609976164387,0.050243269051817085,0.02190281371659081,,0.9867490530014038,,15.863089396917939,,,
sub-61__picard_cpu,Picard,sub-61,9,5.902462166431093,0.02067997934505979,-0.008699650462680529,0.062144080590023104,0.9983353018760681,,,2.209619851238809,,,
sub-61__picard_cpu,Picard,sub-61,10,6.575293403655493,-0.040082660781801935,0.04711966752310528,0.02318498125705956,0.6256258487701416,,,71.39677550010764,,,
sub-61__picard_cpu,Picard,sub-61,11,25.905830570129297,-0.054356052747166116,0.0354149941716976,0.012405816329795842,,,,212.64698208985027,,,
sub-61__picard_cpu,Picard,sub-61,12,5.807115957022006,-0.0353828485654364,-0.015301393452440155,0.053602583310565347,0.9994090795516968,,,0.8047437509176008,,,
sub-61__picard_cpu,Picard,sub-61,13,25.98359077495722,0.01990955096668237,-0.05226438699226352,0.03508920834735183,0.7490060329437256,,,8.37334070415958,,,
sub-61__picard_cpu,Picard,sub-61,14,10.773824233923776,0.048772710042513524,-0.009683303723717644,0.04343723634760111,0.8539021015167236,,,18.62174892484176,,,
sub-62__fastica_cpu,FastICA,sub-62,0,59.659697831695816,-0.04696268205146438,0.04068543180082345,0.022414622743404618,,,,2.051160740767604,,,
sub-62__fastica_cpu,FastICA,sub-62,1,1.3336252377502404,-0.006834512931320821,0.019039348478260516,0.0580552564539519,0.9998316168785095,,,-0.40167876051947493,,,
sub-62__fastica_cpu,FastICA,sub-62,2,54.5171390774926,0.006617526597912973,0.06537105468874718,0.006232860800340676,0.7573099732398987,,,1066.2155336533235,,,
sub-62__fastica_cpu,FastICA,sub-62,3,39.14470362851845,0.01709356583680317,0.063353959126916,0.007137276729211727,,,0.4255407452583313,109.36035632613985,,,
sub-62__fastica_cpu,FastICA,sub-62,4,7.5182463041304715,-0.004930855315600366,-0.017821751288203316,0.06338273756325363,0.9973451495170593,,,0.7983181187361112,,,
sub-62__fastica_cpu,FastICA,sub-62,5,46.16687376831887,0.04544848138752197,-0.031785738020935,0.03578373312477939,0.9934086799621582,,,247.29311702033868,,,
sub-62__fastica_cpu,FastICA,sub-62,6,35.12098125563311,-0.012525480132907751,-0.05477892750331958,0.03466607528468048,0.9120195508003235,,,5.83937323856696,,,
sub-62__fastica_cpu,FastICA,sub-62,7,4.802461119699174,-0.008387846087099176,0.05538759010036217,0.03501837561264394,0.9980045557022095,,,5.005369183483458,,,
sub-62__fastica_cpu,FastICA,sub-62,8,46.45416915986217,0.031471459670669104,0.006593166936449321,0.05771761331441084,0.9986932873725891,,,283.65158827143864,,,
sub-62__fastica_cpu,FastICA,sub-62,9,34.067769874520465,0.051360997424603,-0.021031192505155786,0.03263755506277936,0.9953451156616211,,,256.31599779091823,,,
sub-62__fastica_cpu,FastICA,sub-62,10,63.685249537774226,-0.03410415659889807,0.049089966616716975,0.028413274599534587,0.7471177577972412,,,9.186436614084801,,,
sub-62__fastica_cpu,FastICA,sub-62,11,79.4260860109553,-0.05825623817721303,-0.008696736438640816,0.02999490397798381,0.9827655553817749,,,196.68713072337118,,,
sub-62__fastica_cpu,FastICA,sub-62,12,37.41120118375625,-0.02459094650662906,-0.0159410788356303,0.059162767013084226,0.9873232841491699,,,2.8782687937198173,,,
sub-62__fastica_cpu,FastICA,sub-62,13,14.779481270222476,0.051903821000831026,-0.02994769735900517,0.027806983157586847,0.956262469291687,,,8.047079790512711,,,
sub-62__fastica_cpu,FastICA,sub-62,14,53.62346142118764,0.0457319822962135,0.03952393347080818,0.026668742593431962,0.9794226884841919,,,19.66227373211929,,,
sub-62__infomax_cpu,Infomax,sub-62,0,11.235635878760874,0.006416790655915462,0.060880310447376344,0.024966533747751672,,,,2.081878538301912,,,
sub-62__infomax_cpu,Infomax,sub-62,1,1.2998878149884945,-0.006129237169662036,0.017453021368052848,0.05850154629791398,0.9995405673980713,,,-0.4225030874786837,,,
sub-62__infomax_cpu,Infomax,sub-62,2,56.39680213063674,0.0,0.06,0.02,0.7111499309539795,,,1073.8395269405846,,,
sub-62__infomax_cpu,Infomax,sub-62,3,37.47725110633805,0.012764807734691153,0.06445974454035668,0.006683416881599928,0.480068176984787,,,109.52244617388008,,,
sub-62__infomax_cpu,Infomax,sub-62,4,7.611998102431869,-0.004503814662800185,-0.018025916888912207,0.06340177724992885,0.9983119368553162,,,0.7832888523373436,,,
sub-62__infomax_cpu,Infomax,sub-62,5,50.27968170222221,0.04733688555353094,-0.034724324161684535,0.030564934094330705,0.9952261447906494,,,245.59539580486768,,,
sub-62__infomax_cpu,Infomax,sub-62,6,34.78993572155804,-0.01162138533976905,-0.055024556146125746,0.03459101860923542,0.9201122522354126,,,5.980565683537977,,,
sub-62__infomax_cpu,Infomax,sub-62,7,3.8635733166879476,-0.007515075798516555,0.05386294267214218,0.037525569069112995,0.9969883561134338,,,5.613452482942423,,,
sub-62__infomax_cpu,Infomax,sub-62,8,47.97612190582866,0.034901455826557286,0.008078877314328194,0.05551312965224647,0.9989248514175415,,,291.8205083987763,,,
sub-62__infomax_cpu,Infomax,sub-62,9,38.84997820712459,0.05388190312661615,-0.019444320900364704,0.032782219341197225,0.9956074953079224,,,272.5412075229915,,,
sub-62__infomax_cpu,Infomax,sub-62,10,52.593626013610695,-0.0299514614155344,0.05201293787518078,0.027607816199347306,0.9036355018615723,,,8.954555329002476,,,
sub-62__infomax_cpu,Infomax,sub-62,11,73.72498859422406,-0.057290820314590936,-0.015210954853621074,0.02933091152515894,0.9725021719932556,,,209.4985859944679,,,
sub-62__infomax_cpu,Infomax,sub-62,12,45.163444502036256,-0.03275021668304272,-0.020557598685366323,0.048000926545140765,0.980177104473114,,,5.452473350562462,,,
sub-62__infomax_cpu,Infomax,sub-62,13,11.997992590082902,0.04911523314929148,-0.0265840805508839,0.03521750626299467,0.9658328890800476,,,8.462100575987625,,,
sub-62__infomax_cpu,Infomax,sub-62,14,58.68095214590554,0.046326303115953524,0.03667403759739152,0.029701264996650375,0.9919435381889343,,,20.15979613371296,,,
sub-62__jax_gpu,AMICA-Python (JAX-GPU),sub-62,0,71.19904076481532,-2.4917756408624977e-05,-0.01999894281315383,0.019998271482851483,,,,2.076785611793082,,,
sub-62__jax_gpu,AMICA-Python (JAX-GPU),sub-62,1,1.3709175942371843,-0.004948246038444726,0.016929733634832574,0.06088406360223758,0.9997410774230957,,,-0.388725876268631,,,
sub-62__jax_gpu,AMICA-Python (JAX-GPU),sub-62,2,31.626625986281496,0.007956569040185928,0.06523368598501275,0.006282276545932298,,,0.7947739958763123,728.2690061095949,,,
sub-62__jax_gpu,AMICA-Python (JAX-GPU),sub-62,3,35.49647353952312,0.045805077580032376,-0.0312681012023629,0.03582836263714717,0.995006799697876,,,280.21044186192466,,,
sub-62__jax_gpu,AMICA-Python (JAX-GPU),sub-62,4,66.84527183433578,0.03854824680550304,0.05101084063247611,0.016469328833996606,0.8487796783447266,,,101.87455272745606,,,
sub-62__jax_gpu,AMICA-Python (JAX-GPU),sub-62,5,61.555756776233025,0.015833908060460877,0.06368944467928321,0.0070235743458364865,,,0.4864169955253601,478.4450217383187,,,
sub-62__jax_gpu,AMICA-Python (JAX-GPU),sub-62,6,3.8326015937612397,-0.0047120393391864475,-0.02364611185094986,0.06150623395963164,0.9994699358940125,,,0.7584903232103986,,,
sub-62__jax_gpu,AMICA-Python (JAX-GPU),sub-62,7,24.626171880432565,-0.008253856100579084,-0.05571034130959785,0.03447065460080896,0.9449737668037415,,,32.32888498851446,,,
sub-62__jax_gpu,AMICA-Python (JAX-GPU),sub-62,8,66.03557102017615,0.03309446604783904,0.05507171977798513,0.015423509456471612,0.910435676574707,,,148.1726692523543,,,
sub-62__jax_gpu,AMICA-Python (JAX-GPU),sub-62,9,19.649718470879506,-0.028770802984474868,0.006489693734662297,0.059220262744214255,0.9990271329879761,,,21.98329082225327,,,
sub-62__jax_gpu,AMICA-Python (JAX-GPU),sub-62,10,18.544897102538556,0.048941532867364655,-0.033851544837394616,0.0286032078431452,0.9231746792793274,,,15.546860473734952,,,
sub-62__jax_gpu,AMICA-Python (JAX-GPU),sub-62,11,12.011766004354257,0.0044045847720682735,0.06554045930334845,0.008056953276856056,,,0.8067965507507324,15.724292133724372,,,
sub-62__jax_gpu,AMICA-Python (JAX-GPU),sub-62,12,24.368031389381912,0.009838022983518394,0.030001705843276227,0.05798657744827689,0.9957256317138672,,,7.956902189642921,,,
sub-62__jax_gpu,AMICA-Python (JAX-GPU),sub-62,13,37.820838856218906,-0.028790408053755864,0.03014306784480535,0.051203903922355465,0.5268417000770569,,,6.513972413162039,,,
sub-62__jax_gpu,AMICA-Python (JAX-GPU),sub-62,14,16.779241085899912,0.047383587607627495,0.034707929854146884,0.03021422279246359,0.9910591840744019,,,149.23818015067278,,,
sub-62__picard_cpu,Picard,sub-62,0,1.6976982345765919,-0.007301316568556966,0.014575949424815162,0.06316326364041358,,,,1.8659423152033687,,,
sub-62__picard_cpu,Picard,sub-62,1,2.8878912682893656,-0.001348058284929528,0.028210333645406885,0.05972799247471432,0.999791145324707,,,0.3601474672882423,,,
sub-62__picard_cpu,Picard,sub-62,2,56.68197004368017,0.0,0.06,0.02,0.7550646662712097,,,1061.2490749541216,,,
sub-62__picard_cpu,Picard,sub-62,3,11.878310740935945,-0.02559235825727765,0.03254603813204086,0.05148480598605471,0.9601038694381714,,,4.79375015949488,,,
sub-62__picard_cpu,Picard,sub-62,4,40.96482911121003,0.021556440241872827,0.06189252311101322,0.007815722404052922,0.5150514841079712,,,109.41447239946126,,,
sub-62__picard_cpu,Picard,sub-62,5,44.134451987171076,0.04087841091626783,-0.0377815732036649,0.03552578689451157,0.9949487447738647,,,247.3162960749416,,,
sub-62__picard_cpu,Picard,sub-62,6,15.66555775990183,0.006174257481316331,-0.030813343322274138,0.025104837692522884,0.993794322013855,,,8.181509567217377,,,
sub-62__picard_cpu,Picard,sub-62,7,8.542204460009955,-0.007388562758217626,-0.008526438751198795,0.06505448229116742,0.997870683670044,,,0.7485586189144215,,,
sub-62__picard_cpu,Picard,sub-62,8,3.721136056182445,-0.009645774009266904,0.05211973170891721,0.03948556984764519,0.9969263672828674,,,6.180503301511877,,,
sub-62__picard_cpu,Picard,sub-62,9,16.087481486550743,-0.020432963051182036,-0.05265604619457884,0.03439133675965751,0.9848711490631104,,,5.752223679647949,,,
sub-62__picard_cpu,Picard,sub-62,10,35.53734341256248,0.03688252382191193,0.01911795843215711,0.051317070149433736,0.9987900853157043,,,203.53476189637263,,,
sub-62__picard_cpu,Picard,sub-62,11,34.02305684906898,0.047126334517640645,-0.029429060882120887,0.035623643449335725,0.995992124080658,,,269.7092154284963,,,
sub-62__picard_cpu,Picard,sub-62,12,80.93742027013376,0.04542825153118082,-0.021882256835447644,0.042664204583317704,0.9648810625076294,,,287.8953782357072,,,
sub-62__picard_cpu,Picard,sub-62,13,20.751073866597963,0.04946565045651211,-0.03326621190355722,0.02867159452419314,0.9752664566040039,,,8.303104458315941,,,
sub-62__picard_cpu,Picard,sub-62,14,53.74672667682206,0.05541077134654399,0.015195411356250906,0.03286137963595892,0.9917738437652588,,,20.205020884134562,,,
sub-63__fastica_cpu,FastICA,sub-63,0,33.909404556585784,0.04144430134691438,0.04650921831476973,0.021996488457513202,,,,-0.5775474156837621,,,
sub-63__fastica_cpu,FastICA,sub-63,1,13.510676464963808,0.05604003665571813,0.01716227039724994,0.030488458422166083,0.8864679336547852,,,2.130950263730968,,,
sub-63__fastica_cpu,FastICA,sub-63,2,1.6805561110050604,-0.014918997475371632,-0.02466610585817068,0.05939960559799135,0.9940032362937927,,,2.129029071884374,,,
sub-63__fastica_cpu,FastICA,sub-63,3,17.51077166290807,0.0002930433154438388,-0.0008932744600113206,0.06601834819441738,0.9967628717422485,,,0.3356576825942241,,,
sub-63__fastica_cpu,FastICA,sub-63,4,2.93888493597197,0.019660699186028918,-0.03668435872994395,0.051308177057301015,0.9988129138946533,,,1.9320757055856088,,,
sub-63__fastica_cpu,FastICA,sub-63,5,12.917953996767551,0.007078853821126356,0.06529764413554286,0.007683693536726578,,,0.9790847301483154,64.56389110199153,,,
sub-63__fastica_cpu,FastICA,sub-63,6,12.589791666306809,-0.0005052578641014036,0.06447333019101016,0.014914587697956946,,,0.9968338012695312,0.7381482535388408,,,
sub-63__fastica_cpu,FastICA,sub-63,7,4.13815107391099,-0.017308459864857594,0.01015367742284019,0.06294524302088814,0.9790312647819519,,,0.9336096261991704,,,
sub-63__fastica_cpu,FastICA,sub-63,8,42.6394906660836,-0.05679338766283158,0.01859098773394961,0.028478156543318308,,,,423.9763751319368,,,
sub-63__fastica_cpu,FastICA,sub-63,9,16.725393623430236,0.006663158446297318,0.007499136270024863,0.06525863432809517,0.9781623482704163,,,0.4471132414592063,,,
sub-63__fastica_cpu,FastICA,sub-63,10,10.926880956121863,0.059787979439910405,0.021102357003639223,0.018586228811009325,,0.9185633063316345,,1.6904751302076448,,,
sub-63__fastica_cpu,FastICA,sub-63,11,56.83471350545972,0.05832526518016203,-0.0037771309573980225,0.030771860066158094,,,,261.2368463863297,,,
sub-63__fastica_cpu,FastICA,sub-63,12,24.947206500511882,0.017921755582566073,0.057142989876176525,0.028114933501678617,0.5237725377082825,,,0.744868161253418,,,
sub-63__fastica_cpu,FastICA,sub-63,13,54.90024289265978,-0.03180650598390984,0.050653408566471804,0.028311590132488285,,0.40663817524909973,,3.9080841050219215,,,
sub-63__fastica_cpu,FastICA,sub-63,14,58.90992146370717,-0.05174322504783644,0.03661724520575579,0.01846944379473123,,,,1.216121031016086,,,
sub-63__infomax_cpu,Infomax,sub-63,0,81.72798699900281,0.05232494330400332,0.03422345053139032,0.021140683648910485,,,,-0.5804352433991684,,,
sub-63__infomax_cpu,Infomax,sub-63,1,1.217246321878335,0.0042954610646381945,-0.0203066103962395,0.06267797512926064,0.9954789876937866,,,1.80758071400588,,,
sub-63__infomax_cpu,Infomax,sub-63,2,14.222501759073936,0.0561288464433221,0.014996229260740589,0.03145805469656355,0.9464726448059082,,,2.1426101503804666,,,
sub-63__infomax_cpu,Infomax,sub-63,3,13.010582763428317,0.007557760132622561,0.06517651414447638,0.007363276036618282,,,0.9774202704429626,64.68224404210353,,,
sub-63__infomax_cpu,Infomax,sub-63,4,11.186638932496408,-0.000943051126545783,0.06488331645393451,0.01238836680880854,,,0.9982819557189941,0.7470289076696135,,,
sub-63__infomax_cpu,Infomax,sub-63,5,5.21464030289907,-0.01251160757465162,0.005960897812380371,0.0645543590269758,0.9907078146934509,,,0.9998461577531201,,,
sub-63__infomax_cpu,Infomax,sub-63,6,15.225546609637547,0.004310768997640657,0.02438015329473848,0.06125219300111153,0.9024332165718079,,,0.25087653877114313,,,
sub-63__infomax_cpu,Infomax,sub-63,7,41.13247085097189,-0.05711416115470246,0.017323076736722683,0.02855815336381646,,,,425.25362629586624,,,
sub-63__infomax_cpu,Infomax,sub-63,8,16.167778571643098,-0.016906480950096146,-0.010279187494717436,0.06299431595704631,0.9980276226997375,,,0.41469495229246345,,,
sub-63__infomax_cpu,Infomax,sub-63,9,8.821407823580557,0.060472698898079415,0.019671088872024674,0.01805369501009387,,0.9456331729888916,,1.693230080069367,,,
sub-63__infomax_cpu,Infomax,sub-63,10,56.02993389014031,0.05827669033796454,-0.0026439566365646485,0.031034629051714994,,,,262.0351563011149,,,
sub-63__infomax_cpu,Infomax,sub-63,11,9.733925543381758,-0.0012888586160145468,-0.05500266296581002,0.036576259511292425,0.9961216449737549,,,2.4040902932521586,,,
sub-63__infomax_cpu,Infomax,sub-63,12,28.31146012782287,0.01965400220916549,0.058427670680510864,0.023756482098997826,0.6399201154708862,,,0.7592032287363164,,,
sub-63__infomax_cpu,Infomax,sub-63,13,54.67487586676691,-0.031171704817972996,0.05109331702065588,0.0281196894392117,,0.39963287115097046,,3.912669356184665,,,
sub-63__infomax_cpu,Infomax,sub-63,14,54.674352725858775,-0.04686782731765603,0.04375974627412913,0.01568927697121201,,,,1.2047407275251345,,,
sub-63__jax_gpu,AMICA-Python (JAX-GPU),sub-63,0,29.345783236778217,0.05260217027159383,0.0335502791496643,0.021603381495210485,,,,-0.5789392025369766,,,
sub-63__jax_gpu,AMICA-Python (JAX-GPU),sub-63,1,1.811783087156499,0.010381254572203886,-0.024890813693331622,0.060310575833137293,0.9964423179626465,,,1.8360635759333164,,,
sub-63__jax_gpu,AMICA-Python (JAX-GPU),sub-63,2,14.888973823165884,0.002245209452428843,0.011038172792624278,0.06509907650161276,0.9884718656539917,,,0.366460398437201,,,
sub-63__jax_gpu,AMICA-Python (JAX-GPU),sub-63,3,17.093198076401194,-0.0011305180597600043,0.003349069539768764,0.06597874645870876,0.9985401630401611,,,0.3059391232358606,,,
sub-63__jax_gpu,AMICA-Python (JAX-GPU),sub-63,4,40.60234509995016,-0.057147607096622664,0.016284432462005987,0.0287799882664113,0.5068204402923584,,,390.61929767705584,,,
sub-63__jax_gpu,AMICA-Python (JAX-GPU),sub-63,5,10.92768638517002,-0.003290961505196728,0.06456568191727932,0.0134505482749434,,,0.9946007132530212,0.7014856029683245,,,
sub-63__jax_gpu,AMICA-Python (JAX-GPU),sub-63,6,12.959955717473932,0.05954672001024796,0.02111591590091221,0.019332693011472318,,0.8998674154281616,,1.7504161015517514,,,
sub-63__jax_gpu,AMICA-Python (JAX-GPU),sub-63,7,52.95277868583074,-0.056241141118497734,0.022051502427565785,0.026749514801464667,,,,261.6075084594982,,,
sub-63__jax_gpu,AMICA-Python (JAX-GPU),sub-63,8,12.987397610621713,0.007757660820349686,0.06516586782356912,0.007248712927292553,,,0.9717309474945068,64.80172560946798,,,
sub-63__jax_gpu,AMICA-Python (JAX-GPU),sub-63,9,16.624733682276315,0.05578769242754604,0.018622735173517244,0.030227201764885518,0.8788850903511047,,,2.2187019786159254,,,
sub-63__jax_gpu,AMICA-Python (JAX-GPU),sub-63,10,4.495994293743038,-0.01549264374975533,0.01036517385839078,0.06338222132003905,0.9701797962188721,,,0.9598127434420296,,,
sub-63__jax_gpu,AMICA-Python (JAX-GPU),sub-63,11,55.48318939767122,-0.032659904052550086,0.05135908688410005,0.025946049009360258,,0.43028903007507324,,3.9447715396767356,,,
sub-63__jax_gpu,AMICA-Python (JAX-GPU),sub-63,12,58.534090632958105,-0.052134734286093054,0.035806861882776396,0.018869144719533784,0.4995678663253784,,,1.2010943927624185,,,
sub-63__jax_gpu,AMICA-Python (JAX-GPU),sub-63,13,5.635659444996023,-0.021466483056304903,-0.04818046533947574,0.03978363334074024,0.9916903972625732,,,2.476059281569852,,,
sub-63__jax_gpu,AMICA-Python (JAX-GPU),sub-63,14,25.189618738787672,0.01799144141501404,0.056654701846553725,0.02911303547389555,0.5355706810951233,,,0.7591586492883979,,,
sub-63__picard_cpu,Picard,sub-63,0,80.56686083347049,-0.018680179594760225,0.06282610370774175,0.007750989279348359,,,,-0.5802729992589009,,,
sub-63__picard_cpu,Picard,sub-63,1,1.360125670865159,0.005320896874335445,-0.020647630793652106,0.06253104318691786,0.9966659545898438,,,1.809044837016156,,,
sub-63__picard_cpu,Picard,sub-63,2,13.17918742284212,0.0558711067602209,0.018694958281409713,0.0300218564314516,0.9207580089569092,,,2.136880838077839,,,
sub-63__picard_cpu,Picard,sub-63,3,17.748009969281867,3.500521100990408e-05,-0.0008073984306465733,0.06603122288817363,0.9962866902351379,,,0.33647302194026363,,,
sub-63__picard_cpu,Picard,sub-63,4,12.839919439996834,0.006769090761649353,0.06533595541610049,0.006947937622446309,,,0.9766806960105896,64.69336272767445,,,
sub-63__picard_cpu,Picard,sub-63,5,12.154256582561459,-0.003915791712374705,0.06455156646101719,0.013988263316891292,,,0.9980887770652771,0.7382574867371452,,,
sub-63__picard_cpu,Picard,sub-63,6,4.292512912335283,-0.020013009097226277,0.007853018662717034,0.06246724738997401,0.9797588586807251,,,0.9764131938752367,,,
sub-63__picard_cpu,Picard,sub-63,7,41.44814259744843,-0.05708330261209595,0.01686566256052109,0.028659186613797898,,,,425.31923626388243,,,
sub-63__picard_cpu,Picard,sub-63,8,16.62225809635794,0.006663459715000198,0.00900107429795604,0.06510944795846367,0.9908968210220337,,,0.46276755594952235,,,
sub-63__picard_cpu,Picard,sub-63,9,10.655166850612488,0.05969076885484848,0.021546964030133568,0.018222129750577805,,0.9627615809440613,,1.6894239347307014,,,
sub-63__picard_cpu,Picard,sub-63,10,55.84317605176196,0.05825349948284419,-0.0026487430405473045,0.030936549222957757,,,,262.0834567591897,,,
sub-63__picard_cpu,Picard,sub-63,11,14.719139694282575,-0.008116467272563817,-0.05487909442125098,0.035968641062420384,0.9946236610412598,,,2.4768810584449605,,,
sub-63__picard_cpu,Picard,sub-63,12,26.059661504084062,0.01761826886650395,0.05616756097843255,0.02998307456440705,0.5858771800994873,,,0.7452791626257556,,,
sub-63__picard_cpu,Picard,sub-63,13,54.97649846764018,-0.03144767001749268,0.05179820953776495,0.02627900680428216,,0.41550499200820923,,3.912587290455594,,,
sub-63__picard_cpu,Picard,sub-63,14,60.71348149195794,-0.05210760210851412,0.03587693546213207,0.018905709234223404,,,,1.218722018978852,,,
sub-64__fastica_cpu,FastICA,sub-64,0,8.175480729018659,0.01958558668696258,0.024194556592123138,0.05827210055071905,,,,0.08706862597787923,,,
sub-64__fastica_cpu,FastICA,sub-64,1,3.7018396925949872,-0.011371794156481032,0.005109367686810978,0.04154503203150313,0.9995099306106567,,,0.4107664778591813,,,
sub-64__fastica_cpu,FastICA,sub-64,2,12.753437136651442,-0.0007877786411677687,0.06589328723751335,0.006271177603373728,,,0.9774965047836304,21.676730666701783,,,
sub-64__fastica_cpu,FastICA,sub-64,3,4.615558887582964,-0.020953621600483446,0.009652759138542926,0.061974444115075494,0.9997638463973999,,,0.6472592639606516,,,
sub-64__fastica_cpu,FastICA,sub-64,4,68.59691101951886,-0.016748409049572605,0.04185419930606397,0.048314526644108124,0.8667949438095093,,,222.52630257284508,,,
sub-64__fastica_cpu,FastICA,sub-64,5,8.616736344196724,-0.013959604934148672,-0.0535287945805448,0.03604219319366629,0.9996726512908936,,,0.7740580332742204,,,
sub-64__fastica_cpu,FastICA,sub-64,6,20.448422087006463,-0.0004708176704093514,0.06563629971486776,0.0076098466383433426,,,0.9994025826454163,10.96158000002799,,,
sub-64__fastica_cpu,FastICA,sub-64,7,8.433497518420324,0.016890735611284995,0.00987838644166129,0.06310131057174012,0.999675452709198,,,3.0234545172236196,,,
sub-64__fastica_cpu,FastICA,sub-64,8,35.302796821003454,0.008966746378609445,0.04105445133510329,0.05092555812547339,0.9796091318130493,,,0.2583143086312494,,,
sub-64__fastica_cpu,FastICA,sub-64,9,24.895733813968093,0.007243390036007782,-0.03079395878786418,0.058042516980302813,0.9996446371078491,,,6.307046823621237,,,
sub-64__fastica_cpu,FastICA,sub-64,10,6.250544717797382,0.055598965534797574,0.00607667820684722,0.03532562035853604,0.9094343185424805,,,134.83201474668695,,,
sub-64__fastica_cpu,FastICA,sub-64,11,37.995689250501655,-0.04920164308073813,0.03914596701714325,0.020295831249071708,,0.640744686126709,,151.4981625499736,,,
sub-64__fastica_cpu,FastICA,sub-64,12,13.56696933765555,-0.02441101917811878,-0.05135770444928405,0.03375265948235285,0.9985394477844238,,,9.747622644261693,,,
sub-64__fastica_cpu,FastICA,sub-64,13,12.320021637340318,-0.0577909048003197,0.011462253746767553,0.02991119504676768,0.9335275888442993,,,72.5442414238766,,,
sub-64__fastica_cpu,FastICA,sub-64,14,74.74437256862291,-0.04,0.039999999999999994,0.02,,0.45107489824295044,,5.006942805612731,,,
sub-64__infomax_cpu,Infomax,sub-64,0,6.1472518236518,0.017439019966665265,0.024864612617517285,0.05862549261824146,,,,0.08590077511783756,,,
sub-64__infomax_cpu,Infomax,sub-64,1,3.693804151370344,-0.012549783428902495,0.005200095480323966,0.04132907661356084,0.9995889663696289,,,0.41837987248372155,,,
sub-64__infomax_cpu,Infomax,sub-64,2,12.726239176773717,-0.0017783014204733726,0.0657088568187856,0.006197013076561664,,,0.9810950756072998,21.698133581847795,,,
sub-64__infomax_cpu,Infomax,sub-64,3,4.421037115005603,-0.019745169211604796,0.01130741093990551,0.06198474984028904,0.9997204542160034,,,0.6208626805595583,,,
sub-64__infomax_cpu,Infomax,sub-64,4,7.8873100415385125,-0.0107677131815125,-0.05279756930877964,0.03826554628682182,0.999688982963562,,,0.7514347051025108,,,
sub-64__infomax_cpu,Infomax,sub-64,5,68.98945277171131,-0.017467018728944312,0.041676869160885865,0.048367901099715206,0.8544333577156067,,,222.80422184298394,,,
sub-64__infomax_cpu,Infomax,sub-64,6,20.125966263076506,-0.0014259631625139057,0.06547544190794075,0.009215233812395876,,,0.9991716146469116,11.051978950581058,,,
sub-64__infomax_cpu,Infomax,sub-64,7,9.766854828471395,0.019276459809416228,0.009099755079158904,0.06248941982102385,0.9998078346252441,,,3.555908527391991,,,
sub-64__infomax_cpu,Infomax,sub-64,8,35.36613613627215,0.007580214754826736,0.04206552545994993,0.050371247253812965,0.9559743404388428,,,0.24821354869941503,,,
sub-64__infomax_cpu,Infomax,sub-64,9,25.882729837033622,0.006543199213767682,-0.0321890773430225,0.05732079756616687,0.9997090101242065,,,6.664291493352906,,,
sub-64__infomax_cpu,Infomax,sub-64,10,6.33758544629832,0.056637388619340305,0.005063938831161114,0.03387003541278237,0.9049917459487915,,,135.96340454312195,,,
sub-64__infomax_cpu,Infomax,sub-64,11,12.355344148049511,-0.022752554036768426,-0.05198213829474339,0.033805678473738686,0.9982250928878784,,,9.773139984873247,,,
sub-64__infomax_cpu,Infomax,sub-64,12,38.71647927068732,-0.048839825253100135,0.03941153353697617,0.020576852404445827,,0.5873363018035889,,151.9759862156142,,,
sub-64__infomax_cpu,Infomax,sub-64,13,13.083239017167443,-0.057807625119724974,0.011361730379683585,0.029902917323295367,0.9498653411865234,,,73.66163137664502,,,
sub-64__infomax_cpu,Infomax,sub-64,14,69.70159386770501,-0.032528344940854576,0.056360952203569285,0.011164570033730142,,0.42994245886802673,,4.984753915280371,,,
sub-64__jax_gpu,AMICA-Python (JAX-GPU),sub-64,0,3.6229585509594813,0.01563642563612084,0.012189608218241938,0.06298142455305644,,,,0.07187812674229566,,,
sub-64__jax_gpu,AMICA-Python (JAX-GPU),sub-64,1,2.6634043457958825,0.017793038931863493,-0.023882596717135624,0.05897521472988802,0.9992998242378235,,,0.45684017359936835,,,
sub-64__jax_gpu,AMICA-Python (JAX-GPU),sub-64,2,3.088382072571264,-0.03880193645789296,-0.006294464941766749,0.05304804918987492,0.9994315505027771,,,0.5907620007249985,,,
sub-64__jax_gpu,AMICA-Python (JAX-GPU),sub-64,3,13.334382981689856,-0.0005945497926186938,0.06573381843814481,0.006422890066943481,,,0.9891828298568726,21.503799572172756,,,
sub-64__jax_gpu,AMICA-Python (JAX-GPU),sub-64,4,7.664977613297339,-0.02459220916746383,0.009823591321202797,0.06061536244440027,0.9992825984954834,,,0.6199347060637748,,,
sub-64__jax_gpu,AMICA-Python (JAX-GPU),sub-64,5,20.346931586417085,0.0005768080453029132,0.06543580065236726,0.009078717518117476,,,0.9979251027107239,13.803355926136256,,,
sub-64__jax_gpu,AMICA-Python (JAX-GPU),sub-64,6,31.685320353703588,0.0006451705966985598,0.03272344128790227,0.05738820568331268,0.9963642954826355,,,0.21668354978885596,,,
sub-64__jax_gpu,AMICA-Python (JAX-GPU),sub-64,7,8.419111511430401,0.02001651391985635,0.007367534259142809,0.06254422057040984,0.9987192153930664,,,3.0585915464249096,,,
sub-64__jax_gpu,AMICA-Python (JAX-GPU),sub-64,8,5.616369414642776,0.05513515769652333,0.001977845389879645,0.03635235415845739,0.8945577144622803,,,133.3451216076525,,,
sub-64__jax_gpu,AMICA-Python (JAX-GPU),sub-64,9,68.7473015224486,-0.016737893805290227,0.04187097153259936,0.04822915715081147,0.8383806943893433,,,222.3526848452928,,,
sub-64__jax_gpu,AMICA-Python (JAX-GPU),sub-64,10,12.104582004351869,-0.05748982872893929,0.011616498315060264,0.030361839593655068,0.9183694124221802,,,73.81567702277586,,,
sub-64__jax_gpu,AMICA-Python (JAX-GPU),sub-64,11,8.876694571588303,-0.023332259034244865,-0.05181962661250289,0.03368661944711089,0.9982229471206665,,,9.884794660483404,,,
sub-64__jax_gpu,AMICA-Python (JAX-GPU),sub-64,12,35.95434721960811,-0.04949881816110966,0.03729885453089477,0.022759788035144505,,0.4837160110473633,,149.8171234852683,,,
sub-64__jax_gpu,AMICA-Python (JAX-GPU),sub-64,13,25.35667391808775,0.006396455034116224,-0.033504798965769786,0.05657936327383992,0.9996932148933411,,,7.386420444460722,,,
sub-64__jax_gpu,AMICA-Python (JAX-GPU),sub-64,14,65.83208252717543,-0.023800878917483677,0.060986385027457374,0.00886656139579621,,0.45023810863494873,,5.31333373177832,,,
sub-64__picard_cpu,Picard,sub-64,0,6.633306157994397,0.017710163153134607,0.0254674173375913,0.05828437693357527,,,,0.08588083549618997,,,
sub-64__picard_cpu,Picard,sub-64,1,3.6970593646628203,-0.011323449106314993,0.005332376724686786,0.04133328561857894,0.999618649482727,,,0.41010865552427855,,,
sub-64__picard_cpu,Picard,sub-64,2,12.680808092205908,-0.0024604563940376642,0.06576208282012287,0.0065716124545768815,,,0.9805713891983032,21.699498845379512,,,
sub-64__picard_cpu,Picard,sub-64,3,4.076508240889922,-0.01860635443353767,0.012041383520584238,0.06223611814990695,0.9997303485870361,,,0.6043203267715707,,,
sub-64__picard_cpu,Picard,sub-64,4,8.270746833172922,-0.01455344032705671,-0.053966077842048245,0.03538184145357955,0.9997555613517761,,,0.761033893043273,,,
sub-64__picard_cpu,Picard,sub-64,5,69.05867843018989,-0.017628331517802843,0.04168666569065424,0.048299992589324166,0.8551377058029175,,,222.83344499469118,,,
sub-64__picard_cpu,Picard,sub-64,6,20.06494777461573,0.00012506644312407914,0.06557669045047744,0.008820638136185324,,,0.9992066621780396,11.055292128936296,,,
sub-64__picard_cpu,Picard,sub-64,7,10.367222593268451,0.01957260123383976,0.007511795672445027,0.06265375948009877,0.9998847246170044,,,3.537291825617645,,,
sub-64__picard_cpu,Picard,sub-64,8,37.30009859748527,0.008085961385209818,0.04404916439550461,0.048686398088975,0.9600375294685364,,,0.2487131703131391,,,
sub-64__picard_cpu,Picard,sub-64,9,27.483463934482856,0.006391019200580365,-0.032213175529694694,0.0572778115864482,0.9996374845504761,,,6.771366647984518,,,
sub-64__picard_cpu,Picard,sub-64,10,6.363780018216772,0.055814802817195246,0.005024756139954415,0.034914714568003026,0.91508948802948,,,135.7294171626635,,,
sub-64__picard_cpu,Picard,sub-64,11,12.753734000046904,-0.02272139735659622,-0.05195402419241185,0.03391275985723743,0.9981684684753418,,,9.766178813693774,,,
sub-64__picard_cpu,Picard,sub-64,12,38.48735877889556,-0.05008287931543894,0.03778557962666289,0.0208120856488423,,0.6019490957260132,,151.9255008558484,,,
sub-64__picard_cpu,Picard,sub-64,13,13.310179507171071,-0.05773655607537785,0.01159797101038052,0.029854848315701777,0.9515040516853333,,,73.65007320520868,,,
sub-64__picard_cpu,Picard,sub-64,14,73.6241183933683,-0.04,0.039999999999999994,0.02,,0.4373059868812561,,4.992136216553249,,,
sub-65__fastica_cpu,FastICA,sub-65,0,6.0529478806142265,0.0013000055848836319,0.01397389224043999,0.06455721037091516,,,,0.04486468306744085,,,
sub-65__fastica_cpu,FastICA,sub-65,1,8.33426291301194,0.0021400030347023392,0.013134525139029267,0.06467023452520482,0.6030046939849854,,,0.2154823005681421,,,
sub-65__fastica_cpu,FastICA,sub-65,2,9.75304243997121,0.0005863726870930512,0.06545255713981987,0.008903126797145087,,,0.9657468199729919,53.83226769503994,,,
sub-65__fastica_cpu,FastICA,sub-65,3,53.97843312765498,-0.03869794538135459,0.04881334844225823,0.021886794325586944,,0.9929620027542114,,112.89128539131353,,,
sub-65__fastica_cpu,FastICA,sub-65,4,35.36618506374117,0.03969229827494219,0.049329226713128026,0.01878761378499256,,0.9868186712265015,,84.99636637211812,,,
sub-65__fastica_cpu,FastICA,sub-65,5,11.911014677144777,-0.026281846323924003,0.05983444507220178,0.009673049067110816,,,0.3688366413116455,4.554041590842495,,,
sub-65__fastica_cpu,FastICA,sub-65,6,10.772008082650459,0.056864453187767026,0.010991876228098512,0.03203238315632871,0.4621959626674652,,,104.42620542291073,,,
sub-65__fastica_cpu,FastICA,sub-65,7,5.30793690608148,0.046268644871991685,0.03814005739913768,0.027637947893140325,0.44627493619918823,,,16.24188424865537,,,
sub-65__fastica_cpu,FastICA,sub-65,8,23.713787199139844,-0.05427385406814855,0.014007327175560984,0.0349436639488475,0.7890379428863525,,,43.27749330456804,,,
sub-65__fastica_cpu,FastICA,sub-65,9,7.92633194637105,-0.0025637988160518667,0.009704690972475285,0.06525758252722724,0.9989794492721558,,,0.2476360594256528,,,
sub-65__fastica_cpu,FastICA,sub-65,10,24.254144058769313,0.043917848361478065,0.0056886085608095814,0.04902832819657494,0.8779527544975281,,,28.472125287599432,,,
sub-65__fastica_cpu,FastICA,sub-65,11,1.833129092767777,-0.016013609669646375,-0.03567957602910816,0.053245389166435814,0.9990370869636536,,,0.5848863318408055,,,
sub-65__fastica_cpu,FastICA,sub-65,12,7.174280602296847,-0.05240895118117963,-0.020956159429006697,0.024434904673390136,0.8823680877685547,,,11.444434127327728,,,
sub-65__fastica_cpu,FastICA,sub-65,13,81.86094862041885,0.034296771877299195,0.05529748363101992,0.011042406661282811,,,0.685519814491272,1.4537089549978797,,,
sub-65__fastica_cpu,FastICA,sub-65,14,20.7808978896079,0.022762938742211993,-0.051405886827690164,0.03461132140458716,0.7613099813461304,,,37.45161861709493,,,
sub-65__infomax_cpu,Infomax,sub-65,0,5.318060516033782,0.0017069478983914508,0.015025147684893821,0.06431124407437325,,,,0.041507890319337104,,,
sub-65__infomax_cpu,Infomax,sub-65,1,8.170960673241765,0.0023347024768582887,0.013386741698790854,0.06465811454047639,0.6401366591453552,,,0.21654004670571592,,,
sub-65__infomax_cpu,Infomax,sub-65,2,9.592016463931813,-0.0006688572833203183,0.06587695484182826,0.006450192883075832,,,0.982460081577301,53.88242360910718,,,
sub-65__infomax_cpu,Infomax,sub-65,3,54.26748829173424,-0.038707445241352764,0.048808556337645616,0.02188068234477615,,0.9839684963226318,,113.07865529975213,,,
sub-65__infomax_cpu,Infomax,sub-65,4,35.49997428177892,0.039784775958564195,0.049249732071374314,0.01888715412587067,,0.9841284155845642,,85.60186241065102,,,
sub-65__infomax_cpu,Infomax,sub-65,5,12.262988655787083,-0.024427970924745496,0.0606409469169784,0.01037001618198429,,,0.43400511145591736,4.604271408066682,,,
sub-65__infomax_cpu,Infomax,sub-65,6,9.511240963567275,0.057146020879881305,0.00734038981320047,0.03238277124580704,0.40811872482299805,,,106.39081977207188,,,
sub-65__infomax_cpu,Infomax,sub-65,7,5.883664305238668,0.04555009105874073,0.03800344085151003,0.028986788090633632,0.4042784571647644,,,17.320413224830673,,,
sub-65__infomax_cpu,Infomax,sub-65,8,24.791198872889495,-0.05421526954307151,0.014734736616715456,0.03477316982610301,0.7410342693328857,,,44.558474443911926,,,
sub-65__infomax_cpu,Infomax,sub-65,9,22.395821314641367,0.04274596459325099,0.005554408024361347,0.050012929717732246,0.8576248288154602,,,30.878309844507974,,,
sub-65__infomax_cpu,Infomax,sub-65,10,1.6983259663490742,-0.016353823567667295,-0.03540266581235607,0.053277711714707715,0.9992623329162598,,,0.5845831281349789,,,
sub-65__infomax_cpu,Infomax,sub-65,11,8.098165170124702,-0.0023444173867611605,0.009503468978919462,0.06529608116148766,0.9989485144615173,,,0.25056882265033087,,,
sub-65__infomax_cpu,Infomax,sub-65,12,7.149886263610028,-0.05234069670637108,-0.021089816509138364,0.024586181941906857,0.8186869621276855,,,11.917550184406918,,,
sub-65__infomax_cpu,Infomax,sub-65,13,82.74073838409679,0.039999999999999994,0.04,0.02,,,0.6276562809944153,1.450242661886504,,,
sub-65__infomax_cpu,Infomax,sub-65,14,19.90610635740815,0.022800667290075207,-0.05136560197797882,0.03497795904313678,0.7694733142852783,,,37.50845583933471,,,
sub-65__jax_gpu,AMICA-Python (JAX-GPU),sub-65,0,4.725302943941784,0.00576691296828213,0.0145065320474383,0.06415324462028726,,,,0.004950557378421205,,,
sub-65__jax_gpu,AMICA-Python (JAX-GPU),sub-65,1,9.336387507361692,0.0007984501043314269,0.06564947394165375,0.00736278210304552,,,0.9854435324668884,53.39343682035018,,,
sub-65__jax_gpu,AMICA-Python (JAX-GPU),sub-65,2,47.47825624529808,-0.04096244465553285,0.04722038368897858,0.021377547573726938,,0.9858287572860718,,113.85550062492754,,,
sub-65__jax_gpu,AMICA-Python (JAX-GPU),sub-65,3,31.13474571195445,0.04156134299674925,0.04803619415064799,0.01801346240519853,,0.9764799475669861,,94.48404218713692,,,
sub-65__jax_gpu,AMICA-Python (JAX-GPU),sub-65,4,8.06999306331538,-0.003120806557929773,0.0057458953734440725,0.06573485856888911,0.9995330572128296,,,0.24558338517484835,,,
sub-65__jax_gpu,AMICA-Python (JAX-GPU),sub-65,5,16.692598460967858,-0.02429315952010708,0.060725694015583434,0.008979433823070152,,,0.4672774374485016,4.490496395732725,,,
sub-65__jax_gpu,AMICA-Python (JAX-GPU),sub-65,6,1.7334860477210299,-0.01402036393414599,-0.03612100716114735,0.05342946001908813,0.9982467889785767,,,0.5842698630801206,,,
sub-65__jax_gpu,AMICA-Python (JAX-GPU),sub-65,7,24.526921675752916,0.06150671984889945,0.004077345827027407,0.023656508613745388,,0.4842141568660736,,106.32024691983293,,,
sub-65__jax_gpu,AMICA-Python (JAX-GPU),sub-65,8,4.275735980520395,0.04062643877663791,0.03652807270359499,0.03714498321768175,0.6066516637802124,,,16.105173768731287,,,
sub-65__jax_gpu,AMICA-Python (JAX-GPU),sub-65,9,80.70082903654537,0.03740471587679306,0.053025447731174805,0.01204966052929648,,,0.7657784223556519,1.4818295079011454,,,
sub-65__jax_gpu,AMICA-Python (JAX-GPU),sub-65,10,6.908824400914526,-0.04199371901993772,-0.02067276811305134,0.023867558137749375,0.9508699774742126,,,6.909932333197645,,,
sub-65__jax_gpu,AMICA-Python (JAX-GPU),sub-65,11,24.854943028962126,0.04162563335957103,0.002525472273874525,0.0512368883706214,0.801239013671875,,,38.44770413511265,,,
sub-65__jax_gpu,AMICA-Python (JAX-GPU),sub-65,12,22.011264042090517,0.02276195125809937,-0.05147559111389364,0.034714424455945275,0.7574789524078369,,,37.656336703217384,,,
sub-65__jax_gpu,AMICA-Python (JAX-GPU),sub-65,13,23.924084741706196,-0.05527793874941502,0.013483548289330996,0.033592411242581915,,,,53.45044721721196,,,
sub-65__jax_gpu,AMICA-Python (JAX-GPU),sub-65,14,8.27544840091059,0.0010657635416961378,0.013678994991803464,0.06462244053725545,0.9996181726455688,,,0.2162002720486127,,,
sub-65__picard_cpu,Picard,sub-65,0,5.739696255840627,0.0014361149166921697,0.014342075689203588,0.06447498098060439,,,,0.04405167685457467,,,
sub-65__picard_cpu,Picard,sub-65,1,8.188113514670576,0.002216500034260557,0.013473376177560167,0.06463954396697749,0.6019776463508606,,,0.21539136987479912,,,
sub-65__picard_cpu,Picard,sub-65,2,9.635041366658413,0.0008153958233987379,0.06566380495159331,0.006862155364606175,,,0.982297420501709,53.881523500088726,,,
sub-65__picard_cpu,Picard,sub-65,3,54.23634338716894,-0.03870711757806271,0.0488078010217868,0.021882946621557677,,0.9836729764938354,,113.08158316842739,,,
sub-65__picard_cpu,Picard,sub-65,4,35.520499087409135,0.039989051400149474,0.0491616092130089,0.018675992464856603,,0.9831185340881348,,85.59171749831677,,,
sub-65__picard_cpu,Picard,sub-65,5,12.203199512395855,-0.02609911612304064,0.059909263831322994,0.009709768678725306,,,0.42216816544532776,4.603645532111814,,,
sub-65__picard_cpu,Picard,sub-65,6,9.801036070541983,0.05681644720089877,0.01086874009680759,0.03177698554915915,0.40923231840133667,,,106.68882274158771,,,
sub-65__picard_cpu,Picard,sub-65,7,5.88090144728038,0.04561545056613968,0.037955403849691226,0.029048129535095755,0.4025880992412567,,,17.3442124178076,,,
sub-65__picard_cpu,Picard,sub-65,8,25.470741243846277,-0.05411855460007692,0.01371417701312868,0.035294355408347355,0.7846892476081848,,,43.71746457191551,,,
sub-65__picard_cpu,Picard,sub-65,9,22.24438202407913,0.04291459885298932,0.005296195374430007,0.049953000860879684,0.8438745737075806,,,30.609970114986822,,,
sub-65__picard_cpu,Picard,sub-65,10,8.028261721603968,-0.0022459788364455288,0.009568032099797459,0.06528947424409672,0.9989315867424011,,,0.2496686934326764,,,
sub-65__picard_cpu,Picard,sub-65,11,1.6930132674813336,-0.01649495286214148,-0.035326746719720616,0.05328455903802236,0.999233603477478,,,0.5840854532887385,,,
sub-65__picard_cpu,Picard,sub-65,12,7.2656825754508105,-0.05305468385910101,-0.02124476503377512,0.023653947084921263,0.8121939301490784,,,12.569472170297578,,,
sub-65__picard_cpu,Picard,sub-65,13,82.76905613542722,0.039999999999999994,0.04,0.02,,,0.6687295436859131,1.4472744706259153,,,
sub-65__picard_cpu,Picard,sub-65,14,19.846534161057733,0.022783133678942562,-0.05137278256359491,0.03497833411248261,0.7722823619842529,,,37.50867299290242,,,
