dataset,subject,num_models,fit_seed,surrogate,surrogate_seed
ds004505,1,1,0,none,0
ds004505,1,1,0,phase,100001
ds004505,1,1,1,none,0
ds004505,1,1,1,phase,100001
ds004505,1,1,2,none,0
ds004505,1,1,2,phase,100001
ds004505,1,2,0,none,0
ds004505,1,2,0,phase,100001
ds004505,1,2,1,none,0
ds004505,1,2,1,phase,100001
ds004505,1,2,2,none,0
ds004505,1,2,2,phase,100001
ds004505,1,3,0,none,0
ds004505,1,3,0,phase,100001
ds004505,1,3,1,none,0
ds004505,1,3,1,phase,100001
ds004505,1,3,2,none,0
ds004505,1,3,2,phase,100001
ds004505,1,4,0,none,0
ds004505,1,4,0,phase,100001
ds004505,1,4,1,none,0
ds004505,1,4,1,phase,100001
ds004505,1,4,2,none,0
ds004505,1,4,2,phase,100001
ds004505,1,5,0,none,0
ds004505,1,5,0,phase,100001
ds004505,1,5,1,none,0
ds004505,1,5,1,phase,100001
ds004505,1,5,2,none,0
ds004505,1,5,2,phase,100001
ds004505,1,6,0,none,0
ds004505,1,6,0,phase,100001
ds004505,1,6,1,none,0
ds004505,1,6,1,phase,100001
ds004505,1,6,2,none,0
ds004505,1,6,2,phase,100001
ds004505,1,7,0,none,0
ds004505,1,7,0,phase,100001
ds004505,1,7,1,none,0
ds004505,1,7,1,phase,100001
ds004505,1,7,2,none,0
ds004505,1,7,2,phase,100001
ds004505,1,8,0,none,0
ds004505,1,8,0,phase,100001
ds004505,1,8,1,none,0
ds004505,1,8,1,phase,100001
ds004505,1,8,2,none,0
ds004505,1,8,2,phase,100001
ds004505,1,9,0,none,0
ds004505,1,9,0,phase,100001
ds004505,1,9,1,none,0
ds004505,1,9,1,phase,100001
ds004505,1,9,2,none,0
ds004505,1,9,2,phase,100001
ds004505,1,10,0,none,0
ds004505,1,10,0,phase,100001
ds004505,1,10,1,none,0
ds004505,1,10,1,phase,100001
ds004505,1,10,2,none,0
ds004505,1,10,2,phase,100001
ds004505,2,1,0,none,0
ds004505,2,1,0,phase,100002
ds004505,2,1,1,none,0
ds004505,2,1,1,phase,100002
ds004505,2,1,2,none,0
ds004505,2,1,2,phase,100002
ds004505,2,2,0,none,0
ds004505,2,2,0,phase,100002
ds004505,2,2,1,none,0
ds004505,2,2,1,phase,100002
ds004505,2,2,2,none,0
ds004505,2,2,2,phase,100002
ds004505,2,3,0,none,0
ds004505,2,3,0,phase,100002
ds004505,2,3,1,none,0
ds004505,2,3,1,phase,100002
ds004505,2,3,2,none,0
ds004505,2,3,2,phase,100002
ds004505,2,4,0,none,0
ds004505,2,4,0,phase,100002
ds004505,2,4,1,none,0
ds004505,2,4,1,phase,100002
ds004505,2,4,2,none,0
ds004505,2,4,2,phase,100002
ds004505,2,5,0,none,0
ds004505,2,5,0,phase,100002
ds004505,2,5,1,none,0
ds004505,2,5,1,phase,100002
ds004505,2,5,2,none,0
ds004505,2,5,2,phase,100002
ds004505,2,6,0,none,0
ds004505,2,6,0,phase,100002
ds004505,2,6,1,none,0
ds004505,2,6,1,phase,100002
ds004505,2,6,2,none,0
ds004505,2,6,2,phase,100002
ds004505,2,7,0,none,0
ds004505,2,7,0,phase,100002
ds004505,2,7,1,none,0
ds004505,2,7,1,phase,100002
ds004505,2,7,2,none,0
ds004505,2,7,2,phase,100002
ds004505,2,8,0,none,0
ds004505,2,8,0,phase,100002
ds004505,2,8,1,none,0
ds004505,2,8,1,phase,100002
ds004505,2,8,2,none,0
ds004505,2,8,2,phase,100002
ds004505,2,9,0,none,0
ds004505,2,9,0,phase,100002
ds004505,2,9,1,none,0
ds004505,2,9,1,phase,100002
ds004505,2,9,2,none,0
ds004505,2,9,2,phase,100002
ds004505,2,10,0,none,0
ds004505,2,10,0,phase,100002
ds004505,2,10,1,none,0
ds004505,2,10,1,phase,100002
ds004505,2,10,2,none,0
ds004505,2,10,2,phase,100002
ds004505,3,1,0,none,0
ds004505,3,1,0,phase,100003
ds004505,3,1,1,none,0
ds004505,3,1,1,phase,100003
ds004505,3,1,2,none,0
ds004505,3,1,2,phase,100003
ds004505,3,2,0,none,0
ds004505,3,2,0,phase,100003
ds004505,3,2,1,none,0
ds004505,3,2,1,phase,100003
ds004505,3,2,2,none,0
ds004505,3,2,2,phase,100003
ds004505,3,3,0,none,0
ds004505,3,3,0,phase,100003
ds004505,3,3,1,none,0
ds004505,3,3,1,phase,100003
ds004505,3,3,2,none,0
ds004505,3,3,2,phase,100003
ds004505,3,4,0,none,0
ds004505,3,4,0,phase,100003
ds004505,3,4,1,none,0
ds004505,3,4,1,phase,100003
ds004505,3,4,2,none,0
ds004505,3,4,2,phase,100003
ds004505,3,5,0,none,0
ds004505,3,5,0,phase,100003
ds004505,3,5,1,none,0
ds004505,3,5,1,phase,100003
ds004505,3,5,2,none,0
ds004505,3,5,2,phase,100003
ds004505,3,6,0,none,0
ds004505,3,6,0,phase,100003
ds004505,3,6,1,none,0
ds004505,3,6,1,phase,100003
ds004505,3,6,2,none,0
ds004505,3,6,2,phase,100003
ds004505,3,7,0,none,0
ds004505,3,7,0,phase,100003
ds004505,3,7,1,none,0
ds004505,3,7,1,phase,100003
ds004505,3,7,2,none,0
ds004505,3,7,2,phase,100003
ds004505,3,8,0,none,0
ds004505,3,8,0,phase,100003
ds004505,3,8,1,none,0
ds004505,3,8,1,phase,100003
ds004505,3,8,2,none,0
ds004505,3,8,2,phase,100003
ds004505,3,9,0,none,0
ds004505,3,9,0,phase,100003
ds004505,3,9,1,none,0
ds004505,3,9,1,phase,100003
ds004505,3,9,2,none,0
ds004505,3,9,2,phase,100003
ds004505,3,10,0,none,0
ds004505,3,10,0,phase,100003
ds004505,3,10,1,none,0
ds004505,3,10,1,phase,100003
ds004505,3,10,2,none,0
ds004505,3,10,2,phase,100003
ds004505,4,1,0,none,0
ds004505,4,1,0,phase,100004
ds004505,4,1,1,none,0
ds004505,4,1,1,phase,100004
ds004505,4,1,2,none,0
ds004505,4,1,2,phase,100004
ds004505,4,2,0,none,0
ds004505,4,2,0,phase,100004
ds004505,4,2,1,none,0
ds004505,4,2,1,phase,100004
ds004505,4,2,2,none,0
ds004505,4,2,2,phase,100004
ds004505,4,3,0,none,0
ds004505,4,3,0,phase,100004
ds004505,4,3,1,none,0
ds004505,4,3,1,phase,100004
ds004505,4,3,2,none,0
ds004505,4,3,2,phase,100004
ds004505,4,4,0,none,0
ds004505,4,4,0,phase,100004
ds004505,4,4,1,none,0
ds004505,4,4,1,phase,100004
ds004505,4,4,2,none,0
ds004505,4,4,2,phase,100004
ds004505,4,5,0,none,0
ds004505,4,5,0,phase,100004
ds004505,4,5,1,none,0
ds004505,4,5,1,phase,100004
ds004505,4,5,2,none,0
ds004505,4,5,2,phase,100004
ds004505,4,6,0,none,0
ds004505,4,6,0,phase,100004
ds004505,4,6,1,none,0
ds004505,4,6,1,phase,100004
ds004505,4,6,2,none,0
ds004505,4,6,2,phase,100004
ds004505,4,7,0,none,0
ds004505,4,7,0,phase,100004
ds004505,4,7,1,none,0
ds004505,4,7,1,phase,100004
ds004505,4,7,2,none,0
ds004505,4,7,2,phase,100004
ds004505,4,8,0,none,0
ds004505,4,8,0,phase,100004
ds004505,4,8,1,none,0
ds004505,4,8,1,phase,100004
ds004505,4,8,2,none,0
ds004505,4,8,2,phase,100004
ds004505,4,9,0,none,0
ds004505,4,9,0,phase,100004
ds004505,4,9,1,none,0
ds004505,4,9,1,phase,100004
ds004505,4,9,2,none,0
ds004505,4,9,2,phase,100004
ds004505,4,10,0,none,0
ds004505,4,10,0,phase,100004
ds004505,4,10,1,none,0
ds004505,4,10,1,phase,100004
ds004505,4,10,2,none,0
ds004505,4,10,2,phase,100004
ds004505,5,1,0,none,0
ds004505,5,1,0,phase,100005
ds004505,5,1,1,none,0
ds004505,5,1,1,phase,100005
ds004505,5,1,2,none,0
ds004505,5,1,2,phase,100005
ds004505,5,2,0,none,0
ds004505,5,2,0,phase,100005
ds004505,5,2,1,none,0
ds004505,5,2,1,phase,100005
ds004505,5,2,2,none,0
ds004505,5,2,2,phase,100005
ds004505,5,3,0,none,0
ds004505,5,3,0,phase,100005
ds004505,5,3,1,none,0
ds004505,5,3,1,phase,100005
ds004505,5,3,2,none,0
ds004505,5,3,2,phase,100005
ds004505,5,4,0,none,0
ds004505,5,4,0,phase,100005
ds004505,5,4,1,none,0
ds004505,5,4,1,phase,100005
ds004505,5,4,2,none,0
ds004505,5,4,2,phase,100005
ds004505,5,5,0,none,0
ds004505,5,5,0,phase,100005
ds004505,5,5,1,none,0
ds004505,5,5,1,phase,100005
ds004505,5,5,2,none,0
ds004505,5,5,2,phase,100005
ds004505,5,6,0,none,0
ds004505,5,6,0,phase,100005
ds004505,5,6,1,none,0
ds004505,5,6,1,phase,100005
ds004505,5,6,2,none,0
ds004505,5,6,2,phase,100005
ds004505,5,7,0,none,0
ds004505,5,7,0,phase,100005
ds004505,5,7,1,none,0
ds004505,5,7,1,phase,100005
ds004505,5,7,2,none,0
ds004505,5,7,2,phase,100005
ds004505,5,8,0,none,0
ds004505,5,8,0,phase,100005
ds004505,5,8,1,none,0
ds004505,5,8,1,phase,100005
ds004505,5,8,2,none,0
ds004505,5,8,2,phase,100005
ds004505,5,9,0,none,0
ds004505,5,9,0,phase,100005
ds004505,5,9,1,none,0
ds004505,5,9,1,phase,100005
ds004505,5,9,2,none,0
ds004505,5,9,2,phase,100005
ds004505,5,10,0,none,0
ds004505,5,10,0,phase,100005
ds004505,5,10,1,none,0
ds004505,5,10,1,phase,100005
ds004505,5,10,2,none,0
ds004505,5,10,2,phase,100005
ds004505,6,1,0,none,0
ds004505,6,1,0,phase,100006
ds004505,6,1,1,none,0
ds004505,6,1,1,phase,100006
ds004505,6,1,2,none,0
ds004505,6,1,2,phase,100006
ds004505,6,2,0,none,0
ds004505,6,2,0,phase,100006
ds004505,6,2,1,none,0
ds004505,6,2,1,phase,100006
ds004505,6,2,2,none,0
ds004505,6,2,2,phase,100006
ds004505,6,3,0,none,0
ds004505,6,3,0,phase,100006
ds004505,6,3,1,none,0
ds004505,6,3,1,phase,100006
ds004505,6,3,2,none,0
ds004505,6,3,2,phase,100006
ds004505,6,4,0,none,0
ds004505,6,4,0,phase,100006
ds004505,6,4,1,none,0
ds004505,6,4,1,phase,100006
ds004505,6,4,2,none,0
ds004505,6,4,2,phase,100006
ds004505,6,5,0,none,0
ds004505,6,5,0,phase,100006
ds004505,6,5,1,none,0
ds004505,6,5,1,phase,100006
ds004505,6,5,2,none,0
ds004505,6,5,2,phase,100006
ds004505,6,6,0,none,0
ds004505,6,6,0,phase,100006
ds004505,6,6,1,none,0
ds004505,6,6,1,phase,100006
ds004505,6,6,2,none,0
ds004505,6,6,2,phase,100006
ds004505,6,7,0,none,0
ds004505,6,7,0,phase,100006
ds004505,6,7,1,none,0
ds004505,6,7,1,phase,100006
ds004505,6,7,2,none,0
ds004505,6,7,2,phase,100006
ds004505,6,8,0,none,0
ds004505,6,8,0,phase,100006
ds004505,6,8,1,none,0
ds004505,6,8,1,phase,100006
ds004505,6,8,2,none,0
ds004505,6,8,2,phase,100006
ds004505,6,9,0,none,0
ds004505,6,9,0,phase,100006
ds004505,6,9,1,none,0
ds004505,6,9,1,phase,100006
ds004505,6,9,2,none,0
ds004505,6,9,2,phase,100006
ds004505,6,10,0,none,0
ds004505,6,10,0,phase,100006
ds004505,6,10,1,none,0
ds004505,6,10,1,phase,100006
ds004505,6,10,2,none,0
ds004505,6,10,2,phase,100006
ds004505,7,1,0,none,0
ds004505,7,1,0,phase,100007
ds004505,7,1,1,none,0
ds004505,7,1,1,phase,100007
ds004505,7,1,2,none,0
ds004505,7,1,2,phase,100007
ds004505,7,2,0,none,0
ds004505,7,2,0,phase,100007
ds004505,7,2,1,none,0
ds004505,7,2,1,phase,100007
ds004505,7,2,2,none,0
ds004505,7,2,2,phase,100007
ds004505,7,3,0,none,0
ds004505,7,3,0,phase,100007
ds004505,7,3,1,none,0
ds004505,7,3,1,phase,100007
ds004505,7,3,2,none,0
ds004505,7,3,2,phase,100007
ds004505,7,4,0,none,0
ds004505,7,4,0,phase,100007
ds004505,7,4,1,none,0
ds004505,7,4,1,phase,100007
ds004505,7,4,2,none,0
ds004505,7,4,2,phase,100007
ds004505,7,5,0,none,0
ds004505,7,5,0,phase,100007
ds004505,7,5,1,none,0
ds004505,7,5,1,phase,100007
ds004505,7,5,2,none,0
ds004505,7,5,2,phase,100007
ds004505,7,6,0,none,0
ds004505,7,6,0,phase,100007
ds004505,7,6,1,none,0
ds004505,7,6,1,phase,100007
ds004505,7,6,2,none,0
ds004505,7,6,2,phase,100007
ds004505,7,7,0,none,0
ds004505,7,7,0,phase,100007
ds004505,7,7,1,none,0
ds004505,7,7,1,phase,100007
ds004505,7,7,2,none,0
ds004505,7,7,2,phase,100007
ds004505,7,8,0,none,0
ds004505,7,8,0,phase,100007
ds004505,7,8,1,none,0
ds004505,7,8,1,phase,100007
ds004505,7,8,2,none,0
ds004505,7,8,2,phase,100007
ds004505,7,9,0,none,0
ds004505,7,9,0,phase,100007
ds004505,7,9,1,none,0
ds004505,7,9,1,phase,100007
ds004505,7,9,2,none,0
ds004505,7,9,2,phase,100007
ds004505,7,10,0,none,0
ds004505,7,10,0,phase,100007
ds004505,7,10,1,none,0
ds004505,7,10,1,phase,100007
ds004505,7,10,2,none,0
ds004505,7,10,2,phase,100007
ds004505,8,1,0,none,0
ds004505,8,1,0,phase,100008
ds004505,8,1,1,none,0
ds004505,8,1,1,phase,100008
ds004505,8,1,2,none,0
ds004505,8,1,2,phase,100008
ds004505,8,2,0,none,0
ds004505,8,2,0,phase,100008
ds004505,8,2,1,none,0
ds004505,8,2,1,phase,100008
ds004505,8,2,2,none,0
ds004505,8,2,2,phase,100008
ds004505,8,3,0,none,0
ds004505,8,3,0,phase,100008
ds004505,8,3,1,none,0
ds004505,8,3,1,phase,100008
ds004505,8,3,2,none,0
ds004505,8,3,2,phase,100008
ds004505,8,4,0,none,0
ds004505,8,4,0,phase,100008
ds004505,8,4,1,none,0
ds004505,8,4,1,phase,100008
ds004505,8,4,2,none,0
ds004505,8,4,2,phase,100008
ds004505,8,5,0,none,0
ds004505,8,5,0,phase,100008
ds004505,8,5,1,none,0
ds004505,8,5,1,phase,100008
ds004505,8,5,2,none,0
ds004505,8,5,2,phase,100008
ds004505,8,6,0,none,0
ds004505,8,6,0,phase,100008
ds004505,8,6,1,none,0
ds004505,8,6,1,phase,100008
ds004505,8,6,2,none,0
ds004505,8,6,2,phase,100008
ds004505,8,7,0,none,0
ds004505,8,7,0,phase,100008
ds004505,8,7,1,none,0
ds004505,8,7,1,phase,100008
ds004505,8,7,2,none,0
ds004505,8,7,2,phase,100008
ds004505,8,8,0,none,0
ds004505,8,8,0,phase,100008
ds004505,8,8,1,none,0
ds004505,8,8,1,phase,100008
ds004505,8,8,2,none,0
ds004505,8,8,2,phase,100008
ds004505,8,9,0,none,0
ds004505,8,9,0,phase,100008
ds004505,8,9,1,none,0
ds004505,8,9,1,phase,100008
ds004505,8,9,2,none,0
ds004505,8,9,2,phase,100008
ds004505,8,10,0,none,0
ds004505,8,10,0,phase,100008
ds004505,8,10,1,none,0
ds004505,8,10,1,phase,100008
ds004505,8,10,2,none,0
ds004505,8,10,2,phase,100008
ds004505,9,1,0,none,0
ds004505,9,1,0,phase,100009
ds004505,9,1,1,none,0
ds004505,9,1,1,phase,100009
ds004505,9,1,2,none,0
ds004505,9,1,2,phase,100009
ds004505,9,2,0,none,0
ds004505,9,2,0,phase,100009
ds004505,9,2,1,none,0
ds004505,9,2,1,phase,100009
ds004505,9,2,2,none,0
ds004505,9,2,2,phase,100009
ds004505,9,3,0,none,0
ds004505,9,3,0,phase,100009
ds004505,9,3,1,none,0
ds004505,9,3,1,phase,100009
ds004505,9,3,2,none,0
ds004505,9,3,2,phase,100009
ds004505,9,4,0,none,0
ds004505,9,4,0,phase,100009
ds004505,9,4,1,none,0
ds004505,9,4,1,phase,100009
ds004505,9,4,2,none,0
ds004505,9,4,2,phase,100009
ds004505,9,5,0,none,0
ds004505,9,5,0,phase,100009
ds004505,9,5,1,none,0
ds004505,9,5,1,phase,100009
ds004505,9,5,2,none,0
ds004505,9,5,2,phase,100009
ds004505,9,6,0,none,0
ds004505,9,6,0,phase,100009
ds004505,9,6,1,none,0
ds004505,9,6,1,phase,100009
ds004505,9,6,2,none,0
ds004505,9,6,2,phase,100009
ds004505,9,7,0,none,0
ds004505,9,7,0,phase,100009
ds004505,9,7,1,none,0
ds004505,9,7,1,phase,100009
ds004505,9,7,2,none,0
ds004505,9,7,2,phase,100009
ds004505,9,8,0,none,0
ds004505,9,8,0,phase,100009
ds004505,9,8,1,none,0
ds004505,9,8,1,phase,100009
ds004505,9,8,2,none,0
ds004505,9,8,2,phase,100009
ds004505,9,9,0,none,0
ds004505,9,9,0,phase,100009
ds004505,9,9,1,none,0
ds004505,9,9,1,phase,100009
ds004505,9,9,2,none,0
ds004505,9,9,2,phase,100009
ds004505,9,10,0,none,0
ds004505,9,10,0,phase,100009
ds004505,9,10,1,none,0
ds004505,9,10,1,phase,100009
ds004505,9,10,2,none,0
ds004505,9,10,2,phase,100009
ds004505,10,1,0,none,0
ds004505,10,1,0,phase,100010
ds004505,10,1,1,none,0
ds004505,10,1,1,phase,100010
ds004505,10,1,2,none,0
ds004505,10,1,2,phase,100010
ds004505,10,2,0,none,0
ds004505,10,2,0,phase,100010
ds004505,10,2,1,none,0
ds004505,10,2,1,phase,100010
ds004505,10,2,2,none,0
ds004505,10,2,2,phase,100010
ds004505,10,3,0,none,0
ds004505,10,3,0,phase,100010
ds004505,10,3,1,none,0
ds004505,10,3,1,phase,100010
ds004505,10,3,2,none,0
ds004505,10,3,2,phase,100010
ds004505,10,4,0,none,0
ds004505,10,4,0,phase,100010
ds004505,10,4,1,none,0
ds004505,10,4,1,phase,100010
ds004505,10,4,2,none,0
ds004505,10,4,2,phase,100010
ds004505,10,5,0,none,0
ds004505,10,5,0,phase,100010
ds004505,10,5,1,none,0
ds004505,10,5,1,phase,100010
ds004505,10,5,2,none,0
ds004505,10,5,2,phase,100010
ds004505,10,6,0,none,0
ds004505,10,6,0,phase,100010
ds004505,10,6,1,none,0
ds004505,10,6,1,phase,100010
ds004505,10,6,2,none,0
ds004505,10,6,2,phase,100010
ds004505,10,7,0,none,0
ds004505,10,7,0,phase,100010
ds004505,10,7,1,none,0
ds004505,10,7,1,phase,100010
ds004505,10,7,2,none,0
ds004505,10,7,2,phase,100010
ds004505,10,8,0,none,0
ds004505,10,8,0,phase,100010
ds004505,10,8,1,none,0
ds004505,10,8,1,phase,100010
ds004505,10,8,2,none,0
ds004505,10,8,2,phase,100010
ds004505,10,9,0,none,0
ds004505,10,9,0,phase,100010
ds004505,10,9,1,none,0
ds004505,10,9,1,phase,100010
ds004505,10,9,2,none,0
ds004505,10,9,2,phase,100010
ds004505,10,10,0,none,0
ds004505,10,10,0,phase,100010
ds004505,10,10,1,none,0
ds004505,10,10,1,phase,100010
ds004505,10,10,2,none,0
ds004505,10,10,2,phase,100010
ds004505,11,1,0,none,0
ds004505,11,1,0,phase,100011
ds004505,11,1,1,none,0
ds004505,11,1,1,phase,100011
ds004505,11,1,2,none,0
ds004505,11,1,2,phase,100011
ds004505,11,2,0,none,0
ds004505,11,2,0,phase,100011
ds004505,11,2,1,none,0
ds004505,11,2,1,phase,100011
ds004505,11,2,2,none,0
ds004505,11,2,2,phase,100011
ds004505,11,3,0,none,0
ds004505,11,3,0,phase,100011
ds004505,11,3,1,none,0
ds004505,11,3,1,phase,100011
ds004505,11,3,2,none,0
ds004505,11,3,2,phase,100011
ds004505,11,4,0,none,0
ds004505,11,4,0,phase,100011
ds004505,11,4,1,none,0
ds004505,11,4,1,phase,100011
ds004505,11,4,2,none,0
ds004505,11,4,2,phase,100011
ds004505,11,5,0,none,0
ds004505,11,5,0,phase,100011
ds004505,11,5,1,none,0
ds004505,11,5,1,phase,100011
ds004505,11,5,2,none,0
ds004505,11,5,2,phase,100011
ds004505,11,6,0,none,0
ds004505,11,6,0,phase,100011
ds004505,11,6,1,none,0
ds004505,11,6,1,phase,100011
ds004505,11,6,2,none,0
ds004505,11,6,2,phase,100011
ds004505,11,7,0,none,0
ds004505,11,7,0,phase,100011
ds004505,11,7,1,none,0
ds004505,11,7,1,phase,100011
ds004505,11,7,2,none,0
ds004505,11,7,2,phase,100011
ds004505,11,8,0,none,0
ds004505,11,8,0,phase,100011
ds004505,11,8,1,none,0
ds004505,11,8,1,phase,100011
ds004505,11,8,2,none,0
ds004505,11,8,2,phase,100011
ds004505,11,9,0,none,0
ds004505,11,9,0,phase,100011
ds004505,11,9,1,none,0
ds004505,11,9,1,phase,100011
ds004505,11,9,2,none,0
ds004505,11,9,2,phase,100011
ds004505,11,10,0,none,0
ds004505,11,10,0,phase,100011
ds004505,11,10,1,none,0
ds004505,11,10,1,phase,100011
ds004505,11,10,2,none,0
ds004505,11,10,2,phase,100011
ds004505,12,1,0,none,0
ds004505,12,1,0,phase,100012
ds004505,12,1,1,none,0
ds004505,12,1,1,phase,100012
ds004505,12,1,2,none,0
ds004505,12,1,2,phase,100012
ds004505,12,2,0,none,0
ds004505,12,2,0,phase,100012
ds004505,12,2,1,none,0
ds004505,12,2,1,phase,100012
ds004505,12,2,2,none,0
ds004505,12,2,2,phase,100012
ds004505,12,3,0,none,0
ds004505,12,3,0,phase,100012
ds004505,12,3,1,none,0
ds004505,12,3,1,phase,100012
ds004505,12,3,2,none,0
ds004505,12,3,2,phase,100012
ds004505,12,4,0,none,0
ds004505,12,4,0,phase,100012
ds004505,12,4,1,none,0
ds004505,12,4,1,phase,100012
ds004505,12,4,2,none,0
ds004505,12,4,2,phase,100012
ds004505,12,5,0,none,0
ds004505,12,5,0,phase,100012
ds004505,12,5,1,none,0
ds004505,12,5,1,phase,100012
ds004505,12,5,2,none,0
ds004505,12,5,2,phase,100012
ds004505,12,6,0,none,0
ds004505,12,6,0,phase,100012
ds004505,12,6,1,none,0
ds004505,12,6,1,phase,100012
ds004505,12,6,2,none,0
ds004505,12,6,2,phase,100012
ds004505,12,7,0,none,0
ds004505,12,7,0,phase,100012
ds004505,12,7,1,none,0
ds004505,12,7,1,phase,100012
ds004505,12,7,2,none,0
ds004505,12,7,2,phase,100012
ds004505,12,8,0,none,0
ds004505,12,8,0,phase,100012
ds004505,12,8,1,none,0
ds004505,12,8,1,phase,100012
ds004505,12,8,2,none,0
ds004505,12,8,2,phase,100012
ds004505,12,9,0,none,0
ds004505,12,9,0,phase,100012
ds004505,12,9,1,none,0
ds004505,12,9,1,phase,100012
ds004505,12,9,2,none,0
ds004505,12,9,2,phase,100012
ds004505,12,10,0,none,0
ds004505,12,10,0,phase,100012
ds004505,12,10,1,none,0
ds004505,12,10,1,phase,100012
ds004505,12,10,2,none,0
ds004505,12,10,2,phase,100012
ds004505,13,1,0,none,0
ds004505,13,1,0,phase,100013
ds004505,13,1,1,none,0
ds004505,13,1,1,phase,100013
ds004505,13,1,2,none,0
ds004505,13,1,2,phase,100013
ds004505,13,2,0,none,0
ds004505,13,2,0,phase,100013
ds004505,13,2,1,none,0
ds004505,13,2,1,phase,100013
ds004505,13,2,2,none,0
ds004505,13,2,2,phase,100013
ds004505,13,3,0,none,0
ds004505,13,3,0,phase,100013
ds004505,13,3,1,none,0
ds004505,13,3,1,phase,100013
ds004505,13,3,2,none,0
ds004505,13,3,2,phase,100013
ds004505,13,4,0,none,0
ds004505,13,4,0,phase,100013
ds004505,13,4,1,none,0
ds004505,13,4,1,phase,100013
ds004505,13,4,2,none,0
ds004505,13,4,2,phase,100013
ds004505,13,5,0,none,0
ds004505,13,5,0,phase,100013
ds004505,13,5,1,none,0
ds004505,13,5,1,phase,100013
ds004505,13,5,2,none,0
ds004505,13,5,2,phase,100013
ds004505,13,6,0,none,0
ds004505,13,6,0,phase,100013
ds004505,13,6,1,none,0
ds004505,13,6,1,phase,100013
ds004505,13,6,2,none,0
ds004505,13,6,2,phase,100013
ds004505,13,7,0,none,0
ds004505,13,7,0,phase,100013
ds004505,13,7,1,none,0
ds004505,13,7,1,phase,100013
ds004505,13,7,2,none,0
ds004505,13,7,2,phase,100013
ds004505,13,8,0,none,0
ds004505,13,8,0,phase,100013
ds004505,13,8,1,none,0
ds004505,13,8,1,phase,100013
ds004505,13,8,2,none,0
ds004505,13,8,2,phase,100013
ds004505,13,9,0,none,0
ds004505,13,9,0,phase,100013
ds004505,13,9,1,none,0
ds004505,13,9,1,phase,100013
ds004505,13,9,2,none,0
ds004505,13,9,2,phase,100013
ds004505,13,10,0,none,0
ds004505,13,10,0,phase,100013
ds004505,13,10,1,none,0
ds004505,13,10,1,phase,100013
ds004505,13,10,2,none,0
ds004505,13,10,2,phase,100013
ds004505,14,1,0,none,0
ds004505,14,1,0,phase,100014
ds004505,14,1,1,none,0
ds004505,14,1,1,phase,100014
ds004505,14,1,2,none,0
ds004505,14,1,2,phase,100014
ds004505,14,2,0,none,0
ds004505,14,2,0,phase,100014
ds004505,14,2,1,none,0
ds004505,14,2,1,phase,100014
ds004505,14,2,2,none,0
ds004505,14,2,2,phase,100014
ds004505,14,3,0,none,0
ds004505,14,3,0,phase,100014
ds004505,14,3,1,none,0
ds004505,14,3,1,phase,100014
ds004505,14,3,2,none,0
ds004505,14,3,2,phase,100014
ds004505,14,4,0,none,0
ds004505,14,4,0,phase,100014
ds004505,14,4,1,none,0
ds004505,14,4,1,phase,100014
ds004505,14,4,2,none,0
ds004505,14,4,2,phase,100014
ds004505,14,5,0,none,0
ds004505,14,5,0,phase,100014
ds004505,14,5,1,none,0
ds004505,14,5,1,phase,100014
ds004505,14,5,2,none,0
ds004505,14,5,2,phase,100014
ds004505,14,6,0,none,0
ds004505,14,6,0,phase,100014
ds004505,14,6,1,none,0
ds004505,14,6,1,phase,100014
ds004505,14,6,2,none,0
ds004505,14,6,2,phase,100014
ds004505,14,7,0,none,0
ds004505,14,7,0,phase,100014
ds004505,14,7,1,none,0
ds004505,14,7,1,phase,100014
ds004505,14,7,2,none,0
ds004505,14,7,2,phase,100014
ds004505,14,8,0,none,0
ds004505,14,8,0,phase,100014
ds004505,14,8,1,none,0
ds004505,14,8,1,phase,100014
ds004505,14,8,2,none,0
ds004505,14,8,2,phase,100014
ds004505,14,9,0,none,0
ds004505,14,9,0,phase,100014
ds004505,14,9,1,none,0
ds004505,14,9,1,phase,100014
ds004505,14,9,2,none,0
ds004505,14,9,2,phase,100014
ds004505,14,10,0,none,0
ds004505,14,10,0,phase,100014
ds004505,14,10,1,none,0
ds004505,14,10,1,phase,100014
ds004505,14,10,2,none,0
ds004505,14,10,2,phase,100014
ds004505,15,1,0,none,0
ds004505,15,1,0,phase,100015
ds004505,15,1,1,none,0
ds004505,15,1,1,phase,100015
ds004505,15,1,2,none,0
ds004505,15,1,2,phase,100015
ds004505,15,2,0,none,0
ds004505,15,2,0,phase,100015
ds004505,15,2,1,none,0
ds004505,15,2,1,phase,100015
ds004505,15,2,2,none,0
ds004505,15,2,2,phase,100015
ds004505,15,3,0,none,0
ds004505,15,3,0,phase,100015
ds004505,15,3,1,none,0
ds004505,15,3,1,phase,100015
ds004505,15,3,2,none,0
ds004505,15,3,2,phase,100015
ds004505,15,4,0,none,0
ds004505,15,4,0,phase,100015
ds004505,15,4,1,none,0
ds004505,15,4,1,phase,100015
ds004505,15,4,2,none,0
ds004505,15,4,2,phase,100015
ds004505,15,5,0,none,0
ds004505,15,5,0,phase,100015
ds004505,15,5,1,none,0
ds004505,15,5,1,phase,100015
ds004505,15,5,2,none,0
ds004505,15,5,2,phase,100015
ds004505,15,6,0,none,0
ds004505,15,6,0,phase,100015
ds004505,15,6,1,none,0
ds004505,15,6,1,phase,100015
ds004505,15,6,2,none,0
ds004505,15,6,2,phase,100015
ds004505,15,7,0,none,0
ds004505,15,7,0,phase,100015
ds004505,15,7,1,none,0
ds004505,15,7,1,phase,100015
ds004505,15,7,2,none,0
ds004505,15,7,2,phase,100015
ds004505,15,8,0,none,0
ds004505,15,8,0,phase,100015
ds004505,15,8,1,none,0
ds004505,15,8,1,phase,100015
ds004505,15,8,2,none,0
ds004505,15,8,2,phase,100015
ds004505,15,9,0,none,0
ds004505,15,9,0,phase,100015
ds004505,15,9,1,none,0
ds004505,15,9,1,phase,100015
ds004505,15,9,2,none,0
ds004505,15,9,2,phase,100015
ds004505,15,10,0,none,0
ds004505,15,10,0,phase,100015
ds004505,15,10,1,none,0
ds004505,15,10,1,phase,100015
ds004505,15,10,2,none,0
ds004505,15,10,2,phase,100015
ds004505,16,1,0,none,0
ds004505,16,1,0,phase,100016
ds004505,16,1,1,none,0
ds004505,16,1,1,phase,100016
ds004505,16,1,2,none,0
ds004505,16,1,2,phase,100016
ds004505,16,2,0,none,0
ds004505,16,2,0,phase,100016
ds004505,16,2,1,none,0
ds004505,16,2,1,phase,100016
ds004505,16,2,2,none,0
ds004505,16,2,2,phase,100016
ds004505,16,3,0,none,0
ds004505,16,3,0,phase,100016
ds004505,16,3,1,none,0
ds004505,16,3,1,phase,100016
ds004505,16,3,2,none,0
ds004505,16,3,2,phase,100016
ds004505,16,4,0,none,0
ds004505,16,4,0,phase,100016
ds004505,16,4,1,none,0
ds004505,16,4,1,phase,100016
ds004505,16,4,2,none,0
ds004505,16,4,2,phase,100016
ds004505,16,5,0,none,0
ds004505,16,5,0,phase,100016
ds004505,16,5,1,none,0
ds004505,16,5,1,phase,100016
ds004505,16,5,2,none,0
ds004505,16,5,2,phase,100016
ds004505,16,6,0,none,0
ds004505,16,6,0,phase,100016
ds004505,16,6,1,none,0
ds004505,16,6,1,phase,100016
ds004505,16,6,2,none,0
ds004505,16,6,2,phase,100016
ds004505,16,7,0,none,0
ds004505,16,7,0,phase,100016
ds004505,16,7,1,none,0
ds004505,16,7,1,phase,100016
ds004505,16,7,2,none,0
ds004505,16,7,2,phase,100016
ds004505,16,8,0,none,0
ds004505,16,8,0,phase,100016
ds004505,16,8,1,none,0
ds004505,16,8,1,phase,100016
ds004505,16,8,2,none,0
ds004505,16,8,2,phase,100016
ds004505,16,9,0,none,0
ds004505,16,9,0,phase,100016
ds004505,16,9,1,none,0
ds004505,16,9,1,phase,100016
ds004505,16,9,2,none,0
ds004505,16,9,2,phase,100016
ds004505,16,10,0,none,0
ds004505,16,10,0,phase,100016
ds004505,16,10,1,none,0
ds004505,16,10,1,phase,100016
ds004505,16,10,2,none,0
ds004505,16,10,2,phase,100016
ds004505,17,1,0,none,0
ds004505,17,1,0,phase,100017
ds004505,17,1,1,none,0
ds004505,17,1,1,phase,100017
ds004505,17,1,2,none,0
ds004505,17,1,2,phase,100017
ds004505,17,2,0,none,0
ds004505,17,2,0,phase,100017
ds004505,17,2,1,none,0
ds004505,17,2,1,phase,100017
ds004505,17,2,2,none,0
ds004505,17,2,2,phase,100017
ds004505,17,3,0,none,0
ds004505,17,3,0,phase,100017
ds004505,17,3,1,none,0
ds004505,17,3,1,phase,100017
ds004505,17,3,2,none,0
ds004505,17,3,2,phase,100017
ds004505,17,4,0,none,0
ds004505,17,4,0,phase,100017
ds004505,17,4,1,none,0
ds004505,17,4,1,phase,100017
ds004505,17,4,2,none,0
ds004505,17,4,2,phase,100017
ds004505,17,5,0,none,0
ds004505,17,5,0,phase,100017
ds004505,17,5,1,none,0
ds004505,17,5,1,phase,100017
ds004505,17,5,2,none,0
ds004505,17,5,2,phase,100017
ds004505,17,6,0,none,0
ds004505,17,6,0,phase,100017
ds004505,17,6,1,none,0
ds004505,17,6,1,phase,100017
ds004505,17,6,2,none,0
ds004505,17,6,2,phase,100017
ds004505,17,7,0,none,0
ds004505,17,7,0,phase,100017
ds004505,17,7,1,none,0
ds004505,17,7,1,phase,100017
ds004505,17,7,2,none,0
ds004505,17,7,2,phase,100017
ds004505,17,8,0,none,0
ds004505,17,8,0,phase,100017
ds004505,17,8,1,none,0
ds004505,17,8,1,phase,100017
ds004505,17,8,2,none,0
ds004505,17,8,2,phase,100017
ds004505,17,9,0,none,0
ds004505,17,9,0,phase,100017
ds004505,17,9,1,none,0
ds004505,17,9,1,phase,100017
ds004505,17,9,2,none,0
ds004505,17,9,2,phase,100017
ds004505,17,10,0,none,0
ds004505,17,10,0,phase,100017
ds004505,17,10,1,none,0
ds004505,17,10,1,phase,100017
ds004505,17,10,2,none,0
ds004505,17,10,2,phase,100017
ds004505,18,1,0,none,0
ds004505,18,1,0,phase,100018
ds004505,18,1,1,none,0
ds004505,18,1,1,phase,100018
ds004505,18,1,2,none,0
ds004505,18,1,2,phase,100018
ds004505,18,2,0,none,0
ds004505,18,2,0,phase,100018
ds004505,18,2,1,none,0
ds004505,18,2,1,phase,100018
ds004505,18,2,2,none,0
ds004505,18,2,2,phase,100018
ds004505,18,3,0,none,0
ds004505,18,3,0,phase,100018
ds004505,18,3,1,none,0
ds004505,18,3,1,phase,100018
ds004505,18,3,2,none,0
ds004505,18,3,2,phase,100018
ds004505,18,4,0,none,0
ds004505,18,4,0,phase,100018
ds004505,18,4,1,none,0
ds004505,18,4,1,phase,100018
ds004505,18,4,2,none,0
ds004505,18,4,2,phase,100018
ds004505,18,5,0,none,0
ds004505,18,5,0,phase,100018
ds004505,18,5,1,none,0
ds004505,18,5,1,phase,100018
ds004505,18,5,2,none,0
ds004505,18,5,2,phase,100018
ds004505,18,6,0,none,0
ds004505,18,6,0,phase,100018
ds004505,18,6,1,none,0
ds004505,18,6,1,phase,100018
ds004505,18,6,2,none,0
ds004505,18,6,2,phase,100018
ds004505,18,7,0,none,0
ds004505,18,7,0,phase,100018
ds004505,18,7,1,none,0
ds004505,18,7,1,phase,100018
ds004505,18,7,2,none,0
ds004505,18,7,2,phase,100018
ds004505,18,8,0,none,0
ds004505,18,8,0,phase,100018
ds004505,18,8,1,none,0
ds004505,18,8,1,phase,100018
ds004505,18,8,2,none,0
ds004505,18,8,2,phase,100018
ds004505,18,9,0,none,0
ds004505,18,9,0,phase,100018
ds004505,18,9,1,none,0
ds004505,18,9,1,phase,100018
ds004505,18,9,2,none,0
ds004505,18,9,2,phase,100018
ds004505,18,10,0,none,0
ds004505,18,10,0,phase,100018
ds004505,18,10,1,none,0
ds004505,18,10,1,phase,100018
ds004505,18,10,2,none,0
ds004505,18,10,2,phase,100018
ds004505,19,1,0,none,0
ds004505,19,1,0,phase,100019
ds004505,19,1,1,none,0
ds004505,19,1,1,phase,100019
ds004505,19,1,2,none,0
ds004505,19,1,2,phase,100019
ds004505,19,2,0,none,0
ds004505,19,2,0,phase,100019
ds004505,19,2,1,none,0
ds004505,19,2,1,phase,100019
ds004505,19,2,2,none,0
ds004505,19,2,2,phase,100019
ds004505,19,3,0,none,0
ds004505,19,3,0,phase,100019
ds004505,19,3,1,none,0
ds004505,19,3,1,phase,100019
ds004505,19,3,2,none,0
ds004505,19,3,2,phase,100019
ds004505,19,4,0,none,0
ds004505,19,4,0,phase,100019
ds004505,19,4,1,none,0
ds004505,19,4,1,phase,100019
ds004505,19,4,2,none,0
ds004505,19,4,2,phase,100019
ds004505,19,5,0,none,0
ds004505,19,5,0,phase,100019
ds004505,19,5,1,none,0
ds004505,19,5,1,phase,100019
ds004505,19,5,2,none,0
ds004505,19,5,2,phase,100019
ds004505,19,6,0,none,0
ds004505,19,6,0,phase,100019
ds004505,19,6,1,none,0
ds004505,19,6,1,phase,100019
ds004505,19,6,2,none,0
ds004505,19,6,2,phase,100019
ds004505,19,7,0,none,0
ds004505,19,7,0,phase,100019
ds004505,19,7,1,none,0
ds004505,19,7,1,phase,100019
ds004505,19,7,2,none,0
ds004505,19,7,2,phase,100019
ds004505,19,8,0,none,0
ds004505,19,8,0,phase,100019
ds004505,19,8,1,none,0
ds004505,19,8,1,phase,100019
ds004505,19,8,2,none,0
ds004505,19,8,2,phase,100019
ds004505,19,9,0,none,0
ds004505,19,9,0,phase,100019
ds004505,19,9,1,none,0
ds004505,19,9,1,phase,100019
ds004505,19,9,2,none,0
ds004505,19,9,2,phase,100019
ds004505,19,10,0,none,0
ds004505,19,10,0,phase,100019
ds004505,19,10,1,none,0
ds004505,19,10,1,phase,100019
ds004505,19,10,2,none,0
ds004505,19,10,2,phase,100019
ds004505,20,1,0,none,0
ds004505,20,1,0,phase,100020
ds004505,20,1,1,none,0
ds004505,20,1,1,phase,100020
ds004505,20,1,2,none,0
ds004505,20,1,2,phase,100020
ds004505,20,2,0,none,0
ds004505,20,2,0,phase,100020
ds004505,20,2,1,none,0
ds004505,20,2,1,phase,100020
ds004505,20,2,2,none,0
ds004505,20,2,2,phase,100020
ds004505,20,3,0,none,0
ds004505,20,3,0,phase,100020
ds004505,20,3,1,none,0
ds004505,20,3,1,phase,100020
ds004505,20,3,2,none,0
ds004505,20,3,2,phase,100020
ds004505,20,4,0,none,0
ds004505,20,4,0,phase,100020
ds004505,20,4,1,none,0
ds004505,20,4,1,phase,100020
ds004505,20,4,2,none,0
ds004505,20,4,2,phase,100020
ds004505,20,5,0,none,0
ds004505,20,5,0,phase,100020
ds004505,20,5,1,none,0
ds004505,20,5,1,phase,100020
ds004505,20,5,2,none,0
ds004505,20,5,2,phase,100020
ds004505,20,6,0,none,0
ds004505,20,6,0,phase,100020
ds004505,20,6,1,none,0
ds004505,20,6,1,phase,100020
ds004505,20,6,2,none,0
ds004505,20,6,2,phase,100020
ds004505,20,7,0,none,0
ds004505,20,7,0,phase,100020
ds004505,20,7,1,none,0
ds004505,20,7,1,phase,100020
ds004505,20,7,2,none,0
ds004505,20,7,2,phase,100020
ds004505,20,8,0,none,0
ds004505,20,8,0,phase,100020
ds004505,20,8,1,none,0
ds004505,20,8,1,phase,100020
ds004505,20,8,2,none,0
ds004505,20,8,2,phase,100020
ds004505,20,9,0,none,0
ds004505,20,9,0,phase,100020
ds004505,20,9,1,none,0
ds004505,20,9,1,phase,100020
ds004505,20,9,2,none,0
ds004505,20,9,2,phase,100020
ds004505,20,10,0,none,0
ds004505,20,10,0,phase,100020
ds004505,20,10,1,none,0
ds004505,20,10,1,phase,100020
ds004505,20,10,2,none,0
ds004505,20,10,2,phase,100020
ds004505,21,1,0,none,0
ds004505,21,1,0,phase,100021
ds004505,21,1,1,none,0
ds004505,21,1,1,phase,100021
ds004505,21,1,2,none,0
ds004505,21,1,2,phase,100021
ds004505,21,2,0,none,0
ds004505,21,2,0,phase,100021
ds004505,21,2,1,none,0
ds004505,21,2,1,phase,100021
ds004505,21,2,2,none,0
ds004505,21,2,2,phase,100021
ds004505,21,3,0,none,0
ds004505,21,3,0,phase,100021
ds004505,21,3,1,none,0
ds004505,21,3,1,phase,100021
ds004505,21,3,2,none,0
ds004505,21,3,2,phase,100021
ds004505,21,4,0,none,0
ds004505,21,4,0,phase,100021
ds004505,21,4,1,none,0
ds004505,21,4,1,phase,100021
ds004505,21,4,2,none,0
ds004505,21,4,2,phase,100021
ds004505,21,5,0,none,0
ds004505,21,5,0,phase,100021
ds004505,21,5,1,none,0
ds004505,21,5,1,phase,100021
ds004505,21,5,2,none,0
ds004505,21,5,2,phase,100021
ds004505,21,6,0,none,0
ds004505,21,6,0,phase,100021
ds004505,21,6,1,none,0
ds004505,21,6,1,phase,100021
ds004505,21,6,2,none,0
ds004505,21,6,2,phase,100021
ds004505,21,7,0,none,0
ds004505,21,7,0,phase,100021
ds004505,21,7,1,none,0
ds004505,21,7,1,phase,100021
ds004505,21,7,2,none,0
ds004505,21,7,2,phase,100021
ds004505,21,8,0,none,0
ds004505,21,8,0,phase,100021
ds004505,21,8,1,none,0
ds004505,21,8,1,phase,100021
ds004505,21,8,2,none,0
ds004505,21,8,2,phase,100021
ds004505,21,9,0,none,0
ds004505,21,9,0,phase,100021
ds004505,21,9,1,none,0
ds004505,21,9,1,phase,100021
ds004505,21,9,2,none,0
ds004505,21,9,2,phase,100021
ds004505,21,10,0,none,0
ds004505,21,10,0,phase,100021
ds004505,21,10,1,none,0
ds004505,21,10,1,phase,100021
ds004505,21,10,2,none,0
ds004505,21,10,2,phase,100021
ds004505,22,1,0,none,0
ds004505,22,1,0,phase,100022
ds004505,22,1,1,none,0
ds004505,22,1,1,phase,100022
ds004505,22,1,2,none,0
ds004505,22,1,2,phase,100022
ds004505,22,2,0,none,0
ds004505,22,2,0,phase,100022
ds004505,22,2,1,none,0
ds004505,22,2,1,phase,100022
ds004505,22,2,2,none,0
ds004505,22,2,2,phase,100022
ds004505,22,3,0,none,0
ds004505,22,3,0,phase,100022
ds004505,22,3,1,none,0
ds004505,22,3,1,phase,100022
ds004505,22,3,2,none,0
ds004505,22,3,2,phase,100022
ds004505,22,4,0,none,0
ds004505,22,4,0,phase,100022
ds004505,22,4,1,none,0
ds004505,22,4,1,phase,100022
ds004505,22,4,2,none,0
ds004505,22,4,2,phase,100022
ds004505,22,5,0,none,0
ds004505,22,5,0,phase,100022
ds004505,22,5,1,none,0
ds004505,22,5,1,phase,100022
ds004505,22,5,2,none,0
ds004505,22,5,2,phase,100022
ds004505,22,6,0,none,0
ds004505,22,6,0,phase,100022
ds004505,22,6,1,none,0
ds004505,22,6,1,phase,100022
ds004505,22,6,2,none,0
ds004505,22,6,2,phase,100022
ds004505,22,7,0,none,0
ds004505,22,7,0,phase,100022
ds004505,22,7,1,none,0
ds004505,22,7,1,phase,100022
ds004505,22,7,2,none,0
ds004505,22,7,2,phase,100022
ds004505,22,8,0,none,0
ds004505,22,8,0,phase,100022
ds004505,22,8,1,none,0
ds004505,22,8,1,phase,100022
ds004505,22,8,2,none,0
ds004505,22,8,2,phase,100022
ds004505,22,9,0,none,0
ds004505,22,9,0,phase,100022
ds004505,22,9,1,none,0
ds004505,22,9,1,phase,100022
ds004505,22,9,2,none,0
ds004505,22,9,2,phase,100022
ds004505,22,10,0,none,0
ds004505,22,10,0,phase,100022
ds004505,22,10,1,none,0
ds004505,22,10,1,phase,100022
ds004505,22,10,2,none,0
ds004505,22,10,2,phase,100022
ds004505,23,1,0,none,0
ds004505,23,1,0,phase,100023
ds004505,23,1,1,none,0
ds004505,23,1,1,phase,100023
ds004505,23,1,2,none,0
ds004505,23,1,2,phase,100023
ds004505,23,2,0,none,0
ds004505,23,2,0,phase,100023
ds004505,23,2,1,none,0
ds004505,23,2,1,phase,100023
ds004505,23,2,2,none,0
ds004505,23,2,2,phase,100023
ds004505,23,3,0,none,0
ds004505,23,3,0,phase,100023
ds004505,23,3,1,none,0
ds004505,23,3,1,phase,100023
ds004505,23,3,2,none,0
ds004505,23,3,2,phase,100023
ds004505,23,4,0,none,0
ds004505,23,4,0,phase,100023
ds004505,23,4,1,none,0
ds004505,23,4,1,phase,100023
ds004505,23,4,2,none,0
ds004505,23,4,2,phase,100023
ds004505,23,5,0,none,0
ds004505,23,5,0,phase,100023
ds004505,23,5,1,none,0
ds004505,23,5,1,phase,100023
ds004505,23,5,2,none,0
ds004505,23,5,2,phase,100023
ds004505,23,6,0,none,0
ds004505,23,6,0,phase,100023
ds004505,23,6,1,none,0
ds004505,23,6,1,phase,100023
ds004505,23,6,2,none,0
ds004505,23,6,2,phase,100023
ds004505,23,7,0,none,0
ds004505,23,7,0,phase,100023
ds004505,23,7,1,none,0
ds004505,23,7,1,phase,100023
ds004505,23,7,2,none,0
ds004505,23,7,2,phase,100023
ds004505,23,8,0,none,0
ds004505,23,8,0,phase,100023
ds004505,23,8,1,none,0
ds004505,23,8,1,phase,100023
ds004505,23,8,2,none,0
ds004505,23,8,2,phase,100023
ds004505,23,9,0,none,0
ds004505,23,9,0,phase,100023
ds004505,23,9,1,none,0
ds004505,23,9,1,phase,100023
ds004505,23,9,2,none,0
ds004505,23,9,2,phase,100023
ds004505,23,10,0,none,0
ds004505,23,10,0,phase,100023
ds004505,23,10,1,none,0
ds004505,23,10,1,phase,100023
ds004505,23,10,2,none,0
ds004505,23,10,2,phase,100023
ds004505,24,1,0,none,0
ds004505,24,1,0,phase,100024
ds004505,24,1,1,none,0
ds004505,24,1,1,phase,100024
ds004505,24,1,2,none,0
ds004505,24,1,2,phase,100024
ds004505,24,2,0,none,0
ds004505,24,2,0,phase,100024
ds004505,24,2,1,none,0
ds004505,24,2,1,phase,100024
ds004505,24,2,2,none,0
ds004505,24,2,2,phase,100024
ds004505,24,3,0,none,0
ds004505,24,3,0,phase,100024
ds004505,24,3,1,none,0
ds004505,24,3,1,phase,100024
ds004505,24,3,2,none,0
ds004505,24,3,2,phase,100024
ds004505,24,4,0,none,0
ds004505,24,4,0,phase,100024
ds004505,24,4,1,none,0
ds004505,24,4,1,phase,100024
ds004505,24,4,2,none,0
ds004505,24,4,2,phase,100024
ds004505,24,5,0,none,0
ds004505,24,5,0,phase,100024
ds004505,24,5,1,none,0
ds004505,24,5,1,phase,100024
ds004505,24,5,2,none,0
ds004505,24,5,2,phase,100024
ds004505,24,6,0,none,0
ds004505,24,6,0,phase,100024
ds004505,24,6,1,none,0
ds004505,24,6,1,phase,100024
ds004505,24,6,2,none,0
ds004505,24,6,2,phase,100024
ds004505,24,7,0,none,0
ds004505,24,7,0,phase,100024
ds004505,24,7,1,none,0
ds004505,24,7,1,phase,100024
ds004505,24,7,2,none,0
ds004505,24,7,2,phase,100024
ds004505,24,8,0,none,0
ds004505,24,8,0,phase,100024
ds004505,24,8,1,none,0
ds004505,24,8,1,phase,100024
ds004505,24,8,2,none,0
ds004505,24,8,2,phase,100024
ds004505,24,9,0,none,0
ds004505,24,9,0,phase,100024
ds004505,24,9,1,none,0
ds004505,24,9,1,phase,100024
ds004505,24,9,2,none,0
ds004505,24,9,2,phase,100024
ds004505,24,10,0,none,0
ds004505,24,10,0,phase,100024
ds004505,24,10,1,none,0
ds004505,24,10,1,phase,100024
ds004505,24,10,2,none,0
ds004505,24,10,2,phase,100024
ds004505,25,1,0,none,0
ds004505,25,1,0,phase,100025
ds004505,25,1,1,none,0
ds004505,25,1,1,phase,100025
ds004505,25,1,2,none,0
ds004505,25,1,2,phase,100025
ds004505,25,2,0,none,0
ds004505,25,2,0,phase,100025
ds004505,25,2,1,none,0
ds004505,25,2,1,phase,100025
ds004505,25,2,2,none,0
ds004505,25,2,2,phase,100025
ds004505,25,3,0,none,0
ds004505,25,3,0,phase,100025
ds004505,25,3,1,none,0
ds004505,25,3,1,phase,100025
ds004505,25,3,2,none,0
ds004505,25,3,2,phase,100025
ds004505,25,4,0,none,0
ds004505,25,4,0,phase,100025
ds004505,25,4,1,none,0
ds004505,25,4,1,phase,100025
ds004505,25,4,2,none,0
ds004505,25,4,2,phase,100025
ds004505,25,5,0,none,0
ds004505,25,5,0,phase,100025
ds004505,25,5,1,none,0
ds004505,25,5,1,phase,100025
ds004505,25,5,2,none,0
ds004505,25,5,2,phase,100025
ds004505,25,6,0,none,0
ds004505,25,6,0,phase,100025
ds004505,25,6,1,none,0
ds004505,25,6,1,phase,100025
ds004505,25,6,2,none,0
ds004505,25,6,2,phase,100025
ds004505,25,7,0,none,0
ds004505,25,7,0,phase,100025
ds004505,25,7,1,none,0
ds004505,25,7,1,phase,100025
ds004505,25,7,2,none,0
ds004505,25,7,2,phase,100025
ds004505,25,8,0,none,0
ds004505,25,8,0,phase,100025
ds004505,25,8,1,none,0
ds004505,25,8,1,phase,100025
ds004505,25,8,2,none,0
ds004505,25,8,2,phase,100025
ds004505,25,9,0,none,0
ds004505,25,9,0,phase,100025
ds004505,25,9,1,none,0
ds004505,25,9,1,phase,100025
ds004505,25,9,2,none,0
ds004505,25,9,2,phase,100025
ds004505,25,10,0,none,0
ds004505,25,10,0,phase,100025
ds004505,25,10,1,none,0
ds004505,25,10,1,phase,100025
ds004505,25,10,2,none,0
ds004505,25,10,2,phase,100025
ds004504,37,1,0,none,0
ds004504,37,1,0,phase,100037
ds004504,37,1,1,none,0
ds004504,37,1,1,phase,100037
ds004504,37,1,2,none,0
ds004504,37,1,2,phase,100037
ds004504,37,2,0,none,0
ds004504,37,2,0,phase,100037
ds004504,37,2,1,none,0
ds004504,37,2,1,phase,100037
ds004504,37,2,2,none,0
ds004504,37,2,2,phase,100037
ds004504,37,3,0,none,0
ds004504,37,3,0,phase,100037
ds004504,37,3,1,none,0
ds004504,37,3,1,phase,100037
ds004504,37,3,2,none,0
ds004504,37,3,2,phase,100037
ds004504,37,4,0,none,0
ds004504,37,4,0,phase,100037
ds004504,37,4,1,none,0
ds004504,37,4,1,phase,100037
ds004504,37,4,2,none,0
ds004504,37,4,2,phase,100037
ds004504,37,5,0,none,0
ds004504,37,5,0,phase,100037
ds004504,37,5,1,none,0
ds004504,37,5,1,phase,100037
ds004504,37,5,2,none,0
ds004504,37,5,2,phase,100037
ds004504,37,6,0,none,0
ds004504,37,6,0,phase,100037
ds004504,37,6,1,none,0
ds004504,37,6,1,phase,100037
ds004504,37,6,2,none,0
ds004504,37,6,2,phase,100037
ds004504,37,7,0,none,0
ds004504,37,7,0,phase,100037
ds004504,37,7,1,none,0
ds004504,37,7,1,phase,100037
ds004504,37,7,2,none,0
ds004504,37,7,2,phase,100037
ds004504,37,8,0,none,0
ds004504,37,8,0,phase,100037
ds004504,37,8,1,none,0
ds004504,37,8,1,phase,100037
ds004504,37,8,2,none,0
ds004504,37,8,2,phase,100037
ds004504,37,9,0,none,0
ds004504,37,9,0,phase,100037
ds004504,37,9,1,none,0
ds004504,37,9,1,phase,100037
ds004504,37,9,2,none,0
ds004504,37,9,2,phase,100037
ds004504,37,10,0,none,0
ds004504,37,10,0,phase,100037
ds004504,37,10,1,none,0
ds004504,37,10,1,phase,100037
ds004504,37,10,2,none,0
ds004504,37,10,2,phase,100037
ds004504,38,1,0,none,0
ds004504,38,1,0,phase,100038
ds004504,38,1,1,none,0
ds004504,38,1,1,phase,100038
ds004504,38,1,2,none,0
ds004504,38,1,2,phase,100038
ds004504,38,2,0,none,0
ds004504,38,2,0,phase,100038
ds004504,38,2,1,none,0
ds004504,38,2,1,phase,100038
ds004504,38,2,2,none,0
ds004504,38,2,2,phase,100038
ds004504,38,3,0,none,0
ds004504,38,3,0,phase,100038
ds004504,38,3,1,none,0
ds004504,38,3,1,phase,100038
ds004504,38,3,2,none,0
ds004504,38,3,2,phase,100038
ds004504,38,4,0,none,0
ds004504,38,4,0,phase,100038
ds004504,38,4,1,none,0
ds004504,38,4,1,phase,100038
ds004504,38,4,2,none,0
ds004504,38,4,2,phase,100038
ds004504,38,5,0,none,0
ds004504,38,5,0,phase,100038
ds004504,38,5,1,none,0
ds004504,38,5,1,phase,100038
ds004504,38,5,2,none,0
ds004504,38,5,2,phase,100038
ds004504,38,6,0,none,0
ds004504,38,6,0,phase,100038
ds004504,38,6,1,none,0
ds004504,38,6,1,phase,100038
ds004504,38,6,2,none,0
ds004504,38,6,2,phase,100038
ds004504,38,7,0,none,0
ds004504,38,7,0,phase,100038
ds004504,38,7,1,none,0
ds004504,38,7,1,phase,100038
ds004504,38,7,2,none,0
ds004504,38,7,2,phase,100038
ds004504,38,8,0,none,0
ds004504,38,8,0,phase,100038
ds004504,38,8,1,none,0
ds004504,38,8,1,phase,100038
ds004504,38,8,2,none,0
ds004504,38,8,2,phase,100038
ds004504,38,9,0,none,0
ds004504,38,9,0,phase,100038
ds004504,38,9,1,none,0
ds004504,38,9,1,phase,100038
ds004504,38,9,2,none,0
ds004504,38,9,2,phase,100038
ds004504,38,10,0,none,0
ds004504,38,10,0,phase,100038
ds004504,38,10,1,none,0
ds004504,38,10,1,phase,100038
ds004504,38,10,2,none,0
ds004504,38,10,2,phase,100038
ds004504,39,1,0,none,0
ds004504,39,1,0,phase,100039
ds004504,39,1,1,none,0
ds004504,39,1,1,phase,100039
ds004504,39,1,2,none,0
ds004504,39,1,2,phase,100039
ds004504,39,2,0,none,0
ds004504,39,2,0,phase,100039
ds004504,39,2,1,none,0
ds004504,39,2,1,phase,100039
ds004504,39,2,2,none,0
ds004504,39,2,2,phase,100039
ds004504,39,3,0,none,0
ds004504,39,3,0,phase,100039
ds004504,39,3,1,none,0
ds004504,39,3,1,phase,100039
ds004504,39,3,2,none,0
ds004504,39,3,2,phase,100039
ds004504,39,4,0,none,0
ds004504,39,4,0,phase,100039
ds004504,39,4,1,none,0
ds004504,39,4,1,phase,100039
ds004504,39,4,2,none,0
ds004504,39,4,2,phase,100039
ds004504,39,5,0,none,0
ds004504,39,5,0,phase,100039
ds004504,39,5,1,none,0
ds004504,39,5,1,phase,100039
ds004504,39,5,2,none,0
ds004504,39,5,2,phase,100039
ds004504,39,6,0,none,0
ds004504,39,6,0,phase,100039
ds004504,39,6,1,none,0
ds004504,39,6,1,phase,100039
ds004504,39,6,2,none,0
ds004504,39,6,2,phase,100039
ds004504,39,7,0,none,0
ds004504,39,7,0,phase,100039
ds004504,39,7,1,none,0
ds004504,39,7,1,phase,100039
ds004504,39,7,2,none,0
ds004504,39,7,2,phase,100039
ds004504,39,8,0,none,0
ds004504,39,8,0,phase,100039
ds004504,39,8,1,none,0
ds004504,39,8,1,phase,100039
ds004504,39,8,2,none,0
ds004504,39,8,2,phase,100039
ds004504,39,9,0,none,0
ds004504,39,9,0,phase,100039
ds004504,39,9,1,none,0
ds004504,39,9,1,phase,100039
ds004504,39,9,2,none,0
ds004504,39,9,2,phase,100039
ds004504,39,10,0,none,0
ds004504,39,10,0,phase,100039
ds004504,39,10,1,none,0
ds004504,39,10,1,phase,100039
ds004504,39,10,2,none,0
ds004504,39,10,2,phase,100039
ds004504,40,1,0,none,0
ds004504,40,1,0,phase,100040
ds004504,40,1,1,none,0
ds004504,40,1,1,phase,100040
ds004504,40,1,2,none,0
ds004504,40,1,2,phase,100040
ds004504,40,2,0,none,0
ds004504,40,2,0,phase,100040
ds004504,40,2,1,none,0
ds004504,40,2,1,phase,100040
ds004504,40,2,2,none,0
ds004504,40,2,2,phase,100040
ds004504,40,3,0,none,0
ds004504,40,3,0,phase,100040
ds004504,40,3,1,none,0
ds004504,40,3,1,phase,100040
ds004504,40,3,2,none,0
ds004504,40,3,2,phase,100040
ds004504,40,4,0,none,0
ds004504,40,4,0,phase,100040
ds004504,40,4,1,none,0
ds004504,40,4,1,phase,100040
ds004504,40,4,2,none,0
ds004504,40,4,2,phase,100040
ds004504,40,5,0,none,0
ds004504,40,5,0,phase,100040
ds004504,40,5,1,none,0
ds004504,40,5,1,phase,100040
ds004504,40,5,2,none,0
ds004504,40,5,2,phase,100040
ds004504,40,6,0,none,0
ds004504,40,6,0,phase,100040
ds004504,40,6,1,none,0
ds004504,40,6,1,phase,100040
ds004504,40,6,2,none,0
ds004504,40,6,2,phase,100040
ds004504,40,7,0,none,0
ds004504,40,7,0,phase,100040
ds004504,40,7,1,none,0
ds004504,40,7,1,phase,100040
ds004504,40,7,2,none,0
ds004504,40,7,2,phase,100040
ds004504,40,8,0,none,0
ds004504,40,8,0,phase,100040
ds004504,40,8,1,none,0
ds004504,40,8,1,phase,100040
ds004504,40,8,2,none,0
ds004504,40,8,2,phase,100040
ds004504,40,9,0,none,0
ds004504,40,9,0,phase,100040
ds004504,40,9,1,none,0
ds004504,40,9,1,phase,100040
ds004504,40,9,2,none,0
ds004504,40,9,2,phase,100040
ds004504,40,10,0,none,0
ds004504,40,10,0,phase,100040
ds004504,40,10,1,none,0
ds004504,40,10,1,phase,100040
ds004504,40,10,2,none,0
ds004504,40,10,2,phase,100040
ds004504,41,1,0,none,0
ds004504,41,1,0,phase,100041
ds004504,41,1,1,none,0
ds004504,41,1,1,phase,100041
ds004504,41,1,2,none,0
ds004504,41,1,2,phase,100041
ds004504,41,2,0,none,0
ds004504,41,2,0,phase,100041
ds004504,41,2,1,none,0
ds004504,41,2,1,phase,100041
ds004504,41,2,2,none,0
ds004504,41,2,2,phase,100041
ds004504,41,3,0,none,0
ds004504,41,3,0,phase,100041
ds004504,41,3,1,none,0
ds004504,41,3,1,phase,100041
ds004504,41,3,2,none,0
ds004504,41,3,2,phase,100041
ds004504,41,4,0,none,0
ds004504,41,4,0,phase,100041
ds004504,41,4,1,none,0
ds004504,41,4,1,phase,100041
ds004504,41,4,2,none,0
ds004504,41,4,2,phase,100041
ds004504,41,5,0,none,0
ds004504,41,5,0,phase,100041
ds004504,41,5,1,none,0
ds004504,41,5,1,phase,100041
ds004504,41,5,2,none,0
ds004504,41,5,2,phase,100041
ds004504,41,6,0,none,0
ds004504,41,6,0,phase,100041
ds004504,41,6,1,none,0
ds004504,41,6,1,phase,100041
ds004504,41,6,2,none,0
ds004504,41,6,2,phase,100041
ds004504,41,7,0,none,0
ds004504,41,7,0,phase,100041
ds004504,41,7,1,none,0
ds004504,41,7,1,phase,100041
ds004504,41,7,2,none,0
ds004504,41,7,2,phase,100041
ds004504,41,8,0,none,0
ds004504,41,8,0,phase,100041
ds004504,41,8,1,none,0
ds004504,41,8,1,phase,100041
ds004504,41,8,2,none,0
ds004504,41,8,2,phase,100041
ds004504,41,9,0,none,0
ds004504,41,9,0,phase,100041
ds004504,41,9,1,none,0
ds004504,41,9,1,phase,100041
ds004504,41,9,2,none,0
ds004504,41,9,2,phase,100041
ds004504,41,10,0,none,0
ds004504,41,10,0,phase,100041
ds004504,41,10,1,none,0
ds004504,41,10,1,phase,100041
ds004504,41,10,2,none,0
ds004504,41,10,2,phase,100041
ds004504,42,1,0,none,0
ds004504,42,1,0,phase,100042
ds004504,42,1,1,none,0
ds004504,42,1,1,phase,100042
ds004504,42,1,2,none,0
ds004504,42,1,2,phase,100042
ds004504,42,2,0,none,0
ds004504,42,2,0,phase,100042
ds004504,42,2,1,none,0
ds004504,42,2,1,phase,100042
ds004504,42,2,2,none,0
ds004504,42,2,2,phase,100042
ds004504,42,3,0,none,0
ds004504,42,3,0,phase,100042
ds004504,42,3,1,none,0
ds004504,42,3,1,phase,100042
ds004504,42,3,2,none,0
ds004504,42,3,2,phase,100042
ds004504,42,4,0,none,0
ds004504,42,4,0,phase,100042
ds004504,42,4,1,none,0
ds004504,42,4,1,phase,100042
ds004504,42,4,2,none,0
ds004504,42,4,2,phase,100042
ds004504,42,5,0,none,0
ds004504,42,5,0,phase,100042
ds004504,42,5,1,none,0
ds004504,42,5,1,phase,100042
ds004504,42,5,2,none,0
ds004504,42,5,2,phase,100042
ds004504,42,6,0,none,0
ds004504,42,6,0,phase,100042
ds004504,42,6,1,none,0
ds004504,42,6,1,phase,100042
ds004504,42,6,2,none,0
ds004504,42,6,2,phase,100042
ds004504,42,7,0,none,0
ds004504,42,7,0,phase,100042
ds004504,42,7,1,none,0
ds004504,42,7,1,phase,100042
ds004504,42,7,2,none,0
ds004504,42,7,2,phase,100042
ds004504,42,8,0,none,0
ds004504,42,8,0,phase,100042
ds004504,42,8,1,none,0
ds004504,42,8,1,phase,100042
ds004504,42,8,2,none,0
ds004504,42,8,2,phase,100042
ds004504,42,9,0,none,0
ds004504,42,9,0,phase,100042
ds004504,42,9,1,none,0
ds004504,42,9,1,phase,100042
ds004504,42,9,2,none,0
ds004504,42,9,2,phase,100042
ds004504,42,10,0,none,0
ds004504,42,10,0,phase,100042
ds004504,42,10,1,none,0
ds004504,42,10,1,phase,100042
ds004504,42,10,2,none,0
ds004504,42,10,2,phase,100042
ds004504,43,1,0,none,0
ds004504,43,1,0,phase,100043
ds004504,43,1,1,none,0
ds004504,43,1,1,phase,100043
ds004504,43,1,2,none,0
ds004504,43,1,2,phase,100043
ds004504,43,2,0,none,0
ds004504,43,2,0,phase,100043
ds004504,43,2,1,none,0
ds004504,43,2,1,phase,100043
ds004504,43,2,2,none,0
ds004504,43,2,2,phase,100043
ds004504,43,3,0,none,0
ds004504,43,3,0,phase,100043
ds004504,43,3,1,none,0
ds004504,43,3,1,phase,100043
ds004504,43,3,2,none,0
ds004504,43,3,2,phase,100043
ds004504,43,4,0,none,0
ds004504,43,4,0,phase,100043
ds004504,43,4,1,none,0
ds004504,43,4,1,phase,100043
ds004504,43,4,2,none,0
ds004504,43,4,2,phase,100043
ds004504,43,5,0,none,0
ds004504,43,5,0,phase,100043
ds004504,43,5,1,none,0
ds004504,43,5,1,phase,100043
ds004504,43,5,2,none,0
ds004504,43,5,2,phase,100043
ds004504,43,6,0,none,0
ds004504,43,6,0,phase,100043
ds004504,43,6,1,none,0
ds004504,43,6,1,phase,100043
ds004504,43,6,2,none,0
ds004504,43,6,2,phase,100043
ds004504,43,7,0,none,0
ds004504,43,7,0,phase,100043
ds004504,43,7,1,none,0
ds004504,43,7,1,phase,100043
ds004504,43,7,2,none,0
ds004504,43,7,2,phase,100043
ds004504,43,8,0,none,0
ds004504,43,8,0,phase,100043
ds004504,43,8,1,none,0
ds004504,43,8,1,phase,100043
ds004504,43,8,2,none,0
ds004504,43,8,2,phase,100043
ds004504,43,9,0,none,0
ds004504,43,9,0,phase,100043
ds004504,43,9,1,none,0
ds004504,43,9,1,phase,100043
ds004504,43,9,2,none,0
ds004504,43,9,2,phase,100043
ds004504,43,10,0,none,0
ds004504,43,10,0,phase,100043
ds004504,43,10,1,none,0
ds004504,43,10,1,phase,100043
ds004504,43,10,2,none,0
ds004504,43,10,2,phase,100043
ds004504,44,1,0,none,0
ds004504,44,1,0,phase,100044
ds004504,44,1,1,none,0
ds004504,44,1,1,phase,100044
ds004504,44,1,2,none,0
ds004504,44,1,2,phase,100044
ds004504,44,2,0,none,0
ds004504,44,2,0,phase,100044
ds004504,44,2,1,none,0
ds004504,44,2,1,phase,100044
ds004504,44,2,2,none,0
ds004504,44,2,2,phase,100044
ds004504,44,3,0,none,0
ds004504,44,3,0,phase,100044
ds004504,44,3,1,none,0
ds004504,44,3,1,phase,100044
ds004504,44,3,2,none,0
ds004504,44,3,2,phase,100044
ds004504,44,4,0,none,0
ds004504,44,4,0,phase,100044
ds004504,44,4,1,none,0
ds004504,44,4,1,phase,100044
ds004504,44,4,2,none,0
ds004504,44,4,2,phase,100044
ds004504,44,5,0,none,0
ds004504,44,5,0,phase,100044
ds004504,44,5,1,none,0
ds004504,44,5,1,phase,100044
ds004504,44,5,2,none,0
ds004504,44,5,2,phase,100044
ds004504,44,6,0,none,0
ds004504,44,6,0,phase,100044
ds004504,44,6,1,none,0
ds004504,44,6,1,phase,100044
ds004504,44,6,2,none,0
ds004504,44,6,2,phase,100044
ds004504,44,7,0,none,0
ds004504,44,7,0,phase,100044
ds004504,44,7,1,none,0
ds004504,44,7,1,phase,100044
ds004504,44,7,2,none,0
ds004504,44,7,2,phase,100044
ds004504,44,8,0,none,0
ds004504,44,8,0,phase,100044
ds004504,44,8,1,none,0
ds004504,44,8,1,phase,100044
ds004504,44,8,2,none,0
ds004504,44,8,2,phase,100044
ds004504,44,9,0,none,0
ds004504,44,9,0,phase,100044
ds004504,44,9,1,none,0
ds004504,44,9,1,phase,100044
ds004504,44,9,2,none,0
ds004504,44,9,2,phase,100044
ds004504,44,10,0,none,0
ds004504,44,10,0,phase,100044
ds004504,44,10,1,none,0
ds004504,44,10,1,phase,100044
ds004504,44,10,2,none,0
ds004504,44,10,2,phase,100044
ds004504,45,1,0,none,0
ds004504,45,1,0,phase,100045
ds004504,45,1,1,none,0
ds004504,45,1,1,phase,100045
ds004504,45,1,2,none,0
ds004504,45,1,2,phase,100045
ds004504,45,2,0,none,0
ds004504,45,2,0,phase,100045
ds004504,45,2,1,none,0
ds004504,45,2,1,phase,100045
ds004504,45,2,2,none,0
ds004504,45,2,2,phase,100045
ds004504,45,3,0,none,0
ds004504,45,3,0,phase,100045
ds004504,45,3,1,none,0
ds004504,45,3,1,phase,100045
ds004504,45,3,2,none,0
ds004504,45,3,2,phase,100045
ds004504,45,4,0,none,0
ds004504,45,4,0,phase,100045
ds004504,45,4,1,none,0
ds004504,45,4,1,phase,100045
ds004504,45,4,2,none,0
ds004504,45,4,2,phase,100045
ds004504,45,5,0,none,0
ds004504,45,5,0,phase,100045
ds004504,45,5,1,none,0
ds004504,45,5,1,phase,100045
ds004504,45,5,2,none,0
ds004504,45,5,2,phase,100045
ds004504,45,6,0,none,0
ds004504,45,6,0,phase,100045
ds004504,45,6,1,none,0
ds004504,45,6,1,phase,100045
ds004504,45,6,2,none,0
ds004504,45,6,2,phase,100045
ds004504,45,7,0,none,0
ds004504,45,7,0,phase,100045
ds004504,45,7,1,none,0
ds004504,45,7,1,phase,100045
ds004504,45,7,2,none,0
ds004504,45,7,2,phase,100045
ds004504,45,8,0,none,0
ds004504,45,8,0,phase,100045
ds004504,45,8,1,none,0
ds004504,45,8,1,phase,100045
ds004504,45,8,2,none,0
ds004504,45,8,2,phase,100045
ds004504,45,9,0,none,0
ds004504,45,9,0,phase,100045
ds004504,45,9,1,none,0
ds004504,45,9,1,phase,100045
ds004504,45,9,2,none,0
ds004504,45,9,2,phase,100045
ds004504,45,10,0,none,0
ds004504,45,10,0,phase,100045
ds004504,45,10,1,none,0
ds004504,45,10,1,phase,100045
ds004504,45,10,2,none,0
ds004504,45,10,2,phase,100045
ds004504,46,1,0,none,0
ds004504,46,1,0,phase,100046
ds004504,46,1,1,none,0
ds004504,46,1,1,phase,100046
ds004504,46,1,2,none,0
ds004504,46,1,2,phase,100046
ds004504,46,2,0,none,0
ds004504,46,2,0,phase,100046
ds004504,46,2,1,none,0
ds004504,46,2,1,phase,100046
ds004504,46,2,2,none,0
ds004504,46,2,2,phase,100046
ds004504,46,3,0,none,0
ds004504,46,3,0,phase,100046
ds004504,46,3,1,none,0
ds004504,46,3,1,phase,100046
ds004504,46,3,2,none,0
ds004504,46,3,2,phase,100046
ds004504,46,4,0,none,0
ds004504,46,4,0,phase,100046
ds004504,46,4,1,none,0
ds004504,46,4,1,phase,100046
ds004504,46,4,2,none,0
ds004504,46,4,2,phase,100046
ds004504,46,5,0,none,0
ds004504,46,5,0,phase,100046
ds004504,46,5,1,none,0
ds004504,46,5,1,phase,100046
ds004504,46,5,2,none,0
ds004504,46,5,2,phase,100046
ds004504,46,6,0,none,0
ds004504,46,6,0,phase,100046
ds004504,46,6,1,none,0
ds004504,46,6,1,phase,100046
ds004504,46,6,2,none,0
ds004504,46,6,2,phase,100046
ds004504,46,7,0,none,0
ds004504,46,7,0,phase,100046
ds004504,46,7,1,none,0
ds004504,46,7,1,phase,100046
ds004504,46,7,2,none,0
ds004504,46,7,2,phase,100046
ds004504,46,8,0,none,0
ds004504,46,8,0,phase,100046
ds004504,46,8,1,none,0
ds004504,46,8,1,phase,100046
ds004504,46,8,2,none,0
ds004504,46,8,2,phase,100046
ds004504,46,9,0,none,0
ds004504,46,9,0,phase,100046
ds004504,46,9,1,none,0
ds004504,46,9,1,phase,100046
ds004504,46,9,2,none,0
ds004504,46,9,2,phase,100046
ds004504,46,10,0,none,0
ds004504,46,10,0,phase,100046
ds004504,46,10,1,none,0
ds004504,46,10,1,phase,100046
ds004504,46,10,2,none,0
ds004504,46,10,2,phase,100046
ds004504,47,1,0,none,0
ds004504,47,1,0,phase,100047
ds004504,47,1,1,none,0
ds004504,47,1,1,phase,100047
ds004504,47,1,2,none,0
ds004504,47,1,2,phase,100047
ds004504,47,2,0,none,0
ds004504,47,2,0,phase,100047
ds004504,47,2,1,none,0
ds004504,47,2,1,phase,100047
ds004504,47,2,2,none,0
ds004504,47,2,2,phase,100047
ds004504,47,3,0,none,0
ds004504,47,3,0,phase,100047
ds004504,47,3,1,none,0
ds004504,47,3,1,phase,100047
ds004504,47,3,2,none,0
ds004504,47,3,2,phase,100047
ds004504,47,4,0,none,0
ds004504,47,4,0,phase,100047
ds004504,47,4,1,none,0
ds004504,47,4,1,phase,100047
ds004504,47,4,2,none,0
ds004504,47,4,2,phase,100047
ds004504,47,5,0,none,0
ds004504,47,5,0,phase,100047
ds004504,47,5,1,none,0
ds004504,47,5,1,phase,100047
ds004504,47,5,2,none,0
ds004504,47,5,2,phase,100047
ds004504,47,6,0,none,0
ds004504,47,6,0,phase,100047
ds004504,47,6,1,none,0
ds004504,47,6,1,phase,100047
ds004504,47,6,2,none,0
ds004504,47,6,2,phase,100047
ds004504,47,7,0,none,0
ds004504,47,7,0,phase,100047
ds004504,47,7,1,none,0
ds004504,47,7,1,phase,100047
ds004504,47,7,2,none,0
ds004504,47,7,2,phase,100047
ds004504,47,8,0,none,0
ds004504,47,8,0,phase,100047
ds004504,47,8,1,none,0
ds004504,47,8,1,phase,100047
ds004504,47,8,2,none,0
ds004504,47,8,2,phase,100047
ds004504,47,9,0,none,0
ds004504,47,9,0,phase,100047
ds004504,47,9,1,none,0
ds004504,47,9,1,phase,100047
ds004504,47,9,2,none,0
ds004504,47,9,2,phase,100047
ds004504,47,10,0,none,0
ds004504,47,10,0,phase,100047
ds004504,47,10,1,none,0
ds004504,47,10,1,phase,100047
ds004504,47,10,2,none,0
ds004504,47,10,2,phase,100047
ds004504,48,1,0,none,0
ds004504,48,1,0,phase,100048
ds004504,48,1,1,none,0
ds004504,48,1,1,phase,100048
ds004504,48,1,2,none,0
ds004504,48,1,2,phase,100048
ds004504,48,2,0,none,0
ds004504,48,2,0,phase,100048
ds004504,48,2,1,none,0
ds004504,48,2,1,phase,100048
ds004504,48,2,2,none,0
ds004504,48,2,2,phase,100048
ds004504,48,3,0,none,0
ds004504,48,3,0,phase,100048
ds004504,48,3,1,none,0
ds004504,48,3,1,phase,100048
ds004504,48,3,2,none,0
ds004504,48,3,2,phase,100048
ds004504,48,4,0,none,0
ds004504,48,4,0,phase,100048
ds004504,48,4,1,none,0
ds004504,48,4,1,phase,100048
ds004504,48,4,2,none,0
ds004504,48,4,2,phase,100048
ds004504,48,5,0,none,0
ds004504,48,5,0,phase,100048
ds004504,48,5,1,none,0
ds004504,48,5,1,phase,100048
ds004504,48,5,2,none,0
ds004504,48,5,2,phase,100048
ds004504,48,6,0,none,0
ds004504,48,6,0,phase,100048
ds004504,48,6,1,none,0
ds004504,48,6,1,phase,100048
ds004504,48,6,2,none,0
ds004504,48,6,2,phase,100048
ds004504,48,7,0,none,0
ds004504,48,7,0,phase,100048
ds004504,48,7,1,none,0
ds004504,48,7,1,phase,100048
ds004504,48,7,2,none,0
ds004504,48,7,2,phase,100048
ds004504,48,8,0,none,0
ds004504,48,8,0,phase,100048
ds004504,48,8,1,none,0
ds004504,48,8,1,phase,100048
ds004504,48,8,2,none,0
ds004504,48,8,2,phase,100048
ds004504,48,9,0,none,0
ds004504,48,9,0,phase,100048
ds004504,48,9,1,none,0
ds004504,48,9,1,phase,100048
ds004504,48,9,2,none,0
ds004504,48,9,2,phase,100048
ds004504,48,10,0,none,0
ds004504,48,10,0,phase,100048
ds004504,48,10,1,none,0
ds004504,48,10,1,phase,100048
ds004504,48,10,2,none,0
ds004504,48,10,2,phase,100048
ds004504,49,1,0,none,0
ds004504,49,1,0,phase,100049
ds004504,49,1,1,none,0
ds004504,49,1,1,phase,100049
ds004504,49,1,2,none,0
ds004504,49,1,2,phase,100049
ds004504,49,2,0,none,0
ds004504,49,2,0,phase,100049
ds004504,49,2,1,none,0
ds004504,49,2,1,phase,100049
ds004504,49,2,2,none,0
ds004504,49,2,2,phase,100049
ds004504,49,3,0,none,0
ds004504,49,3,0,phase,100049
ds004504,49,3,1,none,0
ds004504,49,3,1,phase,100049
ds004504,49,3,2,none,0
ds004504,49,3,2,phase,100049
ds004504,49,4,0,none,0
ds004504,49,4,0,phase,100049
ds004504,49,4,1,none,0
ds004504,49,4,1,phase,100049
ds004504,49,4,2,none,0
ds004504,49,4,2,phase,100049
ds004504,49,5,0,none,0
ds004504,49,5,0,phase,100049
ds004504,49,5,1,none,0
ds004504,49,5,1,phase,100049
ds004504,49,5,2,none,0
ds004504,49,5,2,phase,100049
ds004504,49,6,0,none,0
ds004504,49,6,0,phase,100049
ds004504,49,6,1,none,0
ds004504,49,6,1,phase,100049
ds004504,49,6,2,none,0
ds004504,49,6,2,phase,100049
ds004504,49,7,0,none,0
ds004504,49,7,0,phase,100049
ds004504,49,7,1,none,0
ds004504,49,7,1,phase,100049
ds004504,49,7,2,none,0
ds004504,49,7,2,phase,100049
ds004504,49,8,0,none,0
ds004504,49,8,0,phase,100049
ds004504,49,8,1,none,0
ds004504,49,8,1,phase,100049
ds004504,49,8,2,none,0
ds004504,49,8,2,phase,100049
ds004504,49,9,0,none,0
ds004504,49,9,0,phase,100049
ds004504,49,9,1,none,0
ds004504,49,9,1,phase,100049
ds004504,49,9,2,none,0
ds004504,49,9,2,phase,100049
ds004504,49,10,0,none,0
ds004504,49,10,0,phase,100049
ds004504,49,10,1,none,0
ds004504,49,10,1,phase,100049
ds004504,49,10,2,none,0
ds004504,49,10,2,phase,100049
ds004504,50,1,0,none,0
ds004504,50,1,0,phase,100050
ds004504,50,1,1,none,0
ds004504,50,1,1,phase,100050
ds004504,50,1,2,none,0
ds004504,50,1,2,phase,100050
ds004504,50,2,0,none,0
ds004504,50,2,0,phase,100050
ds004504,50,2,1,none,0
ds004504,50,2,1,phase,100050
ds004504,50,2,2,none,0
ds004504,50,2,2,phase,100050
ds004504,50,3,0,none,0
ds004504,50,3,0,phase,100050
ds004504,50,3,1,none,0
ds004504,50,3,1,phase,100050
ds004504,50,3,2,none,0
ds004504,50,3,2,phase,100050
ds004504,50,4,0,none,0
ds004504,50,4,0,phase,100050
ds004504,50,4,1,none,0
ds004504,50,4,1,phase,100050
ds004504,50,4,2,none,0
ds004504,50,4,2,phase,100050
ds004504,50,5,0,none,0
ds004504,50,5,0,phase,100050
ds004504,50,5,1,none,0
ds004504,50,5,1,phase,100050
ds004504,50,5,2,none,0
ds004504,50,5,2,phase,100050
ds004504,50,6,0,none,0
ds004504,50,6,0,phase,100050
ds004504,50,6,1,none,0
ds004504,50,6,1,phase,100050
ds004504,50,6,2,none,0
ds004504,50,6,2,phase,100050
ds004504,50,7,0,none,0
ds004504,50,7,0,phase,100050
ds004504,50,7,1,none,0
ds004504,50,7,1,phase,100050
ds004504,50,7,2,none,0
ds004504,50,7,2,phase,100050
ds004504,50,8,0,none,0
ds004504,50,8,0,phase,100050
ds004504,50,8,1,none,0
ds004504,50,8,1,phase,100050
ds004504,50,8,2,none,0
ds004504,50,8,2,phase,100050
ds004504,50,9,0,none,0
ds004504,50,9,0,phase,100050
ds004504,50,9,1,none,0
ds004504,50,9,1,phase,100050
ds004504,50,9,2,none,0
ds004504,50,9,2,phase,100050
ds004504,50,10,0,none,0
ds004504,50,10,0,phase,100050
ds004504,50,10,1,none,0
ds004504,50,10,1,phase,100050
ds004504,50,10,2,none,0
ds004504,50,10,2,phase,100050
ds004504,51,1,0,none,0
ds004504,51,1,0,phase,100051
ds004504,51,1,1,none,0
ds004504,51,1,1,phase,100051
ds004504,51,1,2,none,0
ds004504,51,1,2,phase,100051
ds004504,51,2,0,none,0
ds004504,51,2,0,phase,100051
ds004504,51,2,1,none,0
ds004504,51,2,1,phase,100051
ds004504,51,2,2,none,0
ds004504,51,2,2,phase,100051
ds004504,51,3,0,none,0
ds004504,51,3,0,phase,100051
ds004504,51,3,1,none,0
ds004504,51,3,1,phase,100051
ds004504,51,3,2,none,0
ds004504,51,3,2,phase,100051
ds004504,51,4,0,none,0
ds004504,51,4,0,phase,100051
ds004504,51,4,1,none,0
ds004504,51,4,1,phase,100051
ds004504,51,4,2,none,0
ds004504,51,4,2,phase,100051
ds004504,51,5,0,none,0
ds004504,51,5,0,phase,100051
ds004504,51,5,1,none,0
ds004504,51,5,1,phase,100051
ds004504,51,5,2,none,0
ds004504,51,5,2,phase,100051
ds004504,51,6,0,none,0
ds004504,51,6,0,phase,100051
ds004504,51,6,1,none,0
ds004504,51,6,1,phase,100051
ds004504,51,6,2,none,0
ds004504,51,6,2,phase,100051
ds004504,51,7,0,none,0
ds004504,51,7,0,phase,100051
ds004504,51,7,1,none,0
ds004504,51,7,1,phase,100051
ds004504,51,7,2,none,0
ds004504,51,7,2,phase,100051
ds004504,51,8,0,none,0
ds004504,51,8,0,phase,100051
ds004504,51,8,1,none,0
ds004504,51,8,1,phase,100051
ds004504,51,8,2,none,0
ds004504,51,8,2,phase,100051
ds004504,51,9,0,none,0
ds004504,51,9,0,phase,100051
ds004504,51,9,1,none,0
ds004504,51,9,1,phase,100051
ds004504,51,9,2,none,0
ds004504,51,9,2,phase,100051
ds004504,51,10,0,none,0
ds004504,51,10,0,phase,100051
ds004504,51,10,1,none,0
ds004504,51,10,1,phase,100051
ds004504,51,10,2,none,0
ds004504,51,10,2,phase,100051
ds004504,52,1,0,none,0
ds004504,52,1,0,phase,100052
ds004504,52,1,1,none,0
ds004504,52,1,1,phase,100052
ds004504,52,1,2,none,0
ds004504,52,1,2,phase,100052
ds004504,52,2,0,none,0
ds004504,52,2,0,phase,100052
ds004504,52,2,1,none,0
ds004504,52,2,1,phase,100052
ds004504,52,2,2,none,0
ds004504,52,2,2,phase,100052
ds004504,52,3,0,none,0
ds004504,52,3,0,phase,100052
ds004504,52,3,1,none,0
ds004504,52,3,1,phase,100052
ds004504,52,3,2,none,0
ds004504,52,3,2,phase,100052
ds004504,52,4,0,none,0
ds004504,52,4,0,phase,100052
ds004504,52,4,1,none,0
ds004504,52,4,1,phase,100052
ds004504,52,4,2,none,0
ds004504,52,4,2,phase,100052
ds004504,52,5,0,none,0
ds004504,52,5,0,phase,100052
ds004504,52,5,1,none,0
ds004504,52,5,1,phase,100052
ds004504,52,5,2,none,0
ds004504,52,5,2,phase,100052
ds004504,52,6,0,none,0
ds004504,52,6,0,phase,100052
ds004504,52,6,1,none,0
ds004504,52,6,1,phase,100052
ds004504,52,6,2,none,0
ds004504,52,6,2,phase,100052
ds004504,52,7,0,none,0
ds004504,52,7,0,phase,100052
ds004504,52,7,1,none,0
ds004504,52,7,1,phase,100052
ds004504,52,7,2,none,0
ds004504,52,7,2,phase,100052
ds004504,52,8,0,none,0
ds004504,52,8,0,phase,100052
ds004504,52,8,1,none,0
ds004504,52,8,1,phase,100052
ds004504,52,8,2,none,0
ds004504,52,8,2,phase,100052
ds004504,52,9,0,none,0
ds004504,52,9,0,phase,100052
ds004504,52,9,1,none,0
ds004504,52,9,1,phase,100052
ds004504,52,9,2,none,0
ds004504,52,9,2,phase,100052
ds004504,52,10,0,none,0
ds004504,52,10,0,phase,100052
ds004504,52,10,1,none,0
ds004504,52,10,1,phase,100052
ds004504,52,10,2,none,0
ds004504,52,10,2,phase,100052
ds004504,53,1,0,none,0
ds004504,53,1,0,phase,100053
ds004504,53,1,1,none,0
ds004504,53,1,1,phase,100053
ds004504,53,1,2,none,0
ds004504,53,1,2,phase,100053
ds004504,53,2,0,none,0
ds004504,53,2,0,phase,100053
ds004504,53,2,1,none,0
ds004504,53,2,1,phase,100053
ds004504,53,2,2,none,0
ds004504,53,2,2,phase,100053
ds004504,53,3,0,none,0
ds004504,53,3,0,phase,100053
ds004504,53,3,1,none,0
ds004504,53,3,1,phase,100053
ds004504,53,3,2,none,0
ds004504,53,3,2,phase,100053
ds004504,53,4,0,none,0
ds004504,53,4,0,phase,100053
ds004504,53,4,1,none,0
ds004504,53,4,1,phase,100053
ds004504,53,4,2,none,0
ds004504,53,4,2,phase,100053
ds004504,53,5,0,none,0
ds004504,53,5,0,phase,100053
ds004504,53,5,1,none,0
ds004504,53,5,1,phase,100053
ds004504,53,5,2,none,0
ds004504,53,5,2,phase,100053
ds004504,53,6,0,none,0
ds004504,53,6,0,phase,100053
ds004504,53,6,1,none,0
ds004504,53,6,1,phase,100053
ds004504,53,6,2,none,0
ds004504,53,6,2,phase,100053
ds004504,53,7,0,none,0
ds004504,53,7,0,phase,100053
ds004504,53,7,1,none,0
ds004504,53,7,1,phase,100053
ds004504,53,7,2,none,0
ds004504,53,7,2,phase,100053
ds004504,53,8,0,none,0
ds004504,53,8,0,phase,100053
ds004504,53,8,1,none,0
ds004504,53,8,1,phase,100053
ds004504,53,8,2,none,0
ds004504,53,8,2,phase,100053
ds004504,53,9,0,none,0
ds004504,53,9,0,phase,100053
ds004504,53,9,1,none,0
ds004504,53,9,1,phase,100053
ds004504,53,9,2,none,0
ds004504,53,9,2,phase,100053
ds004504,53,10,0,none,0
ds004504,53,10,0,phase,100053
ds004504,53,10,1,none,0
ds004504,53,10,1,phase,100053
ds004504,53,10,2,none,0
ds004504,53,10,2,phase,100053
ds004504,54,1,0,none,0
ds004504,54,1,0,phase,100054
ds004504,54,1,1,none,0
ds004504,54,1,1,phase,100054
ds004504,54,1,2,none,0
ds004504,54,1,2,phase,100054
ds004504,54,2,0,none,0
ds004504,54,2,0,phase,100054
ds004504,54,2,1,none,0
ds004504,54,2,1,phase,100054
ds004504,54,2,2,none,0
ds004504,54,2,2,phase,100054
ds004504,54,3,0,none,0
ds004504,54,3,0,phase,100054
ds004504,54,3,1,none,0
ds004504,54,3,1,phase,100054
ds004504,54,3,2,none,0
ds004504,54,3,2,phase,100054
ds004504,54,4,0,none,0
ds004504,54,4,0,phase,100054
ds004504,54,4,1,none,0
ds004504,54,4,1,phase,100054
ds004504,54,4,2,none,0
ds004504,54,4,2,phase,100054
ds004504,54,5,0,none,0
ds004504,54,5,0,phase,100054
ds004504,54,5,1,none,0
ds004504,54,5,1,phase,100054
ds004504,54,5,2,none,0
ds004504,54,5,2,phase,100054
ds004504,54,6,0,none,0
ds004504,54,6,0,phase,100054
ds004504,54,6,1,none,0
ds004504,54,6,1,phase,100054
ds004504,54,6,2,none,0
ds004504,54,6,2,phase,100054
ds004504,54,7,0,none,0
ds004504,54,7,0,phase,100054
ds004504,54,7,1,none,0
ds004504,54,7,1,phase,100054
ds004504,54,7,2,none,0
ds004504,54,7,2,phase,100054
ds004504,54,8,0,none,0
ds004504,54,8,0,phase,100054
ds004504,54,8,1,none,0
ds004504,54,8,1,phase,100054
ds004504,54,8,2,none,0
ds004504,54,8,2,phase,100054
ds004504,54,9,0,none,0
ds004504,54,9,0,phase,100054
ds004504,54,9,1,none,0
ds004504,54,9,1,phase,100054
ds004504,54,9,2,none,0
ds004504,54,9,2,phase,100054
ds004504,54,10,0,none,0
ds004504,54,10,0,phase,100054
ds004504,54,10,1,none,0
ds004504,54,10,1,phase,100054
ds004504,54,10,2,none,0
ds004504,54,10,2,phase,100054
ds004504,55,1,0,none,0
ds004504,55,1,0,phase,100055
ds004504,55,1,1,none,0
ds004504,55,1,1,phase,100055
ds004504,55,1,2,none,0
ds004504,55,1,2,phase,100055
ds004504,55,2,0,none,0
ds004504,55,2,0,phase,100055
ds004504,55,2,1,none,0
ds004504,55,2,1,phase,100055
ds004504,55,2,2,none,0
ds004504,55,2,2,phase,100055
ds004504,55,3,0,none,0
ds004504,55,3,0,phase,100055
ds004504,55,3,1,none,0
ds004504,55,3,1,phase,100055
ds004504,55,3,2,none,0
ds004504,55,3,2,phase,100055
ds004504,55,4,0,none,0
ds004504,55,4,0,phase,100055
ds004504,55,4,1,none,0
ds004504,55,4,1,phase,100055
ds004504,55,4,2,none,0
ds004504,55,4,2,phase,100055
ds004504,55,5,0,none,0
ds004504,55,5,0,phase,100055
ds004504,55,5,1,none,0
ds004504,55,5,1,phase,100055
ds004504,55,5,2,none,0
ds004504,55,5,2,phase,100055
ds004504,55,6,0,none,0
ds004504,55,6,0,phase,100055
ds004504,55,6,1,none,0
ds004504,55,6,1,phase,100055
ds004504,55,6,2,none,0
ds004504,55,6,2,phase,100055
ds004504,55,7,0,none,0
ds004504,55,7,0,phase,100055
ds004504,55,7,1,none,0
ds004504,55,7,1,phase,100055
ds004504,55,7,2,none,0
ds004504,55,7,2,phase,100055
ds004504,55,8,0,none,0
ds004504,55,8,0,phase,100055
ds004504,55,8,1,none,0
ds004504,55,8,1,phase,100055
ds004504,55,8,2,none,0
ds004504,55,8,2,phase,100055
ds004504,55,9,0,none,0
ds004504,55,9,0,phase,100055
ds004504,55,9,1,none,0
ds004504,55,9,1,phase,100055
ds004504,55,9,2,none,0
ds004504,55,9,2,phase,100055
ds004504,55,10,0,none,0
ds004504,55,10,0,phase,100055
ds004504,55,10,1,none,0
ds004504,55,10,1,phase,100055
ds004504,55,10,2,none,0
ds004504,55,10,2,phase,100055
ds004504,56,1,0,none,0
ds004504,56,1,0,phase,100056
ds004504,56,1,1,none,0
ds004504,56,1,1,phase,100056
ds004504,56,1,2,none,0
ds004504,56,1,2,phase,100056
ds004504,56,2,0,none,0
ds004504,56,2,0,phase,100056
ds004504,56,2,1,none,0
ds004504,56,2,1,phase,100056
ds004504,56,2,2,none,0
ds004504,56,2,2,phase,100056
ds004504,56,3,0,none,0
ds004504,56,3,0,phase,100056
ds004504,56,3,1,none,0
ds004504,56,3,1,phase,100056
ds004504,56,3,2,none,0
ds004504,56,3,2,phase,100056
ds004504,56,4,0,none,0
ds004504,56,4,0,phase,100056
ds004504,56,4,1,none,0
ds004504,56,4,1,phase,100056
ds004504,56,4,2,none,0
ds004504,56,4,2,phase,100056
ds004504,56,5,0,none,0
ds004504,56,5,0,phase,100056
ds004504,56,5,1,none,0
ds004504,56,5,1,phase,100056
ds004504,56,5,2,none,0
ds004504,56,5,2,phase,100056
ds004504,56,6,0,none,0
ds004504,56,6,0,phase,100056
ds004504,56,6,1,none,0
ds004504,56,6,1,phase,100056
ds004504,56,6,2,none,0
ds004504,56,6,2,phase,100056
ds004504,56,7,0,none,0
ds004504,56,7,0,phase,100056
ds004504,56,7,1,none,0
ds004504,56,7,1,phase,100056
ds004504,56,7,2,none,0
ds004504,56,7,2,phase,100056
ds004504,56,8,0,none,0
ds004504,56,8,0,phase,100056
ds004504,56,8,1,none,0
ds004504,56,8,1,phase,100056
ds004504,56,8,2,none,0
ds004504,56,8,2,phase,100056
ds004504,56,9,0,none,0
ds004504,56,9,0,phase,100056
ds004504,56,9,1,none,0
ds004504,56,9,1,phase,100056
ds004504,56,9,2,none,0
ds004504,56,9,2,phase,100056
ds004504,56,10,0,none,0
ds004504,56,10,0,phase,100056
ds004504,56,10,1,none,0
ds004504,56,10,1,phase,100056
ds004504,56,10,2,none,0
ds004504,56,10,2,phase,100056
ds004504,57,1,0,none,0
ds004504,57,1,0,phase,100057
ds004504,57,1,1,none,0
ds004504,57,1,1,phase,100057
ds004504,57,1,2,none,0
ds004504,57,1,2,phase,100057
ds004504,57,2,0,none,0
ds004504,57,2,0,phase,100057
ds004504,57,2,1,none,0
ds004504,57,2,1,phase,100057
ds004504,57,2,2,none,0
ds004504,57,2,2,phase,100057
ds004504,57,3,0,none,0
ds004504,57,3,0,phase,100057
ds004504,57,3,1,none,0
ds004504,57,3,1,phase,100057
ds004504,57,3,2,none,0
ds004504,57,3,2,phase,100057
ds004504,57,4,0,none,0
ds004504,57,4,0,phase,100057
ds004504,57,4,1,none,0
ds004504,57,4,1,phase,100057
ds004504,57,4,2,none,0
ds004504,57,4,2,phase,100057
ds004504,57,5,0,none,0
ds004504,57,5,0,phase,100057
ds004504,57,5,1,none,0
ds004504,57,5,1,phase,100057
ds004504,57,5,2,none,0
ds004504,57,5,2,phase,100057
ds004504,57,6,0,none,0
ds004504,57,6,0,phase,100057
ds004504,57,6,1,none,0
ds004504,57,6,1,phase,100057
ds004504,57,6,2,none,0
ds004504,57,6,2,phase,100057
ds004504,57,7,0,none,0
ds004504,57,7,0,phase,100057
ds004504,57,7,1,none,0
ds004504,57,7,1,phase,100057
ds004504,57,7,2,none,0
ds004504,57,7,2,phase,100057
ds004504,57,8,0,none,0
ds004504,57,8,0,phase,100057
ds004504,57,8,1,none,0
ds004504,57,8,1,phase,100057
ds004504,57,8,2,none,0
ds004504,57,8,2,phase,100057
ds004504,57,9,0,none,0
ds004504,57,9,0,phase,100057
ds004504,57,9,1,none,0
ds004504,57,9,1,phase,100057
ds004504,57,9,2,none,0
ds004504,57,9,2,phase,100057
ds004504,57,10,0,none,0
ds004504,57,10,0,phase,100057
ds004504,57,10,1,none,0
ds004504,57,10,1,phase,100057
ds004504,57,10,2,none,0
ds004504,57,10,2,phase,100057
ds004504,58,1,0,none,0
ds004504,58,1,0,phase,100058
ds004504,58,1,1,none,0
ds004504,58,1,1,phase,100058
ds004504,58,1,2,none,0
ds004504,58,1,2,phase,100058
ds004504,58,2,0,none,0
ds004504,58,2,0,phase,100058
ds004504,58,2,1,none,0
ds004504,58,2,1,phase,100058
ds004504,58,2,2,none,0
ds004504,58,2,2,phase,100058
ds004504,58,3,0,none,0
ds004504,58,3,0,phase,100058
ds004504,58,3,1,none,0
ds004504,58,3,1,phase,100058
ds004504,58,3,2,none,0
ds004504,58,3,2,phase,100058
ds004504,58,4,0,none,0
ds004504,58,4,0,phase,100058
ds004504,58,4,1,none,0
ds004504,58,4,1,phase,100058
ds004504,58,4,2,none,0
ds004504,58,4,2,phase,100058
ds004504,58,5,0,none,0
ds004504,58,5,0,phase,100058
ds004504,58,5,1,none,0
ds004504,58,5,1,phase,100058
ds004504,58,5,2,none,0
ds004504,58,5,2,phase,100058
ds004504,58,6,0,none,0
ds004504,58,6,0,phase,100058
ds004504,58,6,1,none,0
ds004504,58,6,1,phase,100058
ds004504,58,6,2,none,0
ds004504,58,6,2,phase,100058
ds004504,58,7,0,none,0
ds004504,58,7,0,phase,100058
ds004504,58,7,1,none,0
ds004504,58,7,1,phase,100058
ds004504,58,7,2,none,0
ds004504,58,7,2,phase,100058
ds004504,58,8,0,none,0
ds004504,58,8,0,phase,100058
ds004504,58,8,1,none,0
ds004504,58,8,1,phase,100058
ds004504,58,8,2,none,0
ds004504,58,8,2,phase,100058
ds004504,58,9,0,none,0
ds004504,58,9,0,phase,100058
ds004504,58,9,1,none,0
ds004504,58,9,1,phase,100058
ds004504,58,9,2,none,0
ds004504,58,9,2,phase,100058
ds004504,58,10,0,none,0
ds004504,58,10,0,phase,100058
ds004504,58,10,1,none,0
ds004504,58,10,1,phase,100058
ds004504,58,10,2,none,0
ds004504,58,10,2,phase,100058
ds004504,59,1,0,none,0
ds004504,59,1,0,phase,100059
ds004504,59,1,1,none,0
ds004504,59,1,1,phase,100059
ds004504,59,1,2,none,0
ds004504,59,1,2,phase,100059
ds004504,59,2,0,none,0
ds004504,59,2,0,phase,100059
ds004504,59,2,1,none,0
ds004504,59,2,1,phase,100059
ds004504,59,2,2,none,0
ds004504,59,2,2,phase,100059
ds004504,59,3,0,none,0
ds004504,59,3,0,phase,100059
ds004504,59,3,1,none,0
ds004504,59,3,1,phase,100059
ds004504,59,3,2,none,0
ds004504,59,3,2,phase,100059
ds004504,59,4,0,none,0
ds004504,59,4,0,phase,100059
ds004504,59,4,1,none,0
ds004504,59,4,1,phase,100059
ds004504,59,4,2,none,0
ds004504,59,4,2,phase,100059
ds004504,59,5,0,none,0
ds004504,59,5,0,phase,100059
ds004504,59,5,1,none,0
ds004504,59,5,1,phase,100059
ds004504,59,5,2,none,0
ds004504,59,5,2,phase,100059
ds004504,59,6,0,none,0
ds004504,59,6,0,phase,100059
ds004504,59,6,1,none,0
ds004504,59,6,1,phase,100059
ds004504,59,6,2,none,0
ds004504,59,6,2,phase,100059
ds004504,59,7,0,none,0
ds004504,59,7,0,phase,100059
ds004504,59,7,1,none,0
ds004504,59,7,1,phase,100059
ds004504,59,7,2,none,0
ds004504,59,7,2,phase,100059
ds004504,59,8,0,none,0
ds004504,59,8,0,phase,100059
ds004504,59,8,1,none,0
ds004504,59,8,1,phase,100059
ds004504,59,8,2,none,0
ds004504,59,8,2,phase,100059
ds004504,59,9,0,none,0
ds004504,59,9,0,phase,100059
ds004504,59,9,1,none,0
ds004504,59,9,1,phase,100059
ds004504,59,9,2,none,0
ds004504,59,9,2,phase,100059
ds004504,59,10,0,none,0
ds004504,59,10,0,phase,100059
ds004504,59,10,1,none,0
ds004504,59,10,1,phase,100059
ds004504,59,10,2,none,0
ds004504,59,10,2,phase,100059
ds004504,60,1,0,none,0
ds004504,60,1,0,phase,100060
ds004504,60,1,1,none,0
ds004504,60,1,1,phase,100060
ds004504,60,1,2,none,0
ds004504,60,1,2,phase,100060
ds004504,60,2,0,none,0
ds004504,60,2,0,phase,100060
ds004504,60,2,1,none,0
ds004504,60,2,1,phase,100060
ds004504,60,2,2,none,0
ds004504,60,2,2,phase,100060
ds004504,60,3,0,none,0
ds004504,60,3,0,phase,100060
ds004504,60,3,1,none,0
ds004504,60,3,1,phase,100060
ds004504,60,3,2,none,0
ds004504,60,3,2,phase,100060
ds004504,60,4,0,none,0
ds004504,60,4,0,phase,100060
ds004504,60,4,1,none,0
ds004504,60,4,1,phase,100060
ds004504,60,4,2,none,0
ds004504,60,4,2,phase,100060
ds004504,60,5,0,none,0
ds004504,60,5,0,phase,100060
ds004504,60,5,1,none,0
ds004504,60,5,1,phase,100060
ds004504,60,5,2,none,0
ds004504,60,5,2,phase,100060
ds004504,60,6,0,none,0
ds004504,60,6,0,phase,100060
ds004504,60,6,1,none,0
ds004504,60,6,1,phase,100060
ds004504,60,6,2,none,0
ds004504,60,6,2,phase,100060
ds004504,60,7,0,none,0
ds004504,60,7,0,phase,100060
ds004504,60,7,1,none,0
ds004504,60,7,1,phase,100060
ds004504,60,7,2,none,0
ds004504,60,7,2,phase,100060
ds004504,60,8,0,none,0
ds004504,60,8,0,phase,100060
ds004504,60,8,1,none,0
ds004504,60,8,1,phase,100060
ds004504,60,8,2,none,0
ds004504,60,8,2,phase,100060
ds004504,60,9,0,none,0
ds004504,60,9,0,phase,100060
ds004504,60,9,1,none,0
ds004504,60,9,1,phase,100060
ds004504,60,9,2,none,0
ds004504,60,9,2,phase,100060
ds004504,60,10,0,none,0
ds004504,60,10,0,phase,100060
ds004504,60,10,1,none,0
ds004504,60,10,1,phase,100060
ds004504,60,10,2,none,0
ds004504,60,10,2,phase,100060
ds004504,61,1,0,none,0
ds004504,61,1,0,phase,100061
ds004504,61,1,1,none,0
ds004504,61,1,1,phase,100061
ds004504,61,1,2,none,0
ds004504,61,1,2,phase,100061
ds004504,61,2,0,none,0
ds004504,61,2,0,phase,100061
ds004504,61,2,1,none,0
ds004504,61,2,1,phase,100061
ds004504,61,2,2,none,0
ds004504,61,2,2,phase,100061
ds004504,61,3,0,none,0
ds004504,61,3,0,phase,100061
ds004504,61,3,1,none,0
ds004504,61,3,1,phase,100061
ds004504,61,3,2,none,0
ds004504,61,3,2,phase,100061
ds004504,61,4,0,none,0
ds004504,61,4,0,phase,100061
ds004504,61,4,1,none,0
ds004504,61,4,1,phase,100061
ds004504,61,4,2,none,0
ds004504,61,4,2,phase,100061
ds004504,61,5,0,none,0
ds004504,61,5,0,phase,100061
ds004504,61,5,1,none,0
ds004504,61,5,1,phase,100061
ds004504,61,5,2,none,0
ds004504,61,5,2,phase,100061
ds004504,61,6,0,none,0
ds004504,61,6,0,phase,100061
ds004504,61,6,1,none,0
ds004504,61,6,1,phase,100061
ds004504,61,6,2,none,0
ds004504,61,6,2,phase,100061
ds004504,61,7,0,none,0
ds004504,61,7,0,phase,100061
ds004504,61,7,1,none,0
ds004504,61,7,1,phase,100061
ds004504,61,7,2,none,0
ds004504,61,7,2,phase,100061
ds004504,61,8,0,none,0
ds004504,61,8,0,phase,100061
ds004504,61,8,1,none,0
ds004504,61,8,1,phase,100061
ds004504,61,8,2,none,0
ds004504,61,8,2,phase,100061
ds004504,61,9,0,none,0
ds004504,61,9,0,phase,100061
ds004504,61,9,1,none,0
ds004504,61,9,1,phase,100061
ds004504,61,9,2,none,0
ds004504,61,9,2,phase,100061
ds004504,61,10,0,none,0
ds004504,61,10,0,phase,100061
ds004504,61,10,1,none,0
ds004504,61,10,1,phase,100061
ds004504,61,10,2,none,0
ds004504,61,10,2,phase,100061
ds004504,62,1,0,none,0
ds004504,62,1,0,phase,100062
ds004504,62,1,1,none,0
ds004504,62,1,1,phase,100062
ds004504,62,1,2,none,0
ds004504,62,1,2,phase,100062
ds004504,62,2,0,none,0
ds004504,62,2,0,phase,100062
ds004504,62,2,1,none,0
ds004504,62,2,1,phase,100062
ds004504,62,2,2,none,0
ds004504,62,2,2,phase,100062
ds004504,62,3,0,none,0
ds004504,62,3,0,phase,100062
ds004504,62,3,1,none,0
ds004504,62,3,1,phase,100062
ds004504,62,3,2,none,0
ds004504,62,3,2,phase,100062
ds004504,62,4,0,none,0
ds004504,62,4,0,phase,100062
ds004504,62,4,1,none,0
ds004504,62,4,1,phase,100062
ds004504,62,4,2,none,0
ds004504,62,4,2,phase,100062
ds004504,62,5,0,none,0
ds004504,62,5,0,phase,100062
ds004504,62,5,1,none,0
ds004504,62,5,1,phase,100062
ds004504,62,5,2,none,0
ds004504,62,5,2,phase,100062
ds004504,62,6,0,none,0
ds004504,62,6,0,phase,100062
ds004504,62,6,1,none,0
ds004504,62,6,1,phase,100062
ds004504,62,6,2,none,0
ds004504,62,6,2,phase,100062
ds004504,62,7,0,none,0
ds004504,62,7,0,phase,100062
ds004504,62,7,1,none,0
ds004504,62,7,1,phase,100062
ds004504,62,7,2,none,0
ds004504,62,7,2,phase,100062
ds004504,62,8,0,none,0
ds004504,62,8,0,phase,100062
ds004504,62,8,1,none,0
ds004504,62,8,1,phase,100062
ds004504,62,8,2,none,0
ds004504,62,8,2,phase,100062
ds004504,62,9,0,none,0
ds004504,62,9,0,phase,100062
ds004504,62,9,1,none,0
ds004504,62,9,1,phase,100062
ds004504,62,9,2,none,0
ds004504,62,9,2,phase,100062
ds004504,62,10,0,none,0
ds004504,62,10,0,phase,100062
ds004504,62,10,1,none,0
ds004504,62,10,1,phase,100062
ds004504,62,10,2,none,0
ds004504,62,10,2,phase,100062
ds004504,63,1,0,none,0
ds004504,63,1,0,phase,100063
ds004504,63,1,1,none,0
ds004504,63,1,1,phase,100063
ds004504,63,1,2,none,0
ds004504,63,1,2,phase,100063
ds004504,63,2,0,none,0
ds004504,63,2,0,phase,100063
ds004504,63,2,1,none,0
ds004504,63,2,1,phase,100063
ds004504,63,2,2,none,0
ds004504,63,2,2,phase,100063
ds004504,63,3,0,none,0
ds004504,63,3,0,phase,100063
ds004504,63,3,1,none,0
ds004504,63,3,1,phase,100063
ds004504,63,3,2,none,0
ds004504,63,3,2,phase,100063
ds004504,63,4,0,none,0
ds004504,63,4,0,phase,100063
ds004504,63,4,1,none,0
ds004504,63,4,1,phase,100063
ds004504,63,4,2,none,0
ds004504,63,4,2,phase,100063
ds004504,63,5,0,none,0
ds004504,63,5,0,phase,100063
ds004504,63,5,1,none,0
ds004504,63,5,1,phase,100063
ds004504,63,5,2,none,0
ds004504,63,5,2,phase,100063
ds004504,63,6,0,none,0
ds004504,63,6,0,phase,100063
ds004504,63,6,1,none,0
ds004504,63,6,1,phase,100063
ds004504,63,6,2,none,0
ds004504,63,6,2,phase,100063
ds004504,63,7,0,none,0
ds004504,63,7,0,phase,100063
ds004504,63,7,1,none,0
ds004504,63,7,1,phase,100063
ds004504,63,7,2,none,0
ds004504,63,7,2,phase,100063
ds004504,63,8,0,none,0
ds004504,63,8,0,phase,100063
ds004504,63,8,1,none,0
ds004504,63,8,1,phase,100063
ds004504,63,8,2,none,0
ds004504,63,8,2,phase,100063
ds004504,63,9,0,none,0
ds004504,63,9,0,phase,100063
ds004504,63,9,1,none,0
ds004504,63,9,1,phase,100063
ds004504,63,9,2,none,0
ds004504,63,9,2,phase,100063
ds004504,63,10,0,none,0
ds004504,63,10,0,phase,100063
ds004504,63,10,1,none,0
ds004504,63,10,1,phase,100063
ds004504,63,10,2,none,0
ds004504,63,10,2,phase,100063
ds004504,64,1,0,none,0
ds004504,64,1,0,phase,100064
ds004504,64,1,1,none,0
ds004504,64,1,1,phase,100064
ds004504,64,1,2,none,0
ds004504,64,1,2,phase,100064
ds004504,64,2,0,none,0
ds004504,64,2,0,phase,100064
ds004504,64,2,1,none,0
ds004504,64,2,1,phase,100064
ds004504,64,2,2,none,0
ds004504,64,2,2,phase,100064
ds004504,64,3,0,none,0
ds004504,64,3,0,phase,100064
ds004504,64,3,1,none,0
ds004504,64,3,1,phase,100064
ds004504,64,3,2,none,0
ds004504,64,3,2,phase,100064
ds004504,64,4,0,none,0
ds004504,64,4,0,phase,100064
ds004504,64,4,1,none,0
ds004504,64,4,1,phase,100064
ds004504,64,4,2,none,0
ds004504,64,4,2,phase,100064
ds004504,64,5,0,none,0
ds004504,64,5,0,phase,100064
ds004504,64,5,1,none,0
ds004504,64,5,1,phase,100064
ds004504,64,5,2,none,0
ds004504,64,5,2,phase,100064
ds004504,64,6,0,none,0
ds004504,64,6,0,phase,100064
ds004504,64,6,1,none,0
ds004504,64,6,1,phase,100064
ds004504,64,6,2,none,0
ds004504,64,6,2,phase,100064
ds004504,64,7,0,none,0
ds004504,64,7,0,phase,100064
ds004504,64,7,1,none,0
ds004504,64,7,1,phase,100064
ds004504,64,7,2,none,0
ds004504,64,7,2,phase,100064
ds004504,64,8,0,none,0
ds004504,64,8,0,phase,100064
ds004504,64,8,1,none,0
ds004504,64,8,1,phase,100064
ds004504,64,8,2,none,0
ds004504,64,8,2,phase,100064
ds004504,64,9,0,none,0
ds004504,64,9,0,phase,100064
ds004504,64,9,1,none,0
ds004504,64,9,1,phase,100064
ds004504,64,9,2,none,0
ds004504,64,9,2,phase,100064
ds004504,64,10,0,none,0
ds004504,64,10,0,phase,100064
ds004504,64,10,1,none,0
ds004504,64,10,1,phase,100064
ds004504,64,10,2,none,0
ds004504,64,10,2,phase,100064
ds004504,65,1,0,none,0
ds004504,65,1,0,phase,100065
ds004504,65,1,1,none,0
ds004504,65,1,1,phase,100065
ds004504,65,1,2,none,0
ds004504,65,1,2,phase,100065
ds004504,65,2,0,none,0
ds004504,65,2,0,phase,100065
ds004504,65,2,1,none,0
ds004504,65,2,1,phase,100065
ds004504,65,2,2,none,0
ds004504,65,2,2,phase,100065
ds004504,65,3,0,none,0
ds004504,65,3,0,phase,100065
ds004504,65,3,1,none,0
ds004504,65,3,1,phase,100065
ds004504,65,3,2,none,0
ds004504,65,3,2,phase,100065
ds004504,65,4,0,none,0
ds004504,65,4,0,phase,100065
ds004504,65,4,1,none,0
ds004504,65,4,1,phase,100065
ds004504,65,4,2,none,0
ds004504,65,4,2,phase,100065
ds004504,65,5,0,none,0
ds004504,65,5,0,phase,100065
ds004504,65,5,1,none,0
ds004504,65,5,1,phase,100065
ds004504,65,5,2,none,0
ds004504,65,5,2,phase,100065
ds004504,65,6,0,none,0
ds004504,65,6,0,phase,100065
ds004504,65,6,1,none,0
ds004504,65,6,1,phase,100065
ds004504,65,6,2,none,0
ds004504,65,6,2,phase,100065
ds004504,65,7,0,none,0
ds004504,65,7,0,phase,100065
ds004504,65,7,1,none,0
ds004504,65,7,1,phase,100065
ds004504,65,7,2,none,0
ds004504,65,7,2,phase,100065
ds004504,65,8,0,none,0
ds004504,65,8,0,phase,100065
ds004504,65,8,1,none,0
ds004504,65,8,1,phase,100065
ds004504,65,8,2,none,0
ds004504,65,8,2,phase,100065
ds004504,65,9,0,none,0
ds004504,65,9,0,phase,100065
ds004504,65,9,1,none,0
ds004504,65,9,1,phase,100065
ds004504,65,9,2,none,0
ds004504,65,9,2,phase,100065
ds004504,65,10,0,none,0
ds004504,65,10,0,phase,100065
ds004504,65,10,1,none,0
ds004504,65,10,1,phase,100065
ds004504,65,10,2,none,0
ds004504,65,10,2,phase,100065
ds004621,1,1,0,none,0
ds004621,1,1,0,phase,100001
ds004621,1,1,1,none,0
ds004621,1,1,1,phase,100001
ds004621,1,1,2,none,0
ds004621,1,1,2,phase,100001
ds004621,1,2,0,none,0
ds004621,1,2,0,phase,100001
ds004621,1,2,1,none,0
ds004621,1,2,1,phase,100001
ds004621,1,2,2,none,0
ds004621,1,2,2,phase,100001
ds004621,1,3,0,none,0
ds004621,1,3,0,phase,100001
ds004621,1,3,1,none,0
ds004621,1,3,1,phase,100001
ds004621,1,3,2,none,0
ds004621,1,3,2,phase,100001
ds004621,1,4,0,none,0
ds004621,1,4,0,phase,100001
ds004621,1,4,1,none,0
ds004621,1,4,1,phase,100001
ds004621,1,4,2,none,0
ds004621,1,4,2,phase,100001
ds004621,1,5,0,none,0
ds004621,1,5,0,phase,100001
ds004621,1,5,1,none,0
ds004621,1,5,1,phase,100001
ds004621,1,5,2,none,0
ds004621,1,5,2,phase,100001
ds004621,1,6,0,none,0
ds004621,1,6,0,phase,100001
ds004621,1,6,1,none,0
ds004621,1,6,1,phase,100001
ds004621,1,6,2,none,0
ds004621,1,6,2,phase,100001
ds004621,1,7,0,none,0
ds004621,1,7,0,phase,100001
ds004621,1,7,1,none,0
ds004621,1,7,1,phase,100001
ds004621,1,7,2,none,0
ds004621,1,7,2,phase,100001
ds004621,1,8,0,none,0
ds004621,1,8,0,phase,100001
ds004621,1,8,1,none,0
ds004621,1,8,1,phase,100001
ds004621,1,8,2,none,0
ds004621,1,8,2,phase,100001
ds004621,1,9,0,none,0
ds004621,1,9,0,phase,100001
ds004621,1,9,1,none,0
ds004621,1,9,1,phase,100001
ds004621,1,9,2,none,0
ds004621,1,9,2,phase,100001
ds004621,1,10,0,none,0
ds004621,1,10,0,phase,100001
ds004621,1,10,1,none,0
ds004621,1,10,1,phase,100001
ds004621,1,10,2,none,0
ds004621,1,10,2,phase,100001
ds004621,2,1,0,none,0
ds004621,2,1,0,phase,100002
ds004621,2,1,1,none,0
ds004621,2,1,1,phase,100002
ds004621,2,1,2,none,0
ds004621,2,1,2,phase,100002
ds004621,2,2,0,none,0
ds004621,2,2,0,phase,100002
ds004621,2,2,1,none,0
ds004621,2,2,1,phase,100002
ds004621,2,2,2,none,0
ds004621,2,2,2,phase,100002
ds004621,2,3,0,none,0
ds004621,2,3,0,phase,100002
ds004621,2,3,1,none,0
ds004621,2,3,1,phase,100002
ds004621,2,3,2,none,0
ds004621,2,3,2,phase,100002
ds004621,2,4,0,none,0
ds004621,2,4,0,phase,100002
ds004621,2,4,1,none,0
ds004621,2,4,1,phase,100002
ds004621,2,4,2,none,0
ds004621,2,4,2,phase,100002
ds004621,2,5,0,none,0
ds004621,2,5,0,phase,100002
ds004621,2,5,1,none,0
ds004621,2,5,1,phase,100002
ds004621,2,5,2,none,0
ds004621,2,5,2,phase,100002
ds004621,2,6,0,none,0
ds004621,2,6,0,phase,100002
ds004621,2,6,1,none,0
ds004621,2,6,1,phase,100002
ds004621,2,6,2,none,0
ds004621,2,6,2,phase,100002
ds004621,2,7,0,none,0
ds004621,2,7,0,phase,100002
ds004621,2,7,1,none,0
ds004621,2,7,1,phase,100002
ds004621,2,7,2,none,0
ds004621,2,7,2,phase,100002
ds004621,2,8,0,none,0
ds004621,2,8,0,phase,100002
ds004621,2,8,1,none,0
ds004621,2,8,1,phase,100002
ds004621,2,8,2,none,0
ds004621,2,8,2,phase,100002
ds004621,2,9,0,none,0
ds004621,2,9,0,phase,100002
ds004621,2,9,1,none,0
ds004621,2,9,1,phase,100002
ds004621,2,9,2,none,0
ds004621,2,9,2,phase,100002
ds004621,2,10,0,none,0
ds004621,2,10,0,phase,100002
ds004621,2,10,1,none,0
ds004621,2,10,1,phase,100002
ds004621,2,10,2,none,0
ds004621,2,10,2,phase,100002
ds004621,3,1,0,none,0
ds004621,3,1,0,phase,100003
ds004621,3,1,1,none,0
ds004621,3,1,1,phase,100003
ds004621,3,1,2,none,0
ds004621,3,1,2,phase,100003
ds004621,3,2,0,none,0
ds004621,3,2,0,phase,100003
ds004621,3,2,1,none,0
ds004621,3,2,1,phase,100003
ds004621,3,2,2,none,0
ds004621,3,2,2,phase,100003
ds004621,3,3,0,none,0
ds004621,3,3,0,phase,100003
ds004621,3,3,1,none,0
ds004621,3,3,1,phase,100003
ds004621,3,3,2,none,0
ds004621,3,3,2,phase,100003
ds004621,3,4,0,none,0
ds004621,3,4,0,phase,100003
ds004621,3,4,1,none,0
ds004621,3,4,1,phase,100003
ds004621,3,4,2,none,0
ds004621,3,4,2,phase,100003
ds004621,3,5,0,none,0
ds004621,3,5,0,phase,100003
ds004621,3,5,1,none,0
ds004621,3,5,1,phase,100003
ds004621,3,5,2,none,0
ds004621,3,5,2,phase,100003
ds004621,3,6,0,none,0
ds004621,3,6,0,phase,100003
ds004621,3,6,1,none,0
ds004621,3,6,1,phase,100003
ds004621,3,6,2,none,0
ds004621,3,6,2,phase,100003
ds004621,3,7,0,none,0
ds004621,3,7,0,phase,100003
ds004621,3,7,1,none,0
ds004621,3,7,1,phase,100003
ds004621,3,7,2,none,0
ds004621,3,7,2,phase,100003
ds004621,3,8,0,none,0
ds004621,3,8,0,phase,100003
ds004621,3,8,1,none,0
ds004621,3,8,1,phase,100003
ds004621,3,8,2,none,0
ds004621,3,8,2,phase,100003
ds004621,3,9,0,none,0
ds004621,3,9,0,phase,100003
ds004621,3,9,1,none,0
ds004621,3,9,1,phase,100003
ds004621,3,9,2,none,0
ds004621,3,9,2,phase,100003
ds004621,3,10,0,none,0
ds004621,3,10,0,phase,100003
ds004621,3,10,1,none,0
ds004621,3,10,1,phase,100003
ds004621,3,10,2,none,0
ds004621,3,10,2,phase,100003
ds004621,4,1,0,none,0
ds004621,4,1,0,phase,100004
ds004621,4,1,1,none,0
ds004621,4,1,1,phase,100004
ds004621,4,1,2,none,0
ds004621,4,1,2,phase,100004
ds004621,4,2,0,none,0
ds004621,4,2,0,phase,100004
ds004621,4,2,1,none,0
ds004621,4,2,1,phase,100004
ds004621,4,2,2,none,0
ds004621,4,2,2,phase,100004
ds004621,4,3,0,none,0
ds004621,4,3,0,phase,100004
ds004621,4,3,1,none,0
ds004621,4,3,1,phase,100004
ds004621,4,3,2,none,0
ds004621,4,3,2,phase,100004
ds004621,4,4,0,none,0
ds004621,4,4,0,phase,100004
ds004621,4,4,1,none,0
ds004621,4,4,1,phase,100004
ds004621,4,4,2,none,0
ds004621,4,4,2,phase,100004
ds004621,4,5,0,none,0
ds004621,4,5,0,phase,100004
ds004621,4,5,1,none,0
ds004621,4,5,1,phase,100004
ds004621,4,5,2,none,0
ds004621,4,5,2,phase,100004
ds004621,4,6,0,none,0
ds004621,4,6,0,phase,100004
ds004621,4,6,1,none,0
ds004621,4,6,1,phase,100004
ds004621,4,6,2,none,0
ds004621,4,6,2,phase,100004
ds004621,4,7,0,none,0
ds004621,4,7,0,phase,100004
ds004621,4,7,1,none,0
ds004621,4,7,1,phase,100004
ds004621,4,7,2,none,0
ds004621,4,7,2,phase,100004
ds004621,4,8,0,none,0
ds004621,4,8,0,phase,100004
ds004621,4,8,1,none,0
ds004621,4,8,1,phase,100004
ds004621,4,8,2,none,0
ds004621,4,8,2,phase,100004
ds004621,4,9,0,none,0
ds004621,4,9,0,phase,100004
ds004621,4,9,1,none,0
ds004621,4,9,1,phase,100004
ds004621,4,9,2,none,0
ds004621,4,9,2,phase,100004
ds004621,4,10,0,none,0
ds004621,4,10,0,phase,100004
ds004621,4,10,1,none,0
ds004621,4,10,1,phase,100004
ds004621,4,10,2,none,0
ds004621,4,10,2,phase,100004
ds004621,5,1,0,none,0
ds004621,5,1,0,phase,100005
ds004621,5,1,1,none,0
ds004621,5,1,1,phase,100005
ds004621,5,1,2,none,0
ds004621,5,1,2,phase,100005
ds004621,5,2,0,none,0
ds004621,5,2,0,phase,100005
ds004621,5,2,1,none,0
ds004621,5,2,1,phase,100005
ds004621,5,2,2,none,0
ds004621,5,2,2,phase,100005
ds004621,5,3,0,none,0
ds004621,5,3,0,phase,100005
ds004621,5,3,1,none,0
ds004621,5,3,1,phase,100005
ds004621,5,3,2,none,0
ds004621,5,3,2,phase,100005
ds004621,5,4,0,none,0
ds004621,5,4,0,phase,100005
ds004621,5,4,1,none,0
ds004621,5,4,1,phase,100005
ds004621,5,4,2,none,0
ds004621,5,4,2,phase,100005
ds004621,5,5,0,none,0
ds004621,5,5,0,phase,100005
ds004621,5,5,1,none,0
ds004621,5,5,1,phase,100005
ds004621,5,5,2,none,0
ds004621,5,5,2,phase,100005
ds004621,5,6,0,none,0
ds004621,5,6,0,phase,100005
ds004621,5,6,1,none,0
ds004621,5,6,1,phase,100005
ds004621,5,6,2,none,0
ds004621,5,6,2,phase,100005
ds004621,5,7,0,none,0
ds004621,5,7,0,phase,100005
ds004621,5,7,1,none,0
ds004621,5,7,1,phase,100005
ds004621,5,7,2,none,0
ds004621,5,7,2,phase,100005
ds004621,5,8,0,none,0
ds004621,5,8,0,phase,100005
ds004621,5,8,1,none,0
ds004621,5,8,1,phase,100005
ds004621,5,8,2,none,0
ds004621,5,8,2,phase,100005
ds004621,5,9,0,none,0
ds004621,5,9,0,phase,100005
ds004621,5,9,1,none,0
ds004621,5,9,1,phase,100005
ds004621,5,9,2,none,0
ds004621,5,9,2,phase,100005
ds004621,5,10,0,none,0
ds004621,5,10,0,phase,100005
ds004621,5,10,1,none,0
ds004621,5,10,1,phase,100005
ds004621,5,10,2,none,0
ds004621,5,10,2,phase,100005
ds004621,6,1,0,none,0
ds004621,6,1,0,phase,100006
ds004621,6,1,1,none,0
ds004621,6,1,1,phase,100006
ds004621,6,1,2,none,0
ds004621,6,1,2,phase,100006
ds004621,6,2,0,none,0
ds004621,6,2,0,phase,100006
ds004621,6,2,1,none,0
ds004621,6,2,1,phase,100006
ds004621,6,2,2,none,0
ds004621,6,2,2,phase,100006
ds004621,6,3,0,none,0
ds004621,6,3,0,phase,100006
ds004621,6,3,1,none,0
ds004621,6,3,1,phase,100006
ds004621,6,3,2,none,0
ds004621,6,3,2,phase,100006
ds004621,6,4,0,none,0
ds004621,6,4,0,phase,100006
ds004621,6,4,1,none,0
ds004621,6,4,1,phase,100006
ds004621,6,4,2,none,0
ds004621,6,4,2,phase,100006
ds004621,6,5,0,none,0
ds004621,6,5,0,phase,100006
ds004621,6,5,1,none,0
ds004621,6,5,1,phase,100006
ds004621,6,5,2,none,0
ds004621,6,5,2,phase,100006
ds004621,6,6,0,none,0
ds004621,6,6,0,phase,100006
ds004621,6,6,1,none,0
ds004621,6,6,1,phase,100006
ds004621,6,6,2,none,0
ds004621,6,6,2,phase,100006
ds004621,6,7,0,none,0
ds004621,6,7,0,phase,100006
ds004621,6,7,1,none,0
ds004621,6,7,1,phase,100006
ds004621,6,7,2,none,0
ds004621,6,7,2,phase,100006
ds004621,6,8,0,none,0
ds004621,6,8,0,phase,100006
ds004621,6,8,1,none,0
ds004621,6,8,1,phase,100006
ds004621,6,8,2,none,0
ds004621,6,8,2,phase,100006
ds004621,6,9,0,none,0
ds004621,6,9,0,phase,100006
ds004621,6,9,1,none,0
ds004621,6,9,1,phase,100006
ds004621,6,9,2,none,0
ds004621,6,9,2,phase,100006
ds004621,6,10,0,none,0
ds004621,6,10,0,phase,100006
ds004621,6,10,1,none,0
ds004621,6,10,1,phase,100006
ds004621,6,10,2,none,0
ds004621,6,10,2,phase,100006
ds004621,7,1,0,none,0
ds004621,7,1,0,phase,100007
ds004621,7,1,1,none,0
ds004621,7,1,1,phase,100007
ds004621,7,1,2,none,0
ds004621,7,1,2,phase,100007
ds004621,7,2,0,none,0
ds004621,7,2,0,phase,100007
ds004621,7,2,1,none,0
ds004621,7,2,1,phase,100007
ds004621,7,2,2,none,0
ds004621,7,2,2,phase,100007
ds004621,7,3,0,none,0
ds004621,7,3,0,phase,100007
ds004621,7,3,1,none,0
ds004621,7,3,1,phase,100007
ds004621,7,3,2,none,0
ds004621,7,3,2,phase,100007
ds004621,7,4,0,none,0
ds004621,7,4,0,phase,100007
ds004621,7,4,1,none,0
ds004621,7,4,1,phase,100007
ds004621,7,4,2,none,0
ds004621,7,4,2,phase,100007
ds004621,7,5,0,none,0
ds004621,7,5,0,phase,100007
ds004621,7,5,1,none,0
ds004621,7,5,1,phase,100007
ds004621,7,5,2,none,0
ds004621,7,5,2,phase,100007
ds004621,7,6,0,none,0
ds004621,7,6,0,phase,100007
ds004621,7,6,1,none,0
ds004621,7,6,1,phase,100007
ds004621,7,6,2,none,0
ds004621,7,6,2,phase,100007
ds004621,7,7,0,none,0
ds004621,7,7,0,phase,100007
ds004621,7,7,1,none,0
ds004621,7,7,1,phase,100007
ds004621,7,7,2,none,0
ds004621,7,7,2,phase,100007
ds004621,7,8,0,none,0
ds004621,7,8,0,phase,100007
ds004621,7,8,1,none,0
ds004621,7,8,1,phase,100007
ds004621,7,8,2,none,0
ds004621,7,8,2,phase,100007
ds004621,7,9,0,none,0
ds004621,7,9,0,phase,100007
ds004621,7,9,1,none,0
ds004621,7,9,1,phase,100007
ds004621,7,9,2,none,0
ds004621,7,9,2,phase,100007
ds004621,7,10,0,none,0
ds004621,7,10,0,phase,100007
ds004621,7,10,1,none,0
ds004621,7,10,1,phase,100007
ds004621,7,10,2,none,0
ds004621,7,10,2,phase,100007
ds004621,8,1,0,none,0
ds004621,8,1,0,phase,100008
ds004621,8,1,1,none,0
ds004621,8,1,1,phase,100008
ds004621,8,1,2,none,0
ds004621,8,1,2,phase,100008
ds004621,8,2,0,none,0
ds004621,8,2,0,phase,100008
ds004621,8,2,1,none,0
ds004621,8,2,1,phase,100008
ds004621,8,2,2,none,0
ds004621,8,2,2,phase,100008
ds004621,8,3,0,none,0
ds004621,8,3,0,phase,100008
ds004621,8,3,1,none,0
ds004621,8,3,1,phase,100008
ds004621,8,3,2,none,0
ds004621,8,3,2,phase,100008
ds004621,8,4,0,none,0
ds004621,8,4,0,phase,100008
ds004621,8,4,1,none,0
ds004621,8,4,1,phase,100008
ds004621,8,4,2,none,0
ds004621,8,4,2,phase,100008
ds004621,8,5,0,none,0
ds004621,8,5,0,phase,100008
ds004621,8,5,1,none,0
ds004621,8,5,1,phase,100008
ds004621,8,5,2,none,0
ds004621,8,5,2,phase,100008
ds004621,8,6,0,none,0
ds004621,8,6,0,phase,100008
ds004621,8,6,1,none,0
ds004621,8,6,1,phase,100008
ds004621,8,6,2,none,0
ds004621,8,6,2,phase,100008
ds004621,8,7,0,none,0
ds004621,8,7,0,phase,100008
ds004621,8,7,1,none,0
ds004621,8,7,1,phase,100008
ds004621,8,7,2,none,0
ds004621,8,7,2,phase,100008
ds004621,8,8,0,none,0
ds004621,8,8,0,phase,100008
ds004621,8,8,1,none,0
ds004621,8,8,1,phase,100008
ds004621,8,8,2,none,0
ds004621,8,8,2,phase,100008
ds004621,8,9,0,none,0
ds004621,8,9,0,phase,100008
ds004621,8,9,1,none,0
ds004621,8,9,1,phase,100008
ds004621,8,9,2,none,0
ds004621,8,9,2,phase,100008
ds004621,8,10,0,none,0
ds004621,8,10,0,phase,100008
ds004621,8,10,1,none,0
ds004621,8,10,1,phase,100008
ds004621,8,10,2,none,0
ds004621,8,10,2,phase,100008
ds004621,9,1,0,none,0
ds004621,9,1,0,phase,100009
ds004621,9,1,1,none,0
ds004621,9,1,1,phase,100009
ds004621,9,1,2,none,0
ds004621,9,1,2,phase,100009
ds004621,9,2,0,none,0
ds004621,9,2,0,phase,100009
ds004621,9,2,1,none,0
ds004621,9,2,1,phase,100009
ds004621,9,2,2,none,0
ds004621,9,2,2,phase,100009
ds004621,9,3,0,none,0
ds004621,9,3,0,phase,100009
ds004621,9,3,1,none,0
ds004621,9,3,1,phase,100009
ds004621,9,3,2,none,0
ds004621,9,3,2,phase,100009
ds004621,9,4,0,none,0
ds004621,9,4,0,phase,100009
ds004621,9,4,1,none,0
ds004621,9,4,1,phase,100009
ds004621,9,4,2,none,0
ds004621,9,4,2,phase,100009
ds004621,9,5,0,none,0
ds004621,9,5,0,phase,100009
ds004621,9,5,1,none,0
ds004621,9,5,1,phase,100009
ds004621,9,5,2,none,0
ds004621,9,5,2,phase,100009
ds004621,9,6,0,none,0
ds004621,9,6,0,phase,100009
ds004621,9,6,1,none,0
ds004621,9,6,1,phase,100009
ds004621,9,6,2,none,0
ds004621,9,6,2,phase,100009
ds004621,9,7,0,none,0
ds004621,9,7,0,phase,100009
ds004621,9,7,1,none,0
ds004621,9,7,1,phase,100009
ds004621,9,7,2,none,0
ds004621,9,7,2,phase,100009
ds004621,9,8,0,none,0
ds004621,9,8,0,phase,100009
ds004621,9,8,1,none,0
ds004621,9,8,1,phase,100009
ds004621,9,8,2,none,0
ds004621,9,8,2,phase,100009
ds004621,9,9,0,none,0
ds004621,9,9,0,phase,100009
ds004621,9,9,1,none,0
ds004621,9,9,1,phase,100009
ds004621,9,9,2,none,0
ds004621,9,9,2,phase,100009
ds004621,9,10,0,none,0
ds004621,9,10,0,phase,100009
ds004621,9,10,1,none,0
ds004621,9,10,1,phase,100009
ds004621,9,10,2,none,0
ds004621,9,10,2,phase,100009
ds004621,10,1,0,none,0
ds004621,10,1,0,phase,100010
ds004621,10,1,1,none,0
ds004621,10,1,1,phase,100010
ds004621,10,1,2,none,0
ds004621,10,1,2,phase,100010
ds004621,10,2,0,none,0
ds004621,10,2,0,phase,100010
ds004621,10,2,1,none,0
ds004621,10,2,1,phase,100010
ds004621,10,2,2,none,0
ds004621,10,2,2,phase,100010
ds004621,10,3,0,none,0
ds004621,10,3,0,phase,100010
ds004621,10,3,1,none,0
ds004621,10,3,1,phase,100010
ds004621,10,3,2,none,0
ds004621,10,3,2,phase,100010
ds004621,10,4,0,none,0
ds004621,10,4,0,phase,100010
ds004621,10,4,1,none,0
ds004621,10,4,1,phase,100010
ds004621,10,4,2,none,0
ds004621,10,4,2,phase,100010
ds004621,10,5,0,none,0
ds004621,10,5,0,phase,100010
ds004621,10,5,1,none,0
ds004621,10,5,1,phase,100010
ds004621,10,5,2,none,0
ds004621,10,5,2,phase,100010
ds004621,10,6,0,none,0
ds004621,10,6,0,phase,100010
ds004621,10,6,1,none,0
ds004621,10,6,1,phase,100010
ds004621,10,6,2,none,0
ds004621,10,6,2,phase,100010
ds004621,10,7,0,none,0
ds004621,10,7,0,phase,100010
ds004621,10,7,1,none,0
ds004621,10,7,1,phase,100010
ds004621,10,7,2,none,0
ds004621,10,7,2,phase,100010
ds004621,10,8,0,none,0
ds004621,10,8,0,phase,100010
ds004621,10,8,1,none,0
ds004621,10,8,1,phase,100010
ds004621,10,8,2,none,0
ds004621,10,8,2,phase,100010
ds004621,10,9,0,none,0
ds004621,10,9,0,phase,100010
ds004621,10,9,1,none,0
ds004621,10,9,1,phase,100010
ds004621,10,9,2,none,0
ds004621,10,9,2,phase,100010
ds004621,10,10,0,none,0
ds004621,10,10,0,phase,100010
ds004621,10,10,1,none,0
ds004621,10,10,1,phase,100010
ds004621,10,10,2,none,0
ds004621,10,10,2,phase,100010
ds004621,11,1,0,none,0
ds004621,11,1,0,phase,100011
ds004621,11,1,1,none,0
ds004621,11,1,1,phase,100011
ds004621,11,1,2,none,0
ds004621,11,1,2,phase,100011
ds004621,11,2,0,none,0
ds004621,11,2,0,phase,100011
ds004621,11,2,1,none,0
ds004621,11,2,1,phase,100011
ds004621,11,2,2,none,0
ds004621,11,2,2,phase,100011
ds004621,11,3,0,none,0
ds004621,11,3,0,phase,100011
ds004621,11,3,1,none,0
ds004621,11,3,1,phase,100011
ds004621,11,3,2,none,0
ds004621,11,3,2,phase,100011
ds004621,11,4,0,none,0
ds004621,11,4,0,phase,100011
ds004621,11,4,1,none,0
ds004621,11,4,1,phase,100011
ds004621,11,4,2,none,0
ds004621,11,4,2,phase,100011
ds004621,11,5,0,none,0
ds004621,11,5,0,phase,100011
ds004621,11,5,1,none,0
ds004621,11,5,1,phase,100011
ds004621,11,5,2,none,0
ds004621,11,5,2,phase,100011
ds004621,11,6,0,none,0
ds004621,11,6,0,phase,100011
ds004621,11,6,1,none,0
ds004621,11,6,1,phase,100011
ds004621,11,6,2,none,0
ds004621,11,6,2,phase,100011
ds004621,11,7,0,none,0
ds004621,11,7,0,phase,100011
ds004621,11,7,1,none,0
ds004621,11,7,1,phase,100011
ds004621,11,7,2,none,0
ds004621,11,7,2,phase,100011
ds004621,11,8,0,none,0
ds004621,11,8,0,phase,100011
ds004621,11,8,1,none,0
ds004621,11,8,1,phase,100011
ds004621,11,8,2,none,0
ds004621,11,8,2,phase,100011
ds004621,11,9,0,none,0
ds004621,11,9,0,phase,100011
ds004621,11,9,1,none,0
ds004621,11,9,1,phase,100011
ds004621,11,9,2,none,0
ds004621,11,9,2,phase,100011
ds004621,11,10,0,none,0
ds004621,11,10,0,phase,100011
ds004621,11,10,1,none,0
ds004621,11,10,1,phase,100011
ds004621,11,10,2,none,0
ds004621,11,10,2,phase,100011
ds004621,12,1,0,none,0
ds004621,12,1,0,phase,100012
ds004621,12,1,1,none,0
ds004621,12,1,1,phase,100012
ds004621,12,1,2,none,0
ds004621,12,1,2,phase,100012
ds004621,12,2,0,none,0
ds004621,12,2,0,phase,100012
ds004621,12,2,1,none,0
ds004621,12,2,1,phase,100012
ds004621,12,2,2,none,0
ds004621,12,2,2,phase,100012
ds004621,12,3,0,none,0
ds004621,12,3,0,phase,100012
ds004621,12,3,1,none,0
ds004621,12,3,1,phase,100012
ds004621,12,3,2,none,0
ds004621,12,3,2,phase,100012
ds004621,12,4,0,none,0
ds004621,12,4,0,phase,100012
ds004621,12,4,1,none,0
ds004621,12,4,1,phase,100012
ds004621,12,4,2,none,0
ds004621,12,4,2,phase,100012
ds004621,12,5,0,none,0
ds004621,12,5,0,phase,100012
ds004621,12,5,1,none,0
ds004621,12,5,1,phase,100012
ds004621,12,5,2,none,0
ds004621,12,5,2,phase,100012
ds004621,12,6,0,none,0
ds004621,12,6,0,phase,100012
ds004621,12,6,1,none,0
ds004621,12,6,1,phase,100012
ds004621,12,6,2,none,0
ds004621,12,6,2,phase,100012
ds004621,12,7,0,none,0
ds004621,12,7,0,phase,100012
ds004621,12,7,1,none,0
ds004621,12,7,1,phase,100012
ds004621,12,7,2,none,0
ds004621,12,7,2,phase,100012
ds004621,12,8,0,none,0
ds004621,12,8,0,phase,100012
ds004621,12,8,1,none,0
ds004621,12,8,1,phase,100012
ds004621,12,8,2,none,0
ds004621,12,8,2,phase,100012
ds004621,12,9,0,none,0
ds004621,12,9,0,phase,100012
ds004621,12,9,1,none,0
ds004621,12,9,1,phase,100012
ds004621,12,9,2,none,0
ds004621,12,9,2,phase,100012
ds004621,12,10,0,none,0
ds004621,12,10,0,phase,100012
ds004621,12,10,1,none,0
ds004621,12,10,1,phase,100012
ds004621,12,10,2,none,0
ds004621,12,10,2,phase,100012
ds004621,13,1,0,none,0
ds004621,13,1,0,phase,100013
ds004621,13,1,1,none,0
ds004621,13,1,1,phase,100013
ds004621,13,1,2,none,0
ds004621,13,1,2,phase,100013
ds004621,13,2,0,none,0
ds004621,13,2,0,phase,100013
ds004621,13,2,1,none,0
ds004621,13,2,1,phase,100013
ds004621,13,2,2,none,0
ds004621,13,2,2,phase,100013
ds004621,13,3,0,none,0
ds004621,13,3,0,phase,100013
ds004621,13,3,1,none,0
ds004621,13,3,1,phase,100013
ds004621,13,3,2,none,0
ds004621,13,3,2,phase,100013
ds004621,13,4,0,none,0
ds004621,13,4,0,phase,100013
ds004621,13,4,1,none,0
ds004621,13,4,1,phase,100013
ds004621,13,4,2,none,0
ds004621,13,4,2,phase,100013
ds004621,13,5,0,none,0
ds004621,13,5,0,phase,100013
ds004621,13,5,1,none,0
ds004621,13,5,1,phase,100013
ds004621,13,5,2,none,0
ds004621,13,5,2,phase,100013
ds004621,13,6,0,none,0
ds004621,13,6,0,phase,100013
ds004621,13,6,1,none,0
ds004621,13,6,1,phase,100013
ds004621,13,6,2,none,0
ds004621,13,6,2,phase,100013
ds004621,13,7,0,none,0
ds004621,13,7,0,phase,100013
ds004621,13,7,1,none,0
ds004621,13,7,1,phase,100013
ds004621,13,7,2,none,0
ds004621,13,7,2,phase,100013
ds004621,13,8,0,none,0
ds004621,13,8,0,phase,100013
ds004621,13,8,1,none,0
ds004621,13,8,1,phase,100013
ds004621,13,8,2,none,0
ds004621,13,8,2,phase,100013
ds004621,13,9,0,none,0
ds004621,13,9,0,phase,100013
ds004621,13,9,1,none,0
ds004621,13,9,1,phase,100013
ds004621,13,9,2,none,0
ds004621,13,9,2,phase,100013
ds004621,13,10,0,none,0
ds004621,13,10,0,phase,100013
ds004621,13,10,1,none,0
ds004621,13,10,1,phase,100013
ds004621,13,10,2,none,0
ds004621,13,10,2,phase,100013
ds004621,14,1,0,none,0
ds004621,14,1,0,phase,100014
ds004621,14,1,1,none,0
ds004621,14,1,1,phase,100014
ds004621,14,1,2,none,0
ds004621,14,1,2,phase,100014
ds004621,14,2,0,none,0
ds004621,14,2,0,phase,100014
ds004621,14,2,1,none,0
ds004621,14,2,1,phase,100014
ds004621,14,2,2,none,0
ds004621,14,2,2,phase,100014
ds004621,14,3,0,none,0
ds004621,14,3,0,phase,100014
ds004621,14,3,1,none,0
ds004621,14,3,1,phase,100014
ds004621,14,3,2,none,0
ds004621,14,3,2,phase,100014
ds004621,14,4,0,none,0
ds004621,14,4,0,phase,100014
ds004621,14,4,1,none,0
ds004621,14,4,1,phase,100014
ds004621,14,4,2,none,0
ds004621,14,4,2,phase,100014
ds004621,14,5,0,none,0
ds004621,14,5,0,phase,100014
ds004621,14,5,1,none,0
ds004621,14,5,1,phase,100014
ds004621,14,5,2,none,0
ds004621,14,5,2,phase,100014
ds004621,14,6,0,none,0
ds004621,14,6,0,phase,100014
ds004621,14,6,1,none,0
ds004621,14,6,1,phase,100014
ds004621,14,6,2,none,0
ds004621,14,6,2,phase,100014
ds004621,14,7,0,none,0
ds004621,14,7,0,phase,100014
ds004621,14,7,1,none,0
ds004621,14,7,1,phase,100014
ds004621,14,7,2,none,0
ds004621,14,7,2,phase,100014
ds004621,14,8,0,none,0
ds004621,14,8,0,phase,100014
ds004621,14,8,1,none,0
ds004621,14,8,1,phase,100014
ds004621,14,8,2,none,0
ds004621,14,8,2,phase,100014
ds004621,14,9,0,none,0
ds004621,14,9,0,phase,100014
ds004621,14,9,1,none,0
ds004621,14,9,1,phase,100014
ds004621,14,9,2,none,0
ds004621,14,9,2,phase,100014
ds004621,14,10,0,none,0
ds004621,14,10,0,phase,100014
ds004621,14,10,1,none,0
ds004621,14,10,1,phase,100014
ds004621,14,10,2,none,0
ds004621,14,10,2,phase,100014
ds004621,15,1,0,none,0
ds004621,15,1,0,phase,100015
ds004621,15,1,1,none,0
ds004621,15,1,1,phase,100015
ds004621,15,1,2,none,0
ds004621,15,1,2,phase,100015
ds004621,15,2,0,none,0
ds004621,15,2,0,phase,100015
ds004621,15,2,1,none,0
ds004621,15,2,1,phase,100015
ds004621,15,2,2,none,0
ds004621,15,2,2,phase,100015
ds004621,15,3,0,none,0
ds004621,15,3,0,phase,100015
ds004621,15,3,1,none,0
ds004621,15,3,1,phase,100015
ds004621,15,3,2,none,0
ds004621,15,3,2,phase,100015
ds004621,15,4,0,none,0
ds004621,15,4,0,phase,100015
ds004621,15,4,1,none,0
ds004621,15,4,1,phase,100015
ds004621,15,4,2,none,0
ds004621,15,4,2,phase,100015
ds004621,15,5,0,none,0
ds004621,15,5,0,phase,100015
ds004621,15,5,1,none,0
ds004621,15,5,1,phase,100015
ds004621,15,5,2,none,0
ds004621,15,5,2,phase,100015
ds004621,15,6,0,none,0
ds004621,15,6,0,phase,100015
ds004621,15,6,1,none,0
ds004621,15,6,1,phase,100015
ds004621,15,6,2,none,0
ds004621,15,6,2,phase,100015
ds004621,15,7,0,none,0
ds004621,15,7,0,phase,100015
ds004621,15,7,1,none,0
ds004621,15,7,1,phase,100015
ds004621,15,7,2,none,0
ds004621,15,7,2,phase,100015
ds004621,15,8,0,none,0
ds004621,15,8,0,phase,100015
ds004621,15,8,1,none,0
ds004621,15,8,1,phase,100015
ds004621,15,8,2,none,0
ds004621,15,8,2,phase,100015
ds004621,15,9,0,none,0
ds004621,15,9,0,phase,100015
ds004621,15,9,1,none,0
ds004621,15,9,1,phase,100015
ds004621,15,9,2,none,0
ds004621,15,9,2,phase,100015
ds004621,15,10,0,none,0
ds004621,15,10,0,phase,100015
ds004621,15,10,1,none,0
ds004621,15,10,1,phase,100015
ds004621,15,10,2,none,0
ds004621,15,10,2,phase,100015
ds004621,16,1,0,none,0
ds004621,16,1,0,phase,100016
ds004621,16,1,1,none,0
ds004621,16,1,1,phase,100016
ds004621,16,1,2,none,0
ds004621,16,1,2,phase,100016
ds004621,16,2,0,none,0
ds004621,16,2,0,phase,100016
ds004621,16,2,1,none,0
ds004621,16,2,1,phase,100016
ds004621,16,2,2,none,0
ds004621,16,2,2,phase,100016
ds004621,16,3,0,none,0
ds004621,16,3,0,phase,100016
ds004621,16,3,1,none,0
ds004621,16,3,1,phase,100016
ds004621,16,3,2,none,0
ds004621,16,3,2,phase,100016
ds004621,16,4,0,none,0
ds004621,16,4,0,phase,100016
ds004621,16,4,1,none,0
ds004621,16,4,1,phase,100016
ds004621,16,4,2,none,0
ds004621,16,4,2,phase,100016
ds004621,16,5,0,none,0
ds004621,16,5,0,phase,100016
ds004621,16,5,1,none,0
ds004621,16,5,1,phase,100016
ds004621,16,5,2,none,0
ds004621,16,5,2,phase,100016
ds004621,16,6,0,none,0
ds004621,16,6,0,phase,100016
ds004621,16,6,1,none,0
ds004621,16,6,1,phase,100016
ds004621,16,6,2,none,0
ds004621,16,6,2,phase,100016
ds004621,16,7,0,none,0
ds004621,16,7,0,phase,100016
ds004621,16,7,1,none,0
ds004621,16,7,1,phase,100016
ds004621,16,7,2,none,0
ds004621,16,7,2,phase,100016
ds004621,16,8,0,none,0
ds004621,16,8,0,phase,100016
ds004621,16,8,1,none,0
ds004621,16,8,1,phase,100016
ds004621,16,8,2,none,0
ds004621,16,8,2,phase,100016
ds004621,16,9,0,none,0
ds004621,16,9,0,phase,100016
ds004621,16,9,1,none,0
ds004621,16,9,1,phase,100016
ds004621,16,9,2,none,0
ds004621,16,9,2,phase,100016
ds004621,16,10,0,none,0
ds004621,16,10,0,phase,100016
ds004621,16,10,1,none,0
ds004621,16,10,1,phase,100016
ds004621,16,10,2,none,0
ds004621,16,10,2,phase,100016
ds004621,17,1,0,none,0
ds004621,17,1,0,phase,100017
ds004621,17,1,1,none,0
ds004621,17,1,1,phase,100017
ds004621,17,1,2,none,0
ds004621,17,1,2,phase,100017
ds004621,17,2,0,none,0
ds004621,17,2,0,phase,100017
ds004621,17,2,1,none,0
ds004621,17,2,1,phase,100017
ds004621,17,2,2,none,0
ds004621,17,2,2,phase,100017
ds004621,17,3,0,none,0
ds004621,17,3,0,phase,100017
ds004621,17,3,1,none,0
ds004621,17,3,1,phase,100017
ds004621,17,3,2,none,0
ds004621,17,3,2,phase,100017
ds004621,17,4,0,none,0
ds004621,17,4,0,phase,100017
ds004621,17,4,1,none,0
ds004621,17,4,1,phase,100017
ds004621,17,4,2,none,0
ds004621,17,4,2,phase,100017
ds004621,17,5,0,none,0
ds004621,17,5,0,phase,100017
ds004621,17,5,1,none,0
ds004621,17,5,1,phase,100017
ds004621,17,5,2,none,0
ds004621,17,5,2,phase,100017
ds004621,17,6,0,none,0
ds004621,17,6,0,phase,100017
ds004621,17,6,1,none,0
ds004621,17,6,1,phase,100017
ds004621,17,6,2,none,0
ds004621,17,6,2,phase,100017
ds004621,17,7,0,none,0
ds004621,17,7,0,phase,100017
ds004621,17,7,1,none,0
ds004621,17,7,1,phase,100017
ds004621,17,7,2,none,0
ds004621,17,7,2,phase,100017
ds004621,17,8,0,none,0
ds004621,17,8,0,phase,100017
ds004621,17,8,1,none,0
ds004621,17,8,1,phase,100017
ds004621,17,8,2,none,0
ds004621,17,8,2,phase,100017
ds004621,17,9,0,none,0
ds004621,17,9,0,phase,100017
ds004621,17,9,1,none,0
ds004621,17,9,1,phase,100017
ds004621,17,9,2,none,0
ds004621,17,9,2,phase,100017
ds004621,17,10,0,none,0
ds004621,17,10,0,phase,100017
ds004621,17,10,1,none,0
ds004621,17,10,1,phase,100017
ds004621,17,10,2,none,0
ds004621,17,10,2,phase,100017
ds004621,18,1,0,none,0
ds004621,18,1,0,phase,100018
ds004621,18,1,1,none,0
ds004621,18,1,1,phase,100018
ds004621,18,1,2,none,0
ds004621,18,1,2,phase,100018
ds004621,18,2,0,none,0
ds004621,18,2,0,phase,100018
ds004621,18,2,1,none,0
ds004621,18,2,1,phase,100018
ds004621,18,2,2,none,0
ds004621,18,2,2,phase,100018
ds004621,18,3,0,none,0
ds004621,18,3,0,phase,100018
ds004621,18,3,1,none,0
ds004621,18,3,1,phase,100018
ds004621,18,3,2,none,0
ds004621,18,3,2,phase,100018
ds004621,18,4,0,none,0
ds004621,18,4,0,phase,100018
ds004621,18,4,1,none,0
ds004621,18,4,1,phase,100018
ds004621,18,4,2,none,0
ds004621,18,4,2,phase,100018
ds004621,18,5,0,none,0
ds004621,18,5,0,phase,100018
ds004621,18,5,1,none,0
ds004621,18,5,1,phase,100018
ds004621,18,5,2,none,0
ds004621,18,5,2,phase,100018
ds004621,18,6,0,none,0
ds004621,18,6,0,phase,100018
ds004621,18,6,1,none,0
ds004621,18,6,1,phase,100018
ds004621,18,6,2,none,0
ds004621,18,6,2,phase,100018
ds004621,18,7,0,none,0
ds004621,18,7,0,phase,100018
ds004621,18,7,1,none,0
ds004621,18,7,1,phase,100018
ds004621,18,7,2,none,0
ds004621,18,7,2,phase,100018
ds004621,18,8,0,none,0
ds004621,18,8,0,phase,100018
ds004621,18,8,1,none,0
ds004621,18,8,1,phase,100018
ds004621,18,8,2,none,0
ds004621,18,8,2,phase,100018
ds004621,18,9,0,none,0
ds004621,18,9,0,phase,100018
ds004621,18,9,1,none,0
ds004621,18,9,1,phase,100018
ds004621,18,9,2,none,0
ds004621,18,9,2,phase,100018
ds004621,18,10,0,none,0
ds004621,18,10,0,phase,100018
ds004621,18,10,1,none,0
ds004621,18,10,1,phase,100018
ds004621,18,10,2,none,0
ds004621,18,10,2,phase,100018
ds004621,19,1,0,none,0
ds004621,19,1,0,phase,100019
ds004621,19,1,1,none,0
ds004621,19,1,1,phase,100019
ds004621,19,1,2,none,0
ds004621,19,1,2,phase,100019
ds004621,19,2,0,none,0
ds004621,19,2,0,phase,100019
ds004621,19,2,1,none,0
ds004621,19,2,1,phase,100019
ds004621,19,2,2,none,0
ds004621,19,2,2,phase,100019
ds004621,19,3,0,none,0
ds004621,19,3,0,phase,100019
ds004621,19,3,1,none,0
ds004621,19,3,1,phase,100019
ds004621,19,3,2,none,0
ds004621,19,3,2,phase,100019
ds004621,19,4,0,none,0
ds004621,19,4,0,phase,100019
ds004621,19,4,1,none,0
ds004621,19,4,1,phase,100019
ds004621,19,4,2,none,0
ds004621,19,4,2,phase,100019
ds004621,19,5,0,none,0
ds004621,19,5,0,phase,100019
ds004621,19,5,1,none,0
ds004621,19,5,1,phase,100019
ds004621,19,5,2,none,0
ds004621,19,5,2,phase,100019
ds004621,19,6,0,none,0
ds004621,19,6,0,phase,100019
ds004621,19,6,1,none,0
ds004621,19,6,1,phase,100019
ds004621,19,6,2,none,0
ds004621,19,6,2,phase,100019
ds004621,19,7,0,none,0
ds004621,19,7,0,phase,100019
ds004621,19,7,1,none,0
ds004621,19,7,1,phase,100019
ds004621,19,7,2,none,0
ds004621,19,7,2,phase,100019
ds004621,19,8,0,none,0
ds004621,19,8,0,phase,100019
ds004621,19,8,1,none,0
ds004621,19,8,1,phase,100019
ds004621,19,8,2,none,0
ds004621,19,8,2,phase,100019
ds004621,19,9,0,none,0
ds004621,19,9,0,phase,100019
ds004621,19,9,1,none,0
ds004621,19,9,1,phase,100019
ds004621,19,9,2,none,0
ds004621,19,9,2,phase,100019
ds004621,19,10,0,none,0
ds004621,19,10,0,phase,100019
ds004621,19,10,1,none,0
ds004621,19,10,1,phase,100019
ds004621,19,10,2,none,0
ds004621,19,10,2,phase,100019
ds004621,20,1,0,none,0
ds004621,20,1,0,phase,100020
ds004621,20,1,1,none,0
ds004621,20,1,1,phase,100020
ds004621,20,1,2,none,0
ds004621,20,1,2,phase,100020
ds004621,20,2,0,none,0
ds004621,20,2,0,phase,100020
ds004621,20,2,1,none,0
ds004621,20,2,1,phase,100020
ds004621,20,2,2,none,0
ds004621,20,2,2,phase,100020
ds004621,20,3,0,none,0
ds004621,20,3,0,phase,100020
ds004621,20,3,1,none,0
ds004621,20,3,1,phase,100020
ds004621,20,3,2,none,0
ds004621,20,3,2,phase,100020
ds004621,20,4,0,none,0
ds004621,20,4,0,phase,100020
ds004621,20,4,1,none,0
ds004621,20,4,1,phase,100020
ds004621,20,4,2,none,0
ds004621,20,4,2,phase,100020
ds004621,20,5,0,none,0
ds004621,20,5,0,phase,100020
ds004621,20,5,1,none,0
ds004621,20,5,1,phase,100020
ds004621,20,5,2,none,0
ds004621,20,5,2,phase,100020
ds004621,20,6,0,none,0
ds004621,20,6,0,phase,100020
ds004621,20,6,1,none,0
ds004621,20,6,1,phase,100020
ds004621,20,6,2,none,0
ds004621,20,6,2,phase,100020
ds004621,20,7,0,none,0
ds004621,20,7,0,phase,100020
ds004621,20,7,1,none,0
ds004621,20,7,1,phase,100020
ds004621,20,7,2,none,0
ds004621,20,7,2,phase,100020
ds004621,20,8,0,none,0
ds004621,20,8,0,phase,100020
ds004621,20,8,1,none,0
ds004621,20,8,1,phase,100020
ds004621,20,8,2,none,0
ds004621,20,8,2,phase,100020
ds004621,20,9,0,none,0
ds004621,20,9,0,phase,100020
ds004621,20,9,1,none,0
ds004621,20,9,1,phase,100020
ds004621,20,9,2,none,0
ds004621,20,9,2,phase,100020
ds004621,20,10,0,none,0
ds004621,20,10,0,phase,100020
ds004621,20,10,1,none,0
ds004621,20,10,1,phase,100020
ds004621,20,10,2,none,0
ds004621,20,10,2,phase,100020
ds004621,21,1,0,none,0
ds004621,21,1,0,phase,100021
ds004621,21,1,1,none,0
ds004621,21,1,1,phase,100021
ds004621,21,1,2,none,0
ds004621,21,1,2,phase,100021
ds004621,21,2,0,none,0
ds004621,21,2,0,phase,100021
ds004621,21,2,1,none,0
ds004621,21,2,1,phase,100021
ds004621,21,2,2,none,0
ds004621,21,2,2,phase,100021
ds004621,21,3,0,none,0
ds004621,21,3,0,phase,100021
ds004621,21,3,1,none,0
ds004621,21,3,1,phase,100021
ds004621,21,3,2,none,0
ds004621,21,3,2,phase,100021
ds004621,21,4,0,none,0
ds004621,21,4,0,phase,100021
ds004621,21,4,1,none,0
ds004621,21,4,1,phase,100021
ds004621,21,4,2,none,0
ds004621,21,4,2,phase,100021
ds004621,21,5,0,none,0
ds004621,21,5,0,phase,100021
ds004621,21,5,1,none,0
ds004621,21,5,1,phase,100021
ds004621,21,5,2,none,0
ds004621,21,5,2,phase,100021
ds004621,21,6,0,none,0
ds004621,21,6,0,phase,100021
ds004621,21,6,1,none,0
ds004621,21,6,1,phase,100021
ds004621,21,6,2,none,0
ds004621,21,6,2,phase,100021
ds004621,21,7,0,none,0
ds004621,21,7,0,phase,100021
ds004621,21,7,1,none,0
ds004621,21,7,1,phase,100021
ds004621,21,7,2,none,0
ds004621,21,7,2,phase,100021
ds004621,21,8,0,none,0
ds004621,21,8,0,phase,100021
ds004621,21,8,1,none,0
ds004621,21,8,1,phase,100021
ds004621,21,8,2,none,0
ds004621,21,8,2,phase,100021
ds004621,21,9,0,none,0
ds004621,21,9,0,phase,100021
ds004621,21,9,1,none,0
ds004621,21,9,1,phase,100021
ds004621,21,9,2,none,0
ds004621,21,9,2,phase,100021
ds004621,21,10,0,none,0
ds004621,21,10,0,phase,100021
ds004621,21,10,1,none,0
ds004621,21,10,1,phase,100021
ds004621,21,10,2,none,0
ds004621,21,10,2,phase,100021
ds004621,22,1,0,none,0
ds004621,22,1,0,phase,100022
ds004621,22,1,1,none,0
ds004621,22,1,1,phase,100022
ds004621,22,1,2,none,0
ds004621,22,1,2,phase,100022
ds004621,22,2,0,none,0
ds004621,22,2,0,phase,100022
ds004621,22,2,1,none,0
ds004621,22,2,1,phase,100022
ds004621,22,2,2,none,0
ds004621,22,2,2,phase,100022
ds004621,22,3,0,none,0
ds004621,22,3,0,phase,100022
ds004621,22,3,1,none,0
ds004621,22,3,1,phase,100022
ds004621,22,3,2,none,0
ds004621,22,3,2,phase,100022
ds004621,22,4,0,none,0
ds004621,22,4,0,phase,100022
ds004621,22,4,1,none,0
ds004621,22,4,1,phase,100022
ds004621,22,4,2,none,0
ds004621,22,4,2,phase,100022
ds004621,22,5,0,none,0
ds004621,22,5,0,phase,100022
ds004621,22,5,1,none,0
ds004621,22,5,1,phase,100022
ds004621,22,5,2,none,0
ds004621,22,5,2,phase,100022
ds004621,22,6,0,none,0
ds004621,22,6,0,phase,100022
ds004621,22,6,1,none,0
ds004621,22,6,1,phase,100022
ds004621,22,6,2,none,0
ds004621,22,6,2,phase,100022
ds004621,22,7,0,none,0
ds004621,22,7,0,phase,100022
ds004621,22,7,1,none,0
ds004621,22,7,1,phase,100022
ds004621,22,7,2,none,0
ds004621,22,7,2,phase,100022
ds004621,22,8,0,none,0
ds004621,22,8,0,phase,100022
ds004621,22,8,1,none,0
ds004621,22,8,1,phase,100022
ds004621,22,8,2,none,0
ds004621,22,8,2,phase,100022
ds004621,22,9,0,none,0
ds004621,22,9,0,phase,100022
ds004621,22,9,1,none,0
ds004621,22,9,1,phase,100022
ds004621,22,9,2,none,0
ds004621,22,9,2,phase,100022
ds004621,22,10,0,none,0
ds004621,22,10,0,phase,100022
ds004621,22,10,1,none,0
ds004621,22,10,1,phase,100022
ds004621,22,10,2,none,0
ds004621,22,10,2,phase,100022
ds004621,23,1,0,none,0
ds004621,23,1,0,phase,100023
ds004621,23,1,1,none,0
ds004621,23,1,1,phase,100023
ds004621,23,1,2,none,0
ds004621,23,1,2,phase,100023
ds004621,23,2,0,none,0
ds004621,23,2,0,phase,100023
ds004621,23,2,1,none,0
ds004621,23,2,1,phase,100023
ds004621,23,2,2,none,0
ds004621,23,2,2,phase,100023
ds004621,23,3,0,none,0
ds004621,23,3,0,phase,100023
ds004621,23,3,1,none,0
ds004621,23,3,1,phase,100023
ds004621,23,3,2,none,0
ds004621,23,3,2,phase,100023
ds004621,23,4,0,none,0
ds004621,23,4,0,phase,100023
ds004621,23,4,1,none,0
ds004621,23,4,1,phase,100023
ds004621,23,4,2,none,0
ds004621,23,4,2,phase,100023
ds004621,23,5,0,none,0
ds004621,23,5,0,phase,100023
ds004621,23,5,1,none,0
ds004621,23,5,1,phase,100023
ds004621,23,5,2,none,0
ds004621,23,5,2,phase,100023
ds004621,23,6,0,none,0
ds004621,23,6,0,phase,100023
ds004621,23,6,1,none,0
ds004621,23,6,1,phase,100023
ds004621,23,6,2,none,0
ds004621,23,6,2,phase,100023
ds004621,23,7,0,none,0
ds004621,23,7,0,phase,100023
ds004621,23,7,1,none,0
ds004621,23,7,1,phase,100023
ds004621,23,7,2,none,0
ds004621,23,7,2,phase,100023
ds004621,23,8,0,none,0
ds004621,23,8,0,phase,100023
ds004621,23,8,1,none,0
ds004621,23,8,1,phase,100023
ds004621,23,8,2,none,0
ds004621,23,8,2,phase,100023
ds004621,23,9,0,none,0
ds004621,23,9,0,phase,100023
ds004621,23,9,1,none,0
ds004621,23,9,1,phase,100023
ds004621,23,9,2,none,0
ds004621,23,9,2,phase,100023
ds004621,23,10,0,none,0
ds004621,23,10,0,phase,100023
ds004621,23,10,1,none,0
ds004621,23,10,1,phase,100023
ds004621,23,10,2,none,0
ds004621,23,10,2,phase,100023
ds004621,24,1,0,none,0
ds004621,24,1,0,phase,100024
ds004621,24,1,1,none,0
ds004621,24,1,1,phase,100024
ds004621,24,1,2,none,0
ds004621,24,1,2,phase,100024
ds004621,24,2,0,none,0
ds004621,24,2,0,phase,100024
ds004621,24,2,1,none,0
ds004621,24,2,1,phase,100024
ds004621,24,2,2,none,0
ds004621,24,2,2,phase,100024
ds004621,24,3,0,none,0
ds004621,24,3,0,phase,100024
ds004621,24,3,1,none,0
ds004621,24,3,1,phase,100024
ds004621,24,3,2,none,0
ds004621,24,3,2,phase,100024
ds004621,24,4,0,none,0
ds004621,24,4,0,phase,100024
ds004621,24,4,1,none,0
ds004621,24,4,1,phase,100024
ds004621,24,4,2,none,0
ds004621,24,4,2,phase,100024
ds004621,24,5,0,none,0
ds004621,24,5,0,phase,100024
ds004621,24,5,1,none,0
ds004621,24,5,1,phase,100024
ds004621,24,5,2,none,0
ds004621,24,5,2,phase,100024
ds004621,24,6,0,none,0
ds004621,24,6,0,phase,100024
ds004621,24,6,1,none,0
ds004621,24,6,1,phase,100024
ds004621,24,6,2,none,0
ds004621,24,6,2,phase,100024
ds004621,24,7,0,none,0
ds004621,24,7,0,phase,100024
ds004621,24,7,1,none,0
ds004621,24,7,1,phase,100024
ds004621,24,7,2,none,0
ds004621,24,7,2,phase,100024
ds004621,24,8,0,none,0
ds004621,24,8,0,phase,100024
ds004621,24,8,1,none,0
ds004621,24,8,1,phase,100024
ds004621,24,8,2,none,0
ds004621,24,8,2,phase,100024
ds004621,24,9,0,none,0
ds004621,24,9,0,phase,100024
ds004621,24,9,1,none,0
ds004621,24,9,1,phase,100024
ds004621,24,9,2,none,0
ds004621,24,9,2,phase,100024
ds004621,24,10,0,none,0
ds004621,24,10,0,phase,100024
ds004621,24,10,1,none,0
ds004621,24,10,1,phase,100024
ds004621,24,10,2,none,0
ds004621,24,10,2,phase,100024
ds004621,25,1,0,none,0
ds004621,25,1,0,phase,100025
ds004621,25,1,1,none,0
ds004621,25,1,1,phase,100025
ds004621,25,1,2,none,0
ds004621,25,1,2,phase,100025
ds004621,25,2,0,none,0
ds004621,25,2,0,phase,100025
ds004621,25,2,1,none,0
ds004621,25,2,1,phase,100025
ds004621,25,2,2,none,0
ds004621,25,2,2,phase,100025
ds004621,25,3,0,none,0
ds004621,25,3,0,phase,100025
ds004621,25,3,1,none,0
ds004621,25,3,1,phase,100025
ds004621,25,3,2,none,0
ds004621,25,3,2,phase,100025
ds004621,25,4,0,none,0
ds004621,25,4,0,phase,100025
ds004621,25,4,1,none,0
ds004621,25,4,1,phase,100025
ds004621,25,4,2,none,0
ds004621,25,4,2,phase,100025
ds004621,25,5,0,none,0
ds004621,25,5,0,phase,100025
ds004621,25,5,1,none,0
ds004621,25,5,1,phase,100025
ds004621,25,5,2,none,0
ds004621,25,5,2,phase,100025
ds004621,25,6,0,none,0
ds004621,25,6,0,phase,100025
ds004621,25,6,1,none,0
ds004621,25,6,1,phase,100025
ds004621,25,6,2,none,0
ds004621,25,6,2,phase,100025
ds004621,25,7,0,none,0
ds004621,25,7,0,phase,100025
ds004621,25,7,1,none,0
ds004621,25,7,1,phase,100025
ds004621,25,7,2,none,0
ds004621,25,7,2,phase,100025
ds004621,25,8,0,none,0
ds004621,25,8,0,phase,100025
ds004621,25,8,1,none,0
ds004621,25,8,1,phase,100025
ds004621,25,8,2,none,0
ds004621,25,8,2,phase,100025
ds004621,25,9,0,none,0
ds004621,25,9,0,phase,100025
ds004621,25,9,1,none,0
ds004621,25,9,1,phase,100025
ds004621,25,9,2,none,0
ds004621,25,9,2,phase,100025
ds004621,25,10,0,none,0
ds004621,25,10,0,phase,100025
ds004621,25,10,1,none,0
ds004621,25,10,1,phase,100025
ds004621,25,10,2,none,0
ds004621,25,10,2,phase,100025
ds004621,26,1,0,none,0
ds004621,26,1,0,phase,100026
ds004621,26,1,1,none,0
ds004621,26,1,1,phase,100026
ds004621,26,1,2,none,0
ds004621,26,1,2,phase,100026
ds004621,26,2,0,none,0
ds004621,26,2,0,phase,100026
ds004621,26,2,1,none,0
ds004621,26,2,1,phase,100026
ds004621,26,2,2,none,0
ds004621,26,2,2,phase,100026
ds004621,26,3,0,none,0
ds004621,26,3,0,phase,100026
ds004621,26,3,1,none,0
ds004621,26,3,1,phase,100026
ds004621,26,3,2,none,0
ds004621,26,3,2,phase,100026
ds004621,26,4,0,none,0
ds004621,26,4,0,phase,100026
ds004621,26,4,1,none,0
ds004621,26,4,1,phase,100026
ds004621,26,4,2,none,0
ds004621,26,4,2,phase,100026
ds004621,26,5,0,none,0
ds004621,26,5,0,phase,100026
ds004621,26,5,1,none,0
ds004621,26,5,1,phase,100026
ds004621,26,5,2,none,0
ds004621,26,5,2,phase,100026
ds004621,26,6,0,none,0
ds004621,26,6,0,phase,100026
ds004621,26,6,1,none,0
ds004621,26,6,1,phase,100026
ds004621,26,6,2,none,0
ds004621,26,6,2,phase,100026
ds004621,26,7,0,none,0
ds004621,26,7,0,phase,100026
ds004621,26,7,1,none,0
ds004621,26,7,1,phase,100026
ds004621,26,7,2,none,0
ds004621,26,7,2,phase,100026
ds004621,26,8,0,none,0
ds004621,26,8,0,phase,100026
ds004621,26,8,1,none,0
ds004621,26,8,1,phase,100026
ds004621,26,8,2,none,0
ds004621,26,8,2,phase,100026
ds004621,26,9,0,none,0
ds004621,26,9,0,phase,100026
ds004621,26,9,1,none,0
ds004621,26,9,1,phase,100026
ds004621,26,9,2,none,0
ds004621,26,9,2,phase,100026
ds004621,26,10,0,none,0
ds004621,26,10,0,phase,100026
ds004621,26,10,1,none,0
ds004621,26,10,1,phase,100026
ds004621,26,10,2,none,0
ds004621,26,10,2,phase,100026
ds004621,27,1,0,none,0
ds004621,27,1,0,phase,100027
ds004621,27,1,1,none,0
ds004621,27,1,1,phase,100027
ds004621,27,1,2,none,0
ds004621,27,1,2,phase,100027
ds004621,27,2,0,none,0
ds004621,27,2,0,phase,100027
ds004621,27,2,1,none,0
ds004621,27,2,1,phase,100027
ds004621,27,2,2,none,0
ds004621,27,2,2,phase,100027
ds004621,27,3,0,none,0
ds004621,27,3,0,phase,100027
ds004621,27,3,1,none,0
ds004621,27,3,1,phase,100027
ds004621,27,3,2,none,0
ds004621,27,3,2,phase,100027
ds004621,27,4,0,none,0
ds004621,27,4,0,phase,100027
ds004621,27,4,1,none,0
ds004621,27,4,1,phase,100027
ds004621,27,4,2,none,0
ds004621,27,4,2,phase,100027
ds004621,27,5,0,none,0
ds004621,27,5,0,phase,100027
ds004621,27,5,1,none,0
ds004621,27,5,1,phase,100027
ds004621,27,5,2,none,0
ds004621,27,5,2,phase,100027
ds004621,27,6,0,none,0
ds004621,27,6,0,phase,100027
ds004621,27,6,1,none,0
ds004621,27,6,1,phase,100027
ds004621,27,6,2,none,0
ds004621,27,6,2,phase,100027
ds004621,27,7,0,none,0
ds004621,27,7,0,phase,100027
ds004621,27,7,1,none,0
ds004621,27,7,1,phase,100027
ds004621,27,7,2,none,0
ds004621,27,7,2,phase,100027
ds004621,27,8,0,none,0
ds004621,27,8,0,phase,100027
ds004621,27,8,1,none,0
ds004621,27,8,1,phase,100027
ds004621,27,8,2,none,0
ds004621,27,8,2,phase,100027
ds004621,27,9,0,none,0
ds004621,27,9,0,phase,100027
ds004621,27,9,1,none,0
ds004621,27,9,1,phase,100027
ds004621,27,9,2,none,0
ds004621,27,9,2,phase,100027
ds004621,27,10,0,none,0
ds004621,27,10,0,phase,100027
ds004621,27,10,1,none,0
ds004621,27,10,1,phase,100027
ds004621,27,10,2,none,0
ds004621,27,10,2,phase,100027
ds004621,28,1,0,none,0
ds004621,28,1,0,phase,100028
ds004621,28,1,1,none,0
ds004621,28,1,1,phase,100028
ds004621,28,1,2,none,0
ds004621,28,1,2,phase,100028
ds004621,28,2,0,none,0
ds004621,28,2,0,phase,100028
ds004621,28,2,1,none,0
ds004621,28,2,1,phase,100028
ds004621,28,2,2,none,0
ds004621,28,2,2,phase,100028
ds004621,28,3,0,none,0
ds004621,28,3,0,phase,100028
ds004621,28,3,1,none,0
ds004621,28,3,1,phase,100028
ds004621,28,3,2,none,0
ds004621,28,3,2,phase,100028
ds004621,28,4,0,none,0
ds004621,28,4,0,phase,100028
ds004621,28,4,1,none,0
ds004621,28,4,1,phase,100028
ds004621,28,4,2,none,0
ds004621,28,4,2,phase,100028
ds004621,28,5,0,none,0
ds004621,28,5,0,phase,100028
ds004621,28,5,1,none,0
ds004621,28,5,1,phase,100028
ds004621,28,5,2,none,0
ds004621,28,5,2,phase,100028
ds004621,28,6,0,none,0
ds004621,28,6,0,phase,100028
ds004621,28,6,1,none,0
ds004621,28,6,1,phase,100028
ds004621,28,6,2,none,0
ds004621,28,6,2,phase,100028
ds004621,28,7,0,none,0
ds004621,28,7,0,phase,100028
ds004621,28,7,1,none,0
ds004621,28,7,1,phase,100028
ds004621,28,7,2,none,0
ds004621,28,7,2,phase,100028
ds004621,28,8,0,none,0
ds004621,28,8,0,phase,100028
ds004621,28,8,1,none,0
ds004621,28,8,1,phase,100028
ds004621,28,8,2,none,0
ds004621,28,8,2,phase,100028
ds004621,28,9,0,none,0
ds004621,28,9,0,phase,100028
ds004621,28,9,1,none,0
ds004621,28,9,1,phase,100028
ds004621,28,9,2,none,0
ds004621,28,9,2,phase,100028
ds004621,28,10,0,none,0
ds004621,28,10,0,phase,100028
ds004621,28,10,1,none,0
ds004621,28,10,1,phase,100028
ds004621,28,10,2,none,0
ds004621,28,10,2,phase,100028
ds004621,29,1,0,none,0
ds004621,29,1,0,phase,100029
ds004621,29,1,1,none,0
ds004621,29,1,1,phase,100029
ds004621,29,1,2,none,0
ds004621,29,1,2,phase,100029
ds004621,29,2,0,none,0
ds004621,29,2,0,phase,100029
ds004621,29,2,1,none,0
ds004621,29,2,1,phase,100029
ds004621,29,2,2,none,0
ds004621,29,2,2,phase,100029
ds004621,29,3,0,none,0
ds004621,29,3,0,phase,100029
ds004621,29,3,1,none,0
ds004621,29,3,1,phase,100029
ds004621,29,3,2,none,0
ds004621,29,3,2,phase,100029
ds004621,29,4,0,none,0
ds004621,29,4,0,phase,100029
ds004621,29,4,1,none,0
ds004621,29,4,1,phase,100029
ds004621,29,4,2,none,0
ds004621,29,4,2,phase,100029
ds004621,29,5,0,none,0
ds004621,29,5,0,phase,100029
ds004621,29,5,1,none,0
ds004621,29,5,1,phase,100029
ds004621,29,5,2,none,0
ds004621,29,5,2,phase,100029
ds004621,29,6,0,none,0
ds004621,29,6,0,phase,100029
ds004621,29,6,1,none,0
ds004621,29,6,1,phase,100029
ds004621,29,6,2,none,0
ds004621,29,6,2,phase,100029
ds004621,29,7,0,none,0
ds004621,29,7,0,phase,100029
ds004621,29,7,1,none,0
ds004621,29,7,1,phase,100029
ds004621,29,7,2,none,0
ds004621,29,7,2,phase,100029
ds004621,29,8,0,none,0
ds004621,29,8,0,phase,100029
ds004621,29,8,1,none,0
ds004621,29,8,1,phase,100029
ds004621,29,8,2,none,0
ds004621,29,8,2,phase,100029
ds004621,29,9,0,none,0
ds004621,29,9,0,phase,100029
ds004621,29,9,1,none,0
ds004621,29,9,1,phase,100029
ds004621,29,9,2,none,0
ds004621,29,9,2,phase,100029
ds004621,29,10,0,none,0
ds004621,29,10,0,phase,100029
ds004621,29,10,1,none,0
ds004621,29,10,1,phase,100029
ds004621,29,10,2,none,0
ds004621,29,10,2,phase,100029
ds004621,30,1,0,none,0
ds004621,30,1,0,phase,100030
ds004621,30,1,1,none,0
ds004621,30,1,1,phase,100030
ds004621,30,1,2,none,0
ds004621,30,1,2,phase,100030
ds004621,30,2,0,none,0
ds004621,30,2,0,phase,100030
ds004621,30,2,1,none,0
ds004621,30,2,1,phase,100030
ds004621,30,2,2,none,0
ds004621,30,2,2,phase,100030
ds004621,30,3,0,none,0
ds004621,30,3,0,phase,100030
ds004621,30,3,1,none,0
ds004621,30,3,1,phase,100030
ds004621,30,3,2,none,0
ds004621,30,3,2,phase,100030
ds004621,30,4,0,none,0
ds004621,30,4,0,phase,100030
ds004621,30,4,1,none,0
ds004621,30,4,1,phase,100030
ds004621,30,4,2,none,0
ds004621,30,4,2,phase,100030
ds004621,30,5,0,none,0
ds004621,30,5,0,phase,100030
ds004621,30,5,1,none,0
ds004621,30,5,1,phase,100030
ds004621,30,5,2,none,0
ds004621,30,5,2,phase,100030
ds004621,30,6,0,none,0
ds004621,30,6,0,phase,100030
ds004621,30,6,1,none,0
ds004621,30,6,1,phase,100030
ds004621,30,6,2,none,0
ds004621,30,6,2,phase,100030
ds004621,30,7,0,none,0
ds004621,30,7,0,phase,100030
ds004621,30,7,1,none,0
ds004621,30,7,1,phase,100030
ds004621,30,7,2,none,0
ds004621,30,7,2,phase,100030
ds004621,30,8,0,none,0
ds004621,30,8,0,phase,100030
ds004621,30,8,1,none,0
ds004621,30,8,1,phase,100030
ds004621,30,8,2,none,0
ds004621,30,8,2,phase,100030
ds004621,30,9,0,none,0
ds004621,30,9,0,phase,100030
ds004621,30,9,1,none,0
ds004621,30,9,1,phase,100030
ds004621,30,9,2,none,0
ds004621,30,9,2,phase,100030
ds004621,30,10,0,none,0
ds004621,30,10,0,phase,100030
ds004621,30,10,1,none,0
ds004621,30,10,1,phase,100030
ds004621,30,10,2,none,0
ds004621,30,10,2,phase,100030
ds004621,31,1,0,none,0
ds004621,31,1,0,phase,100031
ds004621,31,1,1,none,0
ds004621,31,1,1,phase,100031
ds004621,31,1,2,none,0
ds004621,31,1,2,phase,100031
ds004621,31,2,0,none,0
ds004621,31,2,0,phase,100031
ds004621,31,2,1,none,0
ds004621,31,2,1,phase,100031
ds004621,31,2,2,none,0
ds004621,31,2,2,phase,100031
ds004621,31,3,0,none,0
ds004621,31,3,0,phase,100031
ds004621,31,3,1,none,0
ds004621,31,3,1,phase,100031
ds004621,31,3,2,none,0
ds004621,31,3,2,phase,100031
ds004621,31,4,0,none,0
ds004621,31,4,0,phase,100031
ds004621,31,4,1,none,0
ds004621,31,4,1,phase,100031
ds004621,31,4,2,none,0
ds004621,31,4,2,phase,100031
ds004621,31,5,0,none,0
ds004621,31,5,0,phase,100031
ds004621,31,5,1,none,0
ds004621,31,5,1,phase,100031
ds004621,31,5,2,none,0
ds004621,31,5,2,phase,100031
ds004621,31,6,0,none,0
ds004621,31,6,0,phase,100031
ds004621,31,6,1,none,0
ds004621,31,6,1,phase,100031
ds004621,31,6,2,none,0
ds004621,31,6,2,phase,100031
ds004621,31,7,0,none,0
ds004621,31,7,0,phase,100031
ds004621,31,7,1,none,0
ds004621,31,7,1,phase,100031
ds004621,31,7,2,none,0
ds004621,31,7,2,phase,100031
ds004621,31,8,0,none,0
ds004621,31,8,0,phase,100031
ds004621,31,8,1,none,0
ds004621,31,8,1,phase,100031
ds004621,31,8,2,none,0
ds004621,31,8,2,phase,100031
ds004621,31,9,0,none,0
ds004621,31,9,0,phase,100031
ds004621,31,9,1,none,0
ds004621,31,9,1,phase,100031
ds004621,31,9,2,none,0
ds004621,31,9,2,phase,100031
ds004621,31,10,0,none,0
ds004621,31,10,0,phase,100031
ds004621,31,10,1,none,0
ds004621,31,10,1,phase,100031
ds004621,31,10,2,none,0
ds004621,31,10,2,phase,100031
ds004621,32,1,0,none,0
ds004621,32,1,0,phase,100032
ds004621,32,1,1,none,0
ds004621,32,1,1,phase,100032
ds004621,32,1,2,none,0
ds004621,32,1,2,phase,100032
ds004621,32,2,0,none,0
ds004621,32,2,0,phase,100032
ds004621,32,2,1,none,0
ds004621,32,2,1,phase,100032
ds004621,32,2,2,none,0
ds004621,32,2,2,phase,100032
ds004621,32,3,0,none,0
ds004621,32,3,0,phase,100032
ds004621,32,3,1,none,0
ds004621,32,3,1,phase,100032
ds004621,32,3,2,none,0
ds004621,32,3,2,phase,100032
ds004621,32,4,0,none,0
ds004621,32,4,0,phase,100032
ds004621,32,4,1,none,0
ds004621,32,4,1,phase,100032
ds004621,32,4,2,none,0
ds004621,32,4,2,phase,100032
ds004621,32,5,0,none,0
ds004621,32,5,0,phase,100032
ds004621,32,5,1,none,0
ds004621,32,5,1,phase,100032
ds004621,32,5,2,none,0
ds004621,32,5,2,phase,100032
ds004621,32,6,0,none,0
ds004621,32,6,0,phase,100032
ds004621,32,6,1,none,0
ds004621,32,6,1,phase,100032
ds004621,32,6,2,none,0
ds004621,32,6,2,phase,100032
ds004621,32,7,0,none,0
ds004621,32,7,0,phase,100032
ds004621,32,7,1,none,0
ds004621,32,7,1,phase,100032
ds004621,32,7,2,none,0
ds004621,32,7,2,phase,100032
ds004621,32,8,0,none,0
ds004621,32,8,0,phase,100032
ds004621,32,8,1,none,0
ds004621,32,8,1,phase,100032
ds004621,32,8,2,none,0
ds004621,32,8,2,phase,100032
ds004621,32,9,0,none,0
ds004621,32,9,0,phase,100032
ds004621,32,9,1,none,0
ds004621,32,9,1,phase,100032
ds004621,32,9,2,none,0
ds004621,32,9,2,phase,100032
ds004621,32,10,0,none,0
ds004621,32,10,0,phase,100032
ds004621,32,10,1,none,0
ds004621,32,10,1,phase,100032
ds004621,32,10,2,none,0
ds004621,32,10,2,phase,100032
ds004621,33,1,0,none,0
ds004621,33,1,0,phase,100033
ds004621,33,1,1,none,0
ds004621,33,1,1,phase,100033
ds004621,33,1,2,none,0
ds004621,33,1,2,phase,100033
ds004621,33,2,0,none,0
ds004621,33,2,0,phase,100033
ds004621,33,2,1,none,0
ds004621,33,2,1,phase,100033
ds004621,33,2,2,none,0
ds004621,33,2,2,phase,100033
ds004621,33,3,0,none,0
ds004621,33,3,0,phase,100033
ds004621,33,3,1,none,0
ds004621,33,3,1,phase,100033
ds004621,33,3,2,none,0
ds004621,33,3,2,phase,100033
ds004621,33,4,0,none,0
ds004621,33,4,0,phase,100033
ds004621,33,4,1,none,0
ds004621,33,4,1,phase,100033
ds004621,33,4,2,none,0
ds004621,33,4,2,phase,100033
ds004621,33,5,0,none,0
ds004621,33,5,0,phase,100033
ds004621,33,5,1,none,0
ds004621,33,5,1,phase,100033
ds004621,33,5,2,none,0
ds004621,33,5,2,phase,100033
ds004621,33,6,0,none,0
ds004621,33,6,0,phase,100033
ds004621,33,6,1,none,0
ds004621,33,6,1,phase,100033
ds004621,33,6,2,none,0
ds004621,33,6,2,phase,100033
ds004621,33,7,0,none,0
ds004621,33,7,0,phase,100033
ds004621,33,7,1,none,0
ds004621,33,7,1,phase,100033
ds004621,33,7,2,none,0
ds004621,33,7,2,phase,100033
ds004621,33,8,0,none,0
ds004621,33,8,0,phase,100033
ds004621,33,8,1,none,0
ds004621,33,8,1,phase,100033
ds004621,33,8,2,none,0
ds004621,33,8,2,phase,100033
ds004621,33,9,0,none,0
ds004621,33,9,0,phase,100033
ds004621,33,9,1,none,0
ds004621,33,9,1,phase,100033
ds004621,33,9,2,none,0
ds004621,33,9,2,phase,100033
ds004621,33,10,0,none,0
ds004621,33,10,0,phase,100033
ds004621,33,10,1,none,0
ds004621,33,10,1,phase,100033
ds004621,33,10,2,none,0
ds004621,33,10,2,phase,100033
ds004621,34,1,0,none,0
ds004621,34,1,0,phase,100034
ds004621,34,1,1,none,0
ds004621,34,1,1,phase,100034
ds004621,34,1,2,none,0
ds004621,34,1,2,phase,100034
ds004621,34,2,0,none,0
ds004621,34,2,0,phase,100034
ds004621,34,2,1,none,0
ds004621,34,2,1,phase,100034
ds004621,34,2,2,none,0
ds004621,34,2,2,phase,100034
ds004621,34,3,0,none,0
ds004621,34,3,0,phase,100034
ds004621,34,3,1,none,0
ds004621,34,3,1,phase,100034
ds004621,34,3,2,none,0
ds004621,34,3,2,phase,100034
ds004621,34,4,0,none,0
ds004621,34,4,0,phase,100034
ds004621,34,4,1,none,0
ds004621,34,4,1,phase,100034
ds004621,34,4,2,none,0
ds004621,34,4,2,phase,100034
ds004621,34,5,0,none,0
ds004621,34,5,0,phase,100034
ds004621,34,5,1,none,0
ds004621,34,5,1,phase,100034
ds004621,34,5,2,none,0
ds004621,34,5,2,phase,100034
ds004621,34,6,0,none,0
ds004621,34,6,0,phase,100034
ds004621,34,6,1,none,0
ds004621,34,6,1,phase,100034
ds004621,34,6,2,none,0
ds004621,34,6,2,phase,100034
ds004621,34,7,0,none,0
ds004621,34,7,0,phase,100034
ds004621,34,7,1,none,0
ds004621,34,7,1,phase,100034
ds004621,34,7,2,none,0
ds004621,34,7,2,phase,100034
ds004621,34,8,0,none,0
ds004621,34,8,0,phase,100034
ds004621,34,8,1,none,0
ds004621,34,8,1,phase,100034
ds004621,34,8,2,none,0
ds004621,34,8,2,phase,100034
ds004621,34,9,0,none,0
ds004621,34,9,0,phase,100034
ds004621,34,9,1,none,0
ds004621,34,9,1,phase,100034
ds004621,34,9,2,none,0
ds004621,34,9,2,phase,100034
ds004621,34,10,0,none,0
ds004621,34,10,0,phase,100034
ds004621,34,10,1,none,0
ds004621,34,10,1,phase,100034
ds004621,34,10,2,none,0
ds004621,34,10,2,phase,100034
ds004621,35,1,0,none,0
ds004621,35,1,0,phase,100035
ds004621,35,1,1,none,0
ds004621,35,1,1,phase,100035
ds004621,35,1,2,none,0
ds004621,35,1,2,phase,100035
ds004621,35,2,0,none,0
ds004621,35,2,0,phase,100035
ds004621,35,2,1,none,0
ds004621,35,2,1,phase,100035
ds004621,35,2,2,none,0
ds004621,35,2,2,phase,100035
ds004621,35,3,0,none,0
ds004621,35,3,0,phase,100035
ds004621,35,3,1,none,0
ds004621,35,3,1,phase,100035
ds004621,35,3,2,none,0
ds004621,35,3,2,phase,100035
ds004621,35,4,0,none,0
ds004621,35,4,0,phase,100035
ds004621,35,4,1,none,0
ds004621,35,4,1,phase,100035
ds004621,35,4,2,none,0
ds004621,35,4,2,phase,100035
ds004621,35,5,0,none,0
ds004621,35,5,0,phase,100035
ds004621,35,5,1,none,0
ds004621,35,5,1,phase,100035
ds004621,35,5,2,none,0
ds004621,35,5,2,phase,100035
ds004621,35,6,0,none,0
ds004621,35,6,0,phase,100035
ds004621,35,6,1,none,0
ds004621,35,6,1,phase,100035
ds004621,35,6,2,none,0
ds004621,35,6,2,phase,100035
ds004621,35,7,0,none,0
ds004621,35,7,0,phase,100035
ds004621,35,7,1,none,0
ds004621,35,7,1,phase,100035
ds004621,35,7,2,none,0
ds004621,35,7,2,phase,100035
ds004621,35,8,0,none,0
ds004621,35,8,0,phase,100035
ds004621,35,8,1,none,0
ds004621,35,8,1,phase,100035
ds004621,35,8,2,none,0
ds004621,35,8,2,phase,100035
ds004621,35,9,0,none,0
ds004621,35,9,0,phase,100035
ds004621,35,9,1,none,0
ds004621,35,9,1,phase,100035
ds004621,35,9,2,none,0
ds004621,35,9,2,phase,100035
ds004621,35,10,0,none,0
ds004621,35,10,0,phase,100035
ds004621,35,10,1,none,0
ds004621,35,10,1,phase,100035
ds004621,35,10,2,none,0
ds004621,35,10,2,phase,100035
ds004621,36,1,0,none,0
ds004621,36,1,0,phase,100036
ds004621,36,1,1,none,0
ds004621,36,1,1,phase,100036
ds004621,36,1,2,none,0
ds004621,36,1,2,phase,100036
ds004621,36,2,0,none,0
ds004621,36,2,0,phase,100036
ds004621,36,2,1,none,0
ds004621,36,2,1,phase,100036
ds004621,36,2,2,none,0
ds004621,36,2,2,phase,100036
ds004621,36,3,0,none,0
ds004621,36,3,0,phase,100036
ds004621,36,3,1,none,0
ds004621,36,3,1,phase,100036
ds004621,36,3,2,none,0
ds004621,36,3,2,phase,100036
ds004621,36,4,0,none,0
ds004621,36,4,0,phase,100036
ds004621,36,4,1,none,0
ds004621,36,4,1,phase,100036
ds004621,36,4,2,none,0
ds004621,36,4,2,phase,100036
ds004621,36,5,0,none,0
ds004621,36,5,0,phase,100036
ds004621,36,5,1,none,0
ds004621,36,5,1,phase,100036
ds004621,36,5,2,none,0
ds004621,36,5,2,phase,100036
ds004621,36,6,0,none,0
ds004621,36,6,0,phase,100036
ds004621,36,6,1,none,0
ds004621,36,6,1,phase,100036
ds004621,36,6,2,none,0
ds004621,36,6,2,phase,100036
ds004621,36,7,0,none,0
ds004621,36,7,0,phase,100036
ds004621,36,7,1,none,0
ds004621,36,7,1,phase,100036
ds004621,36,7,2,none,0
ds004621,36,7,2,phase,100036
ds004621,36,8,0,none,0
ds004621,36,8,0,phase,100036
ds004621,36,8,1,none,0
ds004621,36,8,1,phase,100036
ds004621,36,8,2,none,0
ds004621,36,8,2,phase,100036
ds004621,36,9,0,none,0
ds004621,36,9,0,phase,100036
ds004621,36,9,1,none,0
ds004621,36,9,1,phase,100036
ds004621,36,9,2,none,0
ds004621,36,9,2,phase,100036
ds004621,36,10,0,none,0
ds004621,36,10,0,phase,100036
ds004621,36,10,1,none,0
ds004621,36,10,1,phase,100036
ds004621,36,10,2,none,0
ds004621,36,10,2,phase,100036
ds004621,37,1,0,none,0
ds004621,37,1,0,phase,100037
ds004621,37,1,1,none,0
ds004621,37,1,1,phase,100037
ds004621,37,1,2,none,0
ds004621,37,1,2,phase,100037
ds004621,37,2,0,none,0
ds004621,37,2,0,phase,100037
ds004621,37,2,1,none,0
ds004621,37,2,1,phase,100037
ds004621,37,2,2,none,0
ds004621,37,2,2,phase,100037
ds004621,37,3,0,none,0
ds004621,37,3,0,phase,100037
ds004621,37,3,1,none,0
ds004621,37,3,1,phase,100037
ds004621,37,3,2,none,0
ds004621,37,3,2,phase,100037
ds004621,37,4,0,none,0
ds004621,37,4,0,phase,100037
ds004621,37,4,1,none,0
ds004621,37,4,1,phase,100037
ds004621,37,4,2,none,0
ds004621,37,4,2,phase,100037
ds004621,37,5,0,none,0
ds004621,37,5,0,phase,100037
ds004621,37,5,1,none,0
ds004621,37,5,1,phase,100037
ds004621,37,5,2,none,0
ds004621,37,5,2,phase,100037
ds004621,37,6,0,none,0
ds004621,37,6,0,phase,100037
ds004621,37,6,1,none,0
ds004621,37,6,1,phase,100037
ds004621,37,6,2,none,0
ds004621,37,6,2,phase,100037
ds004621,37,7,0,none,0
ds004621,37,7,0,phase,100037
ds004621,37,7,1,none,0
ds004621,37,7,1,phase,100037
ds004621,37,7,2,none,0
ds004621,37,7,2,phase,100037
ds004621,37,8,0,none,0
ds004621,37,8,0,phase,100037
ds004621,37,8,1,none,0
ds004621,37,8,1,phase,100037
ds004621,37,8,2,none,0
ds004621,37,8,2,phase,100037
ds004621,37,9,0,none,0
ds004621,37,9,0,phase,100037
ds004621,37,9,1,none,0
ds004621,37,9,1,phase,100037
ds004621,37,9,2,none,0
ds004621,37,9,2,phase,100037
ds004621,37,10,0,none,0
ds004621,37,10,0,phase,100037
ds004621,37,10,1,none,0
ds004621,37,10,1,phase,100037
ds004621,37,10,2,none,0
ds004621,37,10,2,phase,100037
ds004621,38,1,0,none,0
ds004621,38,1,0,phase,100038
ds004621,38,1,1,none,0
ds004621,38,1,1,phase,100038
ds004621,38,1,2,none,0
ds004621,38,1,2,phase,100038
ds004621,38,2,0,none,0
ds004621,38,2,0,phase,100038
ds004621,38,2,1,none,0
ds004621,38,2,1,phase,100038
ds004621,38,2,2,none,0
ds004621,38,2,2,phase,100038
ds004621,38,3,0,none,0
ds004621,38,3,0,phase,100038
ds004621,38,3,1,none,0
ds004621,38,3,1,phase,100038
ds004621,38,3,2,none,0
ds004621,38,3,2,phase,100038
ds004621,38,4,0,none,0
ds004621,38,4,0,phase,100038
ds004621,38,4,1,none,0
ds004621,38,4,1,phase,100038
ds004621,38,4,2,none,0
ds004621,38,4,2,phase,100038
ds004621,38,5,0,none,0
ds004621,38,5,0,phase,100038
ds004621,38,5,1,none,0
ds004621,38,5,1,phase,100038
ds004621,38,5,2,none,0
ds004621,38,5,2,phase,100038
ds004621,38,6,0,none,0
ds004621,38,6,0,phase,100038
ds004621,38,6,1,none,0
ds004621,38,6,1,phase,100038
ds004621,38,6,2,none,0
ds004621,38,6,2,phase,100038
ds004621,38,7,0,none,0
ds004621,38,7,0,phase,100038
ds004621,38,7,1,none,0
ds004621,38,7,1,phase,100038
ds004621,38,7,2,none,0
ds004621,38,7,2,phase,100038
ds004621,38,8,0,none,0
ds004621,38,8,0,phase,100038
ds004621,38,8,1,none,0
ds004621,38,8,1,phase,100038
ds004621,38,8,2,none,0
ds004621,38,8,2,phase,100038
ds004621,38,9,0,none,0
ds004621,38,9,0,phase,100038
ds004621,38,9,1,none,0
ds004621,38,9,1,phase,100038
ds004621,38,9,2,none,0
ds004621,38,9,2,phase,100038
ds004621,38,10,0,none,0
ds004621,38,10,0,phase,100038
ds004621,38,10,1,none,0
ds004621,38,10,1,phase,100038
ds004621,38,10,2,none,0
ds004621,38,10,2,phase,100038
ds004621,39,1,0,none,0
ds004621,39,1,0,phase,100039
ds004621,39,1,1,none,0
ds004621,39,1,1,phase,100039
ds004621,39,1,2,none,0
ds004621,39,1,2,phase,100039
ds004621,39,2,0,none,0
ds004621,39,2,0,phase,100039
ds004621,39,2,1,none,0
ds004621,39,2,1,phase,100039
ds004621,39,2,2,none,0
ds004621,39,2,2,phase,100039
ds004621,39,3,0,none,0
ds004621,39,3,0,phase,100039
ds004621,39,3,1,none,0
ds004621,39,3,1,phase,100039
ds004621,39,3,2,none,0
ds004621,39,3,2,phase,100039
ds004621,39,4,0,none,0
ds004621,39,4,0,phase,100039
ds004621,39,4,1,none,0
ds004621,39,4,1,phase,100039
ds004621,39,4,2,none,0
ds004621,39,4,2,phase,100039
ds004621,39,5,0,none,0
ds004621,39,5,0,phase,100039
ds004621,39,5,1,none,0
ds004621,39,5,1,phase,100039
ds004621,39,5,2,none,0
ds004621,39,5,2,phase,100039
ds004621,39,6,0,none,0
ds004621,39,6,0,phase,100039
ds004621,39,6,1,none,0
ds004621,39,6,1,phase,100039
ds004621,39,6,2,none,0
ds004621,39,6,2,phase,100039
ds004621,39,7,0,none,0
ds004621,39,7,0,phase,100039
ds004621,39,7,1,none,0
ds004621,39,7,1,phase,100039
ds004621,39,7,2,none,0
ds004621,39,7,2,phase,100039
ds004621,39,8,0,none,0
ds004621,39,8,0,phase,100039
ds004621,39,8,1,none,0
ds004621,39,8,1,phase,100039
ds004621,39,8,2,none,0
ds004621,39,8,2,phase,100039
ds004621,39,9,0,none,0
ds004621,39,9,0,phase,100039
ds004621,39,9,1,none,0
ds004621,39,9,1,phase,100039
ds004621,39,9,2,none,0
ds004621,39,9,2,phase,100039
ds004621,39,10,0,none,0
ds004621,39,10,0,phase,100039
ds004621,39,10,1,none,0
ds004621,39,10,1,phase,100039
ds004621,39,10,2,none,0
ds004621,39,10,2,phase,100039
ds004621,40,1,0,none,0
ds004621,40,1,0,phase,100040
ds004621,40,1,1,none,0
ds004621,40,1,1,phase,100040
ds004621,40,1,2,none,0
ds004621,40,1,2,phase,100040
ds004621,40,2,0,none,0
ds004621,40,2,0,phase,100040
ds004621,40,2,1,none,0
ds004621,40,2,1,phase,100040
ds004621,40,2,2,none,0
ds004621,40,2,2,phase,100040
ds004621,40,3,0,none,0
ds004621,40,3,0,phase,100040
ds004621,40,3,1,none,0
ds004621,40,3,1,phase,100040
ds004621,40,3,2,none,0
ds004621,40,3,2,phase,100040
ds004621,40,4,0,none,0
ds004621,40,4,0,phase,100040
ds004621,40,4,1,none,0
ds004621,40,4,1,phase,100040
ds004621,40,4,2,none,0
ds004621,40,4,2,phase,100040
ds004621,40,5,0,none,0
ds004621,40,5,0,phase,100040
ds004621,40,5,1,none,0
ds004621,40,5,1,phase,100040
ds004621,40,5,2,none,0
ds004621,40,5,2,phase,100040
ds004621,40,6,0,none,0
ds004621,40,6,0,phase,100040
ds004621,40,6,1,none,0
ds004621,40,6,1,phase,100040
ds004621,40,6,2,none,0
ds004621,40,6,2,phase,100040
ds004621,40,7,0,none,0
ds004621,40,7,0,phase,100040
ds004621,40,7,1,none,0
ds004621,40,7,1,phase,100040
ds004621,40,7,2,none,0
ds004621,40,7,2,phase,100040
ds004621,40,8,0,none,0
ds004621,40,8,0,phase,100040
ds004621,40,8,1,none,0
ds004621,40,8,1,phase,100040
ds004621,40,8,2,none,0
ds004621,40,8,2,phase,100040
ds004621,40,9,0,none,0
ds004621,40,9,0,phase,100040
ds004621,40,9,1,none,0
ds004621,40,9,1,phase,100040
ds004621,40,9,2,none,0
ds004621,40,9,2,phase,100040
ds004621,40,10,0,none,0
ds004621,40,10,0,phase,100040
ds004621,40,10,1,none,0
ds004621,40,10,1,phase,100040
ds004621,40,10,2,none,0
ds004621,40,10,2,phase,100040
ds004621,41,1,0,none,0
ds004621,41,1,0,phase,100041
ds004621,41,1,1,none,0
ds004621,41,1,1,phase,100041
ds004621,41,1,2,none,0
ds004621,41,1,2,phase,100041
ds004621,41,2,0,none,0
ds004621,41,2,0,phase,100041
ds004621,41,2,1,none,0
ds004621,41,2,1,phase,100041
ds004621,41,2,2,none,0
ds004621,41,2,2,phase,100041
ds004621,41,3,0,none,0
ds004621,41,3,0,phase,100041
ds004621,41,3,1,none,0
ds004621,41,3,1,phase,100041
ds004621,41,3,2,none,0
ds004621,41,3,2,phase,100041
ds004621,41,4,0,none,0
ds004621,41,4,0,phase,100041
ds004621,41,4,1,none,0
ds004621,41,4,1,phase,100041
ds004621,41,4,2,none,0
ds004621,41,4,2,phase,100041
ds004621,41,5,0,none,0
ds004621,41,5,0,phase,100041
ds004621,41,5,1,none,0
ds004621,41,5,1,phase,100041
ds004621,41,5,2,none,0
ds004621,41,5,2,phase,100041
ds004621,41,6,0,none,0
ds004621,41,6,0,phase,100041
ds004621,41,6,1,none,0
ds004621,41,6,1,phase,100041
ds004621,41,6,2,none,0
ds004621,41,6,2,phase,100041
ds004621,41,7,0,none,0
ds004621,41,7,0,phase,100041
ds004621,41,7,1,none,0
ds004621,41,7,1,phase,100041
ds004621,41,7,2,none,0
ds004621,41,7,2,phase,100041
ds004621,41,8,0,none,0
ds004621,41,8,0,phase,100041
ds004621,41,8,1,none,0
ds004621,41,8,1,phase,100041
ds004621,41,8,2,none,0
ds004621,41,8,2,phase,100041
ds004621,41,9,0,none,0
ds004621,41,9,0,phase,100041
ds004621,41,9,1,none,0
ds004621,41,9,1,phase,100041
ds004621,41,9,2,none,0
ds004621,41,9,2,phase,100041
ds004621,41,10,0,none,0
ds004621,41,10,0,phase,100041
ds004621,41,10,1,none,0
ds004621,41,10,1,phase,100041
ds004621,41,10,2,none,0
ds004621,41,10,2,phase,100041
ds004621,42,1,0,none,0
ds004621,42,1,0,phase,100042
ds004621,42,1,1,none,0
ds004621,42,1,1,phase,100042
ds004621,42,1,2,none,0
ds004621,42,1,2,phase,100042
ds004621,42,2,0,none,0
ds004621,42,2,0,phase,100042
ds004621,42,2,1,none,0
ds004621,42,2,1,phase,100042
ds004621,42,2,2,none,0
ds004621,42,2,2,phase,100042
ds004621,42,3,0,none,0
ds004621,42,3,0,phase,100042
ds004621,42,3,1,none,0
ds004621,42,3,1,phase,100042
ds004621,42,3,2,none,0
ds004621,42,3,2,phase,100042
ds004621,42,4,0,none,0
ds004621,42,4,0,phase,100042
ds004621,42,4,1,none,0
ds004621,42,4,1,phase,100042
ds004621,42,4,2,none,0
ds004621,42,4,2,phase,100042
ds004621,42,5,0,none,0
ds004621,42,5,0,phase,100042
ds004621,42,5,1,none,0
ds004621,42,5,1,phase,100042
ds004621,42,5,2,none,0
ds004621,42,5,2,phase,100042
ds004621,42,6,0,none,0
ds004621,42,6,0,phase,100042
ds004621,42,6,1,none,0
ds004621,42,6,1,phase,100042
ds004621,42,6,2,none,0
ds004621,42,6,2,phase,100042
ds004621,42,7,0,none,0
ds004621,42,7,0,phase,100042
ds004621,42,7,1,none,0
ds004621,42,7,1,phase,100042
ds004621,42,7,2,none,0
ds004621,42,7,2,phase,100042
ds004621,42,8,0,none,0
ds004621,42,8,0,phase,100042
ds004621,42,8,1,none,0
ds004621,42,8,1,phase,100042
ds004621,42,8,2,none,0
ds004621,42,8,2,phase,100042
ds004621,42,9,0,none,0
ds004621,42,9,0,phase,100042
ds004621,42,9,1,none,0
ds004621,42,9,1,phase,100042
ds004621,42,9,2,none,0
ds004621,42,9,2,phase,100042
ds004621,42,10,0,none,0
ds004621,42,10,0,phase,100042
ds004621,42,10,1,none,0
ds004621,42,10,1,phase,100042
ds004621,42,10,2,none,0
ds004621,42,10,2,phase,100042
