run_id,method,subject,iteration,log_likelihood,mir_kbits_s,pmi_source_mean_bits,remnant_pmi_percent,step_size,gradient_norm,elapsed_s
sub-01__jax_gpu,AMICA-Python (JAX-GPU),sub-01,1,-1.4542359343714732,,,,,,0.852680649026297
sub-01__jax_gpu,AMICA-Python (JAX-GPU),sub-01,2,-1.374492351770928,,,,,,0.01856064610183239
sub-01__jax_gpu,AMICA-Python (JAX-GPU),sub-01,3,-1.3554937544774546,,,,,,0.018446126952767372
sub-01__jax_gpu,AMICA-Python (JAX-GPU),sub-01,4,-1.3494968039354172,,,,,,0.018338788067921996
sub-01__jax_gpu,AMICA-Python (JAX-GPU),sub-01,5,-1.3469409231732254,,,,,,0.018482767045497894
sub-01__jax_gpu,AMICA-Python (JAX-GPU),sub-01,6,-1.3454135470975663,,,,,,0.018411567085422575
sub-01__jax_gpu,AMICA-Python (JAX-GPU),sub-01,7,-1.3442546925730794,,,,,,0.018252228037454188
sub-01__jax_gpu,AMICA-Python (JAX-GPU),sub-01,8,-1.3432712515077567,,,,,,0.0183553280076012
sub-01__jax_gpu,AMICA-Python (JAX-GPU),sub-01,9,-1.342401761091803,,,,,,0.018401207053102553
sub-01__jax_gpu,AMICA-Python (JAX-GPU),sub-01,10,-1.3416117048571534,,,,,,0.018327277968637645
sub-01__jax_gpu,AMICA-Python (JAX-GPU),sub-01,11,-1.3408833262937805,,,,,,0.018410986987873912
sub-01__jax_gpu,AMICA-Python (JAX-GPU),sub-01,12,-1.3402037945141514,,,,,,0.018291037995368242
sub-01__jax_gpu,AMICA-Python (JAX-GPU),sub-01,13,-1.3395697008065393,,,,,,0.01832113799173385
sub-01__jax_gpu,AMICA-Python (JAX-GPU),sub-01,14,-1.3389749502710124,,,,,,0.018351257080212235
sub-01__jax_gpu,AMICA-Python (JAX-GPU),sub-01,15,-1.3384093849069008,,,,,,0.01825442793779075
sub-01__jax_gpu,AMICA-Python (JAX-GPU),sub-01,16,-1.3378686460203182,,,,,,0.018264918006025255
sub-01__jax_gpu,AMICA-Python (JAX-GPU),sub-01,17,-1.3373512271469752,,,,,,0.018283147946931422
sub-01__jax_gpu,AMICA-Python (JAX-GPU),sub-01,18,-1.336855203055068,,,,,,0.01826392801012844
sub-01__jax_gpu,AMICA-Python (JAX-GPU),sub-01,19,-1.3363786463422567,,,,,,0.018243357888422906
sub-01__jax_gpu,AMICA-Python (JAX-GPU),sub-01,20,-1.335919276325222,,,,,,0.018281148048117757
sub-01__jax_gpu,AMICA-Python (JAX-GPU),sub-01,21,-1.335475218754719,,,,,,0.018255529110319912
sub-01__jax_gpu,AMICA-Python (JAX-GPU),sub-01,22,-1.3350478581608072,,,,,,0.018259178032167256
sub-01__jax_gpu,AMICA-Python (JAX-GPU),sub-01,23,-1.334635395105294,,,,,,0.018274877918884158
sub-01__jax_gpu,AMICA-Python (JAX-GPU),sub-01,24,-1.3342360195751763,,,,,,0.01835986797232181
sub-01__jax_gpu,AMICA-Python (JAX-GPU),sub-01,25,-1.3338478479098488,,,,,,0.018377176951617002
sub-01__jax_gpu,AMICA-Python (JAX-GPU),sub-01,26,-1.3334705096065265,,,,,,0.018269008025527
sub-01__jax_gpu,AMICA-Python (JAX-GPU),sub-01,27,-1.333104455320299,,,,,,0.01830730796791613
sub-01__jax_gpu,AMICA-Python (JAX-GPU),sub-01,28,-1.3327488824600775,,,,,,0.0184446070343256
sub-01__jax_gpu,AMICA-Python (JAX-GPU),sub-01,29,-1.3324016700167505,,,,,,0.018377978005446494
sub-01__jax_gpu,AMICA-Python (JAX-GPU),sub-01,30,-1.3320631300469068,,,,,,0.018231438007205725
sub-01__jax_gpu,AMICA-Python (JAX-GPU),sub-01,31,-1.331732040193504,,,,,,0.018425676971673965
sub-01__jax_gpu,AMICA-Python (JAX-GPU),sub-01,32,-1.3314075314293032,,,,,,0.018342717899940908
sub-01__jax_gpu,AMICA-Python (JAX-GPU),sub-01,33,-1.3310899953529687,,,,,,0.01839621691033244
sub-01__jax_gpu,AMICA-Python (JAX-GPU),sub-01,34,-1.3307782215112745,,,,,,0.018352608080022037
sub-01__jax_gpu,AMICA-Python (JAX-GPU),sub-01,35,-1.3304723981186577,,,,,,0.018341206945478916
sub-01__jax_gpu,AMICA-Python (JAX-GPU),sub-01,36,-1.330171621726018,,,,,,0.018270057975314558
sub-01__jax_gpu,AMICA-Python (JAX-GPU),sub-01,37,-1.329875336656985,,,,,,0.01837707799859345
sub-01__jax_gpu,AMICA-Python (JAX-GPU),sub-01,38,-1.3295833255497622,,,,,,0.018313557957299054
sub-01__jax_gpu,AMICA-Python (JAX-GPU),sub-01,39,-1.3292970878175636,,,,,,0.018256078008562326
sub-01__jax_gpu,AMICA-Python (JAX-GPU),sub-01,40,-1.3290160847957222,,,,,,0.01828585797920823
sub-01__jax_gpu,AMICA-Python (JAX-GPU),sub-01,41,-1.328739591102722,,,,,,0.0182135789655149
sub-01__jax_gpu,AMICA-Python (JAX-GPU),sub-01,42,-1.3284662571360868,,,,,,0.0182917769998312
sub-01__jax_gpu,AMICA-Python (JAX-GPU),sub-01,43,-1.3281963957424066,,,,,,0.01825908897444606
sub-01__jax_gpu,AMICA-Python (JAX-GPU),sub-01,44,-1.327929808876244,,,,,,0.018260989105328918
sub-01__jax_gpu,AMICA-Python (JAX-GPU),sub-01,45,-1.327666657954383,,,,,,0.018257478019222617
sub-01__jax_gpu,AMICA-Python (JAX-GPU),sub-01,46,-1.3274063017572526,,,,,,0.018211298971436918
sub-01__jax_gpu,AMICA-Python (JAX-GPU),sub-01,47,-1.3271489403398022,,,,,,0.018568026018328965
sub-01__jax_gpu,AMICA-Python (JAX-GPU),sub-01,48,-1.3268942158317028,,,,,,0.01831278798636049
sub-01__jax_gpu,AMICA-Python (JAX-GPU),sub-01,49,-1.3266422754053848,,,,,,0.01825844799168408
sub-01__jax_gpu,AMICA-Python (JAX-GPU),sub-01,50,-1.326393239449683,,,,,,0.018476146971806884
sub-01__jax_gpu,AMICA-Python (JAX-GPU),sub-01,51,-1.3261470377211693,,,,,,0.024701648973859847
sub-01__jax_gpu,AMICA-Python (JAX-GPU),sub-01,52,-1.3258686034884646,,,,,,0.024699417990632355
sub-01__jax_gpu,AMICA-Python (JAX-GPU),sub-01,53,-1.3253518999950953,,,,,,0.0246637889649719
sub-01__jax_gpu,AMICA-Python (JAX-GPU),sub-01,54,-1.324354613244465,,,,,,0.02452463994268328
sub-01__jax_gpu,AMICA-Python (JAX-GPU),sub-01,55,-1.3223911180731673,,,,,,0.024678779067471623
sub-01__jax_gpu,AMICA-Python (JAX-GPU),sub-01,56,-1.3191982784491199,,,,,,0.024731458048336208
sub-01__jax_gpu,AMICA-Python (JAX-GPU),sub-01,57,-1.3147106168712621,,,,,,0.0246855691075325
sub-01__jax_gpu,AMICA-Python (JAX-GPU),sub-01,58,-1.3087798769458936,,,,,,0.024726408999413252
sub-01__jax_gpu,AMICA-Python (JAX-GPU),sub-01,59,-1.3010847305981599,,,,,,0.02462887903675437
sub-01__jax_gpu,AMICA-Python (JAX-GPU),sub-01,60,-1.2910095890115654,,,,,,0.024745047907344997
sub-01__jax_gpu,AMICA-Python (JAX-GPU),sub-01,61,-1.277914116107058,,,,,,0.02484075794927776
sub-01__jax_gpu,AMICA-Python (JAX-GPU),sub-01,62,-1.2635688894670103,,,,,,0.024851948022842407
sub-01__jax_gpu,AMICA-Python (JAX-GPU),sub-01,63,-1.2496319431366991,,,,,,0.024792788084596395
sub-01__jax_gpu,AMICA-Python (JAX-GPU),sub-01,64,-1.241002891752575,,,,,,0.024876008043065667
sub-01__jax_gpu,AMICA-Python (JAX-GPU),sub-01,65,-1.2311000045427596,,,,,,0.024912227992899716
sub-01__jax_gpu,AMICA-Python (JAX-GPU),sub-01,66,-1.2223003327417825,,,,,,0.025031367084011436
sub-01__jax_gpu,AMICA-Python (JAX-GPU),sub-01,67,-1.2151832887825091,,,,,,0.02497129701077938
sub-01__jax_gpu,AMICA-Python (JAX-GPU),sub-01,68,-1.2108923724416958,,,,,,0.025020697037689388
sub-01__jax_gpu,AMICA-Python (JAX-GPU),sub-01,69,-1.2076820561380335,,,,,,0.025204136036336422
sub-01__jax_gpu,AMICA-Python (JAX-GPU),sub-01,70,-1.2048745681290882,,,,,,0.0250468160957098
sub-01__jax_gpu,AMICA-Python (JAX-GPU),sub-01,71,-1.2022522225389551,,,,,,0.025283596012741327
sub-01__jax_gpu,AMICA-Python (JAX-GPU),sub-01,72,-1.199722455706623,,,,,,0.02527560607995838
sub-01__jax_gpu,AMICA-Python (JAX-GPU),sub-01,73,-1.1972452573708474,,,,,,0.025096185971051455
sub-01__jax_gpu,AMICA-Python (JAX-GPU),sub-01,74,-1.1947790235633888,,,,,,0.025320825050584972
sub-01__jax_gpu,AMICA-Python (JAX-GPU),sub-01,75,-1.1922876893893013,,,,,,0.0254184139193967
sub-01__jax_gpu,AMICA-Python (JAX-GPU),sub-01,76,-1.1897370364036624,,,,,,0.02526738599408418
sub-01__jax_gpu,AMICA-Python (JAX-GPU),sub-01,77,-1.1871137332549113,,,,,,0.025239925016649067
sub-01__jax_gpu,AMICA-Python (JAX-GPU),sub-01,78,-1.1844626400666571,,,,,,0.02521104598417878
sub-01__jax_gpu,AMICA-Python (JAX-GPU),sub-01,79,-1.1819413550900355,,,,,,0.02526730508543551
sub-01__jax_gpu,AMICA-Python (JAX-GPU),sub-01,80,-1.1797292674857986,,,,,,0.025271484977565706
sub-01__jax_gpu,AMICA-Python (JAX-GPU),sub-01,81,-1.1777969747701302,,,,,,0.02522249601315707
sub-01__jax_gpu,AMICA-Python (JAX-GPU),sub-01,82,-1.176081668710335,,,,,,0.02529791498091072
sub-01__jax_gpu,AMICA-Python (JAX-GPU),sub-01,83,-1.1746237298380129,,,,,,0.025260105030611157
sub-01__jax_gpu,AMICA-Python (JAX-GPU),sub-01,84,-1.173423146232016,,,,,,0.0254165749065578
sub-01__jax_gpu,AMICA-Python (JAX-GPU),sub-01,85,-1.1724200637916369,,,,,,0.02542366401758045
sub-01__jax_gpu,AMICA-Python (JAX-GPU),sub-01,86,-1.1715490047127386,,,,,,0.02526453509926796
sub-01__jax_gpu,AMICA-Python (JAX-GPU),sub-01,87,-1.1707583998110194,,,,,,0.025312234996818006
sub-01__jax_gpu,AMICA-Python (JAX-GPU),sub-01,88,-1.170018687796713,,,,,,0.025375114986672997
sub-01__jax_gpu,AMICA-Python (JAX-GPU),sub-01,89,-1.1693262792770418,,,,,,0.025314744911156595
sub-01__jax_gpu,AMICA-Python (JAX-GPU),sub-01,90,-1.1686881439161827,,,,,,0.02530240500345826
sub-01__jax_gpu,AMICA-Python (JAX-GPU),sub-01,91,-1.1681120762250499,,,,,,0.025239645037800074
sub-01__jax_gpu,AMICA-Python (JAX-GPU),sub-01,92,-1.1675977646378037,,,,,,0.02545984403695911
sub-01__jax_gpu,AMICA-Python (JAX-GPU),sub-01,93,-1.167136557180069,,,,,,0.025552293984219432
sub-01__jax_gpu,AMICA-Python (JAX-GPU),sub-01,94,-1.1667126947550581,,,,,,0.025332244927994907
sub-01__jax_gpu,AMICA-Python (JAX-GPU),sub-01,95,-1.1663087342319798,,,,,,0.02535126404836774
sub-01__jax_gpu,AMICA-Python (JAX-GPU),sub-01,96,-1.1659100095029735,,,,,,0.02547510399017483
sub-01__jax_gpu,AMICA-Python (JAX-GPU),sub-01,97,-1.165513378182986,,,,,,0.025276555912569165
sub-01__jax_gpu,AMICA-Python (JAX-GPU),sub-01,98,-1.1651310703009121,,,,,,0.025505032972432673
sub-01__jax_gpu,AMICA-Python (JAX-GPU),sub-01,99,-1.164786252529529,,,,,,0.025259606074541807
sub-01__jax_gpu,AMICA-Python (JAX-GPU),sub-01,100,-1.1644995478587088,,,,,,0.02521771495230496
sub-01__jax_gpu,AMICA-Python (JAX-GPU),sub-01,101,-1.1642740142401606,,,,,,0.02533083502203226
sub-01__jax_gpu,AMICA-Python (JAX-GPU),sub-01,102,-1.1640971470588446,,,,,,0.02527375495992601
sub-01__jax_gpu,AMICA-Python (JAX-GPU),sub-01,103,-1.163953656464863,,,,,,0.025307705043815076
sub-01__jax_gpu,AMICA-Python (JAX-GPU),sub-01,104,-1.1638313886054399,,,,,,0.02530927606858313
sub-01__jax_gpu,AMICA-Python (JAX-GPU),sub-01,105,-1.1637230940175844,,,,,,0.025364113971590996
sub-01__jax_gpu,AMICA-Python (JAX-GPU),sub-01,106,-1.1636247492248228,,,,,,0.025318294996395707
sub-01__jax_gpu,AMICA-Python (JAX-GPU),sub-01,107,-1.163533891129484,,,,,,0.025290664983913302
sub-01__jax_gpu,AMICA-Python (JAX-GPU),sub-01,108,-1.1634490085207936,,,,,,0.025370304938405752
sub-01__jax_gpu,AMICA-Python (JAX-GPU),sub-01,109,-1.163368843206068,,,,,,0.025395283941179514
sub-01__jax_gpu,AMICA-Python (JAX-GPU),sub-01,110,-1.163293164762289,,,,,,0.02525196608621627
sub-01__jax_gpu,AMICA-Python (JAX-GPU),sub-01,111,-1.163220822025462,,,,,,0.02527932496741414
sub-01__jax_gpu,AMICA-Python (JAX-GPU),sub-01,112,-1.1631514150057156,,,,,,0.02542773389723152
sub-01__jax_gpu,AMICA-Python (JAX-GPU),sub-01,113,-1.1630848251093533,,,,,,0.025261806091293693
sub-01__jax_gpu,AMICA-Python (JAX-GPU),sub-01,114,-1.1630203888184378,,,,,,0.025404034066013992
sub-01__jax_gpu,AMICA-Python (JAX-GPU),sub-01,115,-1.1629581534132232,,,,,,0.025362935033626854
sub-01__jax_gpu,AMICA-Python (JAX-GPU),sub-01,116,-1.1628978190907608,,,,,,0.025386314024217427
sub-01__jax_gpu,AMICA-Python (JAX-GPU),sub-01,117,-1.1628398693744713,,,,,,0.025239946087822318
sub-01__jax_gpu,AMICA-Python (JAX-GPU),sub-01,118,-1.1627857902587106,,,,,,0.02530433493666351
sub-01__jax_gpu,AMICA-Python (JAX-GPU),sub-01,119,-1.1627341535145115,,,,,,0.02535267500206828
sub-01__jax_gpu,AMICA-Python (JAX-GPU),sub-01,120,-1.162692954551465,,,,,,0.025299984961748123
sub-01__jax_gpu,AMICA-Python (JAX-GPU),sub-01,121,-1.1626485001026525,,,,,,0.02538555394858122
sub-01__jax_gpu,AMICA-Python (JAX-GPU),sub-01,122,-1.1626138628339795,,,,,,0.025254164938814938
sub-01__jax_gpu,AMICA-Python (JAX-GPU),sub-01,123,-1.1625707091536595,,,,,,0.025325644994154572
sub-01__jax_gpu,AMICA-Python (JAX-GPU),sub-01,124,-1.1625293822527598,,,,,,0.025248986086808145
sub-01__jax_gpu,AMICA-Python (JAX-GPU),sub-01,125,-1.1624843693073768,,,,,,0.025276934960857034
sub-01__jax_gpu,AMICA-Python (JAX-GPU),sub-01,126,-1.1624395642029004,,,,,,0.025272345053963363
sub-01__jax_gpu,AMICA-Python (JAX-GPU),sub-01,127,-1.1623955380893363,,,,,,0.025329574942588806
sub-01__jax_gpu,AMICA-Python (JAX-GPU),sub-01,128,-1.1623516672919973,,,,,,0.025305744959041476
sub-01__jax_gpu,AMICA-Python (JAX-GPU),sub-01,129,-1.1623098482817067,,,,,,0.025298314983956516
sub-01__jax_gpu,AMICA-Python (JAX-GPU),sub-01,130,-1.162265905972934,,,,,,0.025216725887730718
sub-01__jax_gpu,AMICA-Python (JAX-GPU),sub-01,131,-1.1622256039580208,,,,,,0.02533279499039054
sub-01__jax_gpu,AMICA-Python (JAX-GPU),sub-01,132,-1.1621807017306371,,,,,,0.025317615014500916
sub-01__jax_gpu,AMICA-Python (JAX-GPU),sub-01,133,-1.162141301097575,,,,,,0.02532446407712996
sub-01__jax_gpu,AMICA-Python (JAX-GPU),sub-01,134,-1.1620959698948163,,,,,,0.025381274987012148
sub-01__jax_gpu,AMICA-Python (JAX-GPU),sub-01,135,-1.162057005153891,,,,,,0.025309165008366108
sub-01__jax_gpu,AMICA-Python (JAX-GPU),sub-01,136,-1.162009294665348,,,,,,0.025448524043895304
sub-01__jax_gpu,AMICA-Python (JAX-GPU),sub-01,137,-1.1619707696180523,,,,,,0.025275085004977882
sub-01__jax_gpu,AMICA-Python (JAX-GPU),sub-01,138,-1.1619205597523423,,,,,,0.02538201492279768
sub-01__jax_gpu,AMICA-Python (JAX-GPU),sub-01,139,-1.1618818494075218,,,,,,0.025392914074473083
sub-01__jax_gpu,AMICA-Python (JAX-GPU),sub-01,140,-1.1618287216422507,,,,,,0.02530296507757157
sub-01__jax_gpu,AMICA-Python (JAX-GPU),sub-01,141,-1.161788839860909,,,,,,0.025345883914269507
sub-01__jax_gpu,AMICA-Python (JAX-GPU),sub-01,142,-1.1617324186370224,,,,,,0.025297955959104
sub-01__jax_gpu,AMICA-Python (JAX-GPU),sub-01,143,-1.1616915202457814,,,,,,0.025380955077707767
sub-01__jax_gpu,AMICA-Python (JAX-GPU),sub-01,144,-1.1616323646184104,,,,,,0.025427824934013188
sub-01__jax_gpu,AMICA-Python (JAX-GPU),sub-01,145,-1.1615909688643689,,,,,,0.02537001494783908
sub-01__jax_gpu,AMICA-Python (JAX-GPU),sub-01,146,-1.1615270099762562,,,,,,0.02528868499211967
sub-01__jax_gpu,AMICA-Python (JAX-GPU),sub-01,147,-1.1614837051819358,,,,,,0.025311714969575405
sub-01__jax_gpu,AMICA-Python (JAX-GPU),sub-01,148,-1.161416393435357,,,,,,0.02537165500689298
sub-01__jax_gpu,AMICA-Python (JAX-GPU),sub-01,149,-1.161371224892622,,,,,,0.025328184943646193
sub-01__jax_gpu,AMICA-Python (JAX-GPU),sub-01,150,-1.1613005757313424,,,,,,0.02531176491174847
sub-01__jax_gpu,AMICA-Python (JAX-GPU),sub-01,151,-1.1612537349213152,,,,,,0.025413403986021876
sub-01__jax_gpu,AMICA-Python (JAX-GPU),sub-01,152,-1.1611803991797494,,,,,,0.025406133965589106
sub-01__jax_gpu,AMICA-Python (JAX-GPU),sub-01,153,-1.1611320763063615,,,,,,0.025258095003664494
sub-01__jax_gpu,AMICA-Python (JAX-GPU),sub-01,154,-1.1610554894549445,,,,,,0.025337054976262152
sub-01__jax_gpu,AMICA-Python (JAX-GPU),sub-01,155,-1.1610057243995158,,,,,,0.025374813936650753
sub-01__jax_gpu,AMICA-Python (JAX-GPU),sub-01,156,-1.1609255356344752,,,,,,0.025411125039681792
sub-01__jax_gpu,AMICA-Python (JAX-GPU),sub-01,157,-1.1608743424201617,,,,,,0.025344414985738695
sub-01__jax_gpu,AMICA-Python (JAX-GPU),sub-01,158,-1.160789801600888,,,,,,0.02530845394358039
sub-01__jax_gpu,AMICA-Python (JAX-GPU),sub-01,159,-1.16073617194743,,,,,,0.02537936402950436
sub-01__jax_gpu,AMICA-Python (JAX-GPU),sub-01,160,-1.1606464503837142,,,,,,0.025265945005230606
sub-01__jax_gpu,AMICA-Python (JAX-GPU),sub-01,161,-1.160590472226712,,,,,,0.025351685006171465
sub-01__jax_gpu,AMICA-Python (JAX-GPU),sub-01,162,-1.1604924339924627,,,,,,0.02536740491632372
sub-01__jax_gpu,AMICA-Python (JAX-GPU),sub-01,163,-1.160431142925086,,,,,,0.025376024073921144
sub-01__jax_gpu,AMICA-Python (JAX-GPU),sub-01,164,-1.1603225850973944,,,,,,0.025329964933916926
sub-01__jax_gpu,AMICA-Python (JAX-GPU),sub-01,165,-1.160253892904084,,,,,,0.025330655043944716
sub-01__jax_gpu,AMICA-Python (JAX-GPU),sub-01,166,-1.160129610447932,,,,,,0.02532030502334237
sub-01__jax_gpu,AMICA-Python (JAX-GPU),sub-01,167,-1.1600502199681428,,,,,,0.025309634977020323
sub-01__jax_gpu,AMICA-Python (JAX-GPU),sub-01,168,-1.159914799426029,,,,,,0.02520267595537007
sub-01__jax_gpu,AMICA-Python (JAX-GPU),sub-01,169,-1.1598389800159816,,,,,,0.025307244970463216
sub-01__jax_gpu,AMICA-Python (JAX-GPU),sub-01,170,-1.1597458129361178,,,,,,0.02529885491821915
sub-01__jax_gpu,AMICA-Python (JAX-GPU),sub-01,171,-1.1596778445593654,,,,,,0.025314984959550202
sub-01__jax_gpu,AMICA-Python (JAX-GPU),sub-01,172,-1.1596589639932544,,,,,,0.025323134963400662
sub-01__jax_gpu,AMICA-Python (JAX-GPU),sub-01,173,-1.159380616513847,,,,,,0.025175866088829935
sub-01__jax_gpu,AMICA-Python (JAX-GPU),sub-01,174,-1.1593980396651142,,,,,,0.02523910498712212
sub-01__jax_gpu,AMICA-Python (JAX-GPU),sub-01,175,-1.159048464517859,,,,,,0.025215206085704267
sub-01__jax_gpu,AMICA-Python (JAX-GPU),sub-01,176,-1.1586350733612176,,,,,,0.02530501503497362
sub-01__jax_gpu,AMICA-Python (JAX-GPU),sub-01,177,-1.158328784508971,,,,,,0.025210884981788695
sub-01__jax_gpu,AMICA-Python (JAX-GPU),sub-01,178,-1.1581077850849946,,,,,,0.025207516038790345
sub-01__jax_gpu,AMICA-Python (JAX-GPU),sub-01,179,-1.1578576607613877,,,,,,0.02546968392562121
sub-01__jax_gpu,AMICA-Python (JAX-GPU),sub-01,180,-1.1578529897583545,,,,,,0.025341315078549087
sub-01__jax_gpu,AMICA-Python (JAX-GPU),sub-01,181,-1.1573874694643933,,,,,,0.0252406750805676
sub-01__jax_gpu,AMICA-Python (JAX-GPU),sub-01,182,-1.1571643387993449,,,,,,0.025315625010989606
sub-01__jax_gpu,AMICA-Python (JAX-GPU),sub-01,183,-1.1568600737504933,,,,,,0.025405124993994832
sub-01__jax_gpu,AMICA-Python (JAX-GPU),sub-01,184,-1.156614742964187,,,,,,0.025201454991474748
sub-01__jax_gpu,AMICA-Python (JAX-GPU),sub-01,185,-1.156455031699867,,,,,,0.025206395890563726
sub-01__jax_gpu,AMICA-Python (JAX-GPU),sub-01,186,-1.1563232837568043,,,,,,0.025261845090426505
sub-01__jax_gpu,AMICA-Python (JAX-GPU),sub-01,187,-1.1562862040784219,,,,,,0.02518353599589318
sub-01__jax_gpu,AMICA-Python (JAX-GPU),sub-01,188,-1.1562101029256695,,,,,,0.02528982504736632
sub-01__jax_gpu,AMICA-Python (JAX-GPU),sub-01,189,-1.1562088951252367,,,,,,0.02520228608045727
sub-01__jax_gpu,AMICA-Python (JAX-GPU),sub-01,190,-1.1561521171043212,,,,,,0.025353764998726547
sub-01__jax_gpu,AMICA-Python (JAX-GPU),sub-01,191,-1.1561610125520536,,,,,,0.025350065086968243
sub-01__jax_gpu,AMICA-Python (JAX-GPU),sub-01,192,-1.156109875333479,,,,,,0.025264006108045578
sub-01__jax_gpu,AMICA-Python (JAX-GPU),sub-01,193,-1.1560023721479746,,,,,,0.025208935025148094
sub-01__jax_gpu,AMICA-Python (JAX-GPU),sub-01,194,-1.1559735933449968,,,,,,0.025375165045261383
sub-01__jax_gpu,AMICA-Python (JAX-GPU),sub-01,195,-1.1559590248518015,,,,,,0.0254727239953354
sub-01__jax_gpu,AMICA-Python (JAX-GPU),sub-01,196,-1.1559611793354452,,,,,,0.025329545023851097
sub-01__jax_gpu,AMICA-Python (JAX-GPU),sub-01,197,-1.155995904167504,,,,,,0.02519707498140633
sub-01__jax_gpu,AMICA-Python (JAX-GPU),sub-01,198,-1.1559195642132842,,,,,,0.025385875022038817
sub-01__jax_gpu,AMICA-Python (JAX-GPU),sub-01,199,-1.1558972591036811,,,,,,0.025419463985599577
sub-01__jax_gpu,AMICA-Python (JAX-GPU),sub-01,200,-1.1558862088166044,,,,,,0.02536979492288083
sub-01__jax_gpu,AMICA-Python (JAX-GPU),sub-01,201,-1.155874769943463,,,,,,0.025275785010308027
sub-01__jax_gpu,AMICA-Python (JAX-GPU),sub-01,202,-1.1558625234246918,,,,,,0.025381195009686053
sub-01__jax_gpu,AMICA-Python (JAX-GPU),sub-01,203,-1.1558493858947052,,,,,,0.025292774895206094
sub-01__jax_gpu,AMICA-Python (JAX-GPU),sub-01,204,-1.1558365964554589,,,,,,0.025291854981333017
sub-01__jax_gpu,AMICA-Python (JAX-GPU),sub-01,205,-1.1558304715659262,,,,,,0.02528724493458867
sub-01__jax_gpu,AMICA-Python (JAX-GPU),sub-01,206,-1.1558525832428934,,,,,,0.025300075067207217
sub-01__jax_gpu,AMICA-Python (JAX-GPU),sub-01,207,-1.1559105953877966,,,,,,0.025362535030581057
sub-01__jax_gpu,AMICA-Python (JAX-GPU),sub-01,208,-1.1557920456257267,,,,,,0.025312234996818006
sub-01__jax_gpu,AMICA-Python (JAX-GPU),sub-01,209,-1.1557739298585377,,,,,,0.025352724944241345
sub-01__jax_gpu,AMICA-Python (JAX-GPU),sub-01,210,-1.1557635790549274,,,,,,0.02521425497252494
sub-01__jax_gpu,AMICA-Python (JAX-GPU),sub-01,211,-1.1557532620913544,,,,,,0.025196845992468297
sub-01__jax_gpu,AMICA-Python (JAX-GPU),sub-01,212,-1.155742255124253,,,,,,0.025225184974260628
sub-01__jax_gpu,AMICA-Python (JAX-GPU),sub-01,213,-1.1557302894817107,,,,,,0.02528015593998134
sub-01__jax_gpu,AMICA-Python (JAX-GPU),sub-01,214,-1.1557173645506231,,,,,,0.02518155495636165
sub-01__jax_gpu,AMICA-Python (JAX-GPU),sub-01,215,-1.1557037165023145,,,,,,0.02530839608516544
sub-01__jax_gpu,AMICA-Python (JAX-GPU),sub-01,216,-1.1556914486307213,,,,,,0.025155105045996606
sub-01__jax_gpu,AMICA-Python (JAX-GPU),sub-01,217,-1.1556850610000298,,,,,,0.02517248608637601
sub-01__jax_gpu,AMICA-Python (JAX-GPU),sub-01,218,-1.1557044726614245,,,,,,0.025224825949408114
sub-01__jax_gpu,AMICA-Python (JAX-GPU),sub-01,219,-1.1557576300898067,,,,,,0.025279774912633002
sub-01__jax_gpu,AMICA-Python (JAX-GPU),sub-01,220,-1.1556559068626417,,,,,,0.025298885069787502
sub-01__jax_gpu,AMICA-Python (JAX-GPU),sub-01,221,-1.1556368751225177,,,,,,0.02526491496246308
sub-01__jax_gpu,AMICA-Python (JAX-GPU),sub-01,222,-1.155627812515443,,,,,,0.025353585020639002
sub-01__jax_gpu,AMICA-Python (JAX-GPU),sub-01,223,-1.1556188736646318,,,,,,0.025272464961744845
sub-01__jax_gpu,AMICA-Python (JAX-GPU),sub-01,224,-1.15560921390179,,,,,,0.02530084492173046
sub-01__jax_gpu,AMICA-Python (JAX-GPU),sub-01,225,-1.1555989927544992,,,,,,0.025343185057863593
sub-01__jax_gpu,AMICA-Python (JAX-GPU),sub-01,226,-1.155587965771623,,,,,,0.025316704995930195
sub-01__jax_gpu,AMICA-Python (JAX-GPU),sub-01,227,-1.155577849334995,,,,,,0.025325704948045313
sub-01__jax_gpu,AMICA-Python (JAX-GPU),sub-01,228,-1.1555788556096547,,,,,,0.02530045493040234
sub-01__jax_gpu,AMICA-Python (JAX-GPU),sub-01,229,-1.1556051827619693,,,,,,0.02520384604576975
sub-01__jax_gpu,AMICA-Python (JAX-GPU),sub-01,230,-1.1555605141170087,,,,,,0.02526205510366708
sub-01__jax_gpu,AMICA-Python (JAX-GPU),sub-01,231,-1.1555387545664262,,,,,,0.025210145977325737
sub-01__jax_gpu,AMICA-Python (JAX-GPU),sub-01,232,-1.1555308945221678,,,,,,0.025323495035991073
sub-01__jax_gpu,AMICA-Python (JAX-GPU),sub-01,233,-1.1555229493363033,,,,,,0.025589652941562235
sub-01__jax_gpu,AMICA-Python (JAX-GPU),sub-01,234,-1.1555145935963773,,,,,,0.025301815010607243
sub-01__jax_gpu,AMICA-Python (JAX-GPU),sub-01,235,-1.1555068238203205,,,,,,0.02529005508404225
sub-01__jax_gpu,AMICA-Python (JAX-GPU),sub-01,236,-1.1555059754784072,,,,,,0.025247086072340608
sub-01__jax_gpu,AMICA-Python (JAX-GPU),sub-01,237,-1.1555272681426616,,,,,,0.02527313493192196
sub-01__jax_gpu,AMICA-Python (JAX-GPU),sub-01,238,-1.155579700109744,,,,,,0.025361253996379673
sub-01__jax_gpu,AMICA-Python (JAX-GPU),sub-01,239,-1.1554940701364855,,,,,,0.02532350504770875
sub-01__jax_gpu,AMICA-Python (JAX-GPU),sub-01,240,-1.1554640018144087,,,,,,0.025371483992785215
sub-01__jax_gpu,AMICA-Python (JAX-GPU),sub-01,241,-1.1554539554898033,,,,,,0.025365544948726892
sub-01__jax_gpu,AMICA-Python (JAX-GPU),sub-01,242,-1.155445869714338,,,,,,0.025259825051762164
sub-01__jax_gpu,AMICA-Python (JAX-GPU),sub-01,243,-1.1554375916180244,,,,,,0.025378365069627762
sub-01__jax_gpu,AMICA-Python (JAX-GPU),sub-01,244,-1.1554288591007058,,,,,,0.025294934981502593
sub-01__jax_gpu,AMICA-Python (JAX-GPU),sub-01,245,-1.1554196350437245,,,,,,0.025328984949737787
sub-01__jax_gpu,AMICA-Python (JAX-GPU),sub-01,246,-1.1554121493453102,,,,,,0.0253305749502033
sub-01__jax_gpu,AMICA-Python (JAX-GPU),sub-01,247,-1.155415758893423,,,,,,0.025263294926844537
sub-01__jax_gpu,AMICA-Python (JAX-GPU),sub-01,248,-1.1554533883404003,,,,,,0.025369185023009777
sub-01__jax_gpu,AMICA-Python (JAX-GPU),sub-01,249,-1.1554073646190672,,,,,,0.02535389398690313
sub-01__jax_gpu,AMICA-Python (JAX-GPU),sub-01,250,-1.1553804179034823,,,,,,0.02529057499486953
sub-01__jax_gpu,AMICA-Python (JAX-GPU),sub-01,251,-1.1553719317675473,,,,,,0.02527090604417026
sub-01__jax_gpu,AMICA-Python (JAX-GPU),sub-01,252,-1.1553649224750961,,,,,,0.025315064936876297
sub-01__jax_gpu,AMICA-Python (JAX-GPU),sub-01,253,-1.1553577308350362,,,,,,0.02526062505785376
sub-01__jax_gpu,AMICA-Python (JAX-GPU),sub-01,254,-1.1553504835554513,,,,,,0.025391564005985856
sub-01__jax_gpu,AMICA-Python (JAX-GPU),sub-01,255,-1.1553454319590548,,,,,,0.025247714947909117
sub-01__jax_gpu,AMICA-Python (JAX-GPU),sub-01,256,-1.1553582673137794,,,,,,0.02536211395636201
sub-01__jax_gpu,AMICA-Python (JAX-GPU),sub-01,257,-1.1554032862271846,,,,,,0.02532998495735228
sub-01__jax_gpu,AMICA-Python (JAX-GPU),sub-01,258,-1.1553315978054028,,,,,,0.02532418502960354
sub-01__jax_gpu,AMICA-Python (JAX-GPU),sub-01,259,-1.155312848069408,,,,,,0.02530485508032143
sub-01__jax_gpu,AMICA-Python (JAX-GPU),sub-01,260,-1.1553064352042932,,,,,,0.025323525071144104
sub-01__jax_gpu,AMICA-Python (JAX-GPU),sub-01,261,-1.155300170714678,,,,,,0.025338744977489114
sub-01__jax_gpu,AMICA-Python (JAX-GPU),sub-01,262,-1.1552934555087144,,,,,,0.02537960500922054
sub-01__jax_gpu,AMICA-Python (JAX-GPU),sub-01,263,-1.155286617993552,,,,,,0.02528708497993648
sub-01__jax_gpu,AMICA-Python (JAX-GPU),sub-01,264,-1.1552827726177213,,,,,,0.025255764950998127
sub-01__jax_gpu,AMICA-Python (JAX-GPU),sub-01,265,-1.1552926803768546,,,,,,0.025155555922538042
sub-01__jax_gpu,AMICA-Python (JAX-GPU),sub-01,266,-1.1553382059757642,,,,,,0.02533791505265981
sub-01__jax_gpu,AMICA-Python (JAX-GPU),sub-01,267,-1.1552813653654053,,,,,,0.02527391503099352
sub-01__jax_gpu,AMICA-Python (JAX-GPU),sub-01,268,-1.1552538218279904,,,,,,0.02539450500626117
sub-01__jax_gpu,AMICA-Python (JAX-GPU),sub-01,269,-1.1552458628432727,,,,,,0.025261915056034923
sub-01__jax_gpu,AMICA-Python (JAX-GPU),sub-01,270,-1.1552396237945548,,,,,,0.025330235017463565
sub-01__jax_gpu,AMICA-Python (JAX-GPU),sub-01,271,-1.1552331669557132,,,,,,0.025300875073298812
sub-01__jax_gpu,AMICA-Python (JAX-GPU),sub-01,272,-1.155226570405562,,,,,,0.025335184996947646
sub-01__jax_gpu,AMICA-Python (JAX-GPU),sub-01,273,-1.1552214752323522,,,,,,0.025264775031246245
sub-01__jax_gpu,AMICA-Python (JAX-GPU),sub-01,274,-1.155229738220302,,,,,,0.02531558508053422
sub-01__jax_gpu,AMICA-Python (JAX-GPU),sub-01,275,-1.1552661299131313,,,,,,0.025455873925238848
sub-01__jax_gpu,AMICA-Python (JAX-GPU),sub-01,276,-1.1552127808789565,,,,,,0.02521140594035387
sub-01__jax_gpu,AMICA-Python (JAX-GPU),sub-01,277,-1.1551935995823441,,,,,,0.02536646497901529
sub-01__jax_gpu,AMICA-Python (JAX-GPU),sub-01,278,-1.1551879865587942,,,,,,0.025456894072704017
sub-01__jax_gpu,AMICA-Python (JAX-GPU),sub-01,279,-1.155182505734072,,,,,,0.02524712507147342
sub-01__jax_gpu,AMICA-Python (JAX-GPU),sub-01,280,-1.1551767631280219,,,,,,0.02520502603147179
sub-01__jax_gpu,AMICA-Python (JAX-GPU),sub-01,281,-1.1551715633737412,,,,,,0.02523949497845024
sub-01__jax_gpu,AMICA-Python (JAX-GPU),sub-01,282,-1.155172569769247,,,,,,0.025267155026085675
sub-01__jax_gpu,AMICA-Python (JAX-GPU),sub-01,283,-1.155194119743957,,,,,,0.025252965977415442
sub-01__jax_gpu,AMICA-Python (JAX-GPU),sub-01,284,-1.1551657415294563,,,,,,0.025306394905783236
sub-01__jax_gpu,AMICA-Python (JAX-GPU),sub-01,285,-1.1551465157262433,,,,,,0.025268054916523397
sub-01__jax_gpu,AMICA-Python (JAX-GPU),sub-01,286,-1.1551412870210638,,,,,,0.025290115037932992
sub-01__jax_gpu,AMICA-Python (JAX-GPU),sub-01,287,-1.155136185847273,,,,,,0.025371934985741973
sub-01__jax_gpu,AMICA-Python (JAX-GPU),sub-01,288,-1.155130900193399,,,,,,0.02573834196664393
sub-01__jax_gpu,AMICA-Python (JAX-GPU),sub-01,289,-1.155126391494002,,,,,,0.025738293072208762
sub-01__jax_gpu,AMICA-Python (JAX-GPU),sub-01,290,-1.1551299382367275,,,,,,0.02572618203703314
sub-01__jax_gpu,AMICA-Python (JAX-GPU),sub-01,291,-1.1551568119786106,,,,,,0.025764661957509816
sub-01__jax_gpu,AMICA-Python (JAX-GPU),sub-01,292,-1.1551210775145453,,,,,,0.0255814139964059
sub-01__jax_gpu,AMICA-Python (JAX-GPU),sub-01,293,-1.155101859301032,,,,,,0.025280155008658767
sub-01__jax_gpu,AMICA-Python (JAX-GPU),sub-01,294,-1.1550967911532195,,,,,,0.025207975995726883
sub-01__jax_gpu,AMICA-Python (JAX-GPU),sub-01,295,-1.1550919074719215,,,,,,0.025163635960780084
sub-01__jax_gpu,AMICA-Python (JAX-GPU),sub-01,296,-1.1550868692250857,,,,,,0.025199296069331467
sub-01__jax_gpu,AMICA-Python (JAX-GPU),sub-01,297,-1.1550825342361661,,,,,,0.02527620503678918
sub-01__jax_gpu,AMICA-Python (JAX-GPU),sub-01,298,-1.15508582260152,,,,,,0.0253539850236848
sub-01__jax_gpu,AMICA-Python (JAX-GPU),sub-01,299,-1.1551116575668734,,,,,,0.025416153948754072
sub-01__jax_gpu,AMICA-Python (JAX-GPU),sub-01,300,-1.1550781355539144,,,,,,0.02531815494876355
sub-01__jax_gpu,AMICA-Python (JAX-GPU),sub-01,301,-1.1550591679381046,,,,,,0.025310444994829595
sub-01__jax_gpu,AMICA-Python (JAX-GPU),sub-01,302,-1.1550542886254325,,,,,,0.025451584020629525
sub-01__jax_gpu,AMICA-Python (JAX-GPU),sub-01,303,-1.1550495242859693,,,,,,0.02533295506145805
sub-01__jax_gpu,AMICA-Python (JAX-GPU),sub-01,304,-1.1550446350240693,,,,,,0.02536177495494485
sub-01__jax_gpu,AMICA-Python (JAX-GPU),sub-01,305,-1.1550404679341642,,,,,,0.025300445035099983
sub-01__jax_gpu,AMICA-Python (JAX-GPU),sub-01,306,-1.155043928136715,,,,,,0.025318724918179214
sub-01__jax_gpu,AMICA-Python (JAX-GPU),sub-01,307,-1.1550699548438121,,,,,,0.025294154998846352
sub-01__jax_gpu,AMICA-Python (JAX-GPU),sub-01,308,-1.1550364294402484,,,,,,0.025284494971856475
sub-01__jax_gpu,AMICA-Python (JAX-GPU),sub-01,309,-1.1550175850145912,,,,,,0.025228515965864062
sub-01__jax_gpu,AMICA-Python (JAX-GPU),sub-01,310,-1.1550128365218912,,,,,,0.025355995050631464
sub-01__jax_gpu,AMICA-Python (JAX-GPU),sub-01,311,-1.1550082348371775,,,,,,0.025285415002144873
sub-01__jax_gpu,AMICA-Python (JAX-GPU),sub-01,312,-1.155003497369994,,,,,,0.025375984027050436
sub-01__jax_gpu,AMICA-Python (JAX-GPU),sub-01,313,-1.1549995116384806,,,,,,0.025258335983380675
sub-01__jax_gpu,AMICA-Python (JAX-GPU),sub-01,314,-1.155003144705472,,,,,,0.025327256065793335
sub-01__jax_gpu,AMICA-Python (JAX-GPU),sub-01,315,-1.1550291782758624,,,,,,0.025435214047320187
sub-01__jax_gpu,AMICA-Python (JAX-GPU),sub-01,316,-1.1549959641828167,,,,,,0.02527235494926572
sub-01__jax_gpu,AMICA-Python (JAX-GPU),sub-01,317,-1.1549772625404,,,,,,0.02531075500883162
sub-01__jax_gpu,AMICA-Python (JAX-GPU),sub-01,318,-1.1549726454316973,,,,,,0.02533425495494157
sub-01__jax_gpu,AMICA-Python (JAX-GPU),sub-01,319,-1.1549682077684071,,,,,,0.025292154983617365
sub-01__jax_gpu,AMICA-Python (JAX-GPU),sub-01,320,-1.1549636495106907,,,,,,0.02539784403052181
sub-01__jax_gpu,AMICA-Python (JAX-GPU),sub-01,321,-1.1549598399617351,,,,,,0.025309695047326386
sub-01__jax_gpu,AMICA-Python (JAX-GPU),sub-01,322,-1.154963603754216,,,,,,0.02531336504034698
sub-01__jax_gpu,AMICA-Python (JAX-GPU),sub-01,323,-1.1549896623793923,,,,,,0.025245595956221223
sub-01__jax_gpu,AMICA-Python (JAX-GPU),sub-01,324,-1.1549567667148626,,,,,,0.025416534044779837
sub-01__jax_gpu,AMICA-Python (JAX-GPU),sub-01,325,-1.15493835001902,,,,,,0.025324384914711118
sub-01__jax_gpu,AMICA-Python (JAX-GPU),sub-01,326,-1.1549338684273902,,,,,,0.025442984071560204
sub-01__jax_gpu,AMICA-Python (JAX-GPU),sub-01,327,-1.1549295864510911,,,,,,0.02532601496204734
sub-01__jax_gpu,AMICA-Python (JAX-GPU),sub-01,328,-1.1549251933829534,,,,,,0.025333194993436337
sub-01__jax_gpu,AMICA-Python (JAX-GPU),sub-01,329,-1.1549215538552322,,,,,,0.025312794954515994
sub-01__jax_gpu,AMICA-Python (JAX-GPU),sub-01,330,-1.1549254453142144,,,,,,0.02530850493349135
sub-01__jax_gpu,AMICA-Python (JAX-GPU),sub-01,331,-1.154951571719856,,,,,,0.025321295019239187
sub-01__jax_gpu,AMICA-Python (JAX-GPU),sub-01,332,-1.1549189911662583,,,,,,0.025310155004262924
sub-01__jax_gpu,AMICA-Python (JAX-GPU),sub-01,333,-1.1549006642360995,,,,,,0.02538853499572724
sub-01__jax_gpu,AMICA-Python (JAX-GPU),sub-01,334,-1.1548962853016156,,,,,,0.025375214987434447
sub-01__jax_gpu,AMICA-Python (JAX-GPU),sub-01,335,-1.1548920822607325,,,,,,0.025263515999540687
sub-01__jax_gpu,AMICA-Python (JAX-GPU),sub-01,336,-1.1548877899167944,,,,,,0.02528894494753331
sub-01__jax_gpu,AMICA-Python (JAX-GPU),sub-01,337,-1.1548842573266027,,,,,,0.02527672506403178
sub-01__jax_gpu,AMICA-Python (JAX-GPU),sub-01,338,-1.1548882777059255,,,,,,0.02515595604199916
sub-01__jax_gpu,AMICA-Python (JAX-GPU),sub-01,339,-1.1549146069554443,,,,,,0.025286384974606335
sub-01__jax_gpu,AMICA-Python (JAX-GPU),sub-01,340,-1.1548819009945173,,,,,,0.025221845018677413
sub-01__jax_gpu,AMICA-Python (JAX-GPU),sub-01,341,-1.1548636311175569,,,,,,0.02527302608359605
sub-01__jax_gpu,AMICA-Python (JAX-GPU),sub-01,342,-1.15485931806242,,,,,,0.025175016024149954
sub-01__jax_gpu,AMICA-Python (JAX-GPU),sub-01,343,-1.1548551926878425,,,,,,0.025264916010200977
sub-01__jax_gpu,AMICA-Python (JAX-GPU),sub-01,344,-1.154850951623911,,,,,,0.025244585005566478
sub-01__jax_gpu,AMICA-Python (JAX-GPU),sub-01,345,-1.154847496904946,,,,,,0.025201186072081327
sub-01__jax_gpu,AMICA-Python (JAX-GPU),sub-01,346,-1.1548516969752283,,,,,,0.025462563964538276
sub-01__jax_gpu,AMICA-Python (JAX-GPU),sub-01,347,-1.1548782737276404,,,,,,0.025814382010139525
sub-01__jax_gpu,AMICA-Python (JAX-GPU),sub-01,348,-1.1548451996881566,,,,,,0.02575852198060602
sub-01__jax_gpu,AMICA-Python (JAX-GPU),sub-01,349,-1.1548270716539624,,,,,,0.02569777297321707
sub-01__jax_gpu,AMICA-Python (JAX-GPU),sub-01,350,-1.1548227995614282,,,,,,0.025770072010345757
sub-01__jax_gpu,AMICA-Python (JAX-GPU),sub-01,351,-1.1548187277322493,,,,,,0.025715823052451015
sub-01__jax_gpu,AMICA-Python (JAX-GPU),sub-01,352,-1.1548145499498956,,,,,,0.025802382035180926
sub-01__jax_gpu,AMICA-Python (JAX-GPU),sub-01,353,-1.1548111663759513,,,,,,0.025794012937694788
sub-01__jax_gpu,AMICA-Python (JAX-GPU),sub-01,354,-1.15481525416546,,,,,,0.02573055203538388
sub-01__jax_gpu,AMICA-Python (JAX-GPU),sub-01,355,-1.1548414853978102,,,,,,0.025641452986747026
sub-01__jax_gpu,AMICA-Python (JAX-GPU),sub-01,356,-1.1548091594428407,,,,,,0.025786731974221766
sub-01__jax_gpu,AMICA-Python (JAX-GPU),sub-01,357,-1.1547911853134099,,,,,,0.025781751959584653
sub-01__jax_gpu,AMICA-Python (JAX-GPU),sub-01,358,-1.1547870238039633,,,,,,0.025676602963358164
sub-01__jax_gpu,AMICA-Python (JAX-GPU),sub-01,359,-1.154783058406441,,,,,,0.02580530196428299
sub-01__jax_gpu,AMICA-Python (JAX-GPU),sub-01,360,-1.154778966130863,,,,,,0.025719752069562674
sub-01__jax_gpu,AMICA-Python (JAX-GPU),sub-01,361,-1.1547756270280416,,,,,,0.025740541983395815
sub-01__jax_gpu,AMICA-Python (JAX-GPU),sub-01,362,-1.154779423371431,,,,,,0.025702022947371006
sub-01__jax_gpu,AMICA-Python (JAX-GPU),sub-01,363,-1.1548048333220675,,,,,,0.02580830198712647
sub-01__jax_gpu,AMICA-Python (JAX-GPU),sub-01,364,-1.154773983972116,,,,,,0.025725633022375405
sub-01__jax_gpu,AMICA-Python (JAX-GPU),sub-01,365,-1.154756130025389,,,,,,0.025708251981996
sub-01__jax_gpu,AMICA-Python (JAX-GPU),sub-01,366,-1.1547520401990585,,,,,,0.025761522934772074
sub-01__jax_gpu,AMICA-Python (JAX-GPU),sub-01,367,-1.1547481106322475,,,,,,0.025638593011535704
sub-01__jax_gpu,AMICA-Python (JAX-GPU),sub-01,368,-1.1547440801423194,,,,,,0.025671351933851838
sub-01__jax_gpu,AMICA-Python (JAX-GPU),sub-01,369,-1.1547407964520269,,,,,,0.025740443030372262
sub-01__jax_gpu,AMICA-Python (JAX-GPU),sub-01,370,-1.1547445224360005,,,,,,0.025703791994601488
sub-01__jax_gpu,AMICA-Python (JAX-GPU),sub-01,371,-1.1547693079713461,,,,,,0.02576836198568344
sub-01__jax_gpu,AMICA-Python (JAX-GPU),sub-01,372,-1.1547393977365352,,,,,,0.025704222032800317
sub-01__jax_gpu,AMICA-Python (JAX-GPU),sub-01,373,-1.1547217485886443,,,,,,0.025296384934335947
sub-01__jax_gpu,AMICA-Python (JAX-GPU),sub-01,374,-1.154717749669558,,,,,,0.025427883956581354
sub-01__jax_gpu,AMICA-Python (JAX-GPU),sub-01,375,-1.1547139451281918,,,,,,0.025343484012410045
sub-01__jax_gpu,AMICA-Python (JAX-GPU),sub-01,376,-1.1547100766441212,,,,,,0.0253327350364998
sub-01__jax_gpu,AMICA-Python (JAX-GPU),sub-01,377,-1.1547069743553902,,,,,,0.025348184979520738
sub-01__jax_gpu,AMICA-Python (JAX-GPU),sub-01,378,-1.1547109623682847,,,,,,0.025367764988914132
sub-01__jax_gpu,AMICA-Python (JAX-GPU),sub-01,379,-1.154736061482728,,,,,,0.025330953998491168
sub-01__jax_gpu,AMICA-Python (JAX-GPU),sub-01,380,-1.154706016986186,,,,,,0.025369063951075077
sub-01__jax_gpu,AMICA-Python (JAX-GPU),sub-01,381,-1.1546885147953898,,,,,,0.02526132599450648
sub-01__jax_gpu,AMICA-Python (JAX-GPU),sub-01,382,-1.1546846297567774,,,,,,0.02531927404925227
sub-01__jax_gpu,AMICA-Python (JAX-GPU),sub-01,383,-1.1546809569144991,,,,,,0.025382744031958282
sub-01__jax_gpu,AMICA-Python (JAX-GPU),sub-01,384,-1.1546772376993137,,,,,,0.025270515005104244
sub-01__jax_gpu,AMICA-Python (JAX-GPU),sub-01,385,-1.1546742997253725,,,,,,0.025301684974692762
sub-01__jax_gpu,AMICA-Python (JAX-GPU),sub-01,386,-1.1546784903379046,,,,,,0.025156426010653377
sub-01__jax_gpu,AMICA-Python (JAX-GPU),sub-01,387,-1.1547038246824117,,,,,,0.025215436005964875
sub-01__jax_gpu,AMICA-Python (JAX-GPU),sub-01,388,-1.1546737425012121,,,,,,0.025245215045288205
sub-01__jax_gpu,AMICA-Python (JAX-GPU),sub-01,389,-1.1546563464924164,,,,,,0.025244035990908742
sub-01__jax_gpu,AMICA-Python (JAX-GPU),sub-01,390,-1.154652574697989,,,,,,0.02525347506161779
sub-01__jax_gpu,AMICA-Python (JAX-GPU),sub-01,391,-1.154649016550352,,,,,,0.02515048603527248
sub-01__jax_gpu,AMICA-Python (JAX-GPU),sub-01,392,-1.1546454186416149,,,,,,0.025336264981888235
sub-01__jax_gpu,AMICA-Python (JAX-GPU),sub-01,393,-1.1546426001675385,,,,,,0.02545834402553737
sub-01__jax_gpu,AMICA-Python (JAX-GPU),sub-01,394,-1.1546468638696934,,,,,,0.025145616033114493
sub-01__jax_gpu,AMICA-Python (JAX-GPU),sub-01,395,-1.1546718540581313,,,,,,0.025298604974523187
sub-01__jax_gpu,AMICA-Python (JAX-GPU),sub-01,396,-1.1546422508420784,,,,,,0.02535802510101348
sub-01__jax_gpu,AMICA-Python (JAX-GPU),sub-01,397,-1.1546250574223662,,,,,,0.025244015036150813
sub-01__jax_gpu,AMICA-Python (JAX-GPU),sub-01,398,-1.154621352684408,,,,,,0.02522986603435129
sub-01__jax_gpu,AMICA-Python (JAX-GPU),sub-01,399,-1.1546178687618789,,,,,,0.025306654977612197
sub-01__jax_gpu,AMICA-Python (JAX-GPU),sub-01,400,-1.1546143505057505,,,,,,0.025297104963101447
sub-01__jax_gpu,AMICA-Python (JAX-GPU),sub-01,401,-1.1546116839946523,,,,,,0.02533918502740562
sub-01__jax_gpu,AMICA-Python (JAX-GPU),sub-01,402,-1.1546162379898797,,,,,,0.025248624966479838
sub-01__jax_gpu,AMICA-Python (JAX-GPU),sub-01,403,-1.1546417946315513,,,,,,0.025270504993386567
sub-01__jax_gpu,AMICA-Python (JAX-GPU),sub-01,404,-1.1546115174831066,,,,,,0.02515504602342844
sub-01__jax_gpu,AMICA-Python (JAX-GPU),sub-01,405,-1.1545943966941041,,,,,,0.02522656600922346
sub-01__jax_gpu,AMICA-Python (JAX-GPU),sub-01,406,-1.154590788773116,,,,,,0.025300164939835668
sub-01__jax_gpu,AMICA-Python (JAX-GPU),sub-01,407,-1.1545873825879847,,,,,,0.025316534913145006
sub-01__jax_gpu,AMICA-Python (JAX-GPU),sub-01,408,-1.1545839445584687,,,,,,0.025256425025872886
sub-01__jax_gpu,AMICA-Python (JAX-GPU),sub-01,409,-1.154581342642717,,,,,,0.025314704980701208
sub-01__jax_gpu,AMICA-Python (JAX-GPU),sub-01,410,-1.1545858073269977,,,,,,0.02526045497506857
sub-01__jax_gpu,AMICA-Python (JAX-GPU),sub-01,411,-1.1546109126835846,,,,,,0.025182075100019574
sub-01__jax_gpu,AMICA-Python (JAX-GPU),sub-01,412,-1.1545813433317713,,,,,,0.02531509497202933
sub-01__jax_gpu,AMICA-Python (JAX-GPU),sub-01,413,-1.154564368866335,,,,,,0.025274025043472648
sub-01__jax_gpu,AMICA-Python (JAX-GPU),sub-01,414,-1.1545607898088786,,,,,,0.0251434970414266
sub-01__jax_gpu,AMICA-Python (JAX-GPU),sub-01,415,-1.1545574216164864,,,,,,0.02521891496144235
sub-01__jax_gpu,AMICA-Python (JAX-GPU),sub-01,416,-1.1545540444016074,,,,,,0.025213185930624604
sub-01__jax_gpu,AMICA-Python (JAX-GPU),sub-01,417,-1.1545514593714157,,,,,,0.025267564924433827
sub-01__jax_gpu,AMICA-Python (JAX-GPU),sub-01,418,-1.1545557650366876,,,,,,0.025354354991577566
sub-01__jax_gpu,AMICA-Python (JAX-GPU),sub-01,419,-1.1545803951170233,,,,,,0.025344704976305366
sub-01__jax_gpu,AMICA-Python (JAX-GPU),sub-01,420,-1.1545518193479127,,,,,,0.025250765960663557
sub-01__jax_gpu,AMICA-Python (JAX-GPU),sub-01,421,-1.1545349586075035,,,,,,0.025331735028885305
sub-01__jax_gpu,AMICA-Python (JAX-GPU),sub-01,422,-1.15453147828386,,,,,,0.025417263968847692
sub-01__jax_gpu,AMICA-Python (JAX-GPU),sub-01,423,-1.154528211918442,,,,,,0.025337624945677817
sub-01__jax_gpu,AMICA-Python (JAX-GPU),sub-01,424,-1.154524963349616,,,,,,0.02522215503267944
sub-01__jax_gpu,AMICA-Python (JAX-GPU),sub-01,425,-1.1545224812362982,,,,,,0.02539921400602907
sub-01__jax_gpu,AMICA-Python (JAX-GPU),sub-01,426,-1.1545268996155704,,,,,,0.025341894943267107
sub-01__jax_gpu,AMICA-Python (JAX-GPU),sub-01,427,-1.1545513403286272,,,,,,0.025311384932138026
sub-01__jax_gpu,AMICA-Python (JAX-GPU),sub-01,428,-1.154523124781208,,,,,,0.025310404947958887
sub-01__jax_gpu,AMICA-Python (JAX-GPU),sub-01,429,-1.1545064904688505,,,,,,0.025281494949012995
sub-01__jax_gpu,AMICA-Python (JAX-GPU),sub-01,430,-1.1545031253010232,,,,,,0.025365594075992703
sub-01__jax_gpu,AMICA-Python (JAX-GPU),sub-01,431,-1.154499970512147,,,,,,0.025261236005462706
sub-01__jax_gpu,AMICA-Python (JAX-GPU),sub-01,432,-1.154496821691001,,,,,,0.025312365032732487
sub-01__jax_gpu,AMICA-Python (JAX-GPU),sub-01,433,-1.1544944171360125,,,,,,0.025344065041281283
sub-01__jax_gpu,AMICA-Python (JAX-GPU),sub-01,434,-1.1544985890675277,,,,,,0.02537127397954464
sub-01__jax_gpu,AMICA-Python (JAX-GPU),sub-01,435,-1.1545225313973841,,,,,,0.02534492500126362
sub-01__jax_gpu,AMICA-Python (JAX-GPU),sub-01,436,-1.1544955225996503,,,,,,0.02536826499272138
sub-01__jax_gpu,AMICA-Python (JAX-GPU),sub-01,437,-1.154479129243952,,,,,,0.025346915004774928
sub-01__jax_gpu,AMICA-Python (JAX-GPU),sub-01,438,-1.15447589396182,,,,,,0.025259874993935227
sub-01__jax_gpu,AMICA-Python (JAX-GPU),sub-01,439,-1.154472889370355,,,,,,0.025329974945634604
sub-01__jax_gpu,AMICA-Python (JAX-GPU),sub-01,440,-1.154469926553019,,,,,,0.025281914975494146
sub-01__jax_gpu,AMICA-Python (JAX-GPU),sub-01,441,-1.1544676969178536,,,,,,0.025297734886407852
sub-01__jax_gpu,AMICA-Python (JAX-GPU),sub-01,442,-1.1544720559610788,,,,,,0.025353764998726547
sub-01__jax_gpu,AMICA-Python (JAX-GPU),sub-01,443,-1.1544959149874658,,,,,,0.025416753953322768
sub-01__jax_gpu,AMICA-Python (JAX-GPU),sub-01,444,-1.1544692762303113,,,,,,0.025314455037005246
sub-01__jax_gpu,AMICA-Python (JAX-GPU),sub-01,445,-1.1544531128497906,,,,,,0.025379384984262288
sub-01__jax_gpu,AMICA-Python (JAX-GPU),sub-01,446,-1.1544500329149252,,,,,,0.02529442508239299
sub-01__jax_gpu,AMICA-Python (JAX-GPU),sub-01,447,-1.1544471515567833,,,,,,0.025260534952394664
sub-01__jax_gpu,AMICA-Python (JAX-GPU),sub-01,448,-1.1544443093492422,,,,,,0.02532608504407108
sub-01__jax_gpu,AMICA-Python (JAX-GPU),sub-01,449,-1.1544421758914527,,,,,,0.025377554935403168
sub-01__jax_gpu,AMICA-Python (JAX-GPU),sub-01,450,-1.1544463303425563,,,,,,0.025307225063443184
sub-01__jax_gpu,AMICA-Python (JAX-GPU),sub-01,451,-1.1544693194406208,,,,,,0.025310065015219152
sub-01__jax_gpu,AMICA-Python (JAX-GPU),sub-01,452,-1.1544442085499098,,,,,,0.025348684983327985
sub-01__jax_gpu,AMICA-Python (JAX-GPU),sub-01,453,-1.1544281455697956,,,,,,0.025278326007537544
sub-01__jax_gpu,AMICA-Python (JAX-GPU),sub-01,454,-1.1544251430466965,,,,,,0.025313545018434525
sub-01__jax_gpu,AMICA-Python (JAX-GPU),sub-01,455,-1.1544223390959416,,,,,,0.025342034990899265
sub-01__jax_gpu,AMICA-Python (JAX-GPU),sub-01,456,-1.1544195835600326,,,,,,0.02531197597272694
sub-01__jax_gpu,AMICA-Python (JAX-GPU),sub-01,457,-1.154417596882265,,,,,,0.02531129599083215
sub-01__jax_gpu,AMICA-Python (JAX-GPU),sub-01,458,-1.1544220396836666,,,,,,0.025300135952420533
sub-01__jax_gpu,AMICA-Python (JAX-GPU),sub-01,459,-1.1544453988210197,,,,,,0.025324083981104195
sub-01__jax_gpu,AMICA-Python (JAX-GPU),sub-01,460,-1.1544196764798855,,,,,,0.025298306019976735
sub-01__jax_gpu,AMICA-Python (JAX-GPU),sub-01,461,-1.1544037471967636,,,,,,0.025350605021230876
sub-01__jax_gpu,AMICA-Python (JAX-GPU),sub-01,462,-1.154400813965696,,,,,,0.0253223649924621
sub-01__jax_gpu,AMICA-Python (JAX-GPU),sub-01,463,-1.154398103147885,,,,,,0.025306775001809
sub-01__jax_gpu,AMICA-Python (JAX-GPU),sub-01,464,-1.154395441193155,,,,,,0.025293354992754757
sub-01__jax_gpu,AMICA-Python (JAX-GPU),sub-01,465,-1.1543935990719938,,,,,,0.02527642494533211
sub-01__jax_gpu,AMICA-Python (JAX-GPU),sub-01,466,-1.1543981284206124,,,,,,0.025322795961983502
sub-01__jax_gpu,AMICA-Python (JAX-GPU),sub-01,467,-1.1544215244308769,,,,,,0.02527452597860247
sub-01__jax_gpu,AMICA-Python (JAX-GPU),sub-01,468,-1.1543958669417702,,,,,,0.025258864974603057
sub-01__jax_gpu,AMICA-Python (JAX-GPU),sub-01,469,-1.1543801362815205,,,,,,0.025362215004861355
sub-01__jax_gpu,AMICA-Python (JAX-GPU),sub-01,470,-1.1543772588955492,,,,,,0.02529018500354141
sub-01__jax_gpu,AMICA-Python (JAX-GPU),sub-01,471,-1.1543746090242637,,,,,,0.02528125501703471
sub-01__jax_gpu,AMICA-Python (JAX-GPU),sub-01,472,-1.1543719771944319,,,,,,0.025343604967929423
sub-01__jax_gpu,AMICA-Python (JAX-GPU),sub-01,473,-1.1543700367085106,,,,,,0.02540984400548041
sub-01__jax_gpu,AMICA-Python (JAX-GPU),sub-01,474,-1.154373979520157,,,,,,0.025305825052782893
sub-01__jax_gpu,AMICA-Python (JAX-GPU),sub-01,475,-1.1543957031415502,,,,,,0.0253026649588719
sub-01__jax_gpu,AMICA-Python (JAX-GPU),sub-01,476,-1.1543723937277903,,,,,,0.025401175022125244
sub-01__jax_gpu,AMICA-Python (JAX-GPU),sub-01,477,-1.1543570154591878,,,,,,0.0253300549229607
sub-01__jax_gpu,AMICA-Python (JAX-GPU),sub-01,478,-1.15435416836908,,,,,,0.025326755014248192
sub-01__jax_gpu,AMICA-Python (JAX-GPU),sub-01,479,-1.1543515410739553,,,,,,0.025317155988886952
sub-01__jax_gpu,AMICA-Python (JAX-GPU),sub-01,480,-1.1543489161028497,,,,,,0.025293326005339622
sub-01__jax_gpu,AMICA-Python (JAX-GPU),sub-01,481,-1.1543469890578153,,,,,,0.025259985006414354
sub-01__jax_gpu,AMICA-Python (JAX-GPU),sub-01,482,-1.1543507806093494,,,,,,0.025336984894238412
sub-01__jax_gpu,AMICA-Python (JAX-GPU),sub-01,483,-1.1543721780895084,,,,,,0.02528060507029295
sub-01__jax_gpu,AMICA-Python (JAX-GPU),sub-01,484,-1.1543492634940178,,,,,,0.025328084942884743
sub-01__jax_gpu,AMICA-Python (JAX-GPU),sub-01,485,-1.1543340834779534,,,,,,0.025315974955447018
sub-01__jax_gpu,AMICA-Python (JAX-GPU),sub-01,486,-1.1543312740209344,,,,,,0.025438864016905427
sub-01__jax_gpu,AMICA-Python (JAX-GPU),sub-01,487,-1.1543286684324354,,,,,,0.025235266075469553
sub-01__jax_gpu,AMICA-Python (JAX-GPU),sub-01,488,-1.15432611814146,,,,,,0.025272976025007665
sub-01__jax_gpu,AMICA-Python (JAX-GPU),sub-01,489,-1.1543242908104865,,,,,,0.025281655020080507
sub-01__jax_gpu,AMICA-Python (JAX-GPU),sub-01,490,-1.1543282314705285,,,,,,0.025248644989915192
sub-01__jax_gpu,AMICA-Python (JAX-GPU),sub-01,491,-1.1543497444861812,,,,,,0.025281526031903923
sub-01__jax_gpu,AMICA-Python (JAX-GPU),sub-01,492,-1.1543265848443625,,,,,,0.02524743601679802
sub-01__jax_gpu,AMICA-Python (JAX-GPU),sub-01,493,-1.1543115441676792,,,,,,0.025294934981502593
sub-01__jax_gpu,AMICA-Python (JAX-GPU),sub-01,494,-1.1543087275515167,,,,,,0.025218224967829883
sub-01__jax_gpu,AMICA-Python (JAX-GPU),sub-01,495,-1.1543061055817594,,,,,,0.02527002606075257
sub-01__jax_gpu,AMICA-Python (JAX-GPU),sub-01,496,-1.1543034639541008,,,,,,0.025306244962848723
sub-01__jax_gpu,AMICA-Python (JAX-GPU),sub-01,497,-1.1543013190192764,,,,,,0.02516293595544994
sub-01__jax_gpu,AMICA-Python (JAX-GPU),sub-01,498,-1.1543042486200406,,,,,,0.025214264984242618
sub-01__jax_gpu,AMICA-Python (JAX-GPU),sub-01,499,-1.1543230235169424,,,,,,0.0252318560378626
sub-01__jax_gpu,AMICA-Python (JAX-GPU),sub-01,500,-1.1543034912214534,,,,,,0.02511550602503121
sub-01__jax_gpu,AMICA-Python (JAX-GPU),sub-01,501,-1.1542888927073836,,,,,,0.025264124968089163
sub-01__jax_gpu,AMICA-Python (JAX-GPU),sub-01,502,-1.154286092317536,,,,,,0.025253246072679758
sub-01__jax_gpu,AMICA-Python (JAX-GPU),sub-01,503,-1.1542834420759072,,,,,,0.025319535052403808
sub-01__jax_gpu,AMICA-Python (JAX-GPU),sub-01,504,-1.1542807897683756,,,,,,0.025177826057188213
sub-01__jax_gpu,AMICA-Python (JAX-GPU),sub-01,505,-1.154278673038278,,,,,,0.025264765019528568
sub-01__jax_gpu,AMICA-Python (JAX-GPU),sub-01,506,-1.154281965855873,,,,,,0.025277815060690045
sub-01__jax_gpu,AMICA-Python (JAX-GPU),sub-01,507,-1.1543013188215652,,,,,,0.025158266071230173
sub-01__jax_gpu,AMICA-Python (JAX-GPU),sub-01,508,-1.1542804860868445,,,,,,0.025191565975546837
sub-01__jax_gpu,AMICA-Python (JAX-GPU),sub-01,509,-1.1542658715773646,,,,,,0.02534584398381412
sub-01__jax_gpu,AMICA-Python (JAX-GPU),sub-01,510,-1.1542630073685416,,,,,,0.025224755983799696
sub-01__jax_gpu,AMICA-Python (JAX-GPU),sub-01,511,-1.1542602936034743,,,,,,0.025309105054475367
sub-01__jax_gpu,AMICA-Python (JAX-GPU),sub-01,512,-1.1542575203019454,,,,,,0.025258644949644804
sub-01__jax_gpu,AMICA-Python (JAX-GPU),sub-01,513,-1.1542552101337002,,,,,,0.025200546020641923
sub-01__jax_gpu,AMICA-Python (JAX-GPU),sub-01,514,-1.1542579276931817,,,,,,0.02511944598518312
sub-01__jax_gpu,AMICA-Python (JAX-GPU),sub-01,515,-1.154275826344566,,,,,,0.02535365498624742
sub-01__jax_gpu,AMICA-Python (JAX-GPU),sub-01,516,-1.1542565698528615,,,,,,0.025218814960680902
sub-01__jax_gpu,AMICA-Python (JAX-GPU),sub-01,517,-1.1542420366421646,,,,,,0.025223265984095633
sub-01__jax_gpu,AMICA-Python (JAX-GPU),sub-01,518,-1.154239050535269,,,,,,0.025244274991564453
sub-01__jax_gpu,AMICA-Python (JAX-GPU),sub-01,519,-1.1542361310983078,,,,,,0.02522035490255803
sub-01__jax_gpu,AMICA-Python (JAX-GPU),sub-01,520,-1.1542331535231298,,,,,,0.025190726038999856
sub-01__jax_gpu,AMICA-Python (JAX-GPU),sub-01,521,-1.1542305548099685,,,,,,0.02523646503686905
sub-01__jax_gpu,AMICA-Python (JAX-GPU),sub-01,522,-1.1542323390291043,,,,,,0.025264436029829085
sub-01__jax_gpu,AMICA-Python (JAX-GPU),sub-01,523,-1.154247850366086,,,,,,0.025235026027075946
sub-01__jax_gpu,AMICA-Python (JAX-GPU),sub-01,524,-1.154230721478927,,,,,,0.025279044988565147
sub-01__jax_gpu,AMICA-Python (JAX-GPU),sub-01,525,-1.1542164524146887,,,,,,0.02523407607804984
sub-01__jax_gpu,AMICA-Python (JAX-GPU),sub-01,526,-1.1542131559537299,,,,,,0.025259795016609132
sub-01__jax_gpu,AMICA-Python (JAX-GPU),sub-01,527,-1.1542098859706214,,,,,,0.025241794995963573
sub-01__jax_gpu,AMICA-Python (JAX-GPU),sub-01,528,-1.1542065056346893,,,,,,0.025229715975001454
sub-01__jax_gpu,AMICA-Python (JAX-GPU),sub-01,529,-1.1542033611957123,,,,,,0.025188416009768844
sub-01__jax_gpu,AMICA-Python (JAX-GPU),sub-01,530,-1.1542040408531058,,,,,,0.025154416100122035
sub-01__jax_gpu,AMICA-Python (JAX-GPU),sub-01,531,-1.1542175201729112,,,,,,0.025252124993130565
sub-01__jax_gpu,AMICA-Python (JAX-GPU),sub-01,532,-1.1542019788550362,,,,,,0.025397425051778555
sub-01__jax_gpu,AMICA-Python (JAX-GPU),sub-01,533,-1.154187518176625,,,,,,0.02523054589983076
sub-01__jax_gpu,AMICA-Python (JAX-GPU),sub-01,534,-1.1541836771131975,,,,,,0.025272335042245686
sub-01__jax_gpu,AMICA-Python (JAX-GPU),sub-01,535,-1.1541797942265037,,,,,,0.025330325006507337
sub-01__jax_gpu,AMICA-Python (JAX-GPU),sub-01,536,-1.1541757315291838,,,,,,0.02526039502117783
sub-01__jax_gpu,AMICA-Python (JAX-GPU),sub-01,537,-1.1541718636108722,,,,,,0.025258306064642966
sub-01__jax_gpu,AMICA-Python (JAX-GPU),sub-01,538,-1.1541715374106878,,,,,,0.025191384949721396
sub-01__jax_gpu,AMICA-Python (JAX-GPU),sub-01,539,-1.1541834827055408,,,,,,0.025280575966462493
sub-01__jax_gpu,AMICA-Python (JAX-GPU),sub-01,540,-1.1542210751174216,,,,,,0.025387104018591344
sub-01__jax_gpu,AMICA-Python (JAX-GPU),sub-01,541,-1.1541690637665842,,,,,,0.025176516035571694
sub-01__jax_gpu,AMICA-Python (JAX-GPU),sub-01,542,-1.1541496570276069,,,,,,0.02523371495772153
sub-01__jax_gpu,AMICA-Python (JAX-GPU),sub-01,543,-1.1541430378251212,,,,,,0.02519888593815267
sub-01__jax_gpu,AMICA-Python (JAX-GPU),sub-01,544,-1.1541374461394718,,,,,,0.025185826001688838
sub-01__jax_gpu,AMICA-Python (JAX-GPU),sub-01,545,-1.1541317238856972,,,,,,0.025257274974137545
sub-01__jax_gpu,AMICA-Python (JAX-GPU),sub-01,546,-1.154125808116595,,,,,,0.025235545937903225
sub-01__jax_gpu,AMICA-Python (JAX-GPU),sub-01,547,-1.154120790245078,,,,,,0.025278765009716153
sub-01__jax_gpu,AMICA-Python (JAX-GPU),sub-01,548,-1.1541251317770818,,,,,,0.025264385039918125
sub-01__jax_gpu,AMICA-Python (JAX-GPU),sub-01,549,-1.154144224110311,,,,,,0.025323674897663295
sub-01__jax_gpu,AMICA-Python (JAX-GPU),sub-01,550,-1.1541089060651708,,,,,,0.02534038503654301
sub-01__jax_gpu,AMICA-Python (JAX-GPU),sub-01,551,-1.1540915957127746,,,,,,0.02537158492486924
sub-01__jax_gpu,AMICA-Python (JAX-GPU),sub-01,552,-1.1540839797141185,,,,,,0.025378364021889865
sub-01__jax_gpu,AMICA-Python (JAX-GPU),sub-01,553,-1.1540758865089917,,,,,,0.02539717499166727
sub-01__jax_gpu,AMICA-Python (JAX-GPU),sub-01,554,-1.154067125997835,,,,,,0.025319505017250776
sub-01__jax_gpu,AMICA-Python (JAX-GPU),sub-01,555,-1.1540579273117118,,,,,,0.025401544058695436
sub-01__jax_gpu,AMICA-Python (JAX-GPU),sub-01,556,-1.1540504358589747,,,,,,0.025274874991737306
sub-01__jax_gpu,AMICA-Python (JAX-GPU),sub-01,557,-1.1540507586982556,,,,,,0.025343314977362752
sub-01__jax_gpu,AMICA-Python (JAX-GPU),sub-01,558,-1.1540685216842081,,,,,,0.025291214929893613
sub-01__jax_gpu,AMICA-Python (JAX-GPU),sub-01,559,-1.1540235065649596,,,,,,0.025332064949907362
sub-01__jax_gpu,AMICA-Python (JAX-GPU),sub-01,560,-1.1540035359615115,,,,,,0.025252396007999778
sub-01__jax_gpu,AMICA-Python (JAX-GPU),sub-01,561,-1.1539900494288053,,,,,,0.025380025035701692
sub-01__jax_gpu,AMICA-Python (JAX-GPU),sub-01,562,-1.1539762892572945,,,,,,0.02531294501386583
sub-01__jax_gpu,AMICA-Python (JAX-GPU),sub-01,563,-1.1539615143273987,,,,,,0.025336134945973754
sub-01__jax_gpu,AMICA-Python (JAX-GPU),sub-01,564,-1.1539456493111235,,,,,,0.02533513493835926
sub-01__jax_gpu,AMICA-Python (JAX-GPU),sub-01,565,-1.1539290804979379,,,,,,0.025355014018714428
sub-01__jax_gpu,AMICA-Python (JAX-GPU),sub-01,566,-1.1539141097011694,,,,,,0.02529616595711559
sub-01__jax_gpu,AMICA-Python (JAX-GPU),sub-01,567,-1.1539033168411204,,,,,,0.025414743926376104
sub-01__jax_gpu,AMICA-Python (JAX-GPU),sub-01,568,-1.1538992183178882,,,,,,0.025398213998414576
sub-01__jax_gpu,AMICA-Python (JAX-GPU),sub-01,569,-1.1538921892083698,,,,,,0.025298156077042222
sub-01__jax_gpu,AMICA-Python (JAX-GPU),sub-01,570,-1.153880748959567,,,,,,0.025256845983676612
sub-01__jax_gpu,AMICA-Python (JAX-GPU),sub-01,571,-1.1538634649026374,,,,,,0.02536138508003205
sub-01__jax_gpu,AMICA-Python (JAX-GPU),sub-01,572,-1.1538418855027774,,,,,,0.02518468606285751
sub-01__jax_gpu,AMICA-Python (JAX-GPU),sub-01,573,-1.1538174465212652,,,,,,0.02535505499690771
sub-01__jax_gpu,AMICA-Python (JAX-GPU),sub-01,574,-1.153797441119579,,,,,,0.02521949599031359
sub-01__jax_gpu,AMICA-Python (JAX-GPU),sub-01,575,-1.1537715866639675,,,,,,0.025234535103663802
sub-01__jax_gpu,AMICA-Python (JAX-GPU),sub-01,576,-1.153755368762406,,,,,,0.025199166033416986
sub-01__jax_gpu,AMICA-Python (JAX-GPU),sub-01,577,-1.1537319224914382,,,,,,0.025235465029254556
sub-01__jax_gpu,AMICA-Python (JAX-GPU),sub-01,578,-1.1537178129811123,,,,,,0.025355765013955534
sub-01__jax_gpu,AMICA-Python (JAX-GPU),sub-01,579,-1.1536990565555785,,,,,,0.025304355076514184
sub-01__jax_gpu,AMICA-Python (JAX-GPU),sub-01,580,-1.153687140329389,,,,,,0.025268945028074086
sub-01__jax_gpu,AMICA-Python (JAX-GPU),sub-01,581,-1.153673485472353,,,,,,0.025261805043555796
sub-01__jax_gpu,AMICA-Python (JAX-GPU),sub-01,582,-1.1536636861632257,,,,,,0.025173146044835448
sub-01__jax_gpu,AMICA-Python (JAX-GPU),sub-01,583,-1.1536543732508528,,,,,,0.02524113596882671
sub-01__jax_gpu,AMICA-Python (JAX-GPU),sub-01,584,-1.153646737259901,,,,,,0.02525080507621169
sub-01__jax_gpu,AMICA-Python (JAX-GPU),sub-01,585,-1.1536394733987447,,,,,,0.025242525967769325
sub-01__jax_gpu,AMICA-Python (JAX-GPU),sub-01,586,-1.153633626117774,,,,,,0.025222565047442913
sub-01__jax_gpu,AMICA-Python (JAX-GPU),sub-01,587,-1.1536283088497508,,,,,,0.025206956081092358
sub-01__jax_gpu,AMICA-Python (JAX-GPU),sub-01,588,-1.1536237607015758,,,,,,0.02525198506191373
sub-01__jax_gpu,AMICA-Python (JAX-GPU),sub-01,589,-1.153619486046797,,,,,,0.025160965975373983
sub-01__jax_gpu,AMICA-Python (JAX-GPU),sub-01,590,-1.1536158310352522,,,,,,0.02534400497097522
sub-01__jax_gpu,AMICA-Python (JAX-GPU),sub-01,591,-1.1536123429715244,,,,,,0.025308644981123507
sub-01__jax_gpu,AMICA-Python (JAX-GPU),sub-01,592,-1.1536092462870884,,,,,,0.02530569490045309
sub-01__jax_gpu,AMICA-Python (JAX-GPU),sub-01,593,-1.1536063750424674,,,,,,0.025237135007046163
sub-01__jax_gpu,AMICA-Python (JAX-GPU),sub-01,594,-1.153603697909544,,,,,,0.025304705020971596
sub-01__jax_gpu,AMICA-Python (JAX-GPU),sub-01,595,-1.1536011766069352,,,,,,0.025246385019272566
sub-01__jax_gpu,AMICA-Python (JAX-GPU),sub-01,596,-1.153598770751427,,,,,,0.025327324983663857
sub-01__jax_gpu,AMICA-Python (JAX-GPU),sub-01,597,-1.1535965143264133,,,,,,0.025267504970543087
sub-01__jax_gpu,AMICA-Python (JAX-GPU),sub-01,598,-1.1535943085538836,,,,,,0.02526472497265786
sub-01__jax_gpu,AMICA-Python (JAX-GPU),sub-01,599,-1.153592134064781,,,,,,0.02523399598430842
sub-01__jax_gpu,AMICA-Python (JAX-GPU),sub-01,600,-1.153590029601884,,,,,,0.025428734021261334
sub-01__jax_gpu,AMICA-Python (JAX-GPU),sub-01,601,-1.1535879467001675,,,,,,0.02520495606586337
sub-01__jax_gpu,AMICA-Python (JAX-GPU),sub-01,602,-1.153585939450729,,,,,,0.025280354893766344
sub-01__jax_gpu,AMICA-Python (JAX-GPU),sub-01,603,-1.1535839584702756,,,,,,0.02530416497029364
sub-01__jax_gpu,AMICA-Python (JAX-GPU),sub-01,604,-1.15358198423625,,,,,,0.0253568550106138
sub-01__jax_gpu,AMICA-Python (JAX-GPU),sub-01,605,-1.1535800439282367,,,,,,0.025445724022574723
sub-01__jax_gpu,AMICA-Python (JAX-GPU),sub-01,606,-1.15357813632357,,,,,,0.02530867501627654
sub-01__jax_gpu,AMICA-Python (JAX-GPU),sub-01,607,-1.153576232296305,,,,,,0.02524663507938385
sub-01__jax_gpu,AMICA-Python (JAX-GPU),sub-01,608,-1.153574380697405,,,,,,0.02536082500591874
sub-01__jax_gpu,AMICA-Python (JAX-GPU),sub-01,609,-1.1535724788314459,,,,,,0.02529494499322027
sub-01__jax_gpu,AMICA-Python (JAX-GPU),sub-01,610,-1.1535705941201275,,,,,,0.025252684950828552
sub-01__jax_gpu,AMICA-Python (JAX-GPU),sub-01,611,-1.153568695341443,,,,,,0.025331884971819818
sub-01__jax_gpu,AMICA-Python (JAX-GPU),sub-01,612,-1.1535668290686008,,,,,,0.025380814913660288
sub-01__jax_gpu,AMICA-Python (JAX-GPU),sub-01,613,-1.1535649522164535,,,,,,0.025375694036483765
sub-01__jax_gpu,AMICA-Python (JAX-GPU),sub-01,614,-1.1535630894245157,,,,,,0.025325714028440416
sub-01__jax_gpu,AMICA-Python (JAX-GPU),sub-01,615,-1.1535612509378028,,,,,,0.025360945030115545
sub-01__jax_gpu,AMICA-Python (JAX-GPU),sub-01,616,-1.1535594351912657,,,,,,0.025272764964029193
sub-01__jax_gpu,AMICA-Python (JAX-GPU),sub-01,617,-1.1535575829147675,,,,,,0.025269855046644807
sub-01__jax_gpu,AMICA-Python (JAX-GPU),sub-01,618,-1.1535557421553289,,,,,,0.02536068402696401
sub-01__jax_gpu,AMICA-Python (JAX-GPU),sub-01,619,-1.1535538852382519,,,,,,0.025416044984012842
sub-01__jax_gpu,AMICA-Python (JAX-GPU),sub-01,620,-1.153552143249351,,,,,,0.025310204946435988
sub-01__jax_gpu,AMICA-Python (JAX-GPU),sub-01,621,-1.153550321081728,,,,,,0.025336444028653204
sub-01__jax_gpu,AMICA-Python (JAX-GPU),sub-01,622,-1.1535485026365082,,,,,,0.025308493990451097
sub-01__jax_gpu,AMICA-Python (JAX-GPU),sub-01,623,-1.1535467628112652,,,,,,0.02531197597272694
sub-01__jax_gpu,AMICA-Python (JAX-GPU),sub-01,624,-1.1535449645898717,,,,,,0.02530957607086748
sub-01__jax_gpu,AMICA-Python (JAX-GPU),sub-01,625,-1.1535432201442422,,,,,,0.02537847508210689
sub-01__jax_gpu,AMICA-Python (JAX-GPU),sub-01,626,-1.1535414437974651,,,,,,0.02528738498222083
sub-01__jax_gpu,AMICA-Python (JAX-GPU),sub-01,627,-1.1535396829722826,,,,,,0.025304634938947856
sub-01__jax_gpu,AMICA-Python (JAX-GPU),sub-01,628,-1.1535378851376532,,,,,,0.025420384015887976
sub-01__jax_gpu,AMICA-Python (JAX-GPU),sub-01,629,-1.1535361240405742,,,,,,0.02530335495248437
sub-01__jax_gpu,AMICA-Python (JAX-GPU),sub-01,630,-1.1535343731512582,,,,,,0.02529410505667329
sub-01__jax_gpu,AMICA-Python (JAX-GPU),sub-01,631,-1.153532671058056,,,,,,0.025572093087248504
sub-01__jax_gpu,AMICA-Python (JAX-GPU),sub-01,632,-1.153530906142349,,,,,,0.02528164500836283
sub-01__jax_gpu,AMICA-Python (JAX-GPU),sub-01,633,-1.1535291178874718,,,,,,0.025322285015136003
sub-01__jax_gpu,AMICA-Python (JAX-GPU),sub-01,634,-1.1535274434610092,,,,,,0.025330945034511387
sub-01__jax_gpu,AMICA-Python (JAX-GPU),sub-01,635,-1.1535257855373038,,,,,,0.02533227507956326
sub-01__jax_gpu,AMICA-Python (JAX-GPU),sub-01,636,-1.153524101011894,,,,,,0.025359995081089437
sub-01__jax_gpu,AMICA-Python (JAX-GPU),sub-01,637,-1.15352241177217,,,,,,0.025263215065933764
sub-01__jax_gpu,AMICA-Python (JAX-GPU),sub-01,638,-1.1535207301863606,,,,,,0.025269335019402206
sub-01__jax_gpu,AMICA-Python (JAX-GPU),sub-01,639,-1.1535191690437834,,,,,,0.0253255550051108
sub-01__jax_gpu,AMICA-Python (JAX-GPU),sub-01,640,-1.1535174566298685,,,,,,0.02526778494939208
sub-01__jax_gpu,AMICA-Python (JAX-GPU),sub-01,641,-1.1535158000406387,,,,,,0.025405214983038604
sub-01__jax_gpu,AMICA-Python (JAX-GPU),sub-01,642,-1.1535141579875619,,,,,,0.025439083925448358
sub-01__jax_gpu,AMICA-Python (JAX-GPU),sub-01,643,-1.1535125764280694,,,,,,0.02535404497757554
sub-01__jax_gpu,AMICA-Python (JAX-GPU),sub-01,644,-1.153510953404464,,,,,,0.025291375000961125
sub-01__jax_gpu,AMICA-Python (JAX-GPU),sub-01,645,-1.153509411525982,,,,,,0.02537965402007103
sub-01__jax_gpu,AMICA-Python (JAX-GPU),sub-01,646,-1.1535077683155912,,,,,,0.025221014977432787
sub-01__jax_gpu,AMICA-Python (JAX-GPU),sub-01,647,-1.1535061598088776,,,,,,0.025302615016698837
sub-01__jax_gpu,AMICA-Python (JAX-GPU),sub-01,648,-1.1535045571984424,,,,,,0.02536590490490198
sub-01__jax_gpu,AMICA-Python (JAX-GPU),sub-01,649,-1.1535030448902763,,,,,,0.025341704953461885
sub-01__jax_gpu,AMICA-Python (JAX-GPU),sub-01,650,-1.1535014988095467,,,,,,0.02530137507710606
sub-01__jax_gpu,AMICA-Python (JAX-GPU),sub-01,651,-1.1534999036219278,,,,,,0.025353144039399922
sub-01__jax_gpu,AMICA-Python (JAX-GPU),sub-01,652,-1.1534983618874282,,,,,,0.02538029500283301
sub-01__jax_gpu,AMICA-Python (JAX-GPU),sub-01,653,-1.1534967660743436,,,,,,0.025306174997240305
sub-01__jax_gpu,AMICA-Python (JAX-GPU),sub-01,654,-1.153495257895749,,,,,,0.02531551499851048
sub-01__jax_gpu,AMICA-Python (JAX-GPU),sub-01,655,-1.1534937540509593,,,,,,0.025446054060012102
sub-01__jax_gpu,AMICA-Python (JAX-GPU),sub-01,656,-1.1534922411320119,,,,,,0.025245415046811104
sub-01__jax_gpu,AMICA-Python (JAX-GPU),sub-01,657,-1.153490725340416,,,,,,0.025362914078868926
sub-01__jax_gpu,AMICA-Python (JAX-GPU),sub-01,658,-1.153489200826249,,,,,,0.02535845502279699
sub-01__jax_gpu,AMICA-Python (JAX-GPU),sub-01,659,-1.1534877601742213,,,,,,0.025312404963187873
sub-01__jax_gpu,AMICA-Python (JAX-GPU),sub-01,660,-1.153486289043651,,,,,,0.025345754926092923
sub-01__jax_gpu,AMICA-Python (JAX-GPU),sub-01,661,-1.1534848936888464,,,,,,0.025346954935230315
sub-01__jax_gpu,AMICA-Python (JAX-GPU),sub-01,662,-1.1534835793985707,,,,,,0.025328194024041295
sub-01__jax_gpu,AMICA-Python (JAX-GPU),sub-01,663,-1.1534821036078233,,,,,,0.025318374042399228
sub-01__jax_gpu,AMICA-Python (JAX-GPU),sub-01,664,-1.1534806497613852,,,,,,0.02526513603515923
sub-01__jax_gpu,AMICA-Python (JAX-GPU),sub-01,665,-1.1534792098908986,,,,,,0.025324995047412813
sub-01__jax_gpu,AMICA-Python (JAX-GPU),sub-01,666,-1.1534779350541582,,,,,,0.025352844037115574
sub-01__jax_gpu,AMICA-Python (JAX-GPU),sub-01,667,-1.1534765461574077,,,,,,0.025389374932274222
sub-01__jax_gpu,AMICA-Python (JAX-GPU),sub-01,668,-1.1534751716603833,,,,,,0.025330304983071983
sub-01__jax_gpu,AMICA-Python (JAX-GPU),sub-01,669,-1.153473842970129,,,,,,0.025280815083533525
sub-01__jax_gpu,AMICA-Python (JAX-GPU),sub-01,670,-1.1534725562869343,,,,,,0.025271224905736744
sub-01__jax_gpu,AMICA-Python (JAX-GPU),sub-01,671,-1.1534713385244963,,,,,,0.025337735074572265
sub-01__jax_gpu,AMICA-Python (JAX-GPU),sub-01,672,-1.153470139220907,,,,,,0.025415493990294635
sub-01__jax_gpu,AMICA-Python (JAX-GPU),sub-01,673,-1.1534689783798557,,,,,,0.025374155025929213
sub-01__jax_gpu,AMICA-Python (JAX-GPU),sub-01,674,-1.1534676553876992,,,,,,0.025389695074409246
sub-01__jax_gpu,AMICA-Python (JAX-GPU),sub-01,675,-1.1534663573350212,,,,,,0.02533105597831309
sub-01__jax_gpu,AMICA-Python (JAX-GPU),sub-01,676,-1.1534652405024375,,,,,,0.025343943969346583
sub-01__jax_gpu,AMICA-Python (JAX-GPU),sub-01,677,-1.1534640483198586,,,,,,0.025328435003757477
sub-01__jax_gpu,AMICA-Python (JAX-GPU),sub-01,678,-1.153462736485642,,,,,,0.025392994983121753
sub-01__jax_gpu,AMICA-Python (JAX-GPU),sub-01,679,-1.1534614410583137,,,,,,0.025282804970629513
sub-01__jax_gpu,AMICA-Python (JAX-GPU),sub-01,680,-1.1534601855129705,,,,,,0.0253214449621737
sub-01__jax_gpu,AMICA-Python (JAX-GPU),sub-01,681,-1.1534589328396951,,,,,,0.02533634507562965
sub-01__jax_gpu,AMICA-Python (JAX-GPU),sub-01,682,-1.1534576889866854,,,,,,0.025364944012835622
sub-01__jax_gpu,AMICA-Python (JAX-GPU),sub-01,683,-1.153456558623233,,,,,,0.025347545044496655
sub-01__jax_gpu,AMICA-Python (JAX-GPU),sub-01,684,-1.1534554589284876,,,,,,0.02539215493015945
sub-01__jax_gpu,AMICA-Python (JAX-GPU),sub-01,685,-1.1534543652404634,,,,,,0.025365925044752657
sub-01__jax_gpu,AMICA-Python (JAX-GPU),sub-01,686,-1.1534532315926682,,,,,,0.025306094903498888
sub-01__jax_gpu,AMICA-Python (JAX-GPU),sub-01,687,-1.1534521297985603,,,,,,0.02542599500156939
sub-01__jax_gpu,AMICA-Python (JAX-GPU),sub-01,688,-1.1534509895400997,,,,,,0.025370625080540776
sub-01__jax_gpu,AMICA-Python (JAX-GPU),sub-01,689,-1.153449985429619,,,,,,0.02534964494407177
sub-01__jax_gpu,AMICA-Python (JAX-GPU),sub-01,690,-1.1534488945296393,,,,,,0.02526420506183058
sub-01__jax_gpu,AMICA-Python (JAX-GPU),sub-01,691,-1.1534477755216934,,,,,,0.025362144922837615
sub-01__jax_gpu,AMICA-Python (JAX-GPU),sub-01,692,-1.153446692531652,,,,,,0.025345674948766828
sub-01__jax_gpu,AMICA-Python (JAX-GPU),sub-01,693,-1.1534455957623702,,,,,,0.02530830493196845
sub-01__jax_gpu,AMICA-Python (JAX-GPU),sub-01,694,-1.1534445409113419,,,,,,0.025312534999102354
sub-01__jax_gpu,AMICA-Python (JAX-GPU),sub-01,695,-1.1534435593566017,,,,,,0.02528887498192489
sub-01__jax_gpu,AMICA-Python (JAX-GPU),sub-01,696,-1.1534425012916647,,,,,,0.025305345072411
sub-01__jax_gpu,AMICA-Python (JAX-GPU),sub-01,697,-1.1534414965450015,,,,,,0.02537498506717384
sub-01__jax_gpu,AMICA-Python (JAX-GPU),sub-01,698,-1.1534404695925005,,,,,,0.025430724024772644
sub-01__jax_gpu,AMICA-Python (JAX-GPU),sub-01,699,-1.153439461619327,,,,,,0.025341274915263057
sub-01__jax_gpu,AMICA-Python (JAX-GPU),sub-01,700,-1.153438544098694,,,,,,0.025333963916637003
sub-01__jax_gpu,AMICA-Python (JAX-GPU),sub-01,701,-1.1534375639162076,,,,,,0.025450435001403093
sub-01__jax_gpu,AMICA-Python (JAX-GPU),sub-01,702,-1.1534365853832453,,,,,,0.025357304024510086
sub-01__jax_gpu,AMICA-Python (JAX-GPU),sub-01,703,-1.153435605951147,,,,,,0.02550496405456215
sub-01__jax_gpu,AMICA-Python (JAX-GPU),sub-01,704,-1.153434699274115,,,,,,0.02532812498975545
sub-01__jax_gpu,AMICA-Python (JAX-GPU),sub-01,705,-1.1534337783856046,,,,,,0.025289325043559074
sub-01__jax_gpu,AMICA-Python (JAX-GPU),sub-01,706,-1.1534328930034423,,,,,,0.025260464986786246
sub-01__jax_gpu,AMICA-Python (JAX-GPU),sub-01,707,-1.1534319928548362,,,,,,0.025371075025759637
sub-01__jax_gpu,AMICA-Python (JAX-GPU),sub-01,708,-1.153431086452876,,,,,,0.025283685070462525
sub-01__jax_gpu,AMICA-Python (JAX-GPU),sub-01,709,-1.153430181748589,,,,,,0.02529400505591184
sub-01__jax_gpu,AMICA-Python (JAX-GPU),sub-01,710,-1.153429262841992,,,,,,0.02533647499512881
sub-01__jax_gpu,AMICA-Python (JAX-GPU),sub-01,711,-1.1534283551518296,,,,,,0.025413915049284697
sub-01__jax_gpu,AMICA-Python (JAX-GPU),sub-01,712,-1.1534274801918265,,,,,,0.02545496402308345
sub-01__jax_gpu,AMICA-Python (JAX-GPU),sub-01,713,-1.1534266194017138,,,,,,0.025330225005745888
sub-01__jax_gpu,AMICA-Python (JAX-GPU),sub-01,714,-1.1534257603564744,,,,,,0.025293885031715035
sub-01__jax_gpu,AMICA-Python (JAX-GPU),sub-01,715,-1.1534249334872326,,,,,,0.025289225042797625
sub-01__jax_gpu,AMICA-Python (JAX-GPU),sub-01,716,-1.153424099412178,,,,,,0.025380374980159104
sub-01__jax_gpu,AMICA-Python (JAX-GPU),sub-01,717,-1.1534232568470337,,,,,,0.025336494902148843
sub-01__jax_gpu,AMICA-Python (JAX-GPU),sub-01,718,-1.153422447419398,,,,,,0.025269486010074615
sub-01__jax_gpu,AMICA-Python (JAX-GPU),sub-01,719,-1.1534216301589428,,,,,,0.02534313395153731
sub-01__jax_gpu,AMICA-Python (JAX-GPU),sub-01,720,-1.153420814752551,,,,,,0.02533882507123053
sub-01__jax_gpu,AMICA-Python (JAX-GPU),sub-01,721,-1.1534200006078135,,,,,,0.02539111499208957
sub-01__jax_gpu,AMICA-Python (JAX-GPU),sub-01,722,-1.1534192259609157,,,,,,0.025384424021467566
sub-01__jax_gpu,AMICA-Python (JAX-GPU),sub-01,723,-1.1534184268255683,,,,,,0.025362474960274994
sub-01__jax_gpu,AMICA-Python (JAX-GPU),sub-01,724,-1.153417625885084,,,,,,0.02539236401207745
sub-01__jax_gpu,AMICA-Python (JAX-GPU),sub-01,725,-1.153416835315474,,,,,,0.025419105077162385
sub-01__jax_gpu,AMICA-Python (JAX-GPU),sub-01,726,-1.1534160602126162,,,,,,0.025356834987178445
sub-01__jax_gpu,AMICA-Python (JAX-GPU),sub-01,727,-1.1534152921237941,,,,,,0.02534539403859526
sub-01__jax_gpu,AMICA-Python (JAX-GPU),sub-01,728,-1.1534145243490206,,,,,,0.025358175043947995
sub-01__jax_gpu,AMICA-Python (JAX-GPU),sub-01,729,-1.1534137785082108,,,,,,0.025311875040642917
sub-01__jax_gpu,AMICA-Python (JAX-GPU),sub-01,730,-1.1534130211261249,,,,,,0.025417783996090293
sub-01__jax_gpu,AMICA-Python (JAX-GPU),sub-01,731,-1.1534122811199345,,,,,,0.025382464984431863
sub-01__jax_gpu,AMICA-Python (JAX-GPU),sub-01,732,-1.153411550162412,,,,,,0.025264285039156675
sub-01__jax_gpu,AMICA-Python (JAX-GPU),sub-01,733,-1.1534108326827797,,,,,,0.025287274969741702
sub-01__jax_gpu,AMICA-Python (JAX-GPU),sub-01,734,-1.1534101260587175,,,,,,0.02529527503065765
sub-01__jax_gpu,AMICA-Python (JAX-GPU),sub-01,735,-1.1534094178472587,,,,,,0.025368724018335342
sub-01__jax_gpu,AMICA-Python (JAX-GPU),sub-01,736,-1.1534087215238227,,,,,,0.02533618500456214
sub-01__jax_gpu,AMICA-Python (JAX-GPU),sub-01,737,-1.1534080250078733,,,,,,0.025382934953086078
sub-01__jax_gpu,AMICA-Python (JAX-GPU),sub-01,738,-1.1534073344388966,,,,,,0.025327873998321593
sub-01__jax_gpu,AMICA-Python (JAX-GPU),sub-01,739,-1.153406642485176,,,,,,0.02528568496927619
sub-01__jax_gpu,AMICA-Python (JAX-GPU),sub-01,740,-1.1534059554836769,,,,,,0.02532024506945163
sub-01__jax_gpu,AMICA-Python (JAX-GPU),sub-01,741,-1.1534052757484303,,,,,,0.025354373967275023
sub-01__jax_gpu,AMICA-Python (JAX-GPU),sub-01,742,-1.1534045995275584,,,,,,0.025421653990633786
sub-01__jax_gpu,AMICA-Python (JAX-GPU),sub-01,743,-1.153403930077287,,,,,,0.02542065503075719
sub-01__jax_gpu,AMICA-Python (JAX-GPU),sub-01,744,-1.1534032570805293,,,,,,0.025343015091493726
sub-01__jax_gpu,AMICA-Python (JAX-GPU),sub-01,745,-1.153402597070077,,,,,,0.025291754980571568
sub-01__jax_gpu,AMICA-Python (JAX-GPU),sub-01,746,-1.1534019415157537,,,,,,0.025327334995381534
sub-01__jax_gpu,AMICA-Python (JAX-GPU),sub-01,747,-1.153401284581129,,,,,,0.025381014100275934
sub-01__jax_gpu,AMICA-Python (JAX-GPU),sub-01,748,-1.1534006478859282,,,,,,0.02537159505300224
sub-01__jax_gpu,AMICA-Python (JAX-GPU),sub-01,749,-1.1534000124638588,,,,,,0.025366555084474385
sub-01__jax_gpu,AMICA-Python (JAX-GPU),sub-01,750,-1.1533993761944556,,,,,,0.025367274065501988
sub-01__jax_gpu,AMICA-Python (JAX-GPU),sub-01,751,-1.1533987424131187,,,,,,0.025362634914927185
sub-01__jax_gpu,AMICA-Python (JAX-GPU),sub-01,752,-1.1533981158703552,,,,,,0.02533993497490883
sub-01__jax_gpu,AMICA-Python (JAX-GPU),sub-01,753,-1.1533975010922215,,,,,,0.0255081239156425
sub-01__jax_gpu,AMICA-Python (JAX-GPU),sub-01,754,-1.153396889844095,,,,,,0.025427144020795822
sub-01__jax_gpu,AMICA-Python (JAX-GPU),sub-01,755,-1.1533962865395078,,,,,,0.02535548503510654
sub-01__jax_gpu,AMICA-Python (JAX-GPU),sub-01,756,-1.1533956859494348,,,,,,0.02534913399722427
sub-01__jax_gpu,AMICA-Python (JAX-GPU),sub-01,757,-1.1533950912866155,,,,,,0.025392375071533024
sub-01__jax_gpu,AMICA-Python (JAX-GPU),sub-01,758,-1.1533944985979145,,,,,,0.025360225001350045
sub-01__jax_gpu,AMICA-Python (JAX-GPU),sub-01,759,-1.153393916907094,,,,,,0.02533203491475433
sub-01__jax_gpu,AMICA-Python (JAX-GPU),sub-01,760,-1.1533933362622886,,,,,,0.025411905022338033
sub-01__jax_gpu,AMICA-Python (JAX-GPU),sub-01,761,-1.1533927614410528,,,,,,0.025433624046854675
sub-01__jax_gpu,AMICA-Python (JAX-GPU),sub-01,762,-1.1533921948490637,,,,,,0.025299774948507547
sub-01__jax_gpu,AMICA-Python (JAX-GPU),sub-01,763,-1.1533916312163899,,,,,,0.025443884078413248
sub-01__jax_gpu,AMICA-Python (JAX-GPU),sub-01,764,-1.15339107007383,,,,,,0.025361375068314373
sub-01__jax_gpu,AMICA-Python (JAX-GPU),sub-01,765,-1.1533905159029803,,,,,,0.025345335016027093
sub-01__jax_gpu,AMICA-Python (JAX-GPU),sub-01,766,-1.1533899711332987,,,,,,0.025302784983068705
sub-01__jax_gpu,AMICA-Python (JAX-GPU),sub-01,767,-1.153389424916744,,,,,,0.025424423976801336
sub-01__jax_gpu,AMICA-Python (JAX-GPU),sub-01,768,-1.153388878799346,,,,,,0.02527126600034535
sub-01__jax_gpu,AMICA-Python (JAX-GPU),sub-01,769,-1.1533883435204575,,,,,,0.02534012496471405
sub-01__jax_gpu,AMICA-Python (JAX-GPU),sub-01,770,-1.1533878081429694,,,,,,0.02534068503882736
sub-01__jax_gpu,AMICA-Python (JAX-GPU),sub-01,771,-1.1533872816731021,,,,,,0.025294704944826663
sub-01__jax_gpu,AMICA-Python (JAX-GPU),sub-01,772,-1.1533867561715736,,,,,,0.02530635497532785
sub-01__jax_gpu,AMICA-Python (JAX-GPU),sub-01,773,-1.1533862381367486,,,,,,0.025312275043688715
sub-01__jax_gpu,AMICA-Python (JAX-GPU),sub-01,774,-1.1533857234585494,,,,,,0.02527346496935934
sub-01__jax_gpu,AMICA-Python (JAX-GPU),sub-01,775,-1.1533852186171945,,,,,,0.02529369597323239
sub-01__jax_gpu,AMICA-Python (JAX-GPU),sub-01,776,-1.1533847075568564,,,,,,0.0253371549770236
sub-01__jax_gpu,AMICA-Python (JAX-GPU),sub-01,777,-1.1533842049763419,,,,,,0.025276656029745936
sub-01__jax_gpu,AMICA-Python (JAX-GPU),sub-01,778,-1.1533837044352169,,,,,,0.025353234028443694
sub-01__jax_gpu,AMICA-Python (JAX-GPU),sub-01,779,-1.153383212287085,,,,,,0.02542219404131174
sub-01__jax_gpu,AMICA-Python (JAX-GPU),sub-01,780,-1.153382721662676,,,,,,0.025405094027519226
sub-01__jax_gpu,AMICA-Python (JAX-GPU),sub-01,781,-1.153382240697874,,,,,,0.02538971498142928
sub-01__jax_gpu,AMICA-Python (JAX-GPU),sub-01,782,-1.1533817609028658,,,,,,0.025336615042760968
sub-01__jax_gpu,AMICA-Python (JAX-GPU),sub-01,783,-1.1533812843551445,,,,,,0.025312584009952843
sub-01__jax_gpu,AMICA-Python (JAX-GPU),sub-01,784,-1.1533808136885464,,,,,,0.02529264602344483
sub-01__jax_gpu,AMICA-Python (JAX-GPU),sub-01,785,-1.1533803408332652,,,,,,0.02530006505548954
sub-01__jax_gpu,AMICA-Python (JAX-GPU),sub-01,786,-1.1533798790355851,,,,,,0.02530609501991421
sub-01__jax_gpu,AMICA-Python (JAX-GPU),sub-01,787,-1.1533794153270411,,,,,,0.025333954952657223
sub-01__jax_gpu,AMICA-Python (JAX-GPU),sub-01,788,-1.1533789536224914,,,,,,0.025388773996382952
sub-01__jax_gpu,AMICA-Python (JAX-GPU),sub-01,789,-1.153378496912423,,,,,,0.025277436012402177
sub-01__jax_gpu,AMICA-Python (JAX-GPU),sub-01,790,-1.1533780403723244,,,,,,0.025401755003258586
sub-01__jax_gpu,AMICA-Python (JAX-GPU),sub-01,791,-1.153377587967379,,,,,,0.025305314920842648
sub-01__jax_gpu,AMICA-Python (JAX-GPU),sub-01,792,-1.1533771355107902,,,,,,0.025366774993017316
sub-01__jax_gpu,AMICA-Python (JAX-GPU),sub-01,793,-1.1533766924679139,,,,,,0.025389124057255685
sub-01__jax_gpu,AMICA-Python (JAX-GPU),sub-01,794,-1.153376243388595,,,,,,0.025370914954692125
sub-01__jax_gpu,AMICA-Python (JAX-GPU),sub-01,795,-1.153375800835141,,,,,,0.02536066493485123
sub-01__jax_gpu,AMICA-Python (JAX-GPU),sub-01,796,-1.1533753617891687,,,,,,0.025457844021730125
sub-01__jax_gpu,AMICA-Python (JAX-GPU),sub-01,797,-1.1533749288124258,,,,,,0.025412724004127085
sub-01__jax_gpu,AMICA-Python (JAX-GPU),sub-01,798,-1.153374494645376,,,,,,0.025340125081129372
sub-01__jax_gpu,AMICA-Python (JAX-GPU),sub-01,799,-1.1533740614014036,,,,,,0.02553055400494486
sub-01__jax_gpu,AMICA-Python (JAX-GPU),sub-01,800,-1.1533736304769875,,,,,,0.025301996036432683
sub-01__jax_gpu,AMICA-Python (JAX-GPU),sub-01,801,-1.1533732007693307,,,,,,0.025454725022427738
sub-01__jax_gpu,AMICA-Python (JAX-GPU),sub-01,802,-1.1533727746348512,,,,,,0.02530508500058204
sub-01__jax_gpu,AMICA-Python (JAX-GPU),sub-01,803,-1.1533723501797661,,,,,,0.025254535023123026
sub-01__jax_gpu,AMICA-Python (JAX-GPU),sub-01,804,-1.153371922753019,,,,,,0.025363714899867773
sub-01__jax_gpu,AMICA-Python (JAX-GPU),sub-01,805,-1.1533715001878997,,,,,,0.025322184897959232
sub-01__jax_gpu,AMICA-Python (JAX-GPU),sub-01,806,-1.1533710801761996,,,,,,0.025391493923962116
sub-01__jax_gpu,AMICA-Python (JAX-GPU),sub-01,807,-1.1533706641087773,,,,,,0.02556577301584184
sub-01__jax_gpu,AMICA-Python (JAX-GPU),sub-01,808,-1.1533702516287971,,,,,,0.025322355912066996
sub-01__jax_gpu,AMICA-Python (JAX-GPU),sub-01,809,-1.1533698419458138,,,,,,0.025417104945518076
sub-01__jax_gpu,AMICA-Python (JAX-GPU),sub-01,810,-1.1533694358926039,,,,,,0.025368934031575918
sub-01__jax_gpu,AMICA-Python (JAX-GPU),sub-01,811,-1.1533690292781698,,,,,,0.025372894015163183
sub-01__jax_gpu,AMICA-Python (JAX-GPU),sub-01,812,-1.1533686273120984,,,,,,0.025362994987517595
sub-01__jax_gpu,AMICA-Python (JAX-GPU),sub-01,813,-1.15336822981894,,,,,,0.02549739310052246
sub-01__jax_gpu,AMICA-Python (JAX-GPU),sub-01,814,-1.1533678332134345,,,,,,0.02536247402895242
sub-01__jax_gpu,AMICA-Python (JAX-GPU),sub-01,815,-1.153367437754877,,,,,,0.025422874954529107
sub-01__jax_gpu,AMICA-Python (JAX-GPU),sub-01,816,-1.1533670510864324,,,,,,0.025370153947733343
sub-01__jax_gpu,AMICA-Python (JAX-GPU),sub-01,817,-1.1533666641307578,,,,,,0.025253145955502987
sub-01__jax_gpu,AMICA-Python (JAX-GPU),sub-01,818,-1.1533662781451652,,,,,,0.025319004082120955
sub-01__jax_gpu,AMICA-Python (JAX-GPU),sub-01,819,-1.153365903225243,,,,,,0.025360645027831197
sub-01__jax_gpu,AMICA-Python (JAX-GPU),sub-01,820,-1.153365532998345,,,,,,0.025330774951726198
sub-01__jax_gpu,AMICA-Python (JAX-GPU),sub-01,821,-1.1533651676506613,,,,,,0.02532184508163482
sub-01__jax_gpu,AMICA-Python (JAX-GPU),sub-01,822,-1.1533648012163622,,,,,,0.02527218498289585
sub-01__jax_gpu,AMICA-Python (JAX-GPU),sub-01,823,-1.1533644403071517,,,,,,0.02540963503997773
sub-01__jax_gpu,AMICA-Python (JAX-GPU),sub-01,824,-1.1533640794906836,,,,,,0.02523124497383833
sub-01__jax_gpu,AMICA-Python (JAX-GPU),sub-01,825,-1.153363720162798,,,,,,0.02532010490540415
sub-01__jax_gpu,AMICA-Python (JAX-GPU),sub-01,826,-1.1533633632538145,,,,,,0.025424025021493435
sub-01__jax_gpu,AMICA-Python (JAX-GPU),sub-01,827,-1.1533630069274705,,,,,,0.025371553958393633
sub-01__jax_gpu,AMICA-Python (JAX-GPU),sub-01,828,-1.1533626536971158,,,,,,0.025230304920114577
sub-01__jax_gpu,AMICA-Python (JAX-GPU),sub-01,829,-1.1533622991406025,,,,,,0.025363194989040494
sub-01__jax_gpu,AMICA-Python (JAX-GPU),sub-01,830,-1.1533619484679043,,,,,,0.02520061598625034
sub-01__jax_gpu,AMICA-Python (JAX-GPU),sub-01,831,-1.1533615988243107,,,,,,0.02524376497603953
sub-01__jax_gpu,AMICA-Python (JAX-GPU),sub-01,832,-1.1533612541794067,,,,,,0.02520143601577729
sub-01__jax_gpu,AMICA-Python (JAX-GPU),sub-01,833,-1.1533609055618543,,,,,,0.025375014985911548
sub-01__jax_gpu,AMICA-Python (JAX-GPU),sub-01,834,-1.1533605640650415,,,,,,0.0254517940338701
sub-01__jax_gpu,AMICA-Python (JAX-GPU),sub-01,835,-1.153360223232288,,,,,,0.025399364065378904
sub-01__jax_gpu,AMICA-Python (JAX-GPU),sub-01,836,-1.1533598829433964,,,,,,0.025383675005286932
sub-01__jax_gpu,AMICA-Python (JAX-GPU),sub-01,837,-1.1533595436716106,,,,,,0.025351264979690313
sub-01__jax_gpu,AMICA-Python (JAX-GPU),sub-01,838,-1.153359207123026,,,,,,0.02533623401541263
sub-01__jax_gpu,AMICA-Python (JAX-GPU),sub-01,839,-1.153358871486315,,,,,,0.025312614045105875
sub-01__jax_gpu,AMICA-Python (JAX-GPU),sub-01,840,-1.1533585350070898,,,,,,0.025310883997008204
sub-01__jax_gpu,AMICA-Python (JAX-GPU),sub-01,841,-1.15335820335491,,,,,,0.025386104942299426
sub-01__jax_gpu,AMICA-Python (JAX-GPU),sub-01,842,-1.1533578667928004,,,,,,0.025290944962762296
sub-01__jax_gpu,AMICA-Python (JAX-GPU),sub-01,843,-1.1533575330361583,,,,,,0.025428603985346854
sub-01__jax_gpu,AMICA-Python (JAX-GPU),sub-01,844,-1.1533571962404185,,,,,,0.02551986405160278
sub-01__jax_gpu,AMICA-Python (JAX-GPU),sub-01,845,-1.153356863694915,,,,,,0.025300595094449818
sub-01__jax_gpu,AMICA-Python (JAX-GPU),sub-01,846,-1.1533565263040646,,,,,,0.02544175391085446
sub-01__jax_gpu,AMICA-Python (JAX-GPU),sub-01,847,-1.153356188153051,,,,,,0.025263856048695743
sub-01__jax_gpu,AMICA-Python (JAX-GPU),sub-01,848,-1.153355856280711,,,,,,0.02530804497655481
sub-01__jax_gpu,AMICA-Python (JAX-GPU),sub-01,849,-1.1533555236848623,,,,,,0.025389094022102654
sub-01__jax_gpu,AMICA-Python (JAX-GPU),sub-01,850,-1.1533551931728485,,,,,,0.025351524935103953
sub-01__jax_gpu,AMICA-Python (JAX-GPU),sub-01,851,-1.1533548629879569,,,,,,0.025362154934555292
sub-01__jax_gpu,AMICA-Python (JAX-GPU),sub-01,852,-1.1533545358850485,,,,,,0.025323504931293428
sub-01__jax_gpu,AMICA-Python (JAX-GPU),sub-01,853,-1.1533542077056649,,,,,,0.025355075020343065
sub-01__jax_gpu,AMICA-Python (JAX-GPU),sub-01,854,-1.153353881394365,,,,,,0.025367505033500493
sub-01__jax_gpu,AMICA-Python (JAX-GPU),sub-01,855,-1.153353554155685,,,,,,0.025266984943300486
sub-01__jax_gpu,AMICA-Python (JAX-GPU),sub-01,856,-1.1533532253352277,,,,,,0.02527387603186071
sub-01__jax_gpu,AMICA-Python (JAX-GPU),sub-01,857,-1.153352900646753,,,,,,0.025282436050474644
sub-01__jax_gpu,AMICA-Python (JAX-GPU),sub-01,858,-1.1533525734503862,,,,,,0.0252374050905928
sub-01__jax_gpu,AMICA-Python (JAX-GPU),sub-01,859,-1.1533522474440319,,,,,,0.02525603596586734
sub-01__jax_gpu,AMICA-Python (JAX-GPU),sub-01,860,-1.1533519242174222,,,,,,0.025306296069175005
sub-01__jax_gpu,AMICA-Python (JAX-GPU),sub-01,861,-1.1533516041766212,,,,,,0.025330314063467085
sub-01__jax_gpu,AMICA-Python (JAX-GPU),sub-01,862,-1.1533512831131152,,,,,,0.02521812601480633
sub-01__jax_gpu,AMICA-Python (JAX-GPU),sub-01,863,-1.1533509693066086,,,,,,0.02534475491847843
sub-01__jax_gpu,AMICA-Python (JAX-GPU),sub-01,864,-1.153350647579577,,,,,,0.02528001507744193
sub-01__jax_gpu,AMICA-Python (JAX-GPU),sub-01,865,-1.1533503323836292,,,,,,0.025280595058575273
sub-01__jax_gpu,AMICA-Python (JAX-GPU),sub-01,866,-1.1533500129866254,,,,,,0.025313804973848164
sub-01__jax_gpu,AMICA-Python (JAX-GPU),sub-01,867,-1.1533497029001476,,,,,,0.025251456070691347
sub-01__jax_gpu,AMICA-Python (JAX-GPU),sub-01,868,-1.153349388105143,,,,,,0.025184026104398072
sub-01__jax_gpu,AMICA-Python (JAX-GPU),sub-01,869,-1.1533490790514984,,,,,,0.025283024995587766
sub-01__jax_gpu,AMICA-Python (JAX-GPU),sub-01,870,-1.1533487682035013,,,,,,0.025204526027664542
sub-01__jax_gpu,AMICA-Python (JAX-GPU),sub-01,871,-1.1533484564315666,,,,,,0.025375935016199946
sub-01__jax_gpu,AMICA-Python (JAX-GPU),sub-01,872,-1.1533481478806278,,,,,,0.025310824974440038
sub-01__jax_gpu,AMICA-Python (JAX-GPU),sub-01,873,-1.1533478387698985,,,,,,0.025393844000063837
sub-01__jax_gpu,AMICA-Python (JAX-GPU),sub-01,874,-1.1533475265698496,,,,,,0.025384765001945198
sub-01__jax_gpu,AMICA-Python (JAX-GPU),sub-01,875,-1.1533472187802833,,,,,,0.02530876500532031
sub-01__jax_gpu,AMICA-Python (JAX-GPU),sub-01,876,-1.1533469096937916,,,,,,0.02532649494241923
sub-01__jax_gpu,AMICA-Python (JAX-GPU),sub-01,877,-1.153346603380955,,,,,,0.025301475077867508
sub-01__jax_gpu,AMICA-Python (JAX-GPU),sub-01,878,-1.153346298079938,,,,,,0.02528451499529183
sub-01__jax_gpu,AMICA-Python (JAX-GPU),sub-01,879,-1.1533459889430786,,,,,,0.025395454023964703
sub-01__jax_gpu,AMICA-Python (JAX-GPU),sub-01,880,-1.1533456863260931,,,,,,0.02528239495586604
sub-01__jax_gpu,AMICA-Python (JAX-GPU),sub-01,881,-1.1533453834488772,,,,,,0.025299475993961096
sub-01__jax_gpu,AMICA-Python (JAX-GPU),sub-01,882,-1.153345078613436,,,,,,0.025227935053408146
sub-01__jax_gpu,AMICA-Python (JAX-GPU),sub-01,883,-1.1533447769535148,,,,,,0.025369025068357587
sub-01__jax_gpu,AMICA-Python (JAX-GPU),sub-01,884,-1.1533444769237469,,,,,,0.025297564920037985
sub-01__jax_gpu,AMICA-Python (JAX-GPU),sub-01,885,-1.153344177932134,,,,,,0.02534436492715031
sub-01__jax_gpu,AMICA-Python (JAX-GPU),sub-01,886,-1.1533438826924864,,,,,,0.025396974058821797
sub-01__jax_gpu,AMICA-Python (JAX-GPU),sub-01,887,-1.1533435889555863,,,,,,0.02538055507466197
sub-01__jax_gpu,AMICA-Python (JAX-GPU),sub-01,888,-1.1533432988076668,,,,,,0.025259205023758113
sub-01__jax_gpu,AMICA-Python (JAX-GPU),sub-01,889,-1.153343012063132,,,,,,0.02542959398124367
sub-01__jax_gpu,AMICA-Python (JAX-GPU),sub-01,890,-1.1533427142941266,,,,,,0.02539946499746293
sub-01__jax_gpu,AMICA-Python (JAX-GPU),sub-01,891,-1.153342421639573,,,,,,0.025396413984708488
sub-01__jax_gpu,AMICA-Python (JAX-GPU),sub-01,892,-1.1533421300704214,,,,,,0.02535609493497759
sub-01__jax_gpu,AMICA-Python (JAX-GPU),sub-01,893,-1.1533418391393582,,,,,,0.02543324395082891
sub-01__jax_gpu,AMICA-Python (JAX-GPU),sub-01,894,-1.1533415455390081,,,,,,0.025379694998264313
sub-01__jax_gpu,AMICA-Python (JAX-GPU),sub-01,895,-1.1533412546128725,,,,,,0.02543060400057584
sub-01__jax_gpu,AMICA-Python (JAX-GPU),sub-01,896,-1.1533409626745825,,,,,,0.02543575398158282
sub-01__jax_gpu,AMICA-Python (JAX-GPU),sub-01,897,-1.153340675616349,,,,,,0.025449514971114695
sub-01__jax_gpu,AMICA-Python (JAX-GPU),sub-01,898,-1.1533403858844036,,,,,,0.02529585501179099
sub-01__jax_gpu,AMICA-Python (JAX-GPU),sub-01,899,-1.1533400994486844,,,,,,0.02540997404139489
sub-01__jax_gpu,AMICA-Python (JAX-GPU),sub-01,900,-1.1533398171682352,,,,,,0.02543324395082891
sub-01__jax_gpu,AMICA-Python (JAX-GPU),sub-01,901,-1.153339545555705,,,,,,0.025304095004685223
sub-01__jax_gpu,AMICA-Python (JAX-GPU),sub-01,902,-1.1533392760113164,,,,,,0.025327265029773116
sub-01__jax_gpu,AMICA-Python (JAX-GPU),sub-01,903,-1.1533390071960055,,,,,,0.025380595005117357
sub-01__jax_gpu,AMICA-Python (JAX-GPU),sub-01,904,-1.153338745546549,,,,,,0.025404473999515176
sub-01__jax_gpu,AMICA-Python (JAX-GPU),sub-01,905,-1.1533384836378762,,,,,,0.0252697259420529
sub-01__jax_gpu,AMICA-Python (JAX-GPU),sub-01,906,-1.1533382258535871,,,,,,0.02540961396880448
sub-01__jax_gpu,AMICA-Python (JAX-GPU),sub-01,907,-1.1533379699232065,,,,,,0.025391013943590224
sub-01__jax_gpu,AMICA-Python (JAX-GPU),sub-01,908,-1.1533377114198884,,,,,,0.025324183981865644
sub-01__jax_gpu,AMICA-Python (JAX-GPU),sub-01,909,-1.1533374595347394,,,,,,0.025311885052360594
sub-01__jax_gpu,AMICA-Python (JAX-GPU),sub-01,910,-1.1533372081533546,,,,,,0.02530208497773856
sub-01__jax_gpu,AMICA-Python (JAX-GPU),sub-01,911,-1.153336961729143,,,,,,0.025345845031552017
sub-01__jax_gpu,AMICA-Python (JAX-GPU),sub-01,912,-1.1533367212268746,,,,,,0.025396254961378872
sub-01__jax_gpu,AMICA-Python (JAX-GPU),sub-01,913,-1.1533364816307223,,,,,,0.025349495001137257
sub-01__jax_gpu,AMICA-Python (JAX-GPU),sub-01,914,-1.1533362376125753,,,,,,0.025342695065774024
sub-01__jax_gpu,AMICA-Python (JAX-GPU),sub-01,915,-1.1533359957504785,,,,,,0.02536910492926836
sub-01__jax_gpu,AMICA-Python (JAX-GPU),sub-01,916,-1.1533357544676126,,,,,,0.0253426949493587
sub-01__jax_gpu,AMICA-Python (JAX-GPU),sub-01,917,-1.153335517502585,,,,,,0.02535953395999968
sub-01__jax_gpu,AMICA-Python (JAX-GPU),sub-01,918,-1.1533352817173788,,,,,,0.025336064980365336
sub-01__jax_gpu,AMICA-Python (JAX-GPU),sub-01,919,-1.1533350429085967,,,,,,0.025342194945551455
sub-01__jax_gpu,AMICA-Python (JAX-GPU),sub-01,920,-1.1533348093702873,,,,,,0.02538623393047601
sub-01__jax_gpu,AMICA-Python (JAX-GPU),sub-01,921,-1.1533345752970832,,,,,,0.025302654947154224
sub-01__jax_gpu,AMICA-Python (JAX-GPU),sub-01,922,-1.1533343363264967,,,,,,0.025288505014032125
sub-01__jax_gpu,AMICA-Python (JAX-GPU),sub-01,923,-1.1533341042429577,,,,,,0.0252966049592942
sub-01__jax_gpu,AMICA-Python (JAX-GPU),sub-01,924,-1.1533338727721318,,,,,,0.02539579407311976
sub-01__jax_gpu,AMICA-Python (JAX-GPU),sub-01,925,-1.1533336483260603,,,,,,0.025280406000092626
sub-01__jax_gpu,AMICA-Python (JAX-GPU),sub-01,926,-1.1533334239392554,,,,,,0.025312893907539546
sub-01__jax_gpu,AMICA-Python (JAX-GPU),sub-01,927,-1.1533332028209964,,,,,,0.025330004980787635
sub-01__jax_gpu,AMICA-Python (JAX-GPU),sub-01,928,-1.1533329822193383,,,,,,0.02533511398360133
sub-01__jax_gpu,AMICA-Python (JAX-GPU),sub-01,929,-1.1533327659840498,,,,,,0.025407754932530224
sub-01__jax_gpu,AMICA-Python (JAX-GPU),sub-01,930,-1.1533325504366263,,,,,,0.02537205396220088
sub-01__jax_gpu,AMICA-Python (JAX-GPU),sub-01,931,-1.153332340812696,,,,,,0.02538544498383999
sub-01__jax_gpu,AMICA-Python (JAX-GPU),sub-01,932,-1.153332135963856,,,,,,0.025370014016516507
sub-01__jax_gpu,AMICA-Python (JAX-GPU),sub-01,933,-1.1533319261009545,,,,,,0.025354455108754337
sub-01__jax_gpu,AMICA-Python (JAX-GPU),sub-01,934,-1.1533317240387602,,,,,,0.025379525031894445
sub-01__jax_gpu,AMICA-Python (JAX-GPU),sub-01,935,-1.1533315187057696,,,,,,0.025393713964149356
sub-01__jax_gpu,AMICA-Python (JAX-GPU),sub-01,936,-1.1533313167895753,,,,,,0.025385334971360862
sub-01__jax_gpu,AMICA-Python (JAX-GPU),sub-01,937,-1.1533311128339605,,,,,,0.02531326503958553
sub-01__jax_gpu,AMICA-Python (JAX-GPU),sub-01,938,-1.1533309127159077,,,,,,0.02537541405763477
sub-01__jax_gpu,AMICA-Python (JAX-GPU),sub-01,939,-1.1533307119764984,,,,,,0.025352835073135793
sub-01__jax_gpu,AMICA-Python (JAX-GPU),sub-01,940,-1.1533305124278008,,,,,,0.0254909839713946
sub-01__jax_gpu,AMICA-Python (JAX-GPU),sub-01,941,-1.1533303114659825,,,,,,0.025314124999567866
sub-01__jax_gpu,AMICA-Python (JAX-GPU),sub-01,942,-1.1533301152999476,,,,,,0.025467484025284648
sub-01__jax_gpu,AMICA-Python (JAX-GPU),sub-01,943,-1.1533299205942733,,,,,,0.025379974977113307
sub-01__jax_gpu,AMICA-Python (JAX-GPU),sub-01,944,-1.1533297289714903,,,,,,0.02536164491903037
sub-01__jax_gpu,AMICA-Python (JAX-GPU),sub-01,945,-1.1533295373955075,,,,,,0.025367885013110936
sub-01__jax_gpu,AMICA-Python (JAX-GPU),sub-01,946,-1.1533293439092478,,,,,,0.025256296037696302
sub-01__jax_gpu,AMICA-Python (JAX-GPU),sub-01,947,-1.1533291556335474,,,,,,0.025322954053990543
sub-01__jax_gpu,AMICA-Python (JAX-GPU),sub-01,948,-1.1533289664581579,,,,,,0.02531801490113139
sub-01__jax_gpu,AMICA-Python (JAX-GPU),sub-01,949,-1.1533287716487328,,,,,,0.02538906503468752
sub-01__jax_gpu,AMICA-Python (JAX-GPU),sub-01,950,-1.15332857919789,,,,,,0.02537139505147934
sub-01__jax_gpu,AMICA-Python (JAX-GPU),sub-01,951,-1.1533283870612177,,,,,,0.025266575976274908
sub-01__jax_gpu,AMICA-Python (JAX-GPU),sub-01,952,-1.1533282002123033,,,,,,0.025343345012515783
sub-01__jax_gpu,AMICA-Python (JAX-GPU),sub-01,953,-1.1533280074796752,,,,,,0.025335444952361286
sub-01__jax_gpu,AMICA-Python (JAX-GPU),sub-01,954,-1.1533278170934051,,,,,,0.02546785504091531
sub-01__jax_gpu,AMICA-Python (JAX-GPU),sub-01,955,-1.1533276265114578,,,,,,0.025306785013526678
sub-01__jax_gpu,AMICA-Python (JAX-GPU),sub-01,956,-1.1533274367258868,,,,,,0.025464285048656166
sub-01__jax_gpu,AMICA-Python (JAX-GPU),sub-01,957,-1.1533272501045402,,,,,,0.025417773984372616
sub-01__jax_gpu,AMICA-Python (JAX-GPU),sub-01,958,-1.153327065249482,,,,,,0.025319515028968453
sub-01__jax_gpu,AMICA-Python (JAX-GPU),sub-01,959,-1.1533268803460675,,,,,,0.0253646750934422
sub-01__jax_gpu,AMICA-Python (JAX-GPU),sub-01,960,-1.1533266986536856,,,,,,0.025344943976961076
sub-01__jax_gpu,AMICA-Python (JAX-GPU),sub-01,961,-1.1533265180349475,,,,,,0.02529530506581068
sub-01__jax_gpu,AMICA-Python (JAX-GPU),sub-01,962,-1.153326343277079,,,,,,0.025455774972215295
sub-01__jax_gpu,AMICA-Python (JAX-GPU),sub-01,963,-1.1533261645819721,,,,,,0.025277035078033805
sub-01__jax_gpu,AMICA-Python (JAX-GPU),sub-01,964,-1.1533259868044985,,,,,,0.025321564986370504
sub-01__jax_gpu,AMICA-Python (JAX-GPU),sub-01,965,-1.15332581019212,,,,,,0.025331375072710216
sub-01__jax_gpu,AMICA-Python (JAX-GPU),sub-01,966,-1.1533256353571284,,,,,,0.025358894024975598
sub-01__jax_gpu,AMICA-Python (JAX-GPU),sub-01,967,-1.153325452371337,,,,,,0.02543419401627034
sub-01__jax_gpu,AMICA-Python (JAX-GPU),sub-01,968,-1.1533252758633807,,,,,,0.025265645002946258
sub-01__jax_gpu,AMICA-Python (JAX-GPU),sub-01,969,-1.1533251011685983,,,,,,0.025337854982353747
sub-01__jax_gpu,AMICA-Python (JAX-GPU),sub-01,970,-1.153324926889981,,,,,,0.02534953400027007
sub-01__jax_gpu,AMICA-Python (JAX-GPU),sub-01,971,-1.1533247544928835,,,,,,0.02527851494960487
sub-01__jax_gpu,AMICA-Python (JAX-GPU),sub-01,972,-1.1533245852125569,,,,,,0.025385133922100067
sub-01__jax_gpu,AMICA-Python (JAX-GPU),sub-01,973,-1.1533244155230462,,,,,,0.02529787493404001
sub-01__jax_gpu,AMICA-Python (JAX-GPU),sub-01,974,-1.1533242507668087,,,,,,0.025356044992804527
sub-01__jax_gpu,AMICA-Python (JAX-GPU),sub-01,975,-1.1533240834148801,,,,,,0.025312985060736537
sub-01__jax_gpu,AMICA-Python (JAX-GPU),sub-01,976,-1.1533239228751535,,,,,,0.02534517494495958
sub-01__jax_gpu,AMICA-Python (JAX-GPU),sub-01,977,-1.1533237557647174,,,,,,0.025321505032479763
sub-01__jax_gpu,AMICA-Python (JAX-GPU),sub-01,978,-1.1533235922530443,,,,,,0.025294314953498542
sub-01__jax_gpu,AMICA-Python (JAX-GPU),sub-01,979,-1.153323422198139,,,,,,0.025409823982045054
sub-01__jax_gpu,AMICA-Python (JAX-GPU),sub-01,980,-1.1533232592743932,,,,,,0.02533843496348709
sub-01__jax_gpu,AMICA-Python (JAX-GPU),sub-01,981,-1.1533230962364085,,,,,,0.025415063952095807
sub-01__jax_gpu,AMICA-Python (JAX-GPU),sub-01,982,-1.1533229343402311,,,,,,0.02535362495109439
sub-01__jax_gpu,AMICA-Python (JAX-GPU),sub-01,983,-1.153322774471611,,,,,,0.02551057399250567
sub-01__jax_gpu,AMICA-Python (JAX-GPU),sub-01,984,-1.1533226153038154,,,,,,0.025422443985007703
sub-01__jax_gpu,AMICA-Python (JAX-GPU),sub-01,985,-1.1533224554040462,,,,,,0.025341764907352626
sub-01__jax_gpu,AMICA-Python (JAX-GPU),sub-01,986,-1.1533223002821553,,,,,,0.02536953496746719
sub-01__jax_gpu,AMICA-Python (JAX-GPU),sub-01,987,-1.1533221389970514,,,,,,0.025408064015209675
sub-01__jax_gpu,AMICA-Python (JAX-GPU),sub-01,988,-1.1533219815132336,,,,,,0.02530443505384028
sub-01__jax_gpu,AMICA-Python (JAX-GPU),sub-01,989,-1.1533218253566022,,,,,,0.02533504506573081
sub-01__jax_gpu,AMICA-Python (JAX-GPU),sub-01,990,-1.153321668552723,,,,,,0.025377424899488688
sub-01__jax_gpu,AMICA-Python (JAX-GPU),sub-01,991,-1.153321514286167,,,,,,0.025317385094240308
sub-01__jax_gpu,AMICA-Python (JAX-GPU),sub-01,992,-1.1533213607263721,,,,,,0.025390853988938034
sub-01__jax_gpu,AMICA-Python (JAX-GPU),sub-01,993,-1.1533212095595724,,,,,,0.025404034997336566
sub-01__jax_gpu,AMICA-Python (JAX-GPU),sub-01,994,-1.1533210624867487,,,,,,0.025395864970050752
sub-01__jax_gpu,AMICA-Python (JAX-GPU),sub-01,995,-1.1533209113910168,,,,,,0.025363584980368614
sub-01__jax_gpu,AMICA-Python (JAX-GPU),sub-01,996,-1.1533207611193252,,,,,,0.025234455009922385
sub-01__jax_gpu,AMICA-Python (JAX-GPU),sub-01,997,-1.1533206103280467,,,,,,0.02526441600639373
sub-01__jax_gpu,AMICA-Python (JAX-GPU),sub-01,998,-1.1533204628163116,,,,,,0.025368683971464634
sub-01__jax_gpu,AMICA-Python (JAX-GPU),sub-01,999,-1.153320314706989,,,,,,0.025354444980621338
sub-01__jax_gpu,AMICA-Python (JAX-GPU),sub-01,1000,-1.1533201721268718,,,,,,0.02530579490121454
sub-01__jax_gpu,AMICA-Python (JAX-GPU),sub-01,1001,-1.1533200288071297,,,,,,0.025297275045886636
sub-01__jax_gpu,AMICA-Python (JAX-GPU),sub-01,1002,-1.1533198827519537,,,,,,0.025321815046481788
sub-01__jax_gpu,AMICA-Python (JAX-GPU),sub-01,1003,-1.1533197376173359,,,,,,0.025317715015262365
sub-01__jax_gpu,AMICA-Python (JAX-GPU),sub-01,1004,-1.1533195933162919,,,,,,0.02534103498328477
sub-01__jax_gpu,AMICA-Python (JAX-GPU),sub-01,1005,-1.1533194474075774,,,,,,0.025361174950376153
sub-01__jax_gpu,AMICA-Python (JAX-GPU),sub-01,1006,-1.1533193019425652,,,,,,0.025623522931709886
sub-01__jax_gpu,AMICA-Python (JAX-GPU),sub-01,1007,-1.1533191604587643,,,,,,0.025400595040991902
sub-01__jax_gpu,AMICA-Python (JAX-GPU),sub-01,1008,-1.1533190147738592,,,,,,0.02526951499748975
sub-01__jax_gpu,AMICA-Python (JAX-GPU),sub-01,1009,-1.1533188736023612,,,,,,0.02534400497097522
sub-01__jax_gpu,AMICA-Python (JAX-GPU),sub-01,1010,-1.1533187308714432,,,,,,0.025393315008841455
sub-01__jax_gpu,AMICA-Python (JAX-GPU),sub-01,1011,-1.1533185894294573,,,,,,0.025419534998945892
sub-01__jax_gpu,AMICA-Python (JAX-GPU),sub-01,1012,-1.1533184446445666,,,,,,0.02529269491788
sub-01__jax_gpu,AMICA-Python (JAX-GPU),sub-01,1013,-1.153318300780294,,,,,,0.025402594008482993
sub-01__jax_gpu,AMICA-Python (JAX-GPU),sub-01,1014,-1.1533181595422162,,,,,,0.025212184991687536
sub-01__jax_gpu,AMICA-Python (JAX-GPU),sub-01,1015,-1.15331801543185,,,,,,0.025310585042461753
sub-01__jax_gpu,AMICA-Python (JAX-GPU),sub-01,1016,-1.153317873802902,,,,,,0.025310634984634817
sub-01__jax_gpu,AMICA-Python (JAX-GPU),sub-01,1017,-1.1533177303014028,,,,,,0.025212525972165167
sub-01__jax_gpu,AMICA-Python (JAX-GPU),sub-01,1018,-1.1533175854628106,,,,,,0.025284944917075336
sub-01__jax_gpu,AMICA-Python (JAX-GPU),sub-01,1019,-1.1533174380885163,,,,,,0.025331704993732274
sub-01__jax_gpu,AMICA-Python (JAX-GPU),sub-01,1020,-1.153317294735864,,,,,,0.025327324983663857
sub-01__jax_gpu,AMICA-Python (JAX-GPU),sub-01,1021,-1.153317154222595,,,,,,0.025212964974343777
sub-01__jax_gpu,AMICA-Python (JAX-GPU),sub-01,1022,-1.153317017725784,,,,,,0.025284645962528884
sub-01__jax_gpu,AMICA-Python (JAX-GPU),sub-01,1023,-1.153316877243295,,,,,,0.025311004021205008
sub-01__jax_gpu,AMICA-Python (JAX-GPU),sub-01,1024,-1.1533167406591918,,,,,,0.02517903596162796
sub-01__jax_gpu,AMICA-Python (JAX-GPU),sub-01,1025,-1.1533166099497942,,,,,,0.025339365005493164
sub-01__jax_gpu,AMICA-Python (JAX-GPU),sub-01,1026,-1.1533164786517722,,,,,,0.025290124933235347
sub-01__jax_gpu,AMICA-Python (JAX-GPU),sub-01,1027,-1.1533163396336734,,,,,,0.025301184970885515
sub-01__jax_gpu,AMICA-Python (JAX-GPU),sub-01,1028,-1.153316204540258,,,,,,0.025414604926481843
sub-01__jax_gpu,AMICA-Python (JAX-GPU),sub-01,1029,-1.153316072793643,,,,,,0.02542940399143845
sub-01__jax_gpu,AMICA-Python (JAX-GPU),sub-01,1030,-1.1533159436756577,,,,,,0.025333794998005033
sub-01__jax_gpu,AMICA-Python (JAX-GPU),sub-01,1031,-1.153315813073679,,,,,,0.025312165031209588
sub-01__jax_gpu,AMICA-Python (JAX-GPU),sub-01,1032,-1.153315685085804,,,,,,0.025346925016492605
sub-01__jax_gpu,AMICA-Python (JAX-GPU),sub-01,1033,-1.1533155604975114,,,,,,0.025339165003970265
sub-01__jax_gpu,AMICA-Python (JAX-GPU),sub-01,1034,-1.1533154356331365,,,,,,0.02534302498679608
sub-01__jax_gpu,AMICA-Python (JAX-GPU),sub-01,1035,-1.153315311374839,,,,,,0.02537416503764689
sub-01__jax_gpu,AMICA-Python (JAX-GPU),sub-01,1036,-1.153315187349551,,,,,,0.02540931396652013
sub-01__jax_gpu,AMICA-Python (JAX-GPU),sub-01,1037,-1.153315067007966,,,,,,0.02534918498713523
sub-01__jax_gpu,AMICA-Python (JAX-GPU),sub-01,1038,-1.1533149439210133,,,,,,0.02535747503861785
sub-01__jax_gpu,AMICA-Python (JAX-GPU),sub-01,1039,-1.1533148205165853,,,,,,0.02528895507566631
sub-01__jax_gpu,AMICA-Python (JAX-GPU),sub-01,1040,-1.1533147030534447,,,,,,0.025367245078086853
sub-01__jax_gpu,AMICA-Python (JAX-GPU),sub-01,1041,-1.1533145873331134,,,,,,0.025356084923259914
sub-01__jax_gpu,AMICA-Python (JAX-GPU),sub-01,1042,-1.1533144694056412,,,,,,0.025395764969289303
sub-01__jax_gpu,AMICA-Python (JAX-GPU),sub-01,1043,-1.1533143526560277,,,,,,0.025336234946735203
sub-01__jax_gpu,AMICA-Python (JAX-GPU),sub-01,1044,-1.1533142419854219,,,,,,0.025381773943081498
sub-01__jax_gpu,AMICA-Python (JAX-GPU),sub-01,1045,-1.1533141303241037,,,,,,0.025355275021865964
sub-01__jax_gpu,AMICA-Python (JAX-GPU),sub-01,1046,-1.153314019682914,,,,,,0.0253161049913615
sub-01__jax_gpu,AMICA-Python (JAX-GPU),sub-01,1047,-1.1533139048409289,,,,,,0.025523934047669172
sub-01__jax_gpu,AMICA-Python (JAX-GPU),sub-01,1048,-1.1533137947865784,,,,,,0.025308985030278563
sub-01__jax_gpu,AMICA-Python (JAX-GPU),sub-01,1049,-1.1533136831892765,,,,,,0.025465874932706356
sub-01__jax_gpu,AMICA-Python (JAX-GPU),sub-01,1050,-1.1533135810009658,,,,,,0.025294415070675313
sub-01__jax_gpu,AMICA-Python (JAX-GPU),sub-01,1051,-1.1533134698546141,,,,,,0.02526919508818537
sub-01__jax_gpu,AMICA-Python (JAX-GPU),sub-01,1052,-1.153313361321843,,,,,,0.025238025933504105
sub-01__jax_gpu,AMICA-Python (JAX-GPU),sub-01,1053,-1.1533132504212165,,,,,,0.025302276015281677
sub-01__jax_gpu,AMICA-Python (JAX-GPU),sub-01,1054,-1.1533131418725293,,,,,,0.025269806035794318
sub-01__jax_gpu,AMICA-Python (JAX-GPU),sub-01,1055,-1.153313034825174,,,,,,0.02533654496073723
sub-01__jax_gpu,AMICA-Python (JAX-GPU),sub-01,1056,-1.153312927325857,,,,,,0.025250724982470274
sub-01__jax_gpu,AMICA-Python (JAX-GPU),sub-01,1057,-1.153312823963406,,,,,,0.02526241505984217
sub-01__jax_gpu,AMICA-Python (JAX-GPU),sub-01,1058,-1.1533127187717969,,,,,,0.025185676058754325
sub-01__jax_gpu,AMICA-Python (JAX-GPU),sub-01,1059,-1.1533126111535117,,,,,,0.025253665051423013
sub-01__jax_gpu,AMICA-Python (JAX-GPU),sub-01,1060,-1.1533125086711973,,,,,,0.025206865975633264
sub-01__jax_gpu,AMICA-Python (JAX-GPU),sub-01,1061,-1.1533124071958107,,,,,,0.025295065017417073
sub-01__jax_gpu,AMICA-Python (JAX-GPU),sub-01,1062,-1.1533123078330512,,,,,,0.025187726016156375
sub-01__jax_gpu,AMICA-Python (JAX-GPU),sub-01,1063,-1.1533122060039485,,,,,,0.02520084590651095
sub-01__jax_gpu,AMICA-Python (JAX-GPU),sub-01,1064,-1.1533121073410906,,,,,,0.025252274936065078
sub-01__jax_gpu,AMICA-Python (JAX-GPU),sub-01,1065,-1.1533120075087677,,,,,,0.025237774942070246
sub-01__jax_gpu,AMICA-Python (JAX-GPU),sub-01,1066,-1.1533119098663351,,,,,,0.02526410506106913
sub-01__jax_gpu,AMICA-Python (JAX-GPU),sub-01,1067,-1.1533118140849243,,,,,,0.02527528500650078
sub-01__jax_gpu,AMICA-Python (JAX-GPU),sub-01,1068,-1.1533117197374996,,,,,,0.025333045050501823
sub-01__jax_gpu,AMICA-Python (JAX-GPU),sub-01,1069,-1.1533116231574758,,,,,,0.025227545062080026
sub-01__jax_gpu,AMICA-Python (JAX-GPU),sub-01,1070,-1.1533115316338758,,,,,,0.025204366073012352
sub-01__jax_gpu,AMICA-Python (JAX-GPU),sub-01,1071,-1.1533114310503922,,,,,,0.025313535006716847
sub-01__jax_gpu,AMICA-Python (JAX-GPU),sub-01,1072,-1.1533113368051497,,,,,,0.025272545055486262
sub-01__jax_gpu,AMICA-Python (JAX-GPU),sub-01,1073,-1.1533112450991345,,,,,,0.025209585903212428
sub-01__jax_gpu,AMICA-Python (JAX-GPU),sub-01,1074,-1.1533111568259686,,,,,,0.025262324954383075
sub-01__jax_gpu,AMICA-Python (JAX-GPU),sub-01,1075,-1.153311067289885,,,,,,0.025245396071113646
sub-01__jax_gpu,AMICA-Python (JAX-GPU),sub-01,1076,-1.1533109771137908,,,,,,0.02527074597310275
sub-01__jax_gpu,AMICA-Python (JAX-GPU),sub-01,1077,-1.1533108859681984,,,,,,0.025246124947443604
sub-01__jax_gpu,AMICA-Python (JAX-GPU),sub-01,1078,-1.153310799112087,,,,,,0.025324124959297478
sub-01__jax_gpu,AMICA-Python (JAX-GPU),sub-01,1079,-1.1533107073409656,,,,,,0.025301815010607243
sub-01__jax_gpu,AMICA-Python (JAX-GPU),sub-01,1080,-1.1533106188087268,,,,,,0.025267935008741915
sub-01__jax_gpu,AMICA-Python (JAX-GPU),sub-01,1081,-1.1533105291568537,,,,,,0.02526477596256882
sub-01__jax_gpu,AMICA-Python (JAX-GPU),sub-01,1082,-1.15331044339013,,,,,,0.02533606404904276
sub-01__jax_gpu,AMICA-Python (JAX-GPU),sub-01,1083,-1.153310353023992,,,,,,0.025347594055347145
sub-01__jax_gpu,AMICA-Python (JAX-GPU),sub-01,1084,-1.1533102642066193,,,,,,0.02531597507186234
sub-01__jax_gpu,AMICA-Python (JAX-GPU),sub-01,1085,-1.1533101762331108,,,,,,0.025330945034511387
sub-01__jax_gpu,AMICA-Python (JAX-GPU),sub-01,1086,-1.1533100900334627,,,,,,0.02541348396334797
sub-01__jax_gpu,AMICA-Python (JAX-GPU),sub-01,1087,-1.1533100032904493,,,,,,0.025288045057095587
sub-01__jax_gpu,AMICA-Python (JAX-GPU),sub-01,1088,-1.1533099175083532,,,,,,0.025402834988199174
sub-01__jax_gpu,AMICA-Python (JAX-GPU),sub-01,1089,-1.1533098310589054,,,,,,0.025287825032137334
sub-01__jax_gpu,AMICA-Python (JAX-GPU),sub-01,1090,-1.1533097444314067,,,,,,0.02519563597161323
sub-01__jax_gpu,AMICA-Python (JAX-GPU),sub-01,1091,-1.1533096585029334,,,,,,0.0253756350139156
sub-01__jax_gpu,AMICA-Python (JAX-GPU),sub-01,1092,-1.1533095712022163,,,,,,0.02603196003474295
sub-01__jax_gpu,AMICA-Python (JAX-GPU),sub-01,1093,-1.1533094859714534,,,,,,0.025478343944996595
sub-01__jax_gpu,AMICA-Python (JAX-GPU),sub-01,1094,-1.1533094054425697,,,,,,0.02529611496720463
sub-01__jax_gpu,AMICA-Python (JAX-GPU),sub-01,1095,-1.1533093233183938,,,,,,0.025362065061926842
sub-01__jax_gpu,AMICA-Python (JAX-GPU),sub-01,1096,-1.153309237820994,,,,,,0.025282955029979348
sub-01__jax_gpu,AMICA-Python (JAX-GPU),sub-01,1097,-1.1533091540085536,,,,,,0.02537389495410025
sub-01__jax_gpu,AMICA-Python (JAX-GPU),sub-01,1098,-1.1533090709201044,,,,,,0.025221374933607876
sub-01__jax_gpu,AMICA-Python (JAX-GPU),sub-01,1099,-1.1533089861271264,,,,,,0.02533162501640618
sub-01__jax_gpu,AMICA-Python (JAX-GPU),sub-01,1100,-1.1533089023388412,,,,,,0.02536738500930369
sub-01__jax_gpu,AMICA-Python (JAX-GPU),sub-01,1101,-1.1533088219659589,,,,,,0.02540667401626706
sub-01__jax_gpu,AMICA-Python (JAX-GPU),sub-01,1102,-1.1533087379004248,,,,,,0.025390943977981806
sub-01__jax_gpu,AMICA-Python (JAX-GPU),sub-01,1103,-1.1533086545118214,,,,,,0.02525385608896613
sub-01__jax_gpu,AMICA-Python (JAX-GPU),sub-01,1104,-1.1533085745220262,,,,,,0.025388764101080596
sub-01__jax_gpu,AMICA-Python (JAX-GPU),sub-01,1105,-1.1533084926894963,,,,,,0.02531000494491309
sub-01__jax_gpu,AMICA-Python (JAX-GPU),sub-01,1106,-1.153308412081201,,,,,,0.02535537409130484
sub-01__jax_gpu,AMICA-Python (JAX-GPU),sub-01,1107,-1.1533083330984848,,,,,,0.025341475033201277
sub-01__jax_gpu,AMICA-Python (JAX-GPU),sub-01,1108,-1.153308251230209,,,,,,0.025251095066778362
sub-01__jax_gpu,AMICA-Python (JAX-GPU),sub-01,1109,-1.1533081708385735,,,,,,0.025336635066196322
sub-01__jax_gpu,AMICA-Python (JAX-GPU),sub-01,1110,-1.1533080922094634,,,,,,0.02516068599652499
sub-01__jax_gpu,AMICA-Python (JAX-GPU),sub-01,1111,-1.1533080072945079,,,,,,0.025245834956876934
sub-01__jax_gpu,AMICA-Python (JAX-GPU),sub-01,1112,-1.1533079286984833,,,,,,0.025396974058821797
sub-01__jax_gpu,AMICA-Python (JAX-GPU),sub-01,1113,-1.1533078466313393,,,,,,0.02527137496508658
sub-01__jax_gpu,AMICA-Python (JAX-GPU),sub-01,1114,-1.1533077672189278,,,,,,0.02519651607144624
sub-01__jax_gpu,AMICA-Python (JAX-GPU),sub-01,1115,-1.1533076849586539,,,,,,0.02531352499499917
sub-01__jax_gpu,AMICA-Python (JAX-GPU),sub-01,1116,-1.153307606495752,,,,,,0.02537456399295479
sub-01__jax_gpu,AMICA-Python (JAX-GPU),sub-01,1117,-1.1533075240908734,,,,,,0.025203685043379664
sub-01__jax_gpu,AMICA-Python (JAX-GPU),sub-01,1118,-1.1533074479766583,,,,,,0.025244635995477438
sub-01__jax_gpu,AMICA-Python (JAX-GPU),sub-01,1119,-1.153307367736701,,,,,,0.025401224032975733
sub-01__jax_gpu,AMICA-Python (JAX-GPU),sub-01,1120,-1.1533072900190742,,,,,,0.025387455010786653
sub-01__jax_gpu,AMICA-Python (JAX-GPU),sub-01,1121,-1.153307209270547,,,,,,0.025356524041853845
sub-01__jax_gpu,AMICA-Python (JAX-GPU),sub-01,1122,-1.1533071301998448,,,,,,0.02535372495185584
sub-01__jax_gpu,AMICA-Python (JAX-GPU),sub-01,1123,-1.1533070479597263,,,,,,0.02537582500372082
sub-01__jax_gpu,AMICA-Python (JAX-GPU),sub-01,1124,-1.1533069677876788,,,,,,0.025427494081668556
sub-01__jax_gpu,AMICA-Python (JAX-GPU),sub-01,1125,-1.153306891288272,,,,,,0.02535371494013816
sub-01__jax_gpu,AMICA-Python (JAX-GPU),sub-01,1126,-1.1533068153002022,,,,,,0.02532979496754706
sub-01__jax_gpu,AMICA-Python (JAX-GPU),sub-01,1127,-1.153306738556719,,,,,,0.025327894021756947
sub-01__jax_gpu,AMICA-Python (JAX-GPU),sub-01,1128,-1.1533066602126203,,,,,,0.025324014015495777
sub-01__jax_gpu,AMICA-Python (JAX-GPU),sub-01,1129,-1.1533065833741132,,,,,,0.025305124931037426
sub-01__jax_gpu,AMICA-Python (JAX-GPU),sub-01,1130,-1.153306507855052,,,,,,0.025327735929749906
sub-01__jax_gpu,AMICA-Python (JAX-GPU),sub-01,1131,-1.1533064332006269,,,,,,0.025427474989555776
sub-01__jax_gpu,AMICA-Python (JAX-GPU),sub-01,1132,-1.1533063580386311,,,,,,0.025301785091869533
sub-01__jax_gpu,AMICA-Python (JAX-GPU),sub-01,1133,-1.153306287207863,,,,,,0.025365063920617104
sub-01__jax_gpu,AMICA-Python (JAX-GPU),sub-01,1134,-1.1533062102001208,,,,,,0.025277205975726247
sub-01__jax_gpu,AMICA-Python (JAX-GPU),sub-01,1135,-1.1533061367694841,,,,,,0.025489034946076572
sub-01__jax_gpu,AMICA-Python (JAX-GPU),sub-01,1136,-1.1533060618320323,,,,,,0.025336964055895805
sub-01__jax_gpu,AMICA-Python (JAX-GPU),sub-01,1137,-1.15330598751676,,,,,,0.025393304997123778
sub-01__jax_gpu,AMICA-Python (JAX-GPU),sub-01,1138,-1.1533059141816733,,,,,,0.025303764967247844
sub-01__jax_gpu,AMICA-Python (JAX-GPU),sub-01,1139,-1.15330584251001,,,,,,0.025341444998048246
sub-01__jax_gpu,AMICA-Python (JAX-GPU),sub-01,1140,-1.153305768562347,,,,,,0.025321235065348446
sub-01__jax_gpu,AMICA-Python (JAX-GPU),sub-01,1141,-1.1533056952516536,,,,,,0.025365163921378553
sub-01__jax_gpu,AMICA-Python (JAX-GPU),sub-01,1142,-1.1533056226916034,,,,,,0.025418904959224164
sub-01__jax_gpu,AMICA-Python (JAX-GPU),sub-01,1143,-1.153305549860254,,,,,,0.02531965507660061
sub-01__jax_gpu,AMICA-Python (JAX-GPU),sub-01,1144,-1.1533054755254963,,,,,,0.025399375008419156
sub-01__jax_gpu,AMICA-Python (JAX-GPU),sub-01,1145,-1.1533054055185892,,,,,,0.02534087502863258
sub-01__jax_gpu,AMICA-Python (JAX-GPU),sub-01,1146,-1.1533053338853885,,,,,,0.02531834493856877
sub-01__jax_gpu,AMICA-Python (JAX-GPU),sub-01,1147,-1.1533052613760464,,,,,,0.025405584019608796
sub-01__jax_gpu,AMICA-Python (JAX-GPU),sub-01,1148,-1.153305187292953,,,,,,0.025373065029270947
sub-01__jax_gpu,AMICA-Python (JAX-GPU),sub-01,1149,-1.1533051199670208,,,,,,0.025398714002221823
sub-01__jax_gpu,AMICA-Python (JAX-GPU),sub-01,1150,-1.1533050500726165,,,,,,0.025303245056420565
sub-01__jax_gpu,AMICA-Python (JAX-GPU),sub-01,1151,-1.1533049757943832,,,,,,0.02546741405967623
sub-01__jax_gpu,AMICA-Python (JAX-GPU),sub-01,1152,-1.1533049041375012,,,,,,0.02530830493196845
sub-01__jax_gpu,AMICA-Python (JAX-GPU),sub-01,1153,-1.153304833072149,,,,,,0.025277254986576736
sub-01__jax_gpu,AMICA-Python (JAX-GPU),sub-01,1154,-1.1533047612191147,,,,,,0.025218994938768446
sub-01__jax_gpu,AMICA-Python (JAX-GPU),sub-01,1155,-1.1533046897956296,,,,,,0.025229815975762904
sub-01__jax_gpu,AMICA-Python (JAX-GPU),sub-01,1156,-1.1533046172408599,,,,,,0.02518364496063441
sub-01__jax_gpu,AMICA-Python (JAX-GPU),sub-01,1157,-1.1533045466334695,,,,,,0.025320704909972847
sub-01__jax_gpu,AMICA-Python (JAX-GPU),sub-01,1158,-1.15330447661421,,,,,,0.02530218497850001
sub-01__jax_gpu,AMICA-Python (JAX-GPU),sub-01,1159,-1.1533044098047496,,,,,,0.025298094958998263
sub-01__jax_gpu,AMICA-Python (JAX-GPU),sub-01,1160,-1.1533043403317942,,,,,,0.025244944961741567
sub-01__jax_gpu,AMICA-Python (JAX-GPU),sub-01,1161,-1.1533042718584514,,,,,,0.025345184956677258
sub-01__jax_gpu,AMICA-Python (JAX-GPU),sub-01,1162,-1.153304200265054,,,,,,0.02525582502130419
sub-01__jax_gpu,AMICA-Python (JAX-GPU),sub-01,1163,-1.15330412783726,,,,,,0.025288464967161417
sub-01__jax_gpu,AMICA-Python (JAX-GPU),sub-01,1164,-1.1533040570960216,,,,,,0.025241166003979743
sub-01__jax_gpu,AMICA-Python (JAX-GPU),sub-01,1165,-1.1533039837298904,,,,,,0.025251564919017255
sub-01__jax_gpu,AMICA-Python (JAX-GPU),sub-01,1166,-1.1533039098410507,,,,,,0.02530808502342552
sub-01__jax_gpu,AMICA-Python (JAX-GPU),sub-01,1167,-1.1533038374959028,,,,,,0.025213315966539085
sub-01__jax_gpu,AMICA-Python (JAX-GPU),sub-01,1168,-1.1533037664499592,,,,,,0.025349405012093484
sub-01__jax_gpu,AMICA-Python (JAX-GPU),sub-01,1169,-1.1533036945517758,,,,,,0.02523701498284936
sub-01__jax_gpu,AMICA-Python (JAX-GPU),sub-01,1170,-1.1533036210005385,,,,,,0.025239965063519776
sub-01__jax_gpu,AMICA-Python (JAX-GPU),sub-01,1171,-1.1533035518125867,,,,,,0.02535487397108227
sub-01__jax_gpu,AMICA-Python (JAX-GPU),sub-01,1172,-1.1533034800577595,,,,,,0.025283155031502247
sub-01__jax_gpu,AMICA-Python (JAX-GPU),sub-01,1173,-1.1533034119162935,,,,,,0.02517394593451172
sub-01__jax_gpu,AMICA-Python (JAX-GPU),sub-01,1174,-1.1533033396142136,,,,,,0.02525409497320652
sub-01__jax_gpu,AMICA-Python (JAX-GPU),sub-01,1175,-1.1533032685282785,,,,,,0.02536959503777325
sub-01__jax_gpu,AMICA-Python (JAX-GPU),sub-01,1176,-1.1533031959874116,,,,,,0.025198066025041044
sub-01__jax_gpu,AMICA-Python (JAX-GPU),sub-01,1177,-1.1533031235040974,,,,,,0.02529396500904113
sub-01__jax_gpu,AMICA-Python (JAX-GPU),sub-01,1178,-1.1533030537930313,,,,,,0.02529386500827968
sub-01__jax_gpu,AMICA-Python (JAX-GPU),sub-01,1179,-1.1533029803970667,,,,,,0.025296724983491004
sub-01__jax_gpu,AMICA-Python (JAX-GPU),sub-01,1180,-1.1533029052431873,,,,,,0.025311845005489886
sub-01__jax_gpu,AMICA-Python (JAX-GPU),sub-01,1181,-1.153302829346716,,,,,,0.02539662504568696
sub-01__jax_gpu,AMICA-Python (JAX-GPU),sub-01,1182,-1.1533027558358375,,,,,,0.02542549406643957
sub-01__jax_gpu,AMICA-Python (JAX-GPU),sub-01,1183,-1.1533026818422052,,,,,,0.025338905048556626
sub-01__jax_gpu,AMICA-Python (JAX-GPU),sub-01,1184,-1.1533026097454309,,,,,,0.025264325086027384
sub-01__jax_gpu,AMICA-Python (JAX-GPU),sub-01,1185,-1.1533025348153738,,,,,,0.02531822503078729
sub-01__jax_gpu,AMICA-Python (JAX-GPU),sub-01,1186,-1.1533024628566342,,,,,,0.025313605088740587
sub-01__jax_gpu,AMICA-Python (JAX-GPU),sub-01,1187,-1.1533023875794033,,,,,,0.02544703404419124
sub-01__jax_gpu,AMICA-Python (JAX-GPU),sub-01,1188,-1.1533023166841037,,,,,,0.025379825034178793
sub-01__jax_gpu,AMICA-Python (JAX-GPU),sub-01,1189,-1.1533022413308478,,,,,,0.02528722502756864
sub-01__jax_gpu,AMICA-Python (JAX-GPU),sub-01,1190,-1.1533021644725925,,,,,,0.02533148496877402
sub-01__jax_gpu,AMICA-Python (JAX-GPU),sub-01,1191,-1.1533020896613704,,,,,,0.02531985507812351
sub-01__jax_gpu,AMICA-Python (JAX-GPU),sub-01,1192,-1.1533020158349416,,,,,,0.025217075017280877
sub-01__jax_gpu,AMICA-Python (JAX-GPU),sub-01,1193,-1.1533019429993463,,,,,,0.025179335963912308
sub-01__jax_gpu,AMICA-Python (JAX-GPU),sub-01,1194,-1.153301870175796,,,,,,0.02529266499914229
sub-01__jax_gpu,AMICA-Python (JAX-GPU),sub-01,1195,-1.153301794817214,,,,,,0.025351195014081895
sub-01__jax_gpu,AMICA-Python (JAX-GPU),sub-01,1196,-1.1533017234070393,,,,,,0.02525523502845317
sub-01__jax_gpu,AMICA-Python (JAX-GPU),sub-01,1197,-1.1533016465272852,,,,,,0.025234976084902883
sub-01__jax_gpu,AMICA-Python (JAX-GPU),sub-01,1198,-1.1533015742855048,,,,,,0.025255194981582463
sub-01__jax_gpu,AMICA-Python (JAX-GPU),sub-01,1199,-1.1533014962533439,,,,,,0.02531144500244409
sub-01__jax_gpu,AMICA-Python (JAX-GPU),sub-01,1200,-1.1533014243043265,,,,,,0.02530106494668871
sub-01__jax_gpu,AMICA-Python (JAX-GPU),sub-01,1201,-1.1533013444350597,,,,,,0.02536610490642488
sub-01__jax_gpu,AMICA-Python (JAX-GPU),sub-01,1202,-1.1533012710570385,,,,,,0.025388845009729266
sub-01__jax_gpu,AMICA-Python (JAX-GPU),sub-01,1203,-1.1533011940750908,,,,,,0.02535652497317642
sub-01__jax_gpu,AMICA-Python (JAX-GPU),sub-01,1204,-1.1533011192204627,,,,,,0.025367754977196455
sub-01__jax_gpu,AMICA-Python (JAX-GPU),sub-01,1205,-1.1533010449179624,,,,,,0.02538778493180871
sub-01__jax_gpu,AMICA-Python (JAX-GPU),sub-01,1206,-1.1533009704191546,,,,,,0.025347055052407086
sub-01__jax_gpu,AMICA-Python (JAX-GPU),sub-01,1207,-1.153300891516624,,,,,,0.025362664950080216
sub-01__jax_gpu,AMICA-Python (JAX-GPU),sub-01,1208,-1.153300815453884,,,,,,0.025345514994114637
sub-01__jax_gpu,AMICA-Python (JAX-GPU),sub-01,1209,-1.1533007377330335,,,,,,0.025310144992545247
sub-01__jax_gpu,AMICA-Python (JAX-GPU),sub-01,1210,-1.153300663333376,,,,,,0.025382634019479156
sub-01__jax_gpu,AMICA-Python (JAX-GPU),sub-01,1211,-1.1533005886496512,,,,,,0.02533455495722592
sub-01__jax_gpu,AMICA-Python (JAX-GPU),sub-01,1212,-1.1533005093819455,,,,,,0.02529024495743215
sub-01__jax_gpu,AMICA-Python (JAX-GPU),sub-01,1213,-1.153300431336067,,,,,,0.025364995002746582
sub-01__jax_gpu,AMICA-Python (JAX-GPU),sub-01,1214,-1.1533003521591325,,,,,,0.025270584970712662
sub-01__jax_gpu,AMICA-Python (JAX-GPU),sub-01,1215,-1.1533002746860372,,,,,,0.025326834991574287
sub-01__jax_gpu,AMICA-Python (JAX-GPU),sub-01,1216,-1.1533001990324465,,,,,,0.025292675010859966
sub-01__jax_gpu,AMICA-Python (JAX-GPU),sub-01,1217,-1.1533001227397017,,,,,,0.025319765089079738
sub-01__jax_gpu,AMICA-Python (JAX-GPU),sub-01,1218,-1.1533000428137332,,,,,,0.025431535090319812
sub-01__jax_gpu,AMICA-Python (JAX-GPU),sub-01,1219,-1.153299964301398,,,,,,0.02534714399371296
sub-01__jax_gpu,AMICA-Python (JAX-GPU),sub-01,1220,-1.1532998869405688,,,,,,0.025328605086542666
sub-01__jax_gpu,AMICA-Python (JAX-GPU),sub-01,1221,-1.1532998023881722,,,,,,0.025278825080022216
sub-01__jax_gpu,AMICA-Python (JAX-GPU),sub-01,1222,-1.1532997222699408,,,,,,0.02541656489484012
sub-01__jax_gpu,AMICA-Python (JAX-GPU),sub-01,1223,-1.153299647394338,,,,,,0.0253551040077582
sub-01__jax_gpu,AMICA-Python (JAX-GPU),sub-01,1224,-1.1532995717289012,,,,,,0.025418874924071133
sub-01__jax_gpu,AMICA-Python (JAX-GPU),sub-01,1225,-1.1532994877542648,,,,,,0.025369234033860266
sub-01__jax_gpu,AMICA-Python (JAX-GPU),sub-01,1226,-1.1532994066148483,,,,,,0.025295484927482903
sub-01__jax_gpu,AMICA-Python (JAX-GPU),sub-01,1227,-1.1532993227335597,,,,,,0.02543525502551347
sub-01__jax_gpu,AMICA-Python (JAX-GPU),sub-01,1228,-1.1532992420158932,,,,,,0.025439083925448358
sub-01__jax_gpu,AMICA-Python (JAX-GPU),sub-01,1229,-1.1532991561440504,,,,,,0.025407414068467915
sub-01__jax_gpu,AMICA-Python (JAX-GPU),sub-01,1230,-1.1532990726064598,,,,,,0.025299304979853332
sub-01__jax_gpu,AMICA-Python (JAX-GPU),sub-01,1231,-1.1532989953869017,,,,,,0.025308024953119457
sub-01__jax_gpu,AMICA-Python (JAX-GPU),sub-01,1232,-1.1532989115758479,,,,,,0.025291255093179643
sub-01__jax_gpu,AMICA-Python (JAX-GPU),sub-01,1233,-1.1532988297859237,,,,,,0.025256094988435507
sub-01__jax_gpu,AMICA-Python (JAX-GPU),sub-01,1234,-1.153298746977789,,,,,,0.025318694999441504
sub-01__jax_gpu,AMICA-Python (JAX-GPU),sub-01,1235,-1.153298662664231,,,,,,0.025325494934804738
sub-01__jax_gpu,AMICA-Python (JAX-GPU),sub-01,1236,-1.1532985840631411,,,,,,0.02534657495561987
sub-01__jax_gpu,AMICA-Python (JAX-GPU),sub-01,1237,-1.1532984970263438,,,,,,0.025417514028958976
sub-01__jax_gpu,AMICA-Python (JAX-GPU),sub-01,1238,-1.1532984122226932,,,,,,0.02537181496154517
sub-01__jax_gpu,AMICA-Python (JAX-GPU),sub-01,1239,-1.153298322566331,,,,,,0.02530511503573507
sub-01__jax_gpu,AMICA-Python (JAX-GPU),sub-01,1240,-1.1532982366810134,,,,,,0.025376964011229575
sub-01__jax_gpu,AMICA-Python (JAX-GPU),sub-01,1241,-1.1532981516766077,,,,,,0.025353244971483946
sub-01__jax_gpu,AMICA-Python (JAX-GPU),sub-01,1242,-1.153298064752124,,,,,,0.02534374501556158
sub-01__jax_gpu,AMICA-Python (JAX-GPU),sub-01,1243,-1.1532979742800629,,,,,,0.025333335041068494
sub-01__jax_gpu,AMICA-Python (JAX-GPU),sub-01,1244,-1.1532978861130145,,,,,,0.025347894988954067
sub-01__jax_gpu,AMICA-Python (JAX-GPU),sub-01,1245,-1.1532977944234053,,,,,,0.025337635073810816
sub-01__jax_gpu,AMICA-Python (JAX-GPU),sub-01,1246,-1.1532977051631947,,,,,,0.02530665509402752
sub-01__jax_gpu,AMICA-Python (JAX-GPU),sub-01,1247,-1.1532976145509986,,,,,,0.025287535972893238
sub-01__jax_gpu,AMICA-Python (JAX-GPU),sub-01,1248,-1.1532975286145584,,,,,,0.02541725500486791
sub-01__jax_gpu,AMICA-Python (JAX-GPU),sub-01,1249,-1.153297442262252,,,,,,0.02521692495793104
sub-01__jax_gpu,AMICA-Python (JAX-GPU),sub-01,1250,-1.1532973528266663,,,,,,0.025356805068440735
sub-01__jax_gpu,AMICA-Python (JAX-GPU),sub-01,1251,-1.1532972649869324,,,,,,0.02539744507521391
sub-01__jax_gpu,AMICA-Python (JAX-GPU),sub-01,1252,-1.153297176268896,,,,,,0.025321264984086156
sub-01__jax_gpu,AMICA-Python (JAX-GPU),sub-01,1253,-1.1532970855299536,,,,,,0.02529530494939536
sub-01__jax_gpu,AMICA-Python (JAX-GPU),sub-01,1254,-1.1532969962064727,,,,,,0.025324096088297665
sub-01__jax_gpu,AMICA-Python (JAX-GPU),sub-01,1255,-1.1532969060820075,,,,,,0.025309356045909226
sub-01__jax_gpu,AMICA-Python (JAX-GPU),sub-01,1256,-1.153296816732258,,,,,,0.025307614007033408
sub-01__jax_gpu,AMICA-Python (JAX-GPU),sub-01,1257,-1.1532967284973437,,,,,,0.025406935019418597
sub-01__jax_gpu,AMICA-Python (JAX-GPU),sub-01,1258,-1.1532966400613485,,,,,,0.025362045038491488
sub-01__jax_gpu,AMICA-Python (JAX-GPU),sub-01,1259,-1.1532965523211909,,,,,,0.025280804955400527
sub-01__jax_gpu,AMICA-Python (JAX-GPU),sub-01,1260,-1.1532964628989135,,,,,,0.025310144992545247
sub-01__jax_gpu,AMICA-Python (JAX-GPU),sub-01,1261,-1.1532963799377454,,,,,,0.025253074942156672
sub-01__jax_gpu,AMICA-Python (JAX-GPU),sub-01,1262,-1.1532962939982796,,,,,,0.025293465005233884
sub-01__jax_gpu,AMICA-Python (JAX-GPU),sub-01,1263,-1.1532962073116328,,,,,,0.025332945049740374
sub-01__jax_gpu,AMICA-Python (JAX-GPU),sub-01,1264,-1.1532961282609169,,,,,,0.025350605021230876
sub-01__jax_gpu,AMICA-Python (JAX-GPU),sub-01,1265,-1.1532960378654653,,,,,,0.025425014086067677
sub-01__jax_gpu,AMICA-Python (JAX-GPU),sub-01,1266,-1.1532959521605088,,,,,,0.025366914924234152
sub-01__jax_gpu,AMICA-Python (JAX-GPU),sub-01,1267,-1.1532958644304983,,,,,,0.025372104020789266
sub-01__jax_gpu,AMICA-Python (JAX-GPU),sub-01,1268,-1.1532957817263498,,,,,,0.025554573046974838
sub-01__jax_gpu,AMICA-Python (JAX-GPU),sub-01,1269,-1.1532956985211453,,,,,,0.025326945004053414
sub-01__jax_gpu,AMICA-Python (JAX-GPU),sub-01,1270,-1.153295615372019,,,,,,0.025222785072401166
sub-01__jax_gpu,AMICA-Python (JAX-GPU),sub-01,1271,-1.1532955290738607,,,,,,0.02548677404411137
sub-01__jax_gpu,AMICA-Python (JAX-GPU),sub-01,1272,-1.1532954452782271,,,,,,0.025307505973614752
sub-01__jax_gpu,AMICA-Python (JAX-GPU),sub-01,1273,-1.153295360134445,,,,,,0.02531952492427081
sub-01__jax_gpu,AMICA-Python (JAX-GPU),sub-01,1274,-1.1532952792421525,,,,,,0.025492563960142434
sub-01__jax_gpu,AMICA-Python (JAX-GPU),sub-01,1275,-1.1532951935132942,,,,,,0.025315815000794828
sub-01__jax_gpu,AMICA-Python (JAX-GPU),sub-01,1276,-1.1532951089934247,,,,,,0.025279426015913486
sub-01__jax_gpu,AMICA-Python (JAX-GPU),sub-01,1277,-1.153295024459858,,,,,,0.02526394499000162
sub-01__jax_gpu,AMICA-Python (JAX-GPU),sub-01,1278,-1.153294943132947,,,,,,0.02527770504821092
sub-01__jax_gpu,AMICA-Python (JAX-GPU),sub-01,1279,-1.153294856377325,,,,,,0.02521600597538054
sub-01__jax_gpu,AMICA-Python (JAX-GPU),sub-01,1280,-1.153294769758098,,,,,,0.02521162503398955
sub-01__jax_gpu,AMICA-Python (JAX-GPU),sub-01,1281,-1.1532946790446947,,,,,,0.02529337501619011
sub-01__jax_gpu,AMICA-Python (JAX-GPU),sub-01,1282,-1.1532945923456555,,,,,,0.025307295029051602
sub-01__jax_gpu,AMICA-Python (JAX-GPU),sub-01,1283,-1.1532945027346253,,,,,,0.02525062602944672
sub-01__jax_gpu,AMICA-Python (JAX-GPU),sub-01,1284,-1.153294412029271,,,,,,0.025193426059558988
sub-01__jax_gpu,AMICA-Python (JAX-GPU),sub-01,1285,-1.1532943263516346,,,,,,0.02525927498936653
sub-01__jax_gpu,AMICA-Python (JAX-GPU),sub-01,1286,-1.1532942392785117,,,,,,0.025289084995165467
sub-01__jax_gpu,AMICA-Python (JAX-GPU),sub-01,1287,-1.1532941526517333,,,,,,0.025356895057484508
sub-01__jax_gpu,AMICA-Python (JAX-GPU),sub-01,1288,-1.1532940658401987,,,,,,0.025302584981545806
sub-01__jax_gpu,AMICA-Python (JAX-GPU),sub-01,1289,-1.1532939776337778,,,,,,0.02529591496568173
sub-01__jax_gpu,AMICA-Python (JAX-GPU),sub-01,1290,-1.1532938911746184,,,,,,0.02533106494229287
sub-01__jax_gpu,AMICA-Python (JAX-GPU),sub-01,1291,-1.1532937967457706,,,,,,0.02524112502578646
sub-01__jax_gpu,AMICA-Python (JAX-GPU),sub-01,1292,-1.1532937060382469,,,,,,0.02527574496343732
sub-01__jax_gpu,AMICA-Python (JAX-GPU),sub-01,1293,-1.153293610558745,,,,,,0.025259315967559814
sub-01__jax_gpu,AMICA-Python (JAX-GPU),sub-01,1294,-1.1532935209325592,,,,,,0.025289406068623066
sub-01__jax_gpu,AMICA-Python (JAX-GPU),sub-01,1295,-1.153293422889351,,,,,,0.02522159507498145
sub-01__jax_gpu,AMICA-Python (JAX-GPU),sub-01,1296,-1.1532933315465086,,,,,,0.025230325991287827
sub-01__jax_gpu,AMICA-Python (JAX-GPU),sub-01,1297,-1.153293235365298,,,,,,0.02533207496162504
sub-01__jax_gpu,AMICA-Python (JAX-GPU),sub-01,1298,-1.1532931466815377,,,,,,0.025296465028077364
sub-01__jax_gpu,AMICA-Python (JAX-GPU),sub-01,1299,-1.1532930492804037,,,,,,0.02524630492553115
sub-01__jax_gpu,AMICA-Python (JAX-GPU),sub-01,1300,-1.1532929613842742,,,,,,0.025276144966483116
sub-01__jax_gpu,AMICA-Python (JAX-GPU),sub-01,1301,-1.153292862588223,,,,,,0.02532718505244702
sub-01__jax_gpu,AMICA-Python (JAX-GPU),sub-01,1302,-1.1532927679682285,,,,,,0.02539991494268179
sub-01__jax_gpu,AMICA-Python (JAX-GPU),sub-01,1303,-1.153292672964182,,,,,,0.025272035039961338
sub-01__jax_gpu,AMICA-Python (JAX-GPU),sub-01,1304,-1.1532925814984072,,,,,,0.02535388502292335
sub-01__jax_gpu,AMICA-Python (JAX-GPU),sub-01,1305,-1.1532924876358375,,,,,,0.025331204989925027
sub-01__jax_gpu,AMICA-Python (JAX-GPU),sub-01,1306,-1.1532923949352194,,,,,,0.025426483945921063
sub-01__jax_gpu,AMICA-Python (JAX-GPU),sub-01,1307,-1.153292298177422,,,,,,0.0253050250466913
sub-01__jax_gpu,AMICA-Python (JAX-GPU),sub-01,1308,-1.153292203122064,,,,,,0.02537181496154517
sub-01__jax_gpu,AMICA-Python (JAX-GPU),sub-01,1309,-1.153292105810993,,,,,,0.025385953951627016
sub-01__jax_gpu,AMICA-Python (JAX-GPU),sub-01,1310,-1.153292011804834,,,,,,0.025440374040044844
sub-01__jax_gpu,AMICA-Python (JAX-GPU),sub-01,1311,-1.1532919115646931,,,,,,0.02533774496987462
sub-01__jax_gpu,AMICA-Python (JAX-GPU),sub-01,1312,-1.153291815041964,,,,,,0.025345955044031143
sub-01__jax_gpu,AMICA-Python (JAX-GPU),sub-01,1313,-1.1532917161040332,,,,,,0.02530316507909447
sub-01__jax_gpu,AMICA-Python (JAX-GPU),sub-01,1314,-1.1532916163711011,,,,,,0.025353615055792034
sub-01__jax_gpu,AMICA-Python (JAX-GPU),sub-01,1315,-1.153291517761904,,,,,,0.025255574961192906
sub-01__jax_gpu,AMICA-Python (JAX-GPU),sub-01,1316,-1.1532914189743733,,,,,,0.025393344927579165
sub-01__jax_gpu,AMICA-Python (JAX-GPU),sub-01,1317,-1.153291319011853,,,,,,0.025378164020366967
sub-01__jax_gpu,AMICA-Python (JAX-GPU),sub-01,1318,-1.1532912217877753,,,,,,0.025390535010956228
sub-01__jax_gpu,AMICA-Python (JAX-GPU),sub-01,1319,-1.1532911257573761,,,,,,0.02533903403673321
sub-01__jax_gpu,AMICA-Python (JAX-GPU),sub-01,1320,-1.1532910257413054,,,,,,0.02528117597103119
sub-01__jax_gpu,AMICA-Python (JAX-GPU),sub-01,1321,-1.1532909298859306,,,,,,0.025221114978194237
sub-01__jax_gpu,AMICA-Python (JAX-GPU),sub-01,1322,-1.1532908288155665,,,,,,0.02530612493865192
sub-01__jax_gpu,AMICA-Python (JAX-GPU),sub-01,1323,-1.1532907309785032,,,,,,0.025298255030065775
sub-01__jax_gpu,AMICA-Python (JAX-GPU),sub-01,1324,-1.153290631242176,,,,,,0.025361815001815557
sub-01__jax_gpu,AMICA-Python (JAX-GPU),sub-01,1325,-1.1532905298539249,,,,,,0.025331125012598932
sub-01__jax_gpu,AMICA-Python (JAX-GPU),sub-01,1326,-1.153290431029206,,,,,,0.02548335399478674
sub-01__jax_gpu,AMICA-Python (JAX-GPU),sub-01,1327,-1.1532903332368798,,,,,,0.025394205003976822
sub-01__jax_gpu,AMICA-Python (JAX-GPU),sub-01,1328,-1.1532902360303579,,,,,,0.02537618495989591
sub-01__jax_gpu,AMICA-Python (JAX-GPU),sub-01,1329,-1.1532901309935328,,,,,,0.025413184892386198
sub-01__jax_gpu,AMICA-Python (JAX-GPU),sub-01,1330,-1.153290035472969,,,,,,0.025349534931592643
sub-01__jax_gpu,AMICA-Python (JAX-GPU),sub-01,1331,-1.1532899360756486,,,,,,0.025307254982180893
sub-01__jax_gpu,AMICA-Python (JAX-GPU),sub-01,1332,-1.1532898357820438,,,,,,0.025341165019199252
sub-01__jax_gpu,AMICA-Python (JAX-GPU),sub-01,1333,-1.153289732698429,,,,,,0.025336424936540425
sub-01__jax_gpu,AMICA-Python (JAX-GPU),sub-01,1334,-1.1532896330782898,,,,,,0.0254222450312227
sub-01__jax_gpu,AMICA-Python (JAX-GPU),sub-01,1335,-1.1532895308569076,,,,,,0.025327145936898887
sub-01__jax_gpu,AMICA-Python (JAX-GPU),sub-01,1336,-1.1532894309614792,,,,,,0.02526448597200215
sub-01__jax_gpu,AMICA-Python (JAX-GPU),sub-01,1337,-1.1532893324344593,,,,,,0.025343635003082454
sub-01__jax_gpu,AMICA-Python (JAX-GPU),sub-01,1338,-1.153289233525781,,,,,,0.025305295013822615
sub-01__jax_gpu,AMICA-Python (JAX-GPU),sub-01,1339,-1.1532891339080649,,,,,,0.025231705978512764
sub-01__jax_gpu,AMICA-Python (JAX-GPU),sub-01,1340,-1.1532890408143261,,,,,,0.025294066057540476
sub-01__jax_gpu,AMICA-Python (JAX-GPU),sub-01,1341,-1.1532889416176058,,,,,,0.025324036017991602
sub-01__jax_gpu,AMICA-Python (JAX-GPU),sub-01,1342,-1.1532888463452575,,,,,,0.02527673600707203
sub-01__jax_gpu,AMICA-Python (JAX-GPU),sub-01,1343,-1.153288740785839,,,,,,0.025357075035572052
sub-01__jax_gpu,AMICA-Python (JAX-GPU),sub-01,1344,-1.1532886434258067,,,,,,0.02527969505172223
sub-01__jax_gpu,AMICA-Python (JAX-GPU),sub-01,1345,-1.1532885461324454,,,,,,0.025282905902713537
sub-01__jax_gpu,AMICA-Python (JAX-GPU),sub-01,1346,-1.1532884462204083,,,,,,0.025428934954106808
sub-01__jax_gpu,AMICA-Python (JAX-GPU),sub-01,1347,-1.1532883484310275,,,,,,0.02533745497930795
sub-01__jax_gpu,AMICA-Python (JAX-GPU),sub-01,1348,-1.1532882504833737,,,,,,0.02538700494915247
sub-01__jax_gpu,AMICA-Python (JAX-GPU),sub-01,1349,-1.1532881492310818,,,,,,0.025453325011767447
sub-01__jax_gpu,AMICA-Python (JAX-GPU),sub-01,1350,-1.1532880544079946,,,,,,0.02536656497977674
sub-01__jax_gpu,AMICA-Python (JAX-GPU),sub-01,1351,-1.1532879545486443,,,,,,0.025403524981811643
sub-01__jax_gpu,AMICA-Python (JAX-GPU),sub-01,1352,-1.1532878622774185,,,,,,0.025422714999876916
sub-01__jax_gpu,AMICA-Python (JAX-GPU),sub-01,1353,-1.1532877614733343,,,,,,0.025399085017852485
sub-01__jax_gpu,AMICA-Python (JAX-GPU),sub-01,1354,-1.1532876587817342,,,,,,0.025375735014677048
sub-01__jax_gpu,AMICA-Python (JAX-GPU),sub-01,1355,-1.1532875598545007,,,,,,0.025410115020349622
sub-01__jax_gpu,AMICA-Python (JAX-GPU),sub-01,1356,-1.1532874623373779,,,,,,0.025286035961471498
sub-01__jax_gpu,AMICA-Python (JAX-GPU),sub-01,1357,-1.1532873732789575,,,,,,0.02533359604422003
sub-01__jax_gpu,AMICA-Python (JAX-GPU),sub-01,1358,-1.15328727098138,,,,,,0.025348305935040116
sub-01__jax_gpu,AMICA-Python (JAX-GPU),sub-01,1359,-1.1532871826333861,,,,,,0.025318015017546713
sub-01__jax_gpu,AMICA-Python (JAX-GPU),sub-01,1360,-1.1532870880937192,,,,,,0.02550658502150327
sub-01__jax_gpu,AMICA-Python (JAX-GPU),sub-01,1361,-1.1532869996945943,,,,,,0.025401556049473584
sub-01__jax_gpu,AMICA-Python (JAX-GPU),sub-01,1362,-1.1532868968396104,,,,,,0.025375986006110907
sub-01__jax_gpu,AMICA-Python (JAX-GPU),sub-01,1363,-1.1532868066638458,,,,,,0.025323785026557744
sub-01__jax_gpu,AMICA-Python (JAX-GPU),sub-01,1364,-1.15328670932154,,,,,,0.025470824912190437
sub-01__jax_gpu,AMICA-Python (JAX-GPU),sub-01,1365,-1.1532866095026493,,,,,,0.025436414987780154
sub-01__jax_gpu,AMICA-Python (JAX-GPU),sub-01,1366,-1.1532865075914391,,,,,,0.025290095014497638
sub-01__jax_gpu,AMICA-Python (JAX-GPU),sub-01,1367,-1.1532864097052378,,,,,,0.025330675998702645
sub-01__jax_gpu,AMICA-Python (JAX-GPU),sub-01,1368,-1.153286313038155,,,,,,0.02543532394338399
sub-01__jax_gpu,AMICA-Python (JAX-GPU),sub-01,1369,-1.1532862132387145,,,,,,0.02537053602281958
sub-01__jax_gpu,AMICA-Python (JAX-GPU),sub-01,1370,-1.1532861143093005,,,,,,0.025341514963656664
sub-01__jax_gpu,AMICA-Python (JAX-GPU),sub-01,1371,-1.1532860146929356,,,,,,0.02550606499426067
sub-01__jax_gpu,AMICA-Python (JAX-GPU),sub-01,1372,-1.1532859158739184,,,,,,0.02542104502208531
sub-01__jax_gpu,AMICA-Python (JAX-GPU),sub-01,1373,-1.153285815612173,,,,,,0.025435495073907077
sub-01__jax_gpu,AMICA-Python (JAX-GPU),sub-01,1374,-1.1532857169420285,,,,,,0.025351515039801598
sub-01__jax_gpu,AMICA-Python (JAX-GPU),sub-01,1375,-1.1532856150046331,,,,,,0.02532311505638063
sub-01__jax_gpu,AMICA-Python (JAX-GPU),sub-01,1376,-1.153285515278922,,,,,,0.02535332494881004
sub-01__jax_gpu,AMICA-Python (JAX-GPU),sub-01,1377,-1.1532854180737833,,,,,,0.025486325030215085
sub-01__jax_gpu,AMICA-Python (JAX-GPU),sub-01,1378,-1.1532853269589154,,,,,,0.025329345022328198
sub-01__jax_gpu,AMICA-Python (JAX-GPU),sub-01,1379,-1.153285224324712,,,,,,0.02536826499272138
sub-01__jax_gpu,AMICA-Python (JAX-GPU),sub-01,1380,-1.1532851338890149,,,,,,0.02527337591163814
sub-01__jax_gpu,AMICA-Python (JAX-GPU),sub-01,1381,-1.1532850353578454,,,,,,0.025313276099041104
sub-01__jax_gpu,AMICA-Python (JAX-GPU),sub-01,1382,-1.1532849349966172,,,,,,0.025293254991993308
sub-01__jax_gpu,AMICA-Python (JAX-GPU),sub-01,1383,-1.1532848360520656,,,,,,0.025286755990236998
sub-01__jax_gpu,AMICA-Python (JAX-GPU),sub-01,1384,-1.1532847394014933,,,,,,0.02523902605753392
sub-01__jax_gpu,AMICA-Python (JAX-GPU),sub-01,1385,-1.1532846339136695,,,,,,0.025336285936646163
sub-01__jax_gpu,AMICA-Python (JAX-GPU),sub-01,1386,-1.153284541991438,,,,,,0.0254040549043566
sub-01__jax_gpu,AMICA-Python (JAX-GPU),sub-01,1387,-1.1532844392772479,,,,,,0.0252940459176898
sub-01__jax_gpu,AMICA-Python (JAX-GPU),sub-01,1388,-1.1532843446065228,,,,,,0.02529721602331847
sub-01__jax_gpu,AMICA-Python (JAX-GPU),sub-01,1389,-1.1532842448035205,,,,,,0.02538556489162147
sub-01__jax_gpu,AMICA-Python (JAX-GPU),sub-01,1390,-1.1532841472810136,,,,,,0.025301735033281147
sub-01__jax_gpu,AMICA-Python (JAX-GPU),sub-01,1391,-1.1532840401244373,,,,,,0.025300396024249494
sub-01__jax_gpu,AMICA-Python (JAX-GPU),sub-01,1392,-1.1532839434206925,,,,,,0.02525997592601925
sub-01__jax_gpu,AMICA-Python (JAX-GPU),sub-01,1393,-1.1532838410454878,,,,,,0.025368234957568347
sub-01__jax_gpu,AMICA-Python (JAX-GPU),sub-01,1394,-1.1532837361358514,,,,,,0.025423954939469695
sub-01__jax_gpu,AMICA-Python (JAX-GPU),sub-01,1395,-1.1532836345650346,,,,,,0.025407684966921806
sub-01__jax_gpu,AMICA-Python (JAX-GPU),sub-01,1396,-1.1532835276023166,,,,,,0.02545945404563099
sub-01__jax_gpu,AMICA-Python (JAX-GPU),sub-01,1397,-1.1532834222202242,,,,,,0.025221446063369513
sub-01__jax_gpu,AMICA-Python (JAX-GPU),sub-01,1398,-1.1532833178445883,,,,,,0.025265636038966477
sub-01__jax_gpu,AMICA-Python (JAX-GPU),sub-01,1399,-1.1532832174392609,,,,,,0.025355846039019525
sub-01__jax_gpu,AMICA-Python (JAX-GPU),sub-01,1400,-1.1532831130851153,,,,,,0.025362765067256987
sub-01__jax_gpu,AMICA-Python (JAX-GPU),sub-01,1401,-1.1532830116635915,,,,,,0.02533354493789375
sub-01__jax_gpu,AMICA-Python (JAX-GPU),sub-01,1402,-1.15328291027936,,,,,,0.02524338592775166
sub-01__jax_gpu,AMICA-Python (JAX-GPU),sub-01,1403,-1.1532828018006387,,,,,,0.025287935975939035
sub-01__jax_gpu,AMICA-Python (JAX-GPU),sub-01,1404,-1.153282693355791,,,,,,0.025233295978978276
sub-01__jax_gpu,AMICA-Python (JAX-GPU),sub-01,1405,-1.1532825891862606,,,,,,0.02539623505435884
sub-01__jax_gpu,AMICA-Python (JAX-GPU),sub-01,1406,-1.1532824862366609,,,,,,0.025225735967978835
sub-01__jax_gpu,AMICA-Python (JAX-GPU),sub-01,1407,-1.1532823796225855,,,,,,0.025352575932629406
sub-01__jax_gpu,AMICA-Python (JAX-GPU),sub-01,1408,-1.1532822786703947,,,,,,0.025390953989699483
sub-01__jax_gpu,AMICA-Python (JAX-GPU),sub-01,1409,-1.1532821687523183,,,,,,0.02530742494855076
sub-01__jax_gpu,AMICA-Python (JAX-GPU),sub-01,1410,-1.1532820596760225,,,,,,0.025366814923472703
sub-01__jax_gpu,AMICA-Python (JAX-GPU),sub-01,1411,-1.1532819514210946,,,,,,0.02546501497272402
sub-01__jax_gpu,AMICA-Python (JAX-GPU),sub-01,1412,-1.1532818420841753,,,,,,0.02572614303790033
sub-01__jax_gpu,AMICA-Python (JAX-GPU),sub-01,1413,-1.1532817240362907,,,,,,0.02538707503117621
sub-01__jax_gpu,AMICA-Python (JAX-GPU),sub-01,1414,-1.1532816100603007,,,,,,0.025239626062102616
sub-01__jax_gpu,AMICA-Python (JAX-GPU),sub-01,1415,-1.1532814990039573,,,,,,0.025191275984980166
sub-01__jax_gpu,AMICA-Python (JAX-GPU),sub-01,1416,-1.1532813954620478,,,,,,0.02527047600597143
sub-01__jax_gpu,AMICA-Python (JAX-GPU),sub-01,1417,-1.1532812880657828,,,,,,0.025213315966539085
sub-01__jax_gpu,AMICA-Python (JAX-GPU),sub-01,1418,-1.1532811711549982,,,,,,0.025251166080124676
sub-01__jax_gpu,AMICA-Python (JAX-GPU),sub-01,1419,-1.1532810534438112,,,,,,0.0253684549825266
sub-01__jax_gpu,AMICA-Python (JAX-GPU),sub-01,1420,-1.153280940399586,,,,,,0.025318605941720307
sub-01__jax_gpu,AMICA-Python (JAX-GPU),sub-01,1421,-1.1532808224787268,,,,,,0.025349135044962168
sub-01__jax_gpu,AMICA-Python (JAX-GPU),sub-01,1422,-1.1532807045346878,,,,,,0.025471745058894157
sub-01__jax_gpu,AMICA-Python (JAX-GPU),sub-01,1423,-1.153280586998284,,,,,,0.02543758403044194
sub-01__jax_gpu,AMICA-Python (JAX-GPU),sub-01,1424,-1.1532804697899441,,,,,,0.025384915992617607
sub-01__jax_gpu,AMICA-Python (JAX-GPU),sub-01,1425,-1.1532803592439687,,,,,,0.025351525051519275
sub-01__jax_gpu,AMICA-Python (JAX-GPU),sub-01,1426,-1.1532802382270853,,,,,,0.0254029450006783
sub-01__jax_gpu,AMICA-Python (JAX-GPU),sub-01,1427,-1.1532801357326543,,,,,,0.025417215074412525
sub-01__jax_gpu,AMICA-Python (JAX-GPU),sub-01,1428,-1.1532800159635632,,,,,,0.025301174959167838
sub-01__jax_gpu,AMICA-Python (JAX-GPU),sub-01,1429,-1.153279903001542,,,,,,0.025369966053403914
sub-01__jax_gpu,AMICA-Python (JAX-GPU),sub-01,1430,-1.1532797837593736,,,,,,0.025359324994497
sub-01__jax_gpu,AMICA-Python (JAX-GPU),sub-01,1431,-1.1532796586004983,,,,,,0.025266415905207396
sub-01__jax_gpu,AMICA-Python (JAX-GPU),sub-01,1432,-1.1532795430563205,,,,,,0.02537839498836547
sub-01__jax_gpu,AMICA-Python (JAX-GPU),sub-01,1433,-1.1532794198242948,,,,,,0.025364835048094392
sub-01__jax_gpu,AMICA-Python (JAX-GPU),sub-01,1434,-1.1532792923654038,,,,,,0.025319664971902966
sub-01__jax_gpu,AMICA-Python (JAX-GPU),sub-01,1435,-1.153279174792175,,,,,,0.025320685002952814
sub-01__jax_gpu,AMICA-Python (JAX-GPU),sub-01,1436,-1.1532790538679312,,,,,,0.025421745027415454
sub-01__jax_gpu,AMICA-Python (JAX-GPU),sub-01,1437,-1.1532789203874503,,,,,,0.025273815961554646
sub-01__jax_gpu,AMICA-Python (JAX-GPU),sub-01,1438,-1.15327880084386,,,,,,0.02537765505257994
sub-01__jax_gpu,AMICA-Python (JAX-GPU),sub-01,1439,-1.1532786741296381,,,,,,0.025411215028725564
sub-01__jax_gpu,AMICA-Python (JAX-GPU),sub-01,1440,-1.1532785438342934,,,,,,0.02537305501755327
sub-01__jax_gpu,AMICA-Python (JAX-GPU),sub-01,1441,-1.1532784177658226,,,,,,0.025310775032266974
sub-01__jax_gpu,AMICA-Python (JAX-GPU),sub-01,1442,-1.153278294828775,,,,,,0.025387475034222007
sub-01__jax_gpu,AMICA-Python (JAX-GPU),sub-01,1443,-1.153278161349288,,,,,,0.025376225006766617
sub-01__jax_gpu,AMICA-Python (JAX-GPU),sub-01,1444,-1.1532780305344752,,,,,,0.02540167490951717
sub-01__jax_gpu,AMICA-Python (JAX-GPU),sub-01,1445,-1.1532778937182935,,,,,,0.025308385025709867
sub-01__jax_gpu,AMICA-Python (JAX-GPU),sub-01,1446,-1.1532777637346514,,,,,,0.02537837508134544
sub-01__jax_gpu,AMICA-Python (JAX-GPU),sub-01,1447,-1.1532776337150925,,,,,,0.02542010392062366
sub-01__jax_gpu,AMICA-Python (JAX-GPU),sub-01,1448,-1.153277504093053,,,,,,0.025383424945175648
sub-01__jax_gpu,AMICA-Python (JAX-GPU),sub-01,1449,-1.153277372793733,,,,,,0.025311914971098304
sub-01__jax_gpu,AMICA-Python (JAX-GPU),sub-01,1450,-1.1532772380925613,,,,,,0.02542827499564737
sub-01__jax_gpu,AMICA-Python (JAX-GPU),sub-01,1451,-1.1532770948439288,,,,,,0.02534182497765869
sub-01__jax_gpu,AMICA-Python (JAX-GPU),sub-01,1452,-1.1532769523982875,,,,,,0.025353325065225363
sub-01__jax_gpu,AMICA-Python (JAX-GPU),sub-01,1453,-1.1532768226945673,,,,,,0.025264195981435478
sub-01__jax_gpu,AMICA-Python (JAX-GPU),sub-01,1454,-1.1532767223698002,,,,,,0.02535504591651261
sub-01__jax_gpu,AMICA-Python (JAX-GPU),sub-01,1455,-1.153276579547949,,,,,,0.025376876001246274
sub-01__jax_gpu,AMICA-Python (JAX-GPU),sub-01,1456,-1.153276437050602,,,,,,0.025222055963240564
sub-01__jax_gpu,AMICA-Python (JAX-GPU),sub-01,1457,-1.1532763228142335,,,,,,0.025269735953770578
sub-01__jax_gpu,AMICA-Python (JAX-GPU),sub-01,1458,-1.1532761786693595,,,,,,0.025184405967593193
sub-01__jax_gpu,AMICA-Python (JAX-GPU),sub-01,1459,-1.1532760310703054,,,,,,0.025411705020815134
sub-01__jax_gpu,AMICA-Python (JAX-GPU),sub-01,1460,-1.1532758807563346,,,,,,0.025253526051528752
sub-01__jax_gpu,AMICA-Python (JAX-GPU),sub-01,1461,-1.1532757296856404,,,,,,0.025307154981419444
sub-01__jax_gpu,AMICA-Python (JAX-GPU),sub-01,1462,-1.1532755768483658,,,,,,0.025349745992571115
sub-01__jax_gpu,AMICA-Python (JAX-GPU),sub-01,1463,-1.1532754191065004,,,,,,0.025188565952703357
sub-01__jax_gpu,AMICA-Python (JAX-GPU),sub-01,1464,-1.153275267692563,,,,,,0.025296155945397913
sub-01__jax_gpu,AMICA-Python (JAX-GPU),sub-01,1465,-1.1532751130742758,,,,,,0.025336615042760968
sub-01__jax_gpu,AMICA-Python (JAX-GPU),sub-01,1466,-1.1532749605900912,,,,,,0.025223976001143456
sub-01__jax_gpu,AMICA-Python (JAX-GPU),sub-01,1467,-1.1532748014796088,,,,,,0.025285365991294384
sub-01__jax_gpu,AMICA-Python (JAX-GPU),sub-01,1468,-1.1532746393978923,,,,,,0.02525212592445314
sub-01__jax_gpu,AMICA-Python (JAX-GPU),sub-01,1469,-1.1532744831320163,,,,,,0.02528095501475036
sub-01__jax_gpu,AMICA-Python (JAX-GPU),sub-01,1470,-1.1532743268740233,,,,,,0.025210577063262463
sub-01__jax_gpu,AMICA-Python (JAX-GPU),sub-01,1471,-1.1532741902573207,,,,,,0.02520407608244568
sub-01__jax_gpu,AMICA-Python (JAX-GPU),sub-01,1472,-1.1532740574647022,,,,,,0.025344564928673208
sub-01__jax_gpu,AMICA-Python (JAX-GPU),sub-01,1473,-1.1532739226213051,,,,,,0.025194916990585625
sub-01__jax_gpu,AMICA-Python (JAX-GPU),sub-01,1474,-1.1532737610108734,,,,,,0.025144107057712972
sub-01__jax_gpu,AMICA-Python (JAX-GPU),sub-01,1475,-1.1532736368302958,,,,,,0.02531978499609977
sub-01__jax_gpu,AMICA-Python (JAX-GPU),sub-01,1476,-1.1532734804258387,,,,,,0.025269955047406256
sub-01__jax_gpu,AMICA-Python (JAX-GPU),sub-01,1477,-1.1532733281073133,,,,,,0.025134187075309455
sub-01__jax_gpu,AMICA-Python (JAX-GPU),sub-01,1478,-1.153273171023982,,,,,,0.025193926063366234
sub-01__jax_gpu,AMICA-Python (JAX-GPU),sub-01,1479,-1.1532730157559141,,,,,,0.02529163600411266
sub-01__jax_gpu,AMICA-Python (JAX-GPU),sub-01,1480,-1.1532728666517196,,,,,,0.025240545975975692
sub-01__jax_gpu,AMICA-Python (JAX-GPU),sub-01,1481,-1.153272710079559,,,,,,0.025210806052200496
sub-01__jax_gpu,AMICA-Python (JAX-GPU),sub-01,1482,-1.153272553234299,,,,,,0.02522695600055158
sub-01__jax_gpu,AMICA-Python (JAX-GPU),sub-01,1483,-1.1532724052902785,,,,,,0.02521809609606862
sub-01__jax_gpu,AMICA-Python (JAX-GPU),sub-01,1484,-1.1532722625965826,,,,,,0.025260265916585922
sub-01__jax_gpu,AMICA-Python (JAX-GPU),sub-01,1485,-1.1532721001168276,,,,,,0.025254486012272537
sub-01__jax_gpu,AMICA-Python (JAX-GPU),sub-01,1486,-1.1532719477639708,,,,,,0.02523012598976493
sub-01__jax_gpu,AMICA-Python (JAX-GPU),sub-01,1487,-1.1532717821212852,,,,,,0.02520543592981994
sub-01__jax_gpu,AMICA-Python (JAX-GPU),sub-01,1488,-1.1532716141296002,,,,,,0.02525157597847283
sub-01__jax_gpu,AMICA-Python (JAX-GPU),sub-01,1489,-1.1532714654831269,,,,,,0.025288956006988883
sub-01__jax_gpu,AMICA-Python (JAX-GPU),sub-01,1490,-1.1532712990669458,,,,,,0.025308385025709867
sub-01__jax_gpu,AMICA-Python (JAX-GPU),sub-01,1491,-1.153271128322489,,,,,,0.025252865976653993
sub-01__jax_gpu,AMICA-Python (JAX-GPU),sub-01,1492,-1.1532709578518412,,,,,,0.025224206037819386
sub-01__jax_gpu,AMICA-Python (JAX-GPU),sub-01,1493,-1.1532707858099729,,,,,,0.025310005992650986
sub-01__jax_gpu,AMICA-Python (JAX-GPU),sub-01,1494,-1.153270620218879,,,,,,0.025210386025719345
sub-01__jax_gpu,AMICA-Python (JAX-GPU),sub-01,1495,-1.1532704514775525,,,,,,0.025310135912150145
sub-01__jax_gpu,AMICA-Python (JAX-GPU),sub-01,1496,-1.1532702798499044,,,,,,0.025274524930864573
sub-01__jax_gpu,AMICA-Python (JAX-GPU),sub-01,1497,-1.1532701084042358,,,,,,0.025275976047851145
sub-01__jax_gpu,AMICA-Python (JAX-GPU),sub-01,1498,-1.1532699529440975,,,,,,0.02517041703686118
sub-01__jax_gpu,AMICA-Python (JAX-GPU),sub-01,1499,-1.1532697883158887,,,,,,0.025290305027738214
sub-01__jax_gpu,AMICA-Python (JAX-GPU),sub-01,1500,-1.153269620611103,,,,,,0.025229605962522328
sub-01__jax_gpu,AMICA-Python (JAX-GPU),sub-01,1501,-1.1532694478382577,,,,,,0.025234446045942605
sub-01__jax_gpu,AMICA-Python (JAX-GPU),sub-01,1502,-1.1532692936630926,,,,,,0.02535393601283431
sub-01__jax_gpu,AMICA-Python (JAX-GPU),sub-01,1503,-1.1532691184723582,,,,,,0.025255084969103336
sub-01__jax_gpu,AMICA-Python (JAX-GPU),sub-01,1504,-1.15326895829099,,,,,,0.025300305103883147
sub-01__jax_gpu,AMICA-Python (JAX-GPU),sub-01,1505,-1.1532688397785793,,,,,,0.025338075938634574
sub-01__jax_gpu,AMICA-Python (JAX-GPU),sub-01,1506,-1.1532686734491928,,,,,,0.02515468595083803
sub-01__jax_gpu,AMICA-Python (JAX-GPU),sub-01,1507,-1.1532685032791732,,,,,,0.025258246110752225
sub-01__jax_gpu,AMICA-Python (JAX-GPU),sub-01,1508,-1.153268336349996,,,,,,0.025328704970888793
sub-01__jax_gpu,AMICA-Python (JAX-GPU),sub-01,1509,-1.153268160340351,,,,,,0.025284854928031564
sub-01__jax_gpu,AMICA-Python (JAX-GPU),sub-01,1510,-1.1532679912848884,,,,,,0.02528450603131205
sub-01__jax_gpu,AMICA-Python (JAX-GPU),sub-01,1511,-1.153267817677498,,,,,,0.025241255993023515
sub-01__jax_gpu,AMICA-Python (JAX-GPU),sub-01,1512,-1.1532676393555548,,,,,,0.02528112498112023
sub-01__jax_gpu,AMICA-Python (JAX-GPU),sub-01,1513,-1.1532674629123092,,,,,,0.025281475973315537
sub-01__jax_gpu,AMICA-Python (JAX-GPU),sub-01,1514,-1.1532673054566391,,,,,,0.02518335694912821
sub-01__jax_gpu,AMICA-Python (JAX-GPU),sub-01,1515,-1.1532671411765714,,,,,,0.025235886103473604
sub-01__jax_gpu,AMICA-Python (JAX-GPU),sub-01,1516,-1.1532669743729125,,,,,,0.025148936081677675
sub-01__jax_gpu,AMICA-Python (JAX-GPU),sub-01,1517,-1.1532668047610757,,,,,,0.025257286033593118
sub-01__jax_gpu,AMICA-Python (JAX-GPU),sub-01,1518,-1.1532666337194106,,,,,,0.025309256045147777
sub-01__jax_gpu,AMICA-Python (JAX-GPU),sub-01,1519,-1.1532664670465598,,,,,,0.02524176600854844
sub-01__jax_gpu,AMICA-Python (JAX-GPU),sub-01,1520,-1.1532663011318767,,,,,,0.025209796032868326
sub-01__jax_gpu,AMICA-Python (JAX-GPU),sub-01,1521,-1.1532661436927611,,,,,,0.02515762601979077
sub-01__jax_gpu,AMICA-Python (JAX-GPU),sub-01,1522,-1.1532659725109988,,,,,,0.02531494607683271
sub-01__jax_gpu,AMICA-Python (JAX-GPU),sub-01,1523,-1.1532658024105507,,,,,,0.0252171759493649
sub-01__jax_gpu,AMICA-Python (JAX-GPU),sub-01,1524,-1.1532656374422678,,,,,,0.025334834936074913
sub-01__jax_gpu,AMICA-Python (JAX-GPU),sub-01,1525,-1.1532654683186947,,,,,,0.025416424963623285
sub-01__jax_gpu,AMICA-Python (JAX-GPU),sub-01,1526,-1.1532653033730005,,,,,,0.025366805959492922
sub-01__jax_gpu,AMICA-Python (JAX-GPU),sub-01,1527,-1.1532651361431216,,,,,,0.025404173997230828
sub-01__jax_gpu,AMICA-Python (JAX-GPU),sub-01,1528,-1.153264976296946,,,,,,0.02541060501243919
sub-01__jax_gpu,AMICA-Python (JAX-GPU),sub-01,1529,-1.1532648165177857,,,,,,0.025423004990443587
sub-01__jax_gpu,AMICA-Python (JAX-GPU),sub-01,1530,-1.1532646625089744,,,,,,0.025382364983670413
sub-01__jax_gpu,AMICA-Python (JAX-GPU),sub-01,1531,-1.1532644957070934,,,,,,0.025240565999411047
sub-01__jax_gpu,AMICA-Python (JAX-GPU),sub-01,1532,-1.1532643382360688,,,,,,0.02529082598630339
sub-01__jax_gpu,AMICA-Python (JAX-GPU),sub-01,1533,-1.1532641738991334,,,,,,0.025352944969199598
sub-01__jax_gpu,AMICA-Python (JAX-GPU),sub-01,1534,-1.153264023639706,,,,,,0.02528394607361406
sub-01__jax_gpu,AMICA-Python (JAX-GPU),sub-01,1535,-1.153263882412958,,,,,,0.025401044986210763
sub-01__jax_gpu,AMICA-Python (JAX-GPU),sub-01,1536,-1.1532637529344534,,,,,,0.025246076053008437
sub-01__jax_gpu,AMICA-Python (JAX-GPU),sub-01,1537,-1.153263596677687,,,,,,0.02536480501294136
sub-01__jax_gpu,AMICA-Python (JAX-GPU),sub-01,1538,-1.1532634479931474,,,,,,0.02530428604222834
sub-01__jax_gpu,AMICA-Python (JAX-GPU),sub-01,1539,-1.1532633140502833,,,,,,0.025350204901769757
sub-01__jax_gpu,AMICA-Python (JAX-GPU),sub-01,1540,-1.153263168173779,,,,,,0.025301335961557925
sub-01__jax_gpu,AMICA-Python (JAX-GPU),sub-01,1541,-1.1532630119752856,,,,,,0.02522402594331652
sub-01__jax_gpu,AMICA-Python (JAX-GPU),sub-01,1542,-1.1532628570191517,,,,,,0.025179706048220396
sub-01__jax_gpu,AMICA-Python (JAX-GPU),sub-01,1543,-1.1532627102881818,,,,,,0.02526751602999866
sub-01__jax_gpu,AMICA-Python (JAX-GPU),sub-01,1544,-1.153262562197838,,,,,,0.02529820497147739
sub-01__jax_gpu,AMICA-Python (JAX-GPU),sub-01,1545,-1.1532624236264764,,,,,,0.025216616108082235
sub-01__jax_gpu,AMICA-Python (JAX-GPU),sub-01,1546,-1.1532622718631393,,,,,,0.025320834945887327
sub-01__jax_gpu,AMICA-Python (JAX-GPU),sub-01,1547,-1.1532621242216403,,,,,,0.02522659592796117
sub-01__jax_gpu,AMICA-Python (JAX-GPU),sub-01,1548,-1.1532619802940351,,,,,,0.025291356025263667
sub-01__jax_gpu,AMICA-Python (JAX-GPU),sub-01,1549,-1.1532618402104888,,,,,,0.025263946037739515
sub-01__jax_gpu,AMICA-Python (JAX-GPU),sub-01,1550,-1.1532616891428475,,,,,,0.02530713495798409
sub-01__jax_gpu,AMICA-Python (JAX-GPU),sub-01,1551,-1.153261548056307,,,,,,0.0252904660301283
sub-01__jax_gpu,AMICA-Python (JAX-GPU),sub-01,1552,-1.1532613993187173,,,,,,0.02523908601142466
sub-01__jax_gpu,AMICA-Python (JAX-GPU),sub-01,1553,-1.153261247561845,,,,,,0.025301076006144285
sub-01__jax_gpu,AMICA-Python (JAX-GPU),sub-01,1554,-1.1532611040417773,,,,,,0.025119886035099626
sub-01__jax_gpu,AMICA-Python (JAX-GPU),sub-01,1555,-1.1532609596159515,,,,,,0.025166136911138892
sub-01__jax_gpu,AMICA-Python (JAX-GPU),sub-01,1556,-1.1532608163844498,,,,,,0.025273395935073495
sub-01__jax_gpu,AMICA-Python (JAX-GPU),sub-01,1557,-1.1532606653049033,,,,,,0.025119176949374378
sub-01__jax_gpu,AMICA-Python (JAX-GPU),sub-01,1558,-1.1532605192133285,,,,,,0.025377794983796775
sub-01__jax_gpu,AMICA-Python (JAX-GPU),sub-01,1559,-1.1532603776330006,,,,,,0.02536249498371035
sub-01__jax_gpu,AMICA-Python (JAX-GPU),sub-01,1560,-1.1532602317753817,,,,,,0.02530345495324582
sub-01__jax_gpu,AMICA-Python (JAX-GPU),sub-01,1561,-1.153260090817792,,,,,,0.02531925600487739
sub-01__jax_gpu,AMICA-Python (JAX-GPU),sub-01,1562,-1.1532599599887228,,,,,,0.02540441497694701
sub-01__jax_gpu,AMICA-Python (JAX-GPU),sub-01,1563,-1.1532598166575752,,,,,,0.025415444979444146
sub-01__jax_gpu,AMICA-Python (JAX-GPU),sub-01,1564,-1.1532596700441642,,,,,,0.02530270500574261
sub-01__jax_gpu,AMICA-Python (JAX-GPU),sub-01,1565,-1.1532595244020123,,,,,,0.02541451493743807
sub-01__jax_gpu,AMICA-Python (JAX-GPU),sub-01,1566,-1.1532593758877816,,,,,,0.025422665057703853
sub-01__jax_gpu,AMICA-Python (JAX-GPU),sub-01,1567,-1.1532592329198512,,,,,,0.025368085014633834
sub-01__jax_gpu,AMICA-Python (JAX-GPU),sub-01,1568,-1.1532590876682824,,,,,,0.025397595018148422
sub-01__jax_gpu,AMICA-Python (JAX-GPU),sub-01,1569,-1.1532589474445223,,,,,,0.025426795007660985
sub-01__jax_gpu,AMICA-Python (JAX-GPU),sub-01,1570,-1.1532588104651502,,,,,,0.02531354606617242
sub-01__jax_gpu,AMICA-Python (JAX-GPU),sub-01,1571,-1.153258671300329,,,,,,0.025428444030694664
sub-01__jax_gpu,AMICA-Python (JAX-GPU),sub-01,1572,-1.1532585402281306,,,,,,0.02540241600945592
sub-01__jax_gpu,AMICA-Python (JAX-GPU),sub-01,1573,-1.1532584163646462,,,,,,0.02529411599971354
sub-01__jax_gpu,AMICA-Python (JAX-GPU),sub-01,1574,-1.1532582771712006,,,,,,0.025366525049321353
sub-01__jax_gpu,AMICA-Python (JAX-GPU),sub-01,1575,-1.1532581479834456,,,,,,0.02536156598944217
sub-01__jax_gpu,AMICA-Python (JAX-GPU),sub-01,1576,-1.1532580099112606,,,,,,0.025299355038441718
sub-01__jax_gpu,AMICA-Python (JAX-GPU),sub-01,1577,-1.153257877101633,,,,,,0.025170556968078017
sub-01__jax_gpu,AMICA-Python (JAX-GPU),sub-01,1578,-1.1532577299695428,,,,,,0.025348394992761314
sub-01__jax_gpu,AMICA-Python (JAX-GPU),sub-01,1579,-1.1532575952031878,,,,,,0.025388875044882298
sub-01__jax_gpu,AMICA-Python (JAX-GPU),sub-01,1580,-1.1532574655687848,,,,,,0.025363715016283095
sub-01__jax_gpu,AMICA-Python (JAX-GPU),sub-01,1581,-1.1532573268914792,,,,,,0.025491524953395128
sub-01__jax_gpu,AMICA-Python (JAX-GPU),sub-01,1582,-1.1532571830256113,,,,,,0.025446363957598805
sub-01__jax_gpu,AMICA-Python (JAX-GPU),sub-01,1583,-1.1532570398175679,,,,,,0.025519535061903298
sub-01__jax_gpu,AMICA-Python (JAX-GPU),sub-01,1584,-1.1532568958167821,,,,,,0.025499393930658698
sub-01__jax_gpu,AMICA-Python (JAX-GPU),sub-01,1585,-1.153256751222483,,,,,,0.025647314032539725
sub-01__jax_gpu,AMICA-Python (JAX-GPU),sub-01,1586,-1.1532566095961294,,,,,,0.025471934000961483
sub-01__jax_gpu,AMICA-Python (JAX-GPU),sub-01,1587,-1.1532564631984912,,,,,,0.025474914931692183
sub-01__jax_gpu,AMICA-Python (JAX-GPU),sub-01,1588,-1.1532563191743286,,,,,,0.025344024994410574
sub-01__jax_gpu,AMICA-Python (JAX-GPU),sub-01,1589,-1.1532561766008593,,,,,,0.025404965039342642
sub-01__jax_gpu,AMICA-Python (JAX-GPU),sub-01,1590,-1.1532560400101064,,,,,,0.025356815080158412
sub-01__jax_gpu,AMICA-Python (JAX-GPU),sub-01,1591,-1.1532559172515777,,,,,,0.02546140505000949
sub-01__jax_gpu,AMICA-Python (JAX-GPU),sub-01,1592,-1.1532557814292037,,,,,,0.025342945009469986
sub-01__jax_gpu,AMICA-Python (JAX-GPU),sub-01,1593,-1.1532556592567311,,,,,,0.025270595913752913
sub-01__jax_gpu,AMICA-Python (JAX-GPU),sub-01,1594,-1.1532555192801952,,,,,,0.0256204039324075
sub-01__jax_gpu,AMICA-Python (JAX-GPU),sub-01,1595,-1.1532553927772182,,,,,,0.025550694088451564
sub-01__jax_gpu,AMICA-Python (JAX-GPU),sub-01,1596,-1.1532552582127584,,,,,,0.025593223050236702
sub-01__jax_gpu,AMICA-Python (JAX-GPU),sub-01,1597,-1.1532551263849364,,,,,,0.025481504970230162
sub-01__jax_gpu,AMICA-Python (JAX-GPU),sub-01,1598,-1.153254990347583,,,,,,0.02552644396200776
sub-01__jax_gpu,AMICA-Python (JAX-GPU),sub-01,1599,-1.1532548720797393,,,,,,0.02551006490830332
sub-01__jax_gpu,AMICA-Python (JAX-GPU),sub-01,1600,-1.153254738154465,,,,,,0.025412404909729958
sub-01__jax_gpu,AMICA-Python (JAX-GPU),sub-01,1601,-1.1532546052205523,,,,,,0.025349545059725642
sub-01__jax_gpu,AMICA-Python (JAX-GPU),sub-01,1602,-1.1532544732822902,,,,,,0.025349064962938428
sub-01__jax_gpu,AMICA-Python (JAX-GPU),sub-01,1603,-1.1532543436635159,,,,,,0.02545634494163096
sub-01__jax_gpu,AMICA-Python (JAX-GPU),sub-01,1604,-1.1532542110393016,,,,,,0.025454444927163422
sub-01__jax_gpu,AMICA-Python (JAX-GPU),sub-01,1605,-1.1532540854701494,,,,,,0.025417444994673133
sub-01__jax_gpu,AMICA-Python (JAX-GPU),sub-01,1606,-1.1532539508846396,,,,,,0.02539813402108848
sub-01__jax_gpu,AMICA-Python (JAX-GPU),sub-01,1607,-1.1532538174058897,,,,,,0.025465034996159375
sub-01__jax_gpu,AMICA-Python (JAX-GPU),sub-01,1608,-1.1532536817403043,,,,,,0.025447074905969203
sub-01__jax_gpu,AMICA-Python (JAX-GPU),sub-01,1609,-1.1532535459402127,,,,,,0.025429334957152605
sub-01__jax_gpu,AMICA-Python (JAX-GPU),sub-01,1610,-1.1532534122441842,,,,,,0.025474465102888644
sub-01__jax_gpu,AMICA-Python (JAX-GPU),sub-01,1611,-1.1532532829728568,,,,,,0.025419975048862398
sub-01__jax_gpu,AMICA-Python (JAX-GPU),sub-01,1612,-1.1532531432470727,,,,,,0.025354444980621338
sub-01__jax_gpu,AMICA-Python (JAX-GPU),sub-01,1613,-1.153253011686702,,,,,,0.02527550607919693
sub-01__jax_gpu,AMICA-Python (JAX-GPU),sub-01,1614,-1.1532528831803905,,,,,,0.025429115048609674
sub-01__jax_gpu,AMICA-Python (JAX-GPU),sub-01,1615,-1.1532527543105593,,,,,,0.02549290400929749
sub-01__jax_gpu,AMICA-Python (JAX-GPU),sub-01,1616,-1.153252621209452,,,,,,0.025338815990835428
sub-01__jax_gpu,AMICA-Python (JAX-GPU),sub-01,1617,-1.1532524966696691,,,,,,0.02536816499195993
sub-01__jax_gpu,AMICA-Python (JAX-GPU),sub-01,1618,-1.1532523747985586,,,,,,0.0252971159061417
sub-01__jax_gpu,AMICA-Python (JAX-GPU),sub-01,1619,-1.1532522464617383,,,,,,0.025372714968398213
sub-01__jax_gpu,AMICA-Python (JAX-GPU),sub-01,1620,-1.1532521160538365,,,,,,0.025350964977405965
sub-01__jax_gpu,AMICA-Python (JAX-GPU),sub-01,1621,-1.1532519950563282,,,,,,0.025402494939044118
sub-01__jax_gpu,AMICA-Python (JAX-GPU),sub-01,1622,-1.1532518639067648,,,,,,0.025377864949405193
sub-01__jax_gpu,AMICA-Python (JAX-GPU),sub-01,1623,-1.1532517427320645,,,,,,0.02540135500021279
sub-01__jax_gpu,AMICA-Python (JAX-GPU),sub-01,1624,-1.1532516138205473,,,,,,0.02540793502703309
sub-01__jax_gpu,AMICA-Python (JAX-GPU),sub-01,1625,-1.1532514913952976,,,,,,0.02535612601786852
sub-01__jax_gpu,AMICA-Python (JAX-GPU),sub-01,1626,-1.153251370488842,,,,,,0.02560799301136285
sub-01__jax_gpu,AMICA-Python (JAX-GPU),sub-01,1627,-1.1532512501682795,,,,,,0.02550742495805025
sub-01__jax_gpu,AMICA-Python (JAX-GPU),sub-01,1628,-1.1532511295278367,,,,,,0.02539414493367076
sub-01__jax_gpu,AMICA-Python (JAX-GPU),sub-01,1629,-1.153251011500785,,,,,,0.025331745040602982
sub-01__jax_gpu,AMICA-Python (JAX-GPU),sub-01,1630,-1.1532508860877015,,,,,,0.025445485021919012
sub-01__jax_gpu,AMICA-Python (JAX-GPU),sub-01,1631,-1.1532507650940245,,,,,,0.02545544400345534
sub-01__jax_gpu,AMICA-Python (JAX-GPU),sub-01,1632,-1.153250647479018,,,,,,0.025432774098590016
sub-01__jax_gpu,AMICA-Python (JAX-GPU),sub-01,1633,-1.1532505236887345,,,,,,0.025403465027920902
sub-01__jax_gpu,AMICA-Python (JAX-GPU),sub-01,1634,-1.153250403362117,,,,,,0.02540943503845483
sub-01__jax_gpu,AMICA-Python (JAX-GPU),sub-01,1635,-1.1532502811940084,,,,,,0.02550559490919113
sub-01__jax_gpu,AMICA-Python (JAX-GPU),sub-01,1636,-1.1532501594271807,,,,,,0.02540841407608241
sub-01__jax_gpu,AMICA-Python (JAX-GPU),sub-01,1637,-1.153250038268027,,,,,,0.025459234951995313
sub-01__jax_gpu,AMICA-Python (JAX-GPU),sub-01,1638,-1.1532499152232818,,,,,,0.025358885060995817
sub-01__jax_gpu,AMICA-Python (JAX-GPU),sub-01,1639,-1.1532498004862026,,,,,,0.02537124592345208
sub-01__jax_gpu,AMICA-Python (JAX-GPU),sub-01,1640,-1.1532496787637356,,,,,,0.025287754950113595
sub-01__jax_gpu,AMICA-Python (JAX-GPU),sub-01,1641,-1.1532495547986807,,,,,,0.025525434059090912
sub-01__jax_gpu,AMICA-Python (JAX-GPU),sub-01,1642,-1.1532494286352322,,,,,,0.0253867149585858
sub-01__jax_gpu,AMICA-Python (JAX-GPU),sub-01,1643,-1.1532493090612705,,,,,,0.025424974970519543
sub-01__jax_gpu,AMICA-Python (JAX-GPU),sub-01,1644,-1.1532491875783277,,,,,,0.025404365034773946
sub-01__jax_gpu,AMICA-Python (JAX-GPU),sub-01,1645,-1.1532490707813796,,,,,,0.025363506050780416
sub-01__jax_gpu,AMICA-Python (JAX-GPU),sub-01,1646,-1.1532489555309886,,,,,,0.02537849498912692
sub-01__jax_gpu,AMICA-Python (JAX-GPU),sub-01,1647,-1.1532488330315498,,,,,,0.02541732497047633
sub-01__jax_gpu,AMICA-Python (JAX-GPU),sub-01,1648,-1.1532487122429034,,,,,,0.02533628500532359
sub-01__jax_gpu,AMICA-Python (JAX-GPU),sub-01,1649,-1.153248592416137,,,,,,0.02531993598677218
sub-01__jax_gpu,AMICA-Python (JAX-GPU),sub-01,1650,-1.1532484711909672,,,,,,0.02538916503544897
sub-01__jax_gpu,AMICA-Python (JAX-GPU),sub-01,1651,-1.153248348606156,,,,,,0.02538902498781681
sub-01__jax_gpu,AMICA-Python (JAX-GPU),sub-01,1652,-1.1532482279010061,,,,,,0.02535779494792223
sub-01__jax_gpu,AMICA-Python (JAX-GPU),sub-01,1653,-1.1532481075713799,,,,,,0.02533184492494911
sub-01__jax_gpu,AMICA-Python (JAX-GPU),sub-01,1654,-1.1532479804350848,,,,,,0.025391746079549193
sub-01__jax_gpu,AMICA-Python (JAX-GPU),sub-01,1655,-1.1532478610397463,,,,,,0.02536960504949093
sub-01__jax_gpu,AMICA-Python (JAX-GPU),sub-01,1656,-1.1532477380322073,,,,,,0.025315114995464683
sub-01__jax_gpu,AMICA-Python (JAX-GPU),sub-01,1657,-1.1532476228791195,,,,,,0.025371214956976473
sub-01__jax_gpu,AMICA-Python (JAX-GPU),sub-01,1658,-1.1532475033570504,,,,,,0.025377535028383136
sub-01__jax_gpu,AMICA-Python (JAX-GPU),sub-01,1659,-1.1532473793822982,,,,,,0.025336944963783026
sub-01__jax_gpu,AMICA-Python (JAX-GPU),sub-01,1660,-1.1532472602940795,,,,,,0.02526304603088647
sub-01__jax_gpu,AMICA-Python (JAX-GPU),sub-01,1661,-1.1532471369884552,,,,,,0.025298445019870996
sub-01__jax_gpu,AMICA-Python (JAX-GPU),sub-01,1662,-1.1532470131569001,,,,,,0.025417234050109982
sub-01__jax_gpu,AMICA-Python (JAX-GPU),sub-01,1663,-1.1532468903251578,,,,,,0.025285205920226872
sub-01__jax_gpu,AMICA-Python (JAX-GPU),sub-01,1664,-1.153246765052048,,,,,,0.025427845073863864
sub-01__jax_gpu,AMICA-Python (JAX-GPU),sub-01,1665,-1.153246646673616,,,,,,0.02537771500647068
sub-01__jax_gpu,AMICA-Python (JAX-GPU),sub-01,1666,-1.1532465231235052,,,,,,0.025333065073937178
sub-01__jax_gpu,AMICA-Python (JAX-GPU),sub-01,1667,-1.1532464025829372,,,,,,0.0252906660316512
sub-01__jax_gpu,AMICA-Python (JAX-GPU),sub-01,1668,-1.153246277827145,,,,,,0.025408795103430748
sub-01__jax_gpu,AMICA-Python (JAX-GPU),sub-01,1669,-1.1532461606811575,,,,,,0.02540702500846237
sub-01__jax_gpu,AMICA-Python (JAX-GPU),sub-01,1670,-1.1532460441770054,,,,,,0.025315556093119085
sub-01__jax_gpu,AMICA-Python (JAX-GPU),sub-01,1671,-1.1532459294887727,,,,,,0.025348985102027655
sub-01__jax_gpu,AMICA-Python (JAX-GPU),sub-01,1672,-1.1532458112482196,,,,,,0.025356735102832317
sub-01__jax_gpu,AMICA-Python (JAX-GPU),sub-01,1673,-1.1532456946683947,,,,,,0.025438274955376983
sub-01__jax_gpu,AMICA-Python (JAX-GPU),sub-01,1674,-1.1532455758551208,,,,,,0.025364665081724524
sub-01__jax_gpu,AMICA-Python (JAX-GPU),sub-01,1675,-1.1532454557157161,,,,,,0.02539450500626117
sub-01__jax_gpu,AMICA-Python (JAX-GPU),sub-01,1676,-1.15324533334034,,,,,,0.02547508489806205
sub-01__jax_gpu,AMICA-Python (JAX-GPU),sub-01,1677,-1.1532452118460639,,,,,,0.025354054989293218
sub-01__jax_gpu,AMICA-Python (JAX-GPU),sub-01,1678,-1.1532450855828102,,,,,,0.025352805969305336
sub-01__jax_gpu,AMICA-Python (JAX-GPU),sub-01,1679,-1.1532449589629261,,,,,,0.025367833906784654
sub-01__jax_gpu,AMICA-Python (JAX-GPU),sub-01,1680,-1.153244829023476,,,,,,0.02527365507557988
sub-01__jax_gpu,AMICA-Python (JAX-GPU),sub-01,1681,-1.1532446994541106,,,,,,0.02528805600013584
sub-01__jax_gpu,AMICA-Python (JAX-GPU),sub-01,1682,-1.1532445704346166,,,,,,0.02529163600411266
sub-01__jax_gpu,AMICA-Python (JAX-GPU),sub-01,1683,-1.1532444421757957,,,,,,0.02531391498632729
sub-01__jax_gpu,AMICA-Python (JAX-GPU),sub-01,1684,-1.1532443163643764,,,,,,0.02520185604225844
sub-01__jax_gpu,AMICA-Python (JAX-GPU),sub-01,1685,-1.1532441950227232,,,,,,0.025318745989352465
sub-01__jax_gpu,AMICA-Python (JAX-GPU),sub-01,1686,-1.1532440639037342,,,,,,0.025204156059771776
sub-01__jax_gpu,AMICA-Python (JAX-GPU),sub-01,1687,-1.1532439391144695,,,,,,0.025347144925035536
sub-01__jax_gpu,AMICA-Python (JAX-GPU),sub-01,1688,-1.1532438135490428,,,,,,0.025288525968790054
sub-01__jax_gpu,AMICA-Python (JAX-GPU),sub-01,1689,-1.1532436901110286,,,,,,0.02530467591714114
sub-01__jax_gpu,AMICA-Python (JAX-GPU),sub-01,1690,-1.1532435658776428,,,,,,0.025308985030278563
sub-01__jax_gpu,AMICA-Python (JAX-GPU),sub-01,1691,-1.1532434475653135,,,,,,0.02530237496830523
sub-01__jax_gpu,AMICA-Python (JAX-GPU),sub-01,1692,-1.1532433296606366,,,,,,0.02528306597378105
sub-01__jax_gpu,AMICA-Python (JAX-GPU),sub-01,1693,-1.1532432152288903,,,,,,0.025421555037610233
sub-01__jax_gpu,AMICA-Python (JAX-GPU),sub-01,1694,-1.153243100636549,,,,,,0.025108207017183304
sub-01__jax_gpu,AMICA-Python (JAX-GPU),sub-01,1695,-1.1532429858899498,,,,,,0.025480713928118348
sub-01__jax_gpu,AMICA-Python (JAX-GPU),sub-01,1696,-1.153242869432788,,,,,,0.02530843496788293
sub-01__jax_gpu,AMICA-Python (JAX-GPU),sub-01,1697,-1.153242753159047,,,,,,0.025394633994437754
sub-01__jax_gpu,AMICA-Python (JAX-GPU),sub-01,1698,-1.1532426363013928,,,,,,0.025376985082402825
sub-01__jax_gpu,AMICA-Python (JAX-GPU),sub-01,1699,-1.1532425160829858,,,,,,0.02525991597212851
sub-01__jax_gpu,AMICA-Python (JAX-GPU),sub-01,1700,-1.153242398892615,,,,,,0.025192077038809657
sub-01__jax_gpu,AMICA-Python (JAX-GPU),sub-01,1701,-1.1532422799263815,,,,,,0.025239565991796553
sub-01__jax_gpu,AMICA-Python (JAX-GPU),sub-01,1702,-1.153242160994801,,,,,,0.025230485945940018
sub-01__jax_gpu,AMICA-Python (JAX-GPU),sub-01,1703,-1.153242045658091,,,,,,0.02523915597703308
sub-01__jax_gpu,AMICA-Python (JAX-GPU),sub-01,1704,-1.1532419273083185,,,,,,0.02535587502643466
sub-01__jax_gpu,AMICA-Python (JAX-GPU),sub-01,1705,-1.1532418111115537,,,,,,0.025399865000508726
sub-01__jax_gpu,AMICA-Python (JAX-GPU),sub-01,1706,-1.1532416892984942,,,,,,0.02526187605690211
sub-01__jax_gpu,AMICA-Python (JAX-GPU),sub-01,1707,-1.1532415708965162,,,,,,0.025362925021909177
sub-01__jax_gpu,AMICA-Python (JAX-GPU),sub-01,1708,-1.1532414485282971,,,,,,0.02525483595672995
sub-01__jax_gpu,AMICA-Python (JAX-GPU),sub-01,1709,-1.1532413264398833,,,,,,0.025196356000378728
sub-01__jax_gpu,AMICA-Python (JAX-GPU),sub-01,1710,-1.1532412009533153,,,,,,0.025326216011308134
sub-01__jax_gpu,AMICA-Python (JAX-GPU),sub-01,1711,-1.153241082092986,,,,,,0.025328935007564723
sub-01__jax_gpu,AMICA-Python (JAX-GPU),sub-01,1712,-1.1532409529646988,,,,,,0.025241976021789014
sub-01__jax_gpu,AMICA-Python (JAX-GPU),sub-01,1713,-1.1532408342982037,,,,,,0.025183147052302957
sub-01__jax_gpu,AMICA-Python (JAX-GPU),sub-01,1714,-1.1532407077466216,,,,,,0.02536881493870169
sub-01__jax_gpu,AMICA-Python (JAX-GPU),sub-01,1715,-1.1532405828125143,,,,,,0.025193875888362527
sub-01__jax_gpu,AMICA-Python (JAX-GPU),sub-01,1716,-1.1532404552825979,,,,,,0.025228196056559682
sub-01__jax_gpu,AMICA-Python (JAX-GPU),sub-01,1717,-1.1532403330921397,,,,,,0.025346625014208257
sub-01__jax_gpu,AMICA-Python (JAX-GPU),sub-01,1718,-1.1532402037393665,,,,,,0.02538471599109471
sub-01__jax_gpu,AMICA-Python (JAX-GPU),sub-01,1719,-1.1532400781344048,,,,,,0.025337664992548525
sub-01__jax_gpu,AMICA-Python (JAX-GPU),sub-01,1720,-1.1532399498985197,,,,,,0.02524887607432902
sub-01__jax_gpu,AMICA-Python (JAX-GPU),sub-01,1721,-1.1532398242415967,,,,,,0.025380864972248673
sub-01__jax_gpu,AMICA-Python (JAX-GPU),sub-01,1722,-1.1532396936111207,,,,,,0.025297935935668647
sub-01__jax_gpu,AMICA-Python (JAX-GPU),sub-01,1723,-1.153239564786468,,,,,,0.02542245399672538
sub-01__jax_gpu,AMICA-Python (JAX-GPU),sub-01,1724,-1.153239437961542,,,,,,0.025370166054926813
sub-01__jax_gpu,AMICA-Python (JAX-GPU),sub-01,1725,-1.1532393120624589,,,,,,0.025348094990476966
sub-01__jax_gpu,AMICA-Python (JAX-GPU),sub-01,1726,-1.1532391803081148,,,,,,0.02529760601464659
sub-01__jax_gpu,AMICA-Python (JAX-GPU),sub-01,1727,-1.1532390508639196,,,,,,0.025337415048852563
sub-01__jax_gpu,AMICA-Python (JAX-GPU),sub-01,1728,-1.1532389168824542,,,,,,0.025295135914348066
sub-01__jax_gpu,AMICA-Python (JAX-GPU),sub-01,1729,-1.1532387855083945,,,,,,0.025277395034208894
sub-01__jax_gpu,AMICA-Python (JAX-GPU),sub-01,1730,-1.1532386524262246,,,,,,0.025332406046800315
sub-01__jax_gpu,AMICA-Python (JAX-GPU),sub-01,1731,-1.1532385180128324,,,,,,0.025380664970725775
sub-01__jax_gpu,AMICA-Python (JAX-GPU),sub-01,1732,-1.153238384976711,,,,,,0.025399494916200638
sub-01__jax_gpu,AMICA-Python (JAX-GPU),sub-01,1733,-1.1532382541207662,,,,,,0.025408664951100945
sub-01__jax_gpu,AMICA-Python (JAX-GPU),sub-01,1734,-1.1532381235152036,,,,,,0.025353414937853813
sub-01__jax_gpu,AMICA-Python (JAX-GPU),sub-01,1735,-1.1532379930218217,,,,,,0.02539437497034669
sub-01__jax_gpu,AMICA-Python (JAX-GPU),sub-01,1736,-1.1532378615092278,,,,,,0.02528459602035582
sub-01__jax_gpu,AMICA-Python (JAX-GPU),sub-01,1737,-1.153237732724973,,,,,,0.025463914033025503
sub-01__jax_gpu,AMICA-Python (JAX-GPU),sub-01,1738,-1.153237593399863,,,,,,0.025441954960115254
sub-01__jax_gpu,AMICA-Python (JAX-GPU),sub-01,1739,-1.1532374605045927,,,,,,0.025193765992298722
sub-01__jax_gpu,AMICA-Python (JAX-GPU),sub-01,1740,-1.1532373215981655,,,,,,0.025315664941444993
sub-01__jax_gpu,AMICA-Python (JAX-GPU),sub-01,1741,-1.1532371916037045,,,,,,0.025318615953437984
sub-01__jax_gpu,AMICA-Python (JAX-GPU),sub-01,1742,-1.1532370569938917,,,,,,0.025337935076095164
sub-01__jax_gpu,AMICA-Python (JAX-GPU),sub-01,1743,-1.1532369243960026,,,,,,0.025426164967939258
sub-01__jax_gpu,AMICA-Python (JAX-GPU),sub-01,1744,-1.1532367852390446,,,,,,0.025446785031817853
sub-01__jax_gpu,AMICA-Python (JAX-GPU),sub-01,1745,-1.1532366459269623,,,,,,0.025331004988402128
sub-01__jax_gpu,AMICA-Python (JAX-GPU),sub-01,1746,-1.153236508303209,,,,,,0.02532661601435393
sub-01__jax_gpu,AMICA-Python (JAX-GPU),sub-01,1747,-1.1532363719715668,,,,,,0.025369404931552708
sub-01__jax_gpu,AMICA-Python (JAX-GPU),sub-01,1748,-1.1532362383876564,,,,,,0.025397285004146397
sub-01__jax_gpu,AMICA-Python (JAX-GPU),sub-01,1749,-1.1532361055490015,,,,,,0.02535164507571608
sub-01__jax_gpu,AMICA-Python (JAX-GPU),sub-01,1750,-1.1532359685416855,,,,,,0.02539466496091336
sub-01__jax_gpu,AMICA-Python (JAX-GPU),sub-01,1751,-1.153235833487025,,,,,,0.02531024592462927
sub-01__jax_gpu,AMICA-Python (JAX-GPU),sub-01,1752,-1.1532356952534417,,,,,,0.02540969499386847
sub-01__jax_gpu,AMICA-Python (JAX-GPU),sub-01,1753,-1.1532355552970321,,,,,,0.02536135504487902
sub-01__jax_gpu,AMICA-Python (JAX-GPU),sub-01,1754,-1.1532354175491717,,,,,,0.025344705092720687
sub-01__jax_gpu,AMICA-Python (JAX-GPU),sub-01,1755,-1.1532352762733022,,,,,,0.02538423496298492
sub-01__jax_gpu,AMICA-Python (JAX-GPU),sub-01,1756,-1.1532351295262737,,,,,,0.02533010602928698
sub-01__jax_gpu,AMICA-Python (JAX-GPU),sub-01,1757,-1.1532349868924863,,,,,,0.025514264008961618
sub-01__jax_gpu,AMICA-Python (JAX-GPU),sub-01,1758,-1.15323484096569,,,,,,0.02538338489830494
sub-01__jax_gpu,AMICA-Python (JAX-GPU),sub-01,1759,-1.1532346969053213,,,,,,0.025375355035066605
sub-01__jax_gpu,AMICA-Python (JAX-GPU),sub-01,1760,-1.1532345547292246,,,,,,0.02533075597602874
sub-01__jax_gpu,AMICA-Python (JAX-GPU),sub-01,1761,-1.1532344117398323,,,,,,0.025439574965275824
sub-01__jax_gpu,AMICA-Python (JAX-GPU),sub-01,1762,-1.1532342722018947,,,,,,0.025414034025743604
sub-01__jax_gpu,AMICA-Python (JAX-GPU),sub-01,1763,-1.1532341338455439,,,,,,0.025241645984351635
sub-01__jax_gpu,AMICA-Python (JAX-GPU),sub-01,1764,-1.1532339947565458,,,,,,0.02539527602493763
sub-01__jax_gpu,AMICA-Python (JAX-GPU),sub-01,1765,-1.153233856659576,,,,,,0.02529402496293187
sub-01__jax_gpu,AMICA-Python (JAX-GPU),sub-01,1766,-1.153233713983485,,,,,,0.025289756013080478
sub-01__jax_gpu,AMICA-Python (JAX-GPU),sub-01,1767,-1.1532335743662774,,,,,,0.02535883500240743
sub-01__jax_gpu,AMICA-Python (JAX-GPU),sub-01,1768,-1.1532334367190618,,,,,,0.025267406017519534
sub-01__jax_gpu,AMICA-Python (JAX-GPU),sub-01,1769,-1.1532332975904789,,,,,,0.025402444996871054
sub-01__jax_gpu,AMICA-Python (JAX-GPU),sub-01,1770,-1.1532331581991986,,,,,,0.02534785505849868
sub-01__jax_gpu,AMICA-Python (JAX-GPU),sub-01,1771,-1.1532330207844028,,,,,,0.02533872507046908
sub-01__jax_gpu,AMICA-Python (JAX-GPU),sub-01,1772,-1.1532328814661885,,,,,,0.025382036110386252
sub-01__jax_gpu,AMICA-Python (JAX-GPU),sub-01,1773,-1.153232742448367,,,,,,0.02532261493615806
sub-01__jax_gpu,AMICA-Python (JAX-GPU),sub-01,1774,-1.1532325993426342,,,,,,0.025325695984065533
sub-01__jax_gpu,AMICA-Python (JAX-GPU),sub-01,1775,-1.1532324639608904,,,,,,0.02535574499052018
sub-01__jax_gpu,AMICA-Python (JAX-GPU),sub-01,1776,-1.1532323224859535,,,,,,0.025313265970908105
sub-01__jax_gpu,AMICA-Python (JAX-GPU),sub-01,1777,-1.1532321812241404,,,,,,0.02537672594189644
sub-01__jax_gpu,AMICA-Python (JAX-GPU),sub-01,1778,-1.1532320402805745,,,,,,0.025337595026940107
sub-01__jax_gpu,AMICA-Python (JAX-GPU),sub-01,1779,-1.1532318998825184,,,,,,0.02538844500668347
sub-01__jax_gpu,AMICA-Python (JAX-GPU),sub-01,1780,-1.1532317602423512,,,,,,0.025318816071376204
sub-01__jax_gpu,AMICA-Python (JAX-GPU),sub-01,1781,-1.1532316220633274,,,,,,0.025375714991241693
sub-01__jax_gpu,AMICA-Python (JAX-GPU),sub-01,1782,-1.1532314817879805,,,,,,0.025402515078894794
sub-01__jax_gpu,AMICA-Python (JAX-GPU),sub-01,1783,-1.153231345847451,,,,,,0.025319945067167282
sub-01__jax_gpu,AMICA-Python (JAX-GPU),sub-01,1784,-1.153231201854378,,,,,,0.025199395953677595
sub-01__jax_gpu,AMICA-Python (JAX-GPU),sub-01,1785,-1.1532310599519824,,,,,,0.02524633496068418
sub-01__jax_gpu,AMICA-Python (JAX-GPU),sub-01,1786,-1.1532309124003872,,,,,,0.025314005906693637
sub-01__jax_gpu,AMICA-Python (JAX-GPU),sub-01,1787,-1.1532307690448131,,,,,,0.025422855047509074
sub-01__jax_gpu,AMICA-Python (JAX-GPU),sub-01,1788,-1.1532306269763795,,,,,,0.02534501499030739
sub-01__jax_gpu,AMICA-Python (JAX-GPU),sub-01,1789,-1.1532304831891609,,,,,,0.02531647589057684
sub-01__jax_gpu,AMICA-Python (JAX-GPU),sub-01,1790,-1.1532303371932633,,,,,,0.025199855910614133
sub-01__jax_gpu,AMICA-Python (JAX-GPU),sub-01,1791,-1.1532301936557443,,,,,,0.025250946055166423
sub-01__jax_gpu,AMICA-Python (JAX-GPU),sub-01,1792,-1.1532300381043057,,,,,,0.025231285952031612
sub-01__jax_gpu,AMICA-Python (JAX-GPU),sub-01,1793,-1.1532298862421055,,,,,,0.025344894966110587
sub-01__jax_gpu,AMICA-Python (JAX-GPU),sub-01,1794,-1.1532297357670673,,,,,,0.02515476697590202
sub-01__jax_gpu,AMICA-Python (JAX-GPU),sub-01,1795,-1.1532295900291778,,,,,,0.025325544993393123
sub-01__jax_gpu,AMICA-Python (JAX-GPU),sub-01,1796,-1.1532294360030955,,,,,,0.025474474998191
sub-01__jax_gpu,AMICA-Python (JAX-GPU),sub-01,1797,-1.1532292857952058,,,,,,0.02539469499606639
sub-01__jax_gpu,AMICA-Python (JAX-GPU),sub-01,1798,-1.1532291325326363,,,,,,0.025274315965361893
sub-01__jax_gpu,AMICA-Python (JAX-GPU),sub-01,1799,-1.153228979400861,,,,,,0.025314975064247847
sub-01__jax_gpu,AMICA-Python (JAX-GPU),sub-01,1800,-1.1532288295376174,,,,,,0.02529698598664254
sub-01__jax_gpu,AMICA-Python (JAX-GPU),sub-01,1801,-1.1532286832746341,,,,,,0.025217126007191837
sub-01__jax_gpu,AMICA-Python (JAX-GPU),sub-01,1802,-1.1532285408854253,,,,,,0.02519745600875467
sub-01__jax_gpu,AMICA-Python (JAX-GPU),sub-01,1803,-1.153228393279297,,,,,,0.025360914994962513
sub-01__jax_gpu,AMICA-Python (JAX-GPU),sub-01,1804,-1.1532282482998533,,,,,,0.02538342506159097
sub-01__jax_gpu,AMICA-Python (JAX-GPU),sub-01,1805,-1.153228108634283,,,,,,0.02528684597928077
sub-01__jax_gpu,AMICA-Python (JAX-GPU),sub-01,1806,-1.1532279667532386,,,,,,0.02533817500807345
sub-01__jax_gpu,AMICA-Python (JAX-GPU),sub-01,1807,-1.1532278256063575,,,,,,0.02537246502470225
sub-01__jax_gpu,AMICA-Python (JAX-GPU),sub-01,1808,-1.1532276921092293,,,,,,0.025270864949561656
sub-01__jax_gpu,AMICA-Python (JAX-GPU),sub-01,1809,-1.1532275603380677,,,,,,0.02529877598863095
sub-01__jax_gpu,AMICA-Python (JAX-GPU),sub-01,1810,-1.1532274285113144,,,,,,0.025489534018561244
sub-01__jax_gpu,AMICA-Python (JAX-GPU),sub-01,1811,-1.1532272972200366,,,,,,0.025369705981574953
sub-01__jax_gpu,AMICA-Python (JAX-GPU),sub-01,1812,-1.1532271655684074,,,,,,0.025342874927446246
sub-01__jax_gpu,AMICA-Python (JAX-GPU),sub-01,1813,-1.1532270389238726,,,,,,0.025439705001190305
sub-01__jax_gpu,AMICA-Python (JAX-GPU),sub-01,1814,-1.1532269046486543,,,,,,0.02530301595106721
sub-01__jax_gpu,AMICA-Python (JAX-GPU),sub-01,1815,-1.1532267721714657,,,,,,0.02530676603782922
sub-01__jax_gpu,AMICA-Python (JAX-GPU),sub-01,1816,-1.1532266403689742,,,,,,0.02527103608008474
sub-01__jax_gpu,AMICA-Python (JAX-GPU),sub-01,1817,-1.1532265125213566,,,,,,0.025391574949026108
sub-01__jax_gpu,AMICA-Python (JAX-GPU),sub-01,1818,-1.1532263775395348,,,,,,0.02540474501438439
sub-01__jax_gpu,AMICA-Python (JAX-GPU),sub-01,1819,-1.153226246426537,,,,,,0.025346084963530302
sub-01__jax_gpu,AMICA-Python (JAX-GPU),sub-01,1820,-1.1532261126191719,,,,,,0.025393234915100038
sub-01__jax_gpu,AMICA-Python (JAX-GPU),sub-01,1821,-1.1532259842669488,,,,,,0.025309946038760245
sub-01__jax_gpu,AMICA-Python (JAX-GPU),sub-01,1822,-1.1532258515484426,,,,,,0.025309894932433963
sub-01__jax_gpu,AMICA-Python (JAX-GPU),sub-01,1823,-1.1532257250860363,,,,,,0.025443264981731772
sub-01__jax_gpu,AMICA-Python (JAX-GPU),sub-01,1824,-1.1532255970634728,,,,,,0.02533639594912529
sub-01__jax_gpu,AMICA-Python (JAX-GPU),sub-01,1825,-1.1532254697835362,,,,,,0.025361204985529184
sub-01__jax_gpu,AMICA-Python (JAX-GPU),sub-01,1826,-1.1532253371236212,,,,,,0.02545498393010348
sub-01__jax_gpu,AMICA-Python (JAX-GPU),sub-01,1827,-1.1532252028622079,,,,,,0.02538132492918521
sub-01__jax_gpu,AMICA-Python (JAX-GPU),sub-01,1828,-1.1532250703203188,,,,,,0.025301215006038547
sub-01__jax_gpu,AMICA-Python (JAX-GPU),sub-01,1829,-1.1532249375072439,,,,,,0.025349015020765364
sub-01__jax_gpu,AMICA-Python (JAX-GPU),sub-01,1830,-1.1532248126400926,,,,,,0.02531706599984318
sub-01__jax_gpu,AMICA-Python (JAX-GPU),sub-01,1831,-1.1532246864700035,,,,,,0.025354934972710907
sub-01__jax_gpu,AMICA-Python (JAX-GPU),sub-01,1832,-1.153224559619561,,,,,,0.0253578859847039
sub-01__jax_gpu,AMICA-Python (JAX-GPU),sub-01,1833,-1.1532244351118783,,,,,,0.025425224914215505
sub-01__jax_gpu,AMICA-Python (JAX-GPU),sub-01,1834,-1.153224313024285,,,,,,0.02535868505947292
sub-01__jax_gpu,AMICA-Python (JAX-GPU),sub-01,1835,-1.15322419187172,,,,,,0.02536108496133238
sub-01__jax_gpu,AMICA-Python (JAX-GPU),sub-01,1836,-1.1532240682873214,,,,,,0.025269316043704748
sub-01__jax_gpu,AMICA-Python (JAX-GPU),sub-01,1837,-1.153223944232984,,,,,,0.025320165092125535
sub-01__jax_gpu,AMICA-Python (JAX-GPU),sub-01,1838,-1.1532238225598,,,,,,0.025352335069328547
sub-01__jax_gpu,AMICA-Python (JAX-GPU),sub-01,1839,-1.153223702306067,,,,,,0.02534722606651485
sub-01__jax_gpu,AMICA-Python (JAX-GPU),sub-01,1840,-1.153223576077969,,,,,,0.025401224964298308
sub-01__jax_gpu,AMICA-Python (JAX-GPU),sub-01,1841,-1.1532234572885462,,,,,,0.025338144972920418
sub-01__jax_gpu,AMICA-Python (JAX-GPU),sub-01,1842,-1.15322333834703,,,,,,0.025318815954960883
sub-01__jax_gpu,AMICA-Python (JAX-GPU),sub-01,1843,-1.1532232245257883,,,,,,0.025401784921996295
sub-01__jax_gpu,AMICA-Python (JAX-GPU),sub-01,1844,-1.153223104643877,,,,,,0.02536360500380397
sub-01__jax_gpu,AMICA-Python (JAX-GPU),sub-01,1845,-1.1532229876922016,,,,,,0.025496963993646204
sub-01__jax_gpu,AMICA-Python (JAX-GPU),sub-01,1846,-1.1532228625598253,,,,,,0.025369386072270572
sub-01__jax_gpu,AMICA-Python (JAX-GPU),sub-01,1847,-1.1532227421903827,,,,,,0.025357345934025943
sub-01__jax_gpu,AMICA-Python (JAX-GPU),sub-01,1848,-1.153222623944979,,,,,,0.02533050498459488
sub-01__jax_gpu,AMICA-Python (JAX-GPU),sub-01,1849,-1.153222506257797,,,,,,0.02534030599053949
sub-01__jax_gpu,AMICA-Python (JAX-GPU),sub-01,1850,-1.1532223884856556,,,,,,0.02536138508003205
sub-01__jax_gpu,AMICA-Python (JAX-GPU),sub-01,1851,-1.1532222731193922,,,,,,0.025340524967759848
sub-01__jax_gpu,AMICA-Python (JAX-GPU),sub-01,1852,-1.1532221560461966,,,,,,0.025517394999042153
sub-01__jax_gpu,AMICA-Python (JAX-GPU),sub-01,1853,-1.153222041305002,,,,,,0.025319545064121485
sub-01__jax_gpu,AMICA-Python (JAX-GPU),sub-01,1854,-1.1532219301407194,,,,,,0.025347334914840758
sub-01__jax_gpu,AMICA-Python (JAX-GPU),sub-01,1855,-1.1532218207937288,,,,,,0.025266555952839553
sub-01__jax_gpu,AMICA-Python (JAX-GPU),sub-01,1856,-1.153221715737511,,,,,,0.025366616086103022
sub-01__jax_gpu,AMICA-Python (JAX-GPU),sub-01,1857,-1.1532216097569405,,,,,,0.025229636928997934
sub-01__jax_gpu,AMICA-Python (JAX-GPU),sub-01,1858,-1.1532215011959046,,,,,,0.025212517008185387
sub-01__jax_gpu,AMICA-Python (JAX-GPU),sub-01,1859,-1.153221397628375,,,,,,0.025264736032113433
sub-01__jax_gpu,AMICA-Python (JAX-GPU),sub-01,1860,-1.153221292986032,,,,,,0.025299514993093908
sub-01__jax_gpu,AMICA-Python (JAX-GPU),sub-01,1861,-1.153221189693189,,,,,,0.0253342759096995
sub-01__jax_gpu,AMICA-Python (JAX-GPU),sub-01,1862,-1.1532210866899335,,,,,,0.02543920394964516
sub-01__jax_gpu,AMICA-Python (JAX-GPU),sub-01,1863,-1.1532209843391363,,,,,,0.02525613596662879
sub-01__jax_gpu,AMICA-Python (JAX-GPU),sub-01,1864,-1.153220880826914,,,,,,0.02520864608231932
sub-01__jax_gpu,AMICA-Python (JAX-GPU),sub-01,1865,-1.1532207792792708,,,,,,0.0254260350484401
sub-01__jax_gpu,AMICA-Python (JAX-GPU),sub-01,1866,-1.1532206732009962,,,,,,0.025314256083220243
sub-01__jax_gpu,AMICA-Python (JAX-GPU),sub-01,1867,-1.1532205709369165,,,,,,0.025295804953202605
sub-01__jax_gpu,AMICA-Python (JAX-GPU),sub-01,1868,-1.1532204653702176,,,,,,0.025246866047382355
sub-01__jax_gpu,AMICA-Python (JAX-GPU),sub-01,1869,-1.1532203617072767,,,,,,0.02528711606282741
sub-01__jax_gpu,AMICA-Python (JAX-GPU),sub-01,1870,-1.1532202601385113,,,,,,0.02521492599043995
sub-01__jax_gpu,AMICA-Python (JAX-GPU),sub-01,1871,-1.1532201609122363,,,,,,0.02515767700970173
sub-01__jax_gpu,AMICA-Python (JAX-GPU),sub-01,1872,-1.1532200584340504,,,,,,0.02528111496940255
sub-01__jax_gpu,AMICA-Python (JAX-GPU),sub-01,1873,-1.153219959681206,,,,,,0.025263946037739515
sub-01__jax_gpu,AMICA-Python (JAX-GPU),sub-01,1874,-1.153219855361642,,,,,,0.025159167009405792
sub-01__jax_gpu,AMICA-Python (JAX-GPU),sub-01,1875,-1.153219755301232,,,,,,0.02526118594687432
sub-01__jax_gpu,AMICA-Python (JAX-GPU),sub-01,1876,-1.1532196590288621,,,,,,0.025366025045514107
sub-01__jax_gpu,AMICA-Python (JAX-GPU),sub-01,1877,-1.1532195622397212,,,,,,0.02526588598266244
sub-01__jax_gpu,AMICA-Python (JAX-GPU),sub-01,1878,-1.153219470129446,,,,,,0.025298804976046085
sub-01__jax_gpu,AMICA-Python (JAX-GPU),sub-01,1879,-1.1532193776748016,,,,,,0.02527438593097031
sub-01__jax_gpu,AMICA-Python (JAX-GPU),sub-01,1880,-1.1532192825659549,,,,,,0.025383415049873292
sub-01__jax_gpu,AMICA-Python (JAX-GPU),sub-01,1881,-1.1532191896355815,,,,,,0.025385065004229546
sub-01__jax_gpu,AMICA-Python (JAX-GPU),sub-01,1882,-1.1532190965812872,,,,,,0.02527243597432971
sub-01__jax_gpu,AMICA-Python (JAX-GPU),sub-01,1883,-1.1532190052111555,,,,,,0.025267246062867343
sub-01__jax_gpu,AMICA-Python (JAX-GPU),sub-01,1884,-1.153218915977239,,,,,,0.025413694907911122
sub-01__jax_gpu,AMICA-Python (JAX-GPU),sub-01,1885,-1.153218826754153,,,,,,0.025303174974396825
sub-01__jax_gpu,AMICA-Python (JAX-GPU),sub-01,1886,-1.1532187349766927,,,,,,0.025327136041596532
sub-01__jax_gpu,AMICA-Python (JAX-GPU),sub-01,1887,-1.1532186415283963,,,,,,0.025336634949781
sub-01__jax_gpu,AMICA-Python (JAX-GPU),sub-01,1888,-1.1532185501511185,,,,,,0.025314885890111327
sub-01__jax_gpu,AMICA-Python (JAX-GPU),sub-01,1889,-1.1532184589929872,,,,,,0.025370975024998188
sub-01__jax_gpu,AMICA-Python (JAX-GPU),sub-01,1890,-1.1532183702908547,,,,,,0.025365964975208044
sub-01__jax_gpu,AMICA-Python (JAX-GPU),sub-01,1891,-1.1532182825766153,,,,,,0.025411495007574558
sub-01__jax_gpu,AMICA-Python (JAX-GPU),sub-01,1892,-1.1532181953304603,,,,,,0.025240735965780914
sub-01__jax_gpu,AMICA-Python (JAX-GPU),sub-01,1893,-1.1532181094651885,,,,,,0.025323195033706725
sub-01__jax_gpu,AMICA-Python (JAX-GPU),sub-01,1894,-1.1532180232869766,,,,,,0.025228606071323156
sub-01__jax_gpu,AMICA-Python (JAX-GPU),sub-01,1895,-1.1532179389131458,,,,,,0.025339305051602423
sub-01__jax_gpu,AMICA-Python (JAX-GPU),sub-01,1896,-1.1532178539073508,,,,,,0.025392704992555082
sub-01__jax_gpu,AMICA-Python (JAX-GPU),sub-01,1897,-1.1532177677663717,,,,,,0.025343374931253493
sub-01__jax_gpu,AMICA-Python (JAX-GPU),sub-01,1898,-1.1532176824518248,,,,,,0.025290965917520225
sub-01__jax_gpu,AMICA-Python (JAX-GPU),sub-01,1899,-1.153217599208014,,,,,,0.02540167502593249
sub-01__jax_gpu,AMICA-Python (JAX-GPU),sub-01,1900,-1.1532175132529667,,,,,,0.02530624601058662
sub-01__jax_gpu,AMICA-Python (JAX-GPU),sub-01,1901,-1.1532174323191495,,,,,,0.025296175037510693
sub-01__jax_gpu,AMICA-Python (JAX-GPU),sub-01,1902,-1.1532173487757247,,,,,,0.025321155902929604
sub-01__jax_gpu,AMICA-Python (JAX-GPU),sub-01,1903,-1.1532172698662246,,,,,,0.025346884969621897
sub-01__jax_gpu,AMICA-Python (JAX-GPU),sub-01,1904,-1.1532171857524076,,,,,,0.025223386008292437
sub-01__jax_gpu,AMICA-Python (JAX-GPU),sub-01,1905,-1.1532171030424727,,,,,,0.025182015961036086
sub-01__jax_gpu,AMICA-Python (JAX-GPU),sub-01,1906,-1.153217021346883,,,,,,0.02531918603926897
sub-01__jax_gpu,AMICA-Python (JAX-GPU),sub-01,1907,-1.1532169422844984,,,,,,0.025344775058329105
sub-01__jax_gpu,AMICA-Python (JAX-GPU),sub-01,1908,-1.1532168615892047,,,,,,0.02526780602056533
sub-01__jax_gpu,AMICA-Python (JAX-GPU),sub-01,1909,-1.1532167816681917,,,,,,0.025316376006230712
sub-01__jax_gpu,AMICA-Python (JAX-GPU),sub-01,1910,-1.1532167029801352,,,,,,0.02526985597796738
sub-01__jax_gpu,AMICA-Python (JAX-GPU),sub-01,1911,-1.153216621215682,,,,,,0.02527362504042685
sub-01__jax_gpu,AMICA-Python (JAX-GPU),sub-01,1912,-1.153216540652823,,,,,,0.02531882596667856
sub-01__jax_gpu,AMICA-Python (JAX-GPU),sub-01,1913,-1.153216460493855,,,,,,0.025257775909267366
sub-01__jax_gpu,AMICA-Python (JAX-GPU),sub-01,1914,-1.153216380019948,,,,,,0.025311785051599145
sub-01__jax_gpu,AMICA-Python (JAX-GPU),sub-01,1915,-1.153216302942086,,,,,,0.02526494604535401
sub-01__jax_gpu,AMICA-Python (JAX-GPU),sub-01,1916,-1.1532162194930362,,,,,,0.02530060603749007
sub-01__jax_gpu,AMICA-Python (JAX-GPU),sub-01,1917,-1.1532161409737218,,,,,,0.02530898491386324
sub-01__jax_gpu,AMICA-Python (JAX-GPU),sub-01,1918,-1.1532160630820942,,,,,,0.02515855699311942
sub-01__jax_gpu,AMICA-Python (JAX-GPU),sub-01,1919,-1.1532159850362462,,,,,,0.0252296959515661
sub-01__jax_gpu,AMICA-Python (JAX-GPU),sub-01,1920,-1.1532159062969563,,,,,,0.025276475003920496
sub-01__jax_gpu,AMICA-Python (JAX-GPU),sub-01,1921,-1.153215830093963,,,,,,0.025246765930205584
sub-01__jax_gpu,AMICA-Python (JAX-GPU),sub-01,1922,-1.1532157538129066,,,,,,0.025223155971616507
sub-01__jax_gpu,AMICA-Python (JAX-GPU),sub-01,1923,-1.153215677427411,,,,,,0.02524792600888759
sub-01__jax_gpu,AMICA-Python (JAX-GPU),sub-01,1924,-1.1532155989288708,,,,,,0.02515025599859655
sub-01__jax_gpu,AMICA-Python (JAX-GPU),sub-01,1925,-1.153215522630038,,,,,,0.02526057604700327
sub-01__jax_gpu,AMICA-Python (JAX-GPU),sub-01,1926,-1.1532154452576122,,,,,,0.025312655023299158
sub-01__jax_gpu,AMICA-Python (JAX-GPU),sub-01,1927,-1.1532153711206066,,,,,,0.025275275926105678
sub-01__jax_gpu,AMICA-Python (JAX-GPU),sub-01,1928,-1.1532152945830525,,,,,,0.025210116058588028
sub-01__jax_gpu,AMICA-Python (JAX-GPU),sub-01,1929,-1.1532152204128505,,,,,,0.02534696599468589
sub-01__jax_gpu,AMICA-Python (JAX-GPU),sub-01,1930,-1.1532151422312527,,,,,,0.025271896040067077
sub-01__jax_gpu,AMICA-Python (JAX-GPU),sub-01,1931,-1.1532150664458811,,,,,,0.025200927047990263
sub-01__jax_gpu,AMICA-Python (JAX-GPU),sub-01,1932,-1.1532149901077127,,,,,,0.025246246019378304
sub-01__jax_gpu,AMICA-Python (JAX-GPU),sub-01,1933,-1.1532149153873295,,,,,,0.02526575606316328
sub-01__jax_gpu,AMICA-Python (JAX-GPU),sub-01,1934,-1.1532148411408087,,,,,,0.02536744496319443
sub-01__jax_gpu,AMICA-Python (JAX-GPU),sub-01,1935,-1.1532147675039912,,,,,,0.025220516021363437
sub-01__jax_gpu,AMICA-Python (JAX-GPU),sub-01,1936,-1.1532146951866122,,,,,,0.025296845007687807
sub-01__jax_gpu,AMICA-Python (JAX-GPU),sub-01,1937,-1.1532146211159169,,,,,,0.02540801395662129
sub-01__jax_gpu,AMICA-Python (JAX-GPU),sub-01,1938,-1.153214547305968,,,,,,0.025204027071595192
sub-01__jax_gpu,AMICA-Python (JAX-GPU),sub-01,1939,-1.1532144737570573,,,,,,0.02531867497600615
sub-01__jax_gpu,AMICA-Python (JAX-GPU),sub-01,1940,-1.153214400295574,,,,,,0.02522370603401214
sub-01__jax_gpu,AMICA-Python (JAX-GPU),sub-01,1941,-1.1532143271394044,,,,,,0.025273766019381583
sub-01__jax_gpu,AMICA-Python (JAX-GPU),sub-01,1942,-1.1532142551651265,,,,,,0.025270786019973457
sub-01__jax_gpu,AMICA-Python (JAX-GPU),sub-01,1943,-1.1532141802197835,,,,,,0.025303695001639426
sub-01__jax_gpu,AMICA-Python (JAX-GPU),sub-01,1944,-1.1532141118700974,,,,,,0.025260225986130536
sub-01__jax_gpu,AMICA-Python (JAX-GPU),sub-01,1945,-1.1532140417194925,,,,,,0.02526617597322911
sub-01__jax_gpu,AMICA-Python (JAX-GPU),sub-01,1946,-1.1532139723912684,,,,,,0.025199825991876423
sub-01__jax_gpu,AMICA-Python (JAX-GPU),sub-01,1947,-1.1532138991885144,,,,,,0.025254106032662094
sub-01__jax_gpu,AMICA-Python (JAX-GPU),sub-01,1948,-1.1532138273232604,,,,,,0.02522624598350376
sub-01__jax_gpu,AMICA-Python (JAX-GPU),sub-01,1949,-1.1532137576114778,,,,,,0.025377165991812944
sub-01__jax_gpu,AMICA-Python (JAX-GPU),sub-01,1950,-1.1532136863779,,,,,,0.025391725008375943
sub-01__jax_gpu,AMICA-Python (JAX-GPU),sub-01,1951,-1.1532136163798608,,,,,,0.025380984996445477
sub-01__jax_gpu,AMICA-Python (JAX-GPU),sub-01,1952,-1.153213547493802,,,,,,0.025389936054125428
sub-01__jax_gpu,AMICA-Python (JAX-GPU),sub-01,1953,-1.1532134773547569,,,,,,0.025378054939210415
sub-01__jax_gpu,AMICA-Python (JAX-GPU),sub-01,1954,-1.1532134093772761,,,,,,0.02532418502960354
sub-01__jax_gpu,AMICA-Python (JAX-GPU),sub-01,1955,-1.1532133412206222,,,,,,0.025311045930720866
sub-01__jax_gpu,AMICA-Python (JAX-GPU),sub-01,1956,-1.1532132721226498,,,,,,0.025280414964072406
sub-01__jax_gpu,AMICA-Python (JAX-GPU),sub-01,1957,-1.153213203442315,,,,,,0.025314045953564346
sub-01__jax_gpu,AMICA-Python (JAX-GPU),sub-01,1958,-1.1532131343087684,,,,,,0.02535290503874421
sub-01__jax_gpu,AMICA-Python (JAX-GPU),sub-01,1959,-1.1532130658236066,,,,,,0.025382954976521432
sub-01__jax_gpu,AMICA-Python (JAX-GPU),sub-01,1960,-1.1532129963361941,,,,,,0.025332274963147938
sub-01__jax_gpu,AMICA-Python (JAX-GPU),sub-01,1961,-1.1532129284115034,,,,,,0.025417924975045025
sub-01__jax_gpu,AMICA-Python (JAX-GPU),sub-01,1962,-1.153212861306113,,,,,,0.025439605000428855
sub-01__jax_gpu,AMICA-Python (JAX-GPU),sub-01,1963,-1.1532127957537122,,,,,,0.02547428396064788
sub-01__jax_gpu,AMICA-Python (JAX-GPU),sub-01,1964,-1.153212730052538,,,,,,0.02530829596798867
sub-01__jax_gpu,AMICA-Python (JAX-GPU),sub-01,1965,-1.1532126642779834,,,,,,0.025323264999315143
sub-01__jax_gpu,AMICA-Python (JAX-GPU),sub-01,1966,-1.153212598612757,,,,,,0.025379454949870706
sub-01__jax_gpu,AMICA-Python (JAX-GPU),sub-01,1967,-1.1532125329634095,,,,,,0.025299965986050665
sub-01__jax_gpu,AMICA-Python (JAX-GPU),sub-01,1968,-1.1532124667329036,,,,,,0.025268386001698673
sub-01__jax_gpu,AMICA-Python (JAX-GPU),sub-01,1969,-1.1532124008210436,,,,,,0.025333524914458394
sub-01__jax_gpu,AMICA-Python (JAX-GPU),sub-01,1970,-1.1532123363742444,,,,,,0.025374304968863726
sub-01__jax_gpu,AMICA-Python (JAX-GPU),sub-01,1971,-1.1532122741301682,,,,,,0.02530973602551967
sub-01__jax_gpu,AMICA-Python (JAX-GPU),sub-01,1972,-1.1532122082903655,,,,,,0.025461705052293837
sub-01__jax_gpu,AMICA-Python (JAX-GPU),sub-01,1973,-1.1532121477154453,,,,,,0.025317676016129553
sub-01__jax_gpu,AMICA-Python (JAX-GPU),sub-01,1974,-1.1532120831123802,,,,,,0.025250385981053114
sub-01__jax_gpu,AMICA-Python (JAX-GPU),sub-01,1975,-1.153212020939527,,,,,,0.025408704997971654
sub-01__jax_gpu,AMICA-Python (JAX-GPU),sub-01,1976,-1.153211955036372,,,,,,0.02529365592636168
sub-01__jax_gpu,AMICA-Python (JAX-GPU),sub-01,1977,-1.1532118930883457,,,,,,0.02534254500642419
sub-01__jax_gpu,AMICA-Python (JAX-GPU),sub-01,1978,-1.1532118246014103,,,,,,0.02537168504204601
sub-01__jax_gpu,AMICA-Python (JAX-GPU),sub-01,1979,-1.153211760657348,,,,,,0.02530675590969622
sub-01__jax_gpu,AMICA-Python (JAX-GPU),sub-01,1980,-1.1532116961457617,,,,,,0.025322775007225573
sub-01__jax_gpu,AMICA-Python (JAX-GPU),sub-01,1981,-1.1532116330073579,,,,,,0.025321475928649306
sub-01__jax_gpu,AMICA-Python (JAX-GPU),sub-01,1982,-1.1532115695844243,,,,,,0.025429424946196377
sub-01__jax_gpu,AMICA-Python (JAX-GPU),sub-01,1983,-1.153211509442366,,,,,,0.025344114983454347
sub-01__jax_gpu,AMICA-Python (JAX-GPU),sub-01,1984,-1.153211447721464,,,,,,0.02517030597664416
sub-01__jax_gpu,AMICA-Python (JAX-GPU),sub-01,1985,-1.1532113864891493,,,,,,0.025369114940986037
sub-01__jax_gpu,AMICA-Python (JAX-GPU),sub-01,1986,-1.1532113268991997,,,,,,0.025297214975580573
sub-01__jax_gpu,AMICA-Python (JAX-GPU),sub-01,1987,-1.153211265242478,,,,,,0.025407235021702945
sub-01__jax_gpu,AMICA-Python (JAX-GPU),sub-01,1988,-1.1532112046663194,,,,,,0.025370034971274436
sub-01__jax_gpu,AMICA-Python (JAX-GPU),sub-01,1989,-1.1532111442222834,,,,,,0.025392635026946664
sub-01__jax_gpu,AMICA-Python (JAX-GPU),sub-01,1990,-1.1532110843841972,,,,,,0.025309676071628928
sub-01__jax_gpu,AMICA-Python (JAX-GPU),sub-01,1991,-1.1532110223805985,,,,,,0.025359924999065697
sub-01__jax_gpu,AMICA-Python (JAX-GPU),sub-01,1992,-1.1532109625022253,,,,,,0.02542140509467572
sub-01__jax_gpu,AMICA-Python (JAX-GPU),sub-01,1993,-1.1532109022210055,,,,,,0.025337545084767044
sub-01__jax_gpu,AMICA-Python (JAX-GPU),sub-01,1994,-1.1532108440230204,,,,,,0.02526503603439778
sub-01__jax_gpu,AMICA-Python (JAX-GPU),sub-01,1995,-1.1532107862821293,,,,,,0.025339995976537466
sub-01__jax_gpu,AMICA-Python (JAX-GPU),sub-01,1996,-1.1532107249815977,,,,,,0.025313065038062632
sub-01__jax_gpu,AMICA-Python (JAX-GPU),sub-01,1997,-1.1532106674484472,,,,,,0.02530862600542605
sub-01__jax_gpu,AMICA-Python (JAX-GPU),sub-01,1998,-1.1532106108362723,,,,,,0.025272355997003615
sub-01__jax_gpu,AMICA-Python (JAX-GPU),sub-01,1999,-1.1532105534311932,,,,,,0.025365895009599626
sub-01__jax_gpu,AMICA-Python (JAX-GPU),sub-01,2000,-1.1532104953793172,,,,,,0.02537331497296691
sub-01__jax_gpu,AMICA-Python (JAX-GPU),sub-01,2001,-1.1532104385261208,,,,,,0.02535626501776278
sub-01__jax_gpu,AMICA-Python (JAX-GPU),sub-01,2002,-1.1532103814994992,,,,,,0.02530168602243066
sub-01__jax_gpu,AMICA-Python (JAX-GPU),sub-01,2003,-1.1532103252864732,,,,,,0.025334215024486184
sub-01__jax_gpu,AMICA-Python (JAX-GPU),sub-01,2004,-1.1532102701647893,,,,,,0.025308175943791866
sub-01__jax_gpu,AMICA-Python (JAX-GPU),sub-01,2005,-1.1532102152234183,,,,,,0.025410915026441216
sub-01__jax_gpu,AMICA-Python (JAX-GPU),sub-01,2006,-1.1532101591763628,,,,,,0.025308565003797412
sub-01__jax_gpu,AMICA-Python (JAX-GPU),sub-01,2007,-1.153210106608321,,,,,,0.02533166599459946
sub-01__jax_gpu,AMICA-Python (JAX-GPU),sub-01,2008,-1.1532100544717858,,,,,,0.025343015091493726
sub-01__jax_gpu,AMICA-Python (JAX-GPU),sub-01,2009,-1.153209999549426,,,,,,0.025403005070984364
sub-01__jax_gpu,AMICA-Python (JAX-GPU),sub-01,2010,-1.153209945455536,,,,,,0.02534951502457261
sub-01__jax_gpu,AMICA-Python (JAX-GPU),sub-01,2011,-1.153209892295032,,,,,,0.025318645988591015
sub-01__jax_gpu,AMICA-Python (JAX-GPU),sub-01,2012,-1.153209840302318,,,,,,0.025356095051392913
sub-01__jax_gpu,AMICA-Python (JAX-GPU),sub-01,2013,-1.1532097893614768,,,,,,0.025421904982067645
sub-01__jax_gpu,AMICA-Python (JAX-GPU),sub-01,2014,-1.153209736776371,,,,,,0.025276396074332297
sub-01__jax_gpu,AMICA-Python (JAX-GPU),sub-01,2015,-1.1532096840084733,,,,,,0.025235706008970737
sub-01__jax_gpu,AMICA-Python (JAX-GPU),sub-01,2016,-1.1532096331125388,,,,,,0.02540229493752122
sub-01__jax_gpu,AMICA-Python (JAX-GPU),sub-01,2017,-1.1532095852658146,,,,,,0.02542483399156481
sub-01__jax_gpu,AMICA-Python (JAX-GPU),sub-01,2018,-1.1532095354812717,,,,,,0.02532493497710675
sub-01__jax_gpu,AMICA-Python (JAX-GPU),sub-01,2019,-1.153209486215665,,,,,,0.025296485982835293
sub-01__jax_gpu,AMICA-Python (JAX-GPU),sub-01,2020,-1.1532094361083016,,,,,,0.025296755018644035
sub-01__jax_gpu,AMICA-Python (JAX-GPU),sub-01,2021,-1.153209384030996,,,,,,0.02528736600652337
sub-01__jax_gpu,AMICA-Python (JAX-GPU),sub-01,2022,-1.1532093330182966,,,,,,0.02538253495004028
sub-01__jax_gpu,AMICA-Python (JAX-GPU),sub-01,2023,-1.1532092825943348,,,,,,0.02532496501225978
sub-01__jax_gpu,AMICA-Python (JAX-GPU),sub-01,2024,-1.153209231924674,,,,,,0.02521121595054865
sub-01__jax_gpu,AMICA-Python (JAX-GPU),sub-01,2025,-1.153209179158296,,,,,,0.0251991261029616
sub-01__jax_gpu,AMICA-Python (JAX-GPU),sub-01,2026,-1.1532091302225864,,,,,,0.02520772605203092
sub-01__jax_gpu,AMICA-Python (JAX-GPU),sub-01,2027,-1.1532090800414248,,,,,,0.02514371694996953
sub-01__jax_gpu,AMICA-Python (JAX-GPU),sub-01,2028,-1.1532090290364718,,,,,,0.025188616011291742
sub-01__jax_gpu,AMICA-Python (JAX-GPU),sub-01,2029,-1.1532089761727384,,,,,,0.025208725943230093
sub-01__jax_gpu,AMICA-Python (JAX-GPU),sub-01,2030,-1.1532089249369826,,,,,,0.02529740601312369
sub-01__jax_gpu,AMICA-Python (JAX-GPU),sub-01,2031,-1.153208875192947,,,,,,0.025208596023730934
sub-01__jax_gpu,AMICA-Python (JAX-GPU),sub-01,2032,-1.1532088249242005,,,,,,0.02529694593977183
sub-01__jax_gpu,AMICA-Python (JAX-GPU),sub-01,2033,-1.15320877592214,,,,,,0.025263566058129072
sub-01__jax_gpu,AMICA-Python (JAX-GPU),sub-01,2034,-1.1532087293693272,,,,,,0.02535504591651261
sub-01__jax_gpu,AMICA-Python (JAX-GPU),sub-01,2035,-1.1532086765728138,,,,,,0.02529700507875532
sub-01__jax_gpu,AMICA-Python (JAX-GPU),sub-01,2036,-1.1532086279834999,,,,,,0.02539241500198841
sub-01__jax_gpu,AMICA-Python (JAX-GPU),sub-01,2037,-1.1532085778771062,,,,,,0.02532958600204438
sub-01__jax_gpu,AMICA-Python (JAX-GPU),sub-01,2038,-1.1532085325369765,,,,,,0.025247026002034545
sub-01__jax_gpu,AMICA-Python (JAX-GPU),sub-01,2039,-1.1532084828208127,,,,,,0.025240176008082926
sub-01__jax_gpu,AMICA-Python (JAX-GPU),sub-01,2040,-1.1532084348064773,,,,,,0.025264395982958376
sub-01__jax_gpu,AMICA-Python (JAX-GPU),sub-01,2041,-1.1532083868407115,,,,,,0.02518956596031785
sub-01__jax_gpu,AMICA-Python (JAX-GPU),sub-01,2042,-1.153208341668497,,,,,,0.02530088508501649
sub-01__jax_gpu,AMICA-Python (JAX-GPU),sub-01,2043,-1.1532082898472913,,,,,,0.025173546047881246
sub-01__jax_gpu,AMICA-Python (JAX-GPU),sub-01,2044,-1.15320824218204,,,,,,0.02518164599314332
sub-01__jax_gpu,AMICA-Python (JAX-GPU),sub-01,2045,-1.1532081947519146,,,,,,0.025221146061085165
sub-01__jax_gpu,AMICA-Python (JAX-GPU),sub-01,2046,-1.153208148635988,,,,,,0.02523713605478406
sub-01__jax_gpu,AMICA-Python (JAX-GPU),sub-01,2047,-1.1532081015809217,,,,,,0.025182377081364393
sub-01__jax_gpu,AMICA-Python (JAX-GPU),sub-01,2048,-1.1532080534939722,,,,,,0.025320734945125878
sub-01__jax_gpu,AMICA-Python (JAX-GPU),sub-01,2049,-1.1532080045697863,,,,,,0.025272586033679545
sub-01__jax_gpu,AMICA-Python (JAX-GPU),sub-01,2050,-1.1532079605743448,,,,,,0.02521656604949385
sub-01__jax_gpu,AMICA-Python (JAX-GPU),sub-01,2051,-1.1532079150487482,,,,,,0.025200015981681645
sub-01__jax_gpu,AMICA-Python (JAX-GPU),sub-01,2052,-1.153207868155064,,,,,,0.02520832698792219
sub-01__jax_gpu,AMICA-Python (JAX-GPU),sub-01,2053,-1.1532078201919709,,,,,,0.02523484593257308
sub-01__jax_gpu,AMICA-Python (JAX-GPU),sub-01,2054,-1.1532077765618027,,,,,,0.02528529497794807
sub-01__jax_gpu,AMICA-Python (JAX-GPU),sub-01,2055,-1.1532077297670178,,,,,,0.025263616000302136
sub-01__jax_gpu,AMICA-Python (JAX-GPU),sub-01,2056,-1.1532076825848279,,,,,,0.02515108697116375
sub-01__jax_gpu,AMICA-Python (JAX-GPU),sub-01,2057,-1.153207637865653,,,,,,0.02520942606497556
sub-01__jax_gpu,AMICA-Python (JAX-GPU),sub-01,2058,-1.1532075947442217,,,,,,0.025139916921034455
sub-01__jax_gpu,AMICA-Python (JAX-GPU),sub-01,2059,-1.153207548223052,,,,,,0.025307064992375672
sub-01__jax_gpu,AMICA-Python (JAX-GPU),sub-01,2060,-1.1532075034292883,,,,,,0.025154566043056548
sub-01__jax_gpu,AMICA-Python (JAX-GPU),sub-01,2061,-1.153207459045216,,,,,,0.0252320549916476
sub-01__jax_gpu,AMICA-Python (JAX-GPU),sub-01,2062,-1.1532074138199138,,,,,,0.025166327017359436
sub-01__jax_gpu,AMICA-Python (JAX-GPU),sub-01,2063,-1.1532073697432772,,,,,,0.025215725996531546
sub-01__jax_gpu,AMICA-Python (JAX-GPU),sub-01,2064,-1.153207327257617,,,,,,0.025268645957112312
sub-01__jax_gpu,AMICA-Python (JAX-GPU),sub-01,2065,-1.1532072824440978,,,,,,0.025220166076906025
sub-01__jax_gpu,AMICA-Python (JAX-GPU),sub-01,2066,-1.153207238216574,,,,,,0.025251675979234278
sub-01__jax_gpu,AMICA-Python (JAX-GPU),sub-01,2067,-1.1532071999336908,,,,,,0.025306705967523158
sub-01__jax_gpu,AMICA-Python (JAX-GPU),sub-01,2068,-1.1532071586921175,,,,,,0.02533923601731658
sub-01__jax_gpu,AMICA-Python (JAX-GPU),sub-01,2069,-1.153207119548578,,,,,,0.02530028496403247
sub-01__jax_gpu,AMICA-Python (JAX-GPU),sub-01,2070,-1.1532070822512828,,,,,,0.025323566049337387
sub-01__jax_gpu,AMICA-Python (JAX-GPU),sub-01,2071,-1.1532070419529192,,,,,,0.025316765066236258
sub-01__jax_gpu,AMICA-Python (JAX-GPU),sub-01,2072,-1.1532069985590974,,,,,,0.025311904959380627
sub-01__jax_gpu,AMICA-Python (JAX-GPU),sub-01,2073,-1.1532069597710337,,,,,,0.02534681500401348
sub-01__jax_gpu,AMICA-Python (JAX-GPU),sub-01,2074,-1.1532069210402904,,,,,,0.0253287460654974
sub-01__jax_gpu,AMICA-Python (JAX-GPU),sub-01,2075,-1.1532068776561613,,,,,,0.025389104965142906
sub-01__jax_gpu,AMICA-Python (JAX-GPU),sub-01,2076,-1.1532068380033165,,,,,,0.02533400501124561
sub-01__jax_gpu,AMICA-Python (JAX-GPU),sub-01,2077,-1.1532067988049821,,,,,,0.025370186078362167
sub-01__jax_gpu,AMICA-Python (JAX-GPU),sub-01,2078,-1.1532067625191649,,,,,,0.025441425037570298
sub-01__jax_gpu,AMICA-Python (JAX-GPU),sub-01,2079,-1.153206723712055,,,,,,0.025357905076816678
sub-01__jax_gpu,AMICA-Python (JAX-GPU),sub-01,2080,-1.1532066840827273,,,,,,0.02523432590533048
sub-01__jax_gpu,AMICA-Python (JAX-GPU),sub-01,2081,-1.1532066453547274,,,,,,0.025323904934339225
sub-01__jax_gpu,AMICA-Python (JAX-GPU),sub-01,2082,-1.153206605816053,,,,,,0.025366844958625734
sub-01__jax_gpu,AMICA-Python (JAX-GPU),sub-01,2083,-1.1532065695528428,,,,,,0.025317206047475338
sub-01__jax_gpu,AMICA-Python (JAX-GPU),sub-01,2084,-1.1532065327737349,,,,,,0.025246766046620905
sub-01__jax_gpu,AMICA-Python (JAX-GPU),sub-01,2085,-1.1532064957021817,,,,,,0.02524136600550264
sub-01__jax_gpu,AMICA-Python (JAX-GPU),sub-01,2086,-1.1532064595878897,,,,,,0.025229056016542017
sub-01__jax_gpu,AMICA-Python (JAX-GPU),sub-01,2087,-1.1532064252681944,,,,,,0.025374184944666922
sub-01__jax_gpu,AMICA-Python (JAX-GPU),sub-01,2088,-1.1532063895383928,,,,,,0.025228996062651277
sub-01__jax_gpu,AMICA-Python (JAX-GPU),sub-01,2089,-1.153206352342552,,,,,,0.025354754994623363
sub-01__jax_gpu,AMICA-Python (JAX-GPU),sub-01,2090,-1.1532063164475936,,,,,,0.025296045932918787
sub-01__jax_gpu,AMICA-Python (JAX-GPU),sub-01,2091,-1.1532062815880122,,,,,,0.025396384997293353
sub-01__jax_gpu,AMICA-Python (JAX-GPU),sub-01,2092,-1.1532062471013877,,,,,,0.0254144249483943
sub-01__jax_gpu,AMICA-Python (JAX-GPU),sub-01,2093,-1.1532062123114957,,,,,,0.025282916030846536
sub-01__jax_gpu,AMICA-Python (JAX-GPU),sub-01,2094,-1.1532061798765236,,,,,,0.02530569490045309
sub-01__jax_gpu,AMICA-Python (JAX-GPU),sub-01,2095,-1.1532061452279816,,,,,,0.025372014963068068
sub-01__jax_gpu,AMICA-Python (JAX-GPU),sub-01,2096,-1.1532061125010704,,,,,,0.025296056061051786
sub-01__jax_gpu,AMICA-Python (JAX-GPU),sub-01,2097,-1.1532060791459935,,,,,,0.025415495038032532
sub-01__jax_gpu,AMICA-Python (JAX-GPU),sub-01,2098,-1.15320604870555,,,,,,0.025384124950505793
sub-01__jax_gpu,AMICA-Python (JAX-GPU),sub-01,2099,-1.1532060178906436,,,,,,0.02529431600123644
sub-01__jax_gpu,AMICA-Python (JAX-GPU),sub-01,2100,-1.1532059907728063,,,,,,0.02524257602635771
sub-01__jax_gpu,AMICA-Python (JAX-GPU),sub-01,2101,-1.1532059562475243,,,,,,0.025394015945494175
sub-01__jax_gpu,AMICA-Python (JAX-GPU),sub-01,2102,-1.1532059242232358,,,,,,0.025339585030451417
sub-01__jax_gpu,AMICA-Python (JAX-GPU),sub-01,2103,-1.1532058924061013,,,,,,0.025294926017522812
sub-01__jax_gpu,AMICA-Python (JAX-GPU),sub-01,2104,-1.1532058643206233,,,,,,0.0253310949774459
sub-01__jax_gpu,AMICA-Python (JAX-GPU),sub-01,2105,-1.1532058358123318,,,,,,0.025240576011128724
sub-01__jax_gpu,AMICA-Python (JAX-GPU),sub-01,2106,-1.1532058073264067,,,,,,0.025336464983411133
sub-01__jax_gpu,AMICA-Python (JAX-GPU),sub-01,2107,-1.153205775685384,,,,,,0.02534008596558124
sub-01__jax_gpu,AMICA-Python (JAX-GPU),sub-01,2108,-1.1532057463900107,,,,,,0.02522672596387565
sub-01__jax_gpu,AMICA-Python (JAX-GPU),sub-01,2109,-1.1532057182776099,,,,,,0.025169465923681855
sub-01__jax_gpu,AMICA-Python (JAX-GPU),sub-01,2110,-1.15320569036284,,,,,,0.025197586975991726
sub-01__jax_gpu,AMICA-Python (JAX-GPU),sub-01,2111,-1.1532056629872252,,,,,,0.025311945006251335
sub-01__jax_gpu,AMICA-Python (JAX-GPU),sub-01,2112,-1.153205634114599,,,,,,0.02519406599458307
sub-01__jax_gpu,AMICA-Python (JAX-GPU),sub-01,2113,-1.1532056088135605,,,,,,0.02516805601771921
sub-01__jax_gpu,AMICA-Python (JAX-GPU),sub-01,2114,-1.1532055791562164,,,,,,0.025257105939090252
sub-01__jax_gpu,AMICA-Python (JAX-GPU),sub-01,2115,-1.153205552504818,,,,,,0.025324724963866174
sub-01__jax_gpu,AMICA-Python (JAX-GPU),sub-01,2116,-1.1532055260299978,,,,,,0.025181127013638616
sub-01__jax_gpu,AMICA-Python (JAX-GPU),sub-01,2117,-1.153205499181123,,,,,,0.025241937022656202
sub-01__jax_gpu,AMICA-Python (JAX-GPU),sub-01,2118,-1.1532054705502757,,,,,,0.0252753549721092
sub-01__jax_gpu,AMICA-Python (JAX-GPU),sub-01,2119,-1.1532054442763129,,,,,,0.025229325983673334
sub-01__jax_gpu,AMICA-Python (JAX-GPU),sub-01,2120,-1.153205417594687,,,,,,0.025360194966197014
sub-01__jax_gpu,AMICA-Python (JAX-GPU),sub-01,2121,-1.1532053916527534,,,,,,0.025375695899128914
sub-01__jax_gpu,AMICA-Python (JAX-GPU),sub-01,2122,-1.153205363406052,,,,,,0.025435063987970352
sub-01__jax_gpu,AMICA-Python (JAX-GPU),sub-01,2123,-1.1532053389096,,,,,,0.025407884968444705
sub-01__jax_gpu,AMICA-Python (JAX-GPU),sub-01,2124,-1.1532053133898166,,,,,,0.0253749149851501
sub-01__jax_gpu,AMICA-Python (JAX-GPU),sub-01,2125,-1.1532052914404864,,,,,,0.025309994933195412
sub-01__jax_gpu,AMICA-Python (JAX-GPU),sub-01,2126,-1.1532052617373043,,,,,,0.025257876026444137
sub-01__jax_gpu,AMICA-Python (JAX-GPU),sub-01,2127,-1.1532052370722368,,,,,,0.02531142591033131
sub-01__jax_gpu,AMICA-Python (JAX-GPU),sub-01,2128,-1.1532052140797386,,,,,,0.025326775037683547
sub-01__jax_gpu,AMICA-Python (JAX-GPU),sub-01,2129,-1.1532051916289274,,,,,,0.02528645610436797
sub-01__jax_gpu,AMICA-Python (JAX-GPU),sub-01,2130,-1.1532051646241608,,,,,,0.025325304944999516
sub-01__jax_gpu,AMICA-Python (JAX-GPU),sub-01,2131,-1.1532051406844794,,,,,,0.025353565928526223
sub-01__jax_gpu,AMICA-Python (JAX-GPU),sub-01,2132,-1.153205117682701,,,,,,0.02538850496057421
sub-01__jax_gpu,AMICA-Python (JAX-GPU),sub-01,2133,-1.1532050927155941,,,,,,0.025281504960730672
sub-01__jax_gpu,AMICA-Python (JAX-GPU),sub-01,2134,-1.1532050698415373,,,,,,0.025394524913281202
sub-01__jax_gpu,AMICA-Python (JAX-GPU),sub-01,2135,-1.153205045418041,,,,,,0.025383696076460183
sub-01__jax_gpu,AMICA-Python (JAX-GPU),sub-01,2136,-1.153205021319025,,,,,,0.025268145953305066
sub-01__jax_gpu,AMICA-Python (JAX-GPU),sub-01,2137,-1.1532049998955718,,,,,,0.02536225493531674
sub-01__jax_gpu,AMICA-Python (JAX-GPU),sub-01,2138,-1.1532049763672478,,,,,,0.025316015002317727
sub-01__jax_gpu,AMICA-Python (JAX-GPU),sub-01,2139,-1.153204956685075,,,,,,0.02534827496856451
sub-01__jax_gpu,AMICA-Python (JAX-GPU),sub-01,2140,-1.1532049339502946,,,,,,0.02532619598787278
sub-01__jax_gpu,AMICA-Python (JAX-GPU),sub-01,2141,-1.1532049134914077,,,,,,0.02536545495968312
sub-01__jax_gpu,AMICA-Python (JAX-GPU),sub-01,2142,-1.1532048907566415,,,,,,0.025414144969545305
sub-01__jax_gpu,AMICA-Python (JAX-GPU),sub-01,2143,-1.1532048685043155,,,,,,0.025339684914797544
sub-01__jax_gpu,AMICA-Python (JAX-GPU),sub-01,2144,-1.15320484742062,,,,,,0.025429764995351434
sub-01__jax_gpu,AMICA-Python (JAX-GPU),sub-01,2145,-1.1532048272284596,,,,,,0.02536490501370281
sub-01__jax_gpu,AMICA-Python (JAX-GPU),sub-01,2146,-1.1532048065672242,,,,,,0.025369665934704244
sub-01__jax_gpu,AMICA-Python (JAX-GPU),sub-01,2147,-1.1532047872259874,,,,,,0.025371405063197017
sub-01__jax_gpu,AMICA-Python (JAX-GPU),sub-01,2148,-1.1532047660645226,,,,,,0.025312944897450507
sub-01__jax_gpu,AMICA-Python (JAX-GPU),sub-01,2149,-1.1532047465682704,,,,,,0.025289345998317003
sub-01__jax_gpu,AMICA-Python (JAX-GPU),sub-01,2150,-1.1532047242916141,,,,,,0.025295005994848907
sub-01__jax_gpu,AMICA-Python (JAX-GPU),sub-01,2151,-1.153204704653092,,,,,,0.02529439504723996
sub-01__jax_gpu,AMICA-Python (JAX-GPU),sub-01,2152,-1.1532046829907179,,,,,,0.025181586970575154
sub-01__jax_gpu,AMICA-Python (JAX-GPU),sub-01,2153,-1.1532046613968023,,,,,,0.025177146075293422
sub-01__jax_gpu,AMICA-Python (JAX-GPU),sub-01,2154,-1.1532046426909504,,,,,,0.025328135932795703
sub-01__jax_gpu,AMICA-Python (JAX-GPU),sub-01,2155,-1.1532046262485631,,,,,,0.025305334944278002
sub-01__jax_gpu,AMICA-Python (JAX-GPU),sub-01,2156,-1.153204601683464,,,,,,0.02521242608781904
sub-01__jax_gpu,AMICA-Python (JAX-GPU),sub-01,2157,-1.1532045829434898,,,,,,0.025240796036086977
sub-01__jax_gpu,AMICA-Python (JAX-GPU),sub-01,2158,-1.1532045620751474,,,,,,0.025281456066295505
sub-01__jax_gpu,AMICA-Python (JAX-GPU),sub-01,2159,-1.153204543697597,,,,,,0.025205626036040485
sub-01__jax_gpu,AMICA-Python (JAX-GPU),sub-01,2160,-1.1532045230367989,,,,,,0.025269876001402736
sub-01__jax_gpu,AMICA-Python (JAX-GPU),sub-01,2161,-1.1532045045011927,,,,,,0.025279885972850025
sub-01__jax_gpu,AMICA-Python (JAX-GPU),sub-01,2162,-1.153204484215365,,,,,,0.02515611599665135
sub-01__jax_gpu,AMICA-Python (JAX-GPU),sub-01,2163,-1.1532044659075853,,,,,,0.02533058589324355
sub-01__jax_gpu,AMICA-Python (JAX-GPU),sub-01,2164,-1.1532044483229256,,,,,,0.02522950596176088
sub-01__jax_gpu,AMICA-Python (JAX-GPU),sub-01,2165,-1.153204430220975,,,,,,0.025300564942881465
sub-01__jax_gpu,AMICA-Python (JAX-GPU),sub-01,2166,-1.1532044134689878,,,,,,0.025372845004312694
sub-01__jax_gpu,AMICA-Python (JAX-GPU),sub-01,2167,-1.1532043934693972,,,,,,0.025172097026370466
sub-01__jax_gpu,AMICA-Python (JAX-GPU),sub-01,2168,-1.1532043773477005,,,,,,0.02532839495688677
sub-01__jax_gpu,AMICA-Python (JAX-GPU),sub-01,2169,-1.153204358093075,,,,,,0.02530933602247387
sub-01__jax_gpu,AMICA-Python (JAX-GPU),sub-01,2170,-1.1532043397293952,,,,,,0.025203276076354086
sub-01__jax_gpu,AMICA-Python (JAX-GPU),sub-01,2171,-1.1532043241725236,,,,,,0.025334265897981822
sub-01__jax_gpu,AMICA-Python (JAX-GPU),sub-01,2172,-1.1532043102099048,,,,,,0.025197987095452845
sub-01__jax_gpu,AMICA-Python (JAX-GPU),sub-01,2173,-1.1532042889866616,,,,,,0.025271465070545673
sub-01__jax_gpu,AMICA-Python (JAX-GPU),sub-01,2174,-1.153204272401788,,,,,,0.025240245973691344
sub-01__jax_gpu,AMICA-Python (JAX-GPU),sub-01,2175,-1.1532042540897243,,,,,,0.025257334928028286
sub-01__jax_gpu,AMICA-Python (JAX-GPU),sub-01,2176,-1.1532042374252667,,,,,,0.025222386000677943
sub-01__jax_gpu,AMICA-Python (JAX-GPU),sub-01,2177,-1.1532042204728283,,,,,,0.025181896053254604
sub-01__jax_gpu,AMICA-Python (JAX-GPU),sub-01,2178,-1.1532042047711903,,,,,,0.025297055020928383
sub-01__jax_gpu,AMICA-Python (JAX-GPU),sub-01,2179,-1.153204189162995,,,,,,0.02532860601786524
sub-01__jax_gpu,AMICA-Python (JAX-GPU),sub-01,2180,-1.1532041716737167,,,,,,0.02522633597254753
sub-01__jax_gpu,AMICA-Python (JAX-GPU),sub-01,2181,-1.1532041552657712,,,,,,0.025251556071452796
sub-01__jax_gpu,AMICA-Python (JAX-GPU),sub-01,2182,-1.1532041392784582,,,,,,0.02525548601988703
sub-01__jax_gpu,AMICA-Python (JAX-GPU),sub-01,2183,-1.1532041250046965,,,,,,0.025198815972544253
sub-01__jax_gpu,AMICA-Python (JAX-GPU),sub-01,2184,-1.1532041117567182,,,,,,0.02526858600322157
sub-01__jax_gpu,AMICA-Python (JAX-GPU),sub-01,2185,-1.1532040936301042,,,,,,0.02528521593194455
sub-01__jax_gpu,AMICA-Python (JAX-GPU),sub-01,2186,-1.1532040790341238,,,,,,0.025346455979160964
sub-01__jax_gpu,AMICA-Python (JAX-GPU),sub-01,2187,-1.1532040636930685,,,,,,0.02532141492702067
sub-01__jax_gpu,AMICA-Python (JAX-GPU),sub-01,2188,-1.1532040476368406,,,,,,0.025234825909137726
sub-01__jax_gpu,AMICA-Python (JAX-GPU),sub-01,2189,-1.153204032808589,,,,,,0.02528124605305493
sub-01__jax_gpu,AMICA-Python (JAX-GPU),sub-01,2190,-1.1532040190470219,,,,,,0.025305015966296196
sub-01__jax_gpu,AMICA-Python (JAX-GPU),sub-01,2191,-1.153204003891137,,,,,,0.025319705018773675
sub-01__jax_gpu,AMICA-Python (JAX-GPU),sub-01,2192,-1.1532039895122104,,,,,,0.025285586016252637
sub-01__jax_gpu,AMICA-Python (JAX-GPU),sub-01,2193,-1.153203975501162,,,,,,0.025236165965907276
sub-01__jax_gpu,AMICA-Python (JAX-GPU),sub-01,2194,-1.153203961837959,,,,,,0.02526034601032734
sub-01__jax_gpu,AMICA-Python (JAX-GPU),sub-01,2195,-1.1532039457907344,,,,,,0.025303474976681173
sub-01__jax_gpu,AMICA-Python (JAX-GPU),sub-01,2196,-1.1532039335603357,,,,,,0.025194397079758346
sub-01__jax_gpu,AMICA-Python (JAX-GPU),sub-01,2197,-1.1532039169554034,,,,,,0.025304354960098863
sub-01__jax_gpu,AMICA-Python (JAX-GPU),sub-01,2198,-1.1532039028276786,,,,,,0.025229915976524353
sub-01__jax_gpu,AMICA-Python (JAX-GPU),sub-01,2199,-1.1532038894201901,,,,,,0.025262126000598073
sub-01__jax_gpu,AMICA-Python (JAX-GPU),sub-01,2200,-1.1532038765088768,,,,,,0.025392754934728146
sub-01__jax_gpu,AMICA-Python (JAX-GPU),sub-01,2201,-1.1532038618973797,,,,,,0.02525532606523484
sub-01__jax_gpu,AMICA-Python (JAX-GPU),sub-01,2202,-1.1532038476161046,,,,,,0.025241416064091027
sub-01__jax_gpu,AMICA-Python (JAX-GPU),sub-01,2203,-1.1532038337327342,,,,,,0.025254315929487348
sub-01__jax_gpu,AMICA-Python (JAX-GPU),sub-01,2204,-1.1532038220078276,,,,,,0.0252186160068959
sub-01__jax_gpu,AMICA-Python (JAX-GPU),sub-01,2205,-1.153203808699729,,,,,,0.025230725994333625
sub-01__jax_gpu,AMICA-Python (JAX-GPU),sub-01,2206,-1.1532037952574792,,,,,,0.025247866054996848
sub-01__jax_gpu,AMICA-Python (JAX-GPU),sub-01,2207,-1.1532037815965497,,,,,,0.025234305998310447
sub-01__jax_gpu,AMICA-Python (JAX-GPU),sub-01,2208,-1.1532037695284911,,,,,,0.025280316011048853
sub-01__jax_gpu,AMICA-Python (JAX-GPU),sub-01,2209,-1.1532037570781217,,,,,,0.025218146038241684
sub-01__jax_gpu,AMICA-Python (JAX-GPU),sub-01,2210,-1.1532037446893584,,,,,,0.025263786083087325
sub-01__jax_gpu,AMICA-Python (JAX-GPU),sub-01,2211,-1.153203732564411,,,,,,0.025209925952367485
sub-01__jax_gpu,AMICA-Python (JAX-GPU),sub-01,2212,-1.1532037192584097,,,,,,0.025284115923568606
sub-01__jax_gpu,AMICA-Python (JAX-GPU),sub-01,2213,-1.1532037036662763,,,,,,0.02523654594551772
sub-01__jax_gpu,AMICA-Python (JAX-GPU),sub-01,2214,-1.1532036908529666,,,,,,0.025201865937560797
sub-01__jax_gpu,AMICA-Python (JAX-GPU),sub-01,2215,-1.1532036780889667,,,,,,0.025350265088491142
sub-01__jax_gpu,AMICA-Python (JAX-GPU),sub-01,2216,-1.1532036677900113,,,,,,0.025343294953927398
sub-01__jax_gpu,AMICA-Python (JAX-GPU),sub-01,2217,-1.1532036538381794,,,,,,0.02537433593533933
sub-01__jax_gpu,AMICA-Python (JAX-GPU),sub-01,2218,-1.1532036423189007,,,,,,0.02537063497584313
sub-01__jax_gpu,AMICA-Python (JAX-GPU),sub-01,2219,-1.1532036303920994,,,,,,0.025243286043405533
sub-01__jax_gpu,AMICA-Python (JAX-GPU),sub-01,2220,-1.1532036204917837,,,,,,0.02524263598024845
sub-01__jax_gpu,AMICA-Python (JAX-GPU),sub-01,2221,-1.153203607153093,,,,,,0.025314645026810467
sub-01__jax_gpu,AMICA-Python (JAX-GPU),sub-01,2222,-1.1532035946154546,,,,,,0.025303525966592133
sub-01__jax_gpu,AMICA-Python (JAX-GPU),sub-01,2223,-1.153203583070322,,,,,,0.025344735011458397
sub-01__jax_gpu,AMICA-Python (JAX-GPU),sub-01,2224,-1.153203571705336,,,,,,0.02532293600961566
sub-01__jax_gpu,AMICA-Python (JAX-GPU),sub-01,2225,-1.1532035576348667,,,,,,0.02521636604797095
sub-01__jax_gpu,AMICA-Python (JAX-GPU),sub-01,2226,-1.1532035473779054,,,,,,0.025312814977951348
sub-01__jax_gpu,AMICA-Python (JAX-GPU),sub-01,2227,-1.1532035378299843,,,,,,0.025286636082455516
sub-01__jax_gpu,AMICA-Python (JAX-GPU),sub-01,2228,-1.1532035277996626,,,,,,0.02523700601886958
sub-01__jax_gpu,AMICA-Python (JAX-GPU),sub-01,2229,-1.1532035160430476,,,,,,0.02519210590980947
sub-01__jax_gpu,AMICA-Python (JAX-GPU),sub-01,2230,-1.153203504963224,,,,,,0.025331415003165603
sub-01__jax_gpu,AMICA-Python (JAX-GPU),sub-01,2231,-1.1532034954399826,,,,,,0.025392345036379993
sub-01__jax_gpu,AMICA-Python (JAX-GPU),sub-01,2232,-1.1532034878170339,,,,,,0.02528750605415553
sub-01__jax_gpu,AMICA-Python (JAX-GPU),sub-01,2233,-1.1532034759042753,,,,,,0.02532630495261401
sub-01__jax_gpu,AMICA-Python (JAX-GPU),sub-01,2234,-1.1532034640128885,,,,,,0.025257136090658605
sub-01__jax_gpu,AMICA-Python (JAX-GPU),sub-01,2235,-1.1532034556983957,,,,,,0.025239626062102616
sub-01__jax_gpu,AMICA-Python (JAX-GPU),sub-01,2236,-1.1532034463950938,,,,,,0.025359894963912666
sub-01__jax_gpu,AMICA-Python (JAX-GPU),sub-01,2237,-1.1532034353170504,,,,,,0.025330486008897424
sub-01__jax_gpu,AMICA-Python (JAX-GPU),sub-01,2238,-1.1532034261759627,,,,,,0.025239436072297394
sub-01__jax_gpu,AMICA-Python (JAX-GPU),sub-01,2239,-1.1532034188262392,,,,,,0.025392144918441772
sub-01__jax_gpu,AMICA-Python (JAX-GPU),sub-01,2240,-1.1532034081780709,,,,,,0.025269126053899527
sub-01__jax_gpu,AMICA-Python (JAX-GPU),sub-01,2241,-1.1532033973704936,,,,,,0.02528281498234719
sub-01__jax_gpu,AMICA-Python (JAX-GPU),sub-01,2242,-1.153203389168896,,,,,,0.025333876023069024
sub-01__jax_gpu,AMICA-Python (JAX-GPU),sub-01,2243,-1.1532033804154176,,,,,,0.025225635967217386
sub-01__jax_gpu,AMICA-Python (JAX-GPU),sub-01,2244,-1.153203368872126,,,,,,0.025214365916326642
sub-01__jax_gpu,AMICA-Python (JAX-GPU),sub-01,2245,-1.1532033608829633,,,,,,0.025424905004911125
sub-01__jax_gpu,AMICA-Python (JAX-GPU),sub-01,2246,-1.1532033505560055,,,,,,0.025322444969788194
sub-01__jax_gpu,AMICA-Python (JAX-GPU),sub-01,2247,-1.1532033422569377,,,,,,0.025243935990147293
sub-01__jax_gpu,AMICA-Python (JAX-GPU),sub-01,2248,-1.1532033308606735,,,,,,0.025267235934734344
sub-01__jax_gpu,AMICA-Python (JAX-GPU),sub-01,2249,-1.153203320523963,,,,,,0.025256876018829644
sub-01__jax_gpu,AMICA-Python (JAX-GPU),sub-01,2250,-1.153203309803539,,,,,,0.02527389593888074
sub-01__jax_gpu,AMICA-Python (JAX-GPU),sub-01,2251,-1.1532033008925127,,,,,,0.02516104595270008
sub-01__jax_gpu,AMICA-Python (JAX-GPU),sub-01,2252,-1.1532032921975708,,,,,,0.025072927004657686
sub-01__jax_gpu,AMICA-Python (JAX-GPU),sub-01,2253,-1.1532032820117488,,,,,,0.025340185966342688
sub-01__jax_gpu,AMICA-Python (JAX-GPU),sub-01,2254,-1.1532032719795071,,,,,,0.025368304923176765
sub-01__jax_gpu,AMICA-Python (JAX-GPU),sub-01,2255,-1.1532032636076888,,,,,,0.025214415974915028
sub-01__jax_gpu,AMICA-Python (JAX-GPU),sub-01,2256,-1.1532032536589207,,,,,,0.02515142597258091
sub-01__jax_gpu,AMICA-Python (JAX-GPU),sub-01,2257,-1.153203245209363,,,,,,0.02530992601532489
sub-01__jax_gpu,AMICA-Python (JAX-GPU),sub-01,2258,-1.1532032352946544,,,,,,0.02538498502690345
sub-01__jax_gpu,AMICA-Python (JAX-GPU),sub-01,2259,-1.1532032286339853,,,,,,0.025288786040619016
sub-01__jax_gpu,AMICA-Python (JAX-GPU),sub-01,2260,-1.1532032200305813,,,,,,0.02529719495214522
sub-01__jax_gpu,AMICA-Python (JAX-GPU),sub-01,2261,-1.1532032098556744,,,,,,0.025307064992375672
sub-01__jax_gpu,AMICA-Python (JAX-GPU),sub-01,2262,-1.1532032007603095,,,,,,0.02531871502287686
sub-01__jax_gpu,AMICA-Python (JAX-GPU),sub-01,2263,-1.1532031904754199,,,,,,0.02522608602885157
sub-01__jax_gpu,AMICA-Python (JAX-GPU),sub-01,2264,-1.1532031819825703,,,,,,0.02539202501066029
sub-01__jax_gpu,AMICA-Python (JAX-GPU),sub-01,2265,-1.1532031733649195,,,,,,0.02532243507448584
sub-01__jax_gpu,AMICA-Python (JAX-GPU),sub-01,2266,-1.153203165190074,,,,,,0.02532621507998556
sub-01__jax_gpu,AMICA-Python (JAX-GPU),sub-01,2267,-1.1532031602153665,,,,,,0.025338844978250563
sub-01__jax_gpu,AMICA-Python (JAX-GPU),sub-01,2268,-1.153203151199856,,,,,,0.025298285065218806
sub-01__jax_gpu,AMICA-Python (JAX-GPU),sub-01,2269,-1.1532031417382251,,,,,,0.025289076031185687
sub-01__jax_gpu,AMICA-Python (JAX-GPU),sub-01,2270,-1.1532031317116116,,,,,,0.02527843602001667
sub-01__jax_gpu,AMICA-Python (JAX-GPU),sub-01,2271,-1.1532031251258108,,,,,,0.02535694499965757
sub-01__jax_gpu,AMICA-Python (JAX-GPU),sub-01,2272,-1.1532031159783183,,,,,,0.025361876003444195
sub-01__jax_gpu,AMICA-Python (JAX-GPU),sub-01,2273,-1.1532031088419414,,,,,,0.025504913995973766
sub-01__jax_gpu,AMICA-Python (JAX-GPU),sub-01,2274,-1.1532030996133626,,,,,,0.025315825012512505
sub-01__jax_gpu,AMICA-Python (JAX-GPU),sub-01,2275,-1.1532030930119792,,,,,,0.025276336004026234
sub-01__jax_gpu,AMICA-Python (JAX-GPU),sub-01,2276,-1.1532030838567104,,,,,,0.025315086008049548
sub-01__jax_gpu,AMICA-Python (JAX-GPU),sub-01,2277,-1.1532030777485516,,,,,,0.02534580498468131
sub-01__jax_gpu,AMICA-Python (JAX-GPU),sub-01,2278,-1.1532030698768967,,,,,,0.025295135099440813
sub-01__jax_gpu,AMICA-Python (JAX-GPU),sub-01,2279,-1.153203062535139,,,,,,0.025282274931669235
sub-01__jax_gpu,AMICA-Python (JAX-GPU),sub-01,2280,-1.1532030564690454,,,,,,0.025270845973864198
sub-01__jax_gpu,AMICA-Python (JAX-GPU),sub-01,2281,-1.1532030515506784,,,,,,0.025176457013003528
sub-01__jax_gpu,AMICA-Python (JAX-GPU),sub-01,2282,-1.153203043853519,,,,,,0.025252796011045575
sub-01__jax_gpu,AMICA-Python (JAX-GPU),sub-01,2283,-1.1532030379809628,,,,,,0.02534705598372966
sub-01__jax_gpu,AMICA-Python (JAX-GPU),sub-01,2284,-1.1532030275921852,,,,,,0.02525558602064848
sub-01__jax_gpu,AMICA-Python (JAX-GPU),sub-01,2285,-1.1532030201154257,,,,,,0.025346945971250534
sub-01__jax_gpu,AMICA-Python (JAX-GPU),sub-01,2286,-1.153203012149768,,,,,,0.025254776002839208
sub-01__jax_gpu,AMICA-Python (JAX-GPU),sub-01,2287,-1.1532030076647413,,,,,,0.02529416501056403
sub-01__jax_gpu,AMICA-Python (JAX-GPU),sub-01,2288,-1.153202999488566,,,,,,0.02524681598879397
sub-01__jax_gpu,AMICA-Python (JAX-GPU),sub-01,2289,-1.1532029939726751,,,,,,0.02520191704388708
sub-01__jax_gpu,AMICA-Python (JAX-GPU),sub-01,2290,-1.1532029875649668,,,,,,0.025184945901855826
sub-01__jax_gpu,AMICA-Python (JAX-GPU),sub-01,2291,-1.1532029828654962,,,,,,0.02513931703288108
sub-01__jax_gpu,AMICA-Python (JAX-GPU),sub-01,2292,-1.1532029745710481,,,,,,0.025155326002277434
sub-01__jax_gpu,AMICA-Python (JAX-GPU),sub-01,2293,-1.1532029712817609,,,,,,0.02518800599500537
sub-01__jax_gpu,AMICA-Python (JAX-GPU),sub-01,2294,-1.1532029591004984,,,,,,0.025285586016252637
sub-01__jax_gpu,AMICA-Python (JAX-GPU),sub-01,2295,-1.1532029513669,,,,,,0.025307016097940505
sub-01__jax_gpu,AMICA-Python (JAX-GPU),sub-01,2296,-1.153202944463021,,,,,,0.025286905001848936
sub-01__jax_gpu,AMICA-Python (JAX-GPU),sub-01,2297,-1.1532029394279506,,,,,,0.02525199600495398
sub-01__jax_gpu,AMICA-Python (JAX-GPU),sub-01,2298,-1.1532029325950333,,,,,,0.02521613601129502
sub-01__jax_gpu,AMICA-Python (JAX-GPU),sub-01,2299,-1.153202927238652,,,,,,0.025255606044083834
sub-01__jax_gpu,AMICA-Python (JAX-GPU),sub-01,2300,-1.153202920277554,,,,,,0.025201737065799534
sub-01__jax_gpu,AMICA-Python (JAX-GPU),sub-01,2301,-1.1532029147737473,,,,,,0.025294616003520787
sub-01__jax_gpu,AMICA-Python (JAX-GPU),sub-01,2302,-1.153202907512832,,,,,,0.02521447604522109
sub-01__jax_gpu,AMICA-Python (JAX-GPU),sub-01,2303,-1.153202902069143,,,,,,0.025277346023358405
sub-01__jax_gpu,AMICA-Python (JAX-GPU),sub-01,2304,-1.1532028947149606,,,,,,0.025245025986805558
sub-01__jax_gpu,AMICA-Python (JAX-GPU),sub-01,2305,-1.1532028896877033,,,,,,0.025301664951257408
sub-01__jax_gpu,AMICA-Python (JAX-GPU),sub-01,2306,-1.153202883897711,,,,,,0.025286974967457354
sub-01__jax_gpu,AMICA-Python (JAX-GPU),sub-01,2307,-1.153202878630431,,,,,,0.02519271709024906
sub-01__jax_gpu,AMICA-Python (JAX-GPU),sub-01,2308,-1.1532028730603157,,,,,,0.025267994962632656
sub-01__jax_gpu,AMICA-Python (JAX-GPU),sub-01,2309,-1.1532028679723338,,,,,,0.025178716983646154
sub-01__jax_gpu,AMICA-Python (JAX-GPU),sub-01,2310,-1.1532028611505432,,,,,,0.025291464990004897
sub-01__jax_gpu,AMICA-Python (JAX-GPU),sub-01,2311,-1.1532028557512954,,,,,,0.025310186087153852
sub-01__jax_gpu,AMICA-Python (JAX-GPU),sub-01,2312,-1.1532028525003157,,,,,,0.025212086038663983
sub-01__jax_gpu,AMICA-Python (JAX-GPU),sub-01,2313,-1.1532028516355814,,,,,,0.025362694985233247
sub-01__jax_gpu,AMICA-Python (JAX-GPU),sub-01,2314,-1.1532028414396256,,,,,,0.025247746030800045
sub-01__jax_gpu,AMICA-Python (JAX-GPU),sub-01,2315,-1.153202835975844,,,,,,0.025337566039524972
sub-01__jax_gpu,AMICA-Python (JAX-GPU),sub-01,2316,-1.1532028293471845,,,,,,0.025319225038401783
sub-01__jax_gpu,AMICA-Python (JAX-GPU),sub-01,2317,-1.1532028257395486,,,,,,0.025279195979237556
sub-01__jax_gpu,AMICA-Python (JAX-GPU),sub-01,2318,-1.1532028186782899,,,,,,0.025208036066032946
sub-01__jax_gpu,AMICA-Python (JAX-GPU),sub-01,2319,-1.1532028128728073,,,,,,0.025206985999830067
sub-01__jax_gpu,AMICA-Python (JAX-GPU),sub-01,2320,-1.1532028078612535,,,,,,0.025276725995354354
sub-01__jax_gpu,AMICA-Python (JAX-GPU),sub-01,2321,-1.1532028028415502,,,,,,0.02525721595156938
sub-01__jax_gpu,AMICA-Python (JAX-GPU),sub-01,2322,-1.1532027964122677,,,,,,0.02519041590858251
sub-01__jax_gpu,AMICA-Python (JAX-GPU),sub-01,2323,-1.1532027906118876,,,,,,0.02517432696186006
sub-01__jax_gpu,AMICA-Python (JAX-GPU),sub-01,2324,-1.1532027879426616,,,,,,0.025257825036533177
sub-01__jax_gpu,AMICA-Python (JAX-GPU),sub-01,2325,-1.1532027847769235,,,,,,0.025262654991820455
sub-01__jax_gpu,AMICA-Python (JAX-GPU),sub-01,2326,-1.1532027775446978,,,,,,0.025286446092650294
sub-01__jax_gpu,AMICA-Python (JAX-GPU),sub-01,2327,-1.1532027728181728,,,,,,0.025277405977249146
sub-01__jax_gpu,AMICA-Python (JAX-GPU),sub-01,2328,-1.1532027693804026,,,,,,0.025187505991198123
sub-01__jax_gpu,AMICA-Python (JAX-GPU),sub-01,2329,-1.1532027674839411,,,,,,0.025284055969677866
sub-01__jax_gpu,AMICA-Python (JAX-GPU),sub-01,2330,-1.1532027588707776,,,,,,0.025208716047927737
sub-01__jax_gpu,AMICA-Python (JAX-GPU),sub-01,2331,-1.153202752761952,,,,,,0.02525254595093429
sub-01__jax_gpu,AMICA-Python (JAX-GPU),sub-01,2332,-1.1532027456251852,,,,,,0.025260556023567915
sub-01__jax_gpu,AMICA-Python (JAX-GPU),sub-01,2333,-1.153202742043506,,,,,,0.025232705986127257
sub-01__jax_gpu,AMICA-Python (JAX-GPU),sub-01,2334,-1.1532027388336261,,,,,,0.025332064949907362
sub-01__jax_gpu,AMICA-Python (JAX-GPU),sub-01,2335,-1.1532027360127428,,,,,,0.02522118599154055
sub-01__jax_gpu,AMICA-Python (JAX-GPU),sub-01,2336,-1.1532027303188892,,,,,,0.025251456070691347
sub-01__jax_gpu,AMICA-Python (JAX-GPU),sub-01,2337,-1.153202727967428,,,,,,0.025225435965694487
sub-01__jax_gpu,AMICA-Python (JAX-GPU),sub-01,2338,-1.1532027223972192,,,,,,0.025196217000484467
sub-01__jax_gpu,AMICA-Python (JAX-GPU),sub-01,2339,-1.1532027192947567,,,,,,0.025216446025297046
sub-01__jax_gpu,AMICA-Python (JAX-GPU),sub-01,2340,-1.1532027120174826,,,,,,0.025261945906095207
sub-01__jax_gpu,AMICA-Python (JAX-GPU),sub-01,2341,-1.1532027083519982,,,,,,0.025294856051914394
sub-01__jax_gpu,AMICA-Python (JAX-GPU),sub-01,2342,-1.1532027041009096,,,,,,0.02517062600236386
sub-01__jax_gpu,AMICA-Python (JAX-GPU),sub-01,2343,-1.1532026994728364,,,,,,0.025254494976252317
sub-01__jax_gpu,AMICA-Python (JAX-GPU),sub-01,2344,-1.1532026939405566,,,,,,0.02530100499279797
sub-01__jax_gpu,AMICA-Python (JAX-GPU),sub-01,2345,-1.1532026897183176,,,,,,0.02533153595868498
sub-01__jax_gpu,AMICA-Python (JAX-GPU),sub-01,2346,-1.1532026857428068,,,,,,0.025317535968497396
sub-01__jax_gpu,AMICA-Python (JAX-GPU),sub-01,2347,-1.153202681267276,,,,,,0.02530079602729529
sub-01__jax_gpu,AMICA-Python (JAX-GPU),sub-01,2348,-1.1532026782392406,,,,,,0.025207116035744548
sub-01__jax_gpu,AMICA-Python (JAX-GPU),sub-01,2349,-1.153202674312063,,,,,,0.025219506002031267
sub-01__jax_gpu,AMICA-Python (JAX-GPU),sub-01,2350,-1.1532026707258736,,,,,,0.025378274964168668
sub-01__jax_gpu,AMICA-Python (JAX-GPU),sub-01,2351,-1.1532026655672092,,,,,,0.02525378600694239
sub-01__jax_gpu,AMICA-Python (JAX-GPU),sub-01,2352,-1.1532026623569633,,,,,,0.025232815998606384
sub-01__jax_gpu,AMICA-Python (JAX-GPU),sub-01,2353,-1.1532026586087984,,,,,,0.025179226067848504
sub-01__jax_gpu,AMICA-Python (JAX-GPU),sub-01,2354,-1.1532026549814987,,,,,,0.025279634981416166
sub-01__jax_gpu,AMICA-Python (JAX-GPU),sub-01,2355,-1.1532026517317777,,,,,,0.02519713598303497
sub-01__jax_gpu,AMICA-Python (JAX-GPU),sub-01,2356,-1.1532026494089302,,,,,,0.025138525990769267
sub-01__jax_gpu,AMICA-Python (JAX-GPU),sub-01,2357,-1.1532026468199432,,,,,,0.025336664984934032
sub-01__jax_gpu,AMICA-Python (JAX-GPU),sub-01,2358,-1.153202642229829,,,,,,0.025192166911438107
sub-01__jax_gpu,AMICA-Python (JAX-GPU),sub-01,2359,-1.1532026376007758,,,,,,0.025219546048901975
sub-01__jax_gpu,AMICA-Python (JAX-GPU),sub-01,2360,-1.1532026338240917,,,,,,0.025250216014683247
sub-01__jax_gpu,AMICA-Python (JAX-GPU),sub-01,2361,-1.153202630365088,,,,,,0.0252091659931466
sub-01__jax_gpu,AMICA-Python (JAX-GPU),sub-01,2362,-1.153202627404838,,,,,,0.025172145920805633
sub-01__jax_gpu,AMICA-Python (JAX-GPU),sub-01,2363,-1.1532026262024038,,,,,,0.025319435982964933
sub-01__jax_gpu,AMICA-Python (JAX-GPU),sub-01,2364,-1.153202620685562,,,,,,0.025247266050428152
sub-01__jax_gpu,AMICA-Python (JAX-GPU),sub-01,2365,-1.1532026168258303,,,,,,0.02528578497003764
sub-01__jax_gpu,AMICA-Python (JAX-GPU),sub-01,2366,-1.1532026142936893,,,,,,0.025246136006899178
sub-01__jax_gpu,AMICA-Python (JAX-GPU),sub-01,2367,-1.153202612132168,,,,,,0.02526939590461552
sub-01__jax_gpu,AMICA-Python (JAX-GPU),sub-01,2368,-1.1532026086006064,,,,,,0.025115136988461018
sub-01__jax_gpu,AMICA-Python (JAX-GPU),sub-01,2369,-1.1532026015606391,,,,,,0.025219345930963755
sub-01__jax_gpu,AMICA-Python (JAX-GPU),sub-01,2370,-1.1532025956618004,,,,,,0.025264726020395756
sub-01__jax_gpu,AMICA-Python (JAX-GPU),sub-01,2371,-1.1532025922622064,,,,,,0.025189735926687717
sub-01__jax_gpu,AMICA-Python (JAX-GPU),sub-01,2372,-1.1532025887794395,,,,,,0.02521753590553999
sub-01__jax_gpu,AMICA-Python (JAX-GPU),sub-01,2373,-1.1532025859836845,,,,,,0.025398015044629574
sub-01__jax_gpu,AMICA-Python (JAX-GPU),sub-01,2374,-1.1532025803282726,,,,,,0.025230485945940018
sub-01__jax_gpu,AMICA-Python (JAX-GPU),sub-01,2375,-1.1532025751670203,,,,,,0.02532788598909974
sub-01__jax_gpu,AMICA-Python (JAX-GPU),sub-01,2376,-1.1532025720006125,,,,,,0.025127995992079377
sub-01__jax_gpu,AMICA-Python (JAX-GPU),sub-01,2377,-1.1532025687414644,,,,,,0.025270955986343324
sub-01__jax_gpu,AMICA-Python (JAX-GPU),sub-01,2378,-1.1532025669005155,,,,,,0.02521153597626835
sub-01__jax_gpu,AMICA-Python (JAX-GPU),sub-01,2379,-1.1532025651164244,,,,,,0.025255844928324223
sub-01__jax_gpu,AMICA-Python (JAX-GPU),sub-01,2380,-1.1532025617521924,,,,,,0.025794182904064655
sub-01__jax_gpu,AMICA-Python (JAX-GPU),sub-01,2381,-1.1532025612448418,,,,,,0.02550561400130391
sub-01__jax_gpu,AMICA-Python (JAX-GPU),sub-01,2382,-1.1532025559367733,,,,,,0.025221016025170684
sub-01__jax_gpu,AMICA-Python (JAX-GPU),sub-01,2383,-1.1532025542714628,,,,,,0.0252516659675166
sub-01__jax_gpu,AMICA-Python (JAX-GPU),sub-01,2384,-1.1532025483066397,,,,,,0.025288515957072377
sub-01__jax_gpu,AMICA-Python (JAX-GPU),sub-01,2385,-1.153202544966098,,,,,,0.02532278501894325
sub-01__jax_gpu,AMICA-Python (JAX-GPU),sub-01,2386,-1.1532025419153566,,,,,,0.025320364977233112
sub-01__jax_gpu,AMICA-Python (JAX-GPU),sub-01,2387,-1.153202538389795,,,,,,0.025289866025559604
sub-01__jax_gpu,AMICA-Python (JAX-GPU),sub-01,2388,-1.1532025366069556,,,,,,0.025223625940270722
sub-01__jax_gpu,AMICA-Python (JAX-GPU),sub-01,2389,-1.1532025355765558,,,,,,0.025295504950918257
sub-01__jax_gpu,AMICA-Python (JAX-GPU),sub-01,2390,-1.1532025300242474,,,,,,0.025222136988304555
sub-01__jax_gpu,AMICA-Python (JAX-GPU),sub-01,2391,-1.1532025275253723,,,,,,0.025231305975466967
sub-01__jax_gpu,AMICA-Python (JAX-GPU),sub-01,2392,-1.1532025261847152,,,,,,0.02527410490438342
sub-01__jax_gpu,AMICA-Python (JAX-GPU),sub-01,2393,-1.153202524070401,,,,,,0.02525378600694239
sub-01__jax_gpu,AMICA-Python (JAX-GPU),sub-01,2394,-1.1532025200377802,,,,,,0.025152766960673034
sub-01__jax_gpu,AMICA-Python (JAX-GPU),sub-01,2395,-1.1532025172686977,,,,,,0.025171105982735753
sub-01__jax_gpu,AMICA-Python (JAX-GPU),sub-01,2396,-1.1532025127616894,,,,,,0.02520991605706513
sub-01__jax_gpu,AMICA-Python (JAX-GPU),sub-01,2397,-1.1532025111995579,,,,,,0.02522927604150027
sub-01__jax_gpu,AMICA-Python (JAX-GPU),sub-01,2398,-1.153202509358769,,,,,,0.025205067009665072
sub-01__jax_gpu,AMICA-Python (JAX-GPU),sub-01,2399,-1.1532025067762077,,,,,,0.0252513459417969
sub-01__jax_gpu,AMICA-Python (JAX-GPU),sub-01,2400,-1.1532025022175132,,,,,,0.025238165981136262
sub-01__jax_gpu,AMICA-Python (JAX-GPU),sub-01,2401,-1.1532024992407466,,,,,,0.025295236031524837
sub-01__jax_gpu,AMICA-Python (JAX-GPU),sub-01,2402,-1.1532024958196978,,,,,,0.02519100601784885
sub-01__jax_gpu,AMICA-Python (JAX-GPU),sub-01,2403,-1.1532024930786973,,,,,,0.025257895002141595
sub-01__jax_gpu,AMICA-Python (JAX-GPU),sub-01,2404,-1.1532024905099174,,,,,,0.025405345018953085
sub-01__jax_gpu,AMICA-Python (JAX-GPU),sub-01,2405,-1.1532024894939872,,,,,,0.025329575990326703
sub-01__jax_gpu,AMICA-Python (JAX-GPU),sub-01,2406,-1.1532024854470198,,,,,,0.025298904976807535
sub-01__jax_gpu,AMICA-Python (JAX-GPU),sub-01,2407,-1.1532024831891512,,,,,,0.025428914930671453
sub-01__jax_gpu,AMICA-Python (JAX-GPU),sub-01,2408,-1.153202480964848,,,,,,0.025716993026435375
sub-01__jax_gpu,AMICA-Python (JAX-GPU),sub-01,2409,-1.1532024789791355,,,,,,0.025871361955069005
sub-01__jax_gpu,AMICA-Python (JAX-GPU),sub-01,2410,-1.1532024757703965,,,,,,0.0257129929959774
sub-01__jax_gpu,AMICA-Python (JAX-GPU),sub-01,2411,-1.153202473247355,,,,,,0.025680474005639553
sub-01__jax_gpu,AMICA-Python (JAX-GPU),sub-01,2412,-1.153202472008841,,,,,,0.025602792971767485
sub-01__jax_gpu,AMICA-Python (JAX-GPU),sub-01,2413,-1.1532024699730063,,,,,,0.02531619498040527
sub-01__jax_gpu,AMICA-Python (JAX-GPU),sub-01,2414,-1.1532024658710867,,,,,,0.02532159595284611
sub-01__jax_gpu,AMICA-Python (JAX-GPU),sub-01,2415,-1.153202463240853,,,,,,0.02524037705734372
sub-01__jax_gpu,AMICA-Python (JAX-GPU),sub-01,2416,-1.1532024613496152,,,,,,0.025250235106796026
sub-01__jax_gpu,AMICA-Python (JAX-GPU),sub-01,2417,-1.1532024588482235,,,,,,0.025273756007663906
sub-01__jax_gpu,AMICA-Python (JAX-GPU),sub-01,2418,-1.1532024580277933,,,,,,0.025266585987992585
sub-01__jax_gpu,AMICA-Python (JAX-GPU),sub-01,2419,-1.1532024538729426,,,,,,0.025337515980936587
sub-01__jax_gpu,AMICA-Python (JAX-GPU),sub-01,2420,-1.1532024517612982,,,,,,0.025319624925032258
sub-01__jax_gpu,AMICA-Python (JAX-GPU),sub-01,2421,-1.153202449971992,,,,,,0.025278415996581316
sub-01__jax_gpu,AMICA-Python (JAX-GPU),sub-01,2422,-1.1532024505756888,,,,,,0.025284845964051783
sub-01__jax_gpu,AMICA-Python (JAX-GPU),sub-01,2423,-1.1532024491451784,,,,,,0.025286525022238493
sub-01__jax_gpu,AMICA-Python (JAX-GPU),sub-01,2424,-1.1532024418627844,,,,,,0.02531061600893736
sub-01__jax_gpu,AMICA-Python (JAX-GPU),sub-01,2425,-1.153202438361537,,,,,,0.025260664988309145
sub-01__jax_gpu,AMICA-Python (JAX-GPU),sub-01,2426,-1.1532024366628453,,,,,,0.025275634950958192
sub-01__jax_gpu,AMICA-Python (JAX-GPU),sub-01,2427,-1.1532024359624242,,,,,,0.02534993493463844
sub-01__jax_gpu,AMICA-Python (JAX-GPU),sub-01,2428,-1.1532024355668324,,,,,,0.025204787030816078
sub-01__jax_gpu,AMICA-Python (JAX-GPU),sub-01,2429,-1.1532024346074594,,,,,,0.025263775954954326
sub-01__jax_gpu,AMICA-Python (JAX-GPU),sub-01,2430,-1.1532024342823877,,,,,,0.02522422606125474
sub-01__jax_gpu,AMICA-Python (JAX-GPU),sub-01,2431,-1.153202430859237,,,,,,0.02531026501674205
sub-01__jax_gpu,AMICA-Python (JAX-GPU),sub-01,2432,-1.1532024290901712,,,,,,0.025300355977378786
sub-01__jax_gpu,AMICA-Python (JAX-GPU),sub-01,2433,-1.1532024262211011,,,,,,0.0253802549559623
sub-01__jax_gpu,AMICA-Python (JAX-GPU),sub-01,2434,-1.1532024291365717,,,,,,0.025357285048812628
sub-01__jax_gpu,AMICA-Python (JAX-GPU),sub-01,2435,-1.1532024214086365,,,,,,0.02575945295393467
sub-01__jax_gpu,AMICA-Python (JAX-GPU),sub-01,2436,-1.153202415491334,,,,,,0.025766653008759022
sub-01__jax_gpu,AMICA-Python (JAX-GPU),sub-01,2437,-1.1532024130790592,,,,,,0.02601757098454982
sub-01__jax_gpu,AMICA-Python (JAX-GPU),sub-01,2438,-1.1532024115527604,,,,,,0.025799792958423495
sub-01__jax_gpu,AMICA-Python (JAX-GPU),sub-01,2439,-1.1532024110662988,,,,,,0.025819931994192302
sub-01__jax_gpu,AMICA-Python (JAX-GPU),sub-01,2440,-1.1532024085266839,,,,,,0.025768492952920496
sub-01__jax_gpu,AMICA-Python (JAX-GPU),sub-01,2441,-1.1532024087770727,,,,,,0.025707663036882877
sub-01__jax_gpu,AMICA-Python (JAX-GPU),sub-01,2442,-1.1532024055942998,,,,,,0.02578071306925267
sub-01__jax_gpu,AMICA-Python (JAX-GPU),sub-01,2443,-1.153202401226142,,,,,,0.02584338199812919
sub-01__jax_gpu,AMICA-Python (JAX-GPU),sub-01,2444,-1.1532023989320244,,,,,,0.0257625529775396
sub-01__jax_gpu,AMICA-Python (JAX-GPU),sub-01,2445,-1.1532023979262085,,,,,,0.025708882953040302
sub-01__jax_gpu,AMICA-Python (JAX-GPU),sub-01,2446,-1.1532023983305375,,,,,,0.025709072942845523
sub-01__jax_gpu,AMICA-Python (JAX-GPU),sub-01,2447,-1.1532023967468297,,,,,,0.02574758301489055
sub-01__jax_gpu,AMICA-Python (JAX-GPU),sub-01,2448,-1.1532023911653986,,,,,,0.025812941952608526
sub-01__jax_gpu,AMICA-Python (JAX-GPU),sub-01,2449,-1.1532023887727334,,,,,,0.02573365403804928
sub-01__jax_gpu,AMICA-Python (JAX-GPU),sub-01,2450,-1.1532023879577264,,,,,,0.025856332038529217
sub-01__jax_gpu,AMICA-Python (JAX-GPU),sub-01,2451,-1.1532023865941952,,,,,,0.025909561081789434
sub-01__jax_gpu,AMICA-Python (JAX-GPU),sub-01,2452,-1.1532023883359042,,,,,,0.025632633012719452
sub-01__jax_gpu,AMICA-Python (JAX-GPU),sub-01,2453,-1.1532023856758609,,,,,,0.02533600595779717
sub-01__jax_gpu,AMICA-Python (JAX-GPU),sub-01,2454,-1.153202380569261,,,,,,0.02523947600275278
sub-01__jax_gpu,AMICA-Python (JAX-GPU),sub-01,2455,-1.1532023779941947,,,,,,0.025263824965804815
sub-01__jax_gpu,AMICA-Python (JAX-GPU),sub-01,2456,-1.1532023772309632,,,,,,0.025559313944540918
sub-01__jax_gpu,AMICA-Python (JAX-GPU),sub-01,2457,-1.1532023760118708,,,,,,0.02576155192218721
sub-01__jax_gpu,AMICA-Python (JAX-GPU),sub-01,2458,-1.1532023779141396,,,,,,0.02578485303092748
sub-01__jax_gpu,AMICA-Python (JAX-GPU),sub-01,2459,-1.1532023761562218,,,,,,0.025868061929941177
sub-01__jax_gpu,AMICA-Python (JAX-GPU),sub-01,2460,-1.1532023700810887,,,,,,0.025769402971491218
sub-01__jax_gpu,AMICA-Python (JAX-GPU),sub-01,2461,-1.1532023670326652,,,,,,0.025652962969616055
sub-01__jax_gpu,AMICA-Python (JAX-GPU),sub-01,2462,-1.1532023652257606,,,,,,0.025736973038874567
sub-01__jax_gpu,AMICA-Python (JAX-GPU),sub-01,2463,-1.1532023659042279,,,,,,0.025755753042176366
sub-01__jax_gpu,AMICA-Python (JAX-GPU),sub-01,2464,-1.1532023641986149,,,,,,0.025663692969828844
sub-01__jax_gpu,AMICA-Python (JAX-GPU),sub-01,2465,-1.1532023603651744,,,,,,0.02616326999850571
sub-01__jax_gpu,AMICA-Python (JAX-GPU),sub-01,2466,-1.1532023584933233,,,,,,0.025969711015932262
sub-01__jax_gpu,AMICA-Python (JAX-GPU),sub-01,2467,-1.1532023568442582,,,,,,0.025720353005453944
sub-01__jax_gpu,AMICA-Python (JAX-GPU),sub-01,2468,-1.1532023578832271,,,,,,0.025733812944963574
sub-01__jax_gpu,AMICA-Python (JAX-GPU),sub-01,2469,-1.1532023566926821,,,,,,0.025805862969718874
sub-01__jax_gpu,AMICA-Python (JAX-GPU),sub-01,2470,-1.1532023514755187,,,,,,0.02566755295265466
sub-01__jax_gpu,AMICA-Python (JAX-GPU),sub-01,2471,-1.1532023498274908,,,,,,0.02570921299047768
sub-01__jax_gpu,AMICA-Python (JAX-GPU),sub-01,2472,-1.1532023485867657,,,,,,0.025706982938572764
sub-01__jax_gpu,AMICA-Python (JAX-GPU),sub-01,2473,-1.1532023481706108,,,,,,0.02581863198429346
sub-01__jax_gpu,AMICA-Python (JAX-GPU),sub-01,2474,-1.153202349970994,,,,,,0.025733073009178042
sub-01__jax_gpu,AMICA-Python (JAX-GPU),sub-01,2475,-1.1532023456436455,,,,,,0.02574344293680042
sub-01__jax_gpu,AMICA-Python (JAX-GPU),sub-01,2476,-1.1532023411119159,,,,,,0.025794982095248997
sub-01__jax_gpu,AMICA-Python (JAX-GPU),sub-01,2477,-1.1532023388535697,,,,,,0.025807593017816544
sub-01__jax_gpu,AMICA-Python (JAX-GPU),sub-01,2478,-1.1532023376053175,,,,,,0.0258235220098868
sub-01__jax_gpu,AMICA-Python (JAX-GPU),sub-01,2479,-1.1532023380092922,,,,,,0.025768141960725188
sub-01__jax_gpu,AMICA-Python (JAX-GPU),sub-01,2480,-1.153202339359772,,,,,,0.02571580302901566
sub-01__jax_gpu,AMICA-Python (JAX-GPU),sub-01,2481,-1.1532023321854952,,,,,,0.025806582998484373
sub-01__jax_gpu,AMICA-Python (JAX-GPU),sub-01,2482,-1.1532023298582394,,,,,,0.02580746205057949
sub-01__jax_gpu,AMICA-Python (JAX-GPU),sub-01,2483,-1.1532023282344277,,,,,,0.025772813009098172
sub-01__jax_gpu,AMICA-Python (JAX-GPU),sub-01,2484,-1.153202327095863,,,,,,0.02570149302482605
sub-01__jax_gpu,AMICA-Python (JAX-GPU),sub-01,2485,-1.153202326655316,,,,,,0.025811042985878885
sub-01__jax_gpu,AMICA-Python (JAX-GPU),sub-01,2486,-1.1532023246143104,,,,,,0.02592431101948023
sub-01__jax_gpu,AMICA-Python (JAX-GPU),sub-01,2487,-1.153202324443877,,,,,,0.025735351955518126
sub-01__jax_gpu,AMICA-Python (JAX-GPU),sub-01,2488,-1.15320232471978,,,,,,0.025812122970819473
sub-01__jax_gpu,AMICA-Python (JAX-GPU),sub-01,2489,-1.153202325167096,,,,,,0.025851021986454725
sub-01__jax_gpu,AMICA-Python (JAX-GPU),sub-01,2490,-1.1532023174849895,,,,,,0.025763683021068573
sub-01__jax_gpu,AMICA-Python (JAX-GPU),sub-01,2491,-1.1532023152193434,,,,,,0.025633103912696242
sub-01__jax_gpu,AMICA-Python (JAX-GPU),sub-01,2492,-1.153202313404119,,,,,,0.025290305027738214
sub-01__jax_gpu,AMICA-Python (JAX-GPU),sub-01,2493,-1.1532023126027118,,,,,,0.02539281500503421
sub-01__jax_gpu,AMICA-Python (JAX-GPU),sub-01,2494,-1.1532023115841272,,,,,,0.025214837049134076
sub-01__jax_gpu,AMICA-Python (JAX-GPU),sub-01,2495,-1.153202312380451,,,,,,0.025266675977036357
sub-01__jax_gpu,AMICA-Python (JAX-GPU),sub-01,2496,-1.153202310809199,,,,,,0.02530767593998462
sub-01__jax_gpu,AMICA-Python (JAX-GPU),sub-01,2497,-1.1532023063824794,,,,,,0.025392754934728146
sub-01__jax_gpu,AMICA-Python (JAX-GPU),sub-01,2498,-1.1532023046353728,,,,,,0.02533305494580418
sub-01__jax_gpu,AMICA-Python (JAX-GPU),sub-01,2499,-1.1532023041403026,,,,,,0.025386914960108697
sub-01__jax_gpu,AMICA-Python (JAX-GPU),sub-01,2500,-1.153202304021051,,,,,,0.02520218607969582
sub-01__jax_gpu,AMICA-Python (JAX-GPU),sub-01,2501,-1.1532023049293396,,,,,,0.025300875073298812
sub-01__jax_gpu,AMICA-Python (JAX-GPU),sub-01,2502,-1.1532023020455875,,,,,,0.025328456074930727
sub-01__jax_gpu,AMICA-Python (JAX-GPU),sub-01,2503,-1.1532022975903584,,,,,,0.02550467406399548
sub-01__jax_gpu,AMICA-Python (JAX-GPU),sub-01,2504,-1.1532022955706123,,,,,,0.025422594975680113
sub-01__jax_gpu,AMICA-Python (JAX-GPU),sub-01,2505,-1.153202295096718,,,,,,0.02539215493015945
sub-01__jax_gpu,AMICA-Python (JAX-GPU),sub-01,2506,-1.1532022947856786,,,,,,0.02539486496243626
sub-01__jax_gpu,AMICA-Python (JAX-GPU),sub-01,2507,-1.1532022942829858,,,,,,0.02519371605012566
sub-01__jax_gpu,AMICA-Python (JAX-GPU),sub-01,2508,-1.1532022924875245,,,,,,0.025370235089212656
sub-01__jax_gpu,AMICA-Python (JAX-GPU),sub-01,2509,-1.1532022938207689,,,,,,0.025327584939077497
sub-01__jax_gpu,AMICA-Python (JAX-GPU),sub-01,2510,-1.1532022925379117,,,,,,0.025302266003564
sub-01__jax_gpu,AMICA-Python (JAX-GPU),sub-01,2511,-1.1532022859639073,,,,,,0.025205945945344865
sub-01__jax_gpu,AMICA-Python (JAX-GPU),sub-01,2512,-1.15320228312763,,,,,,0.025252185994759202
sub-01__jax_gpu,AMICA-Python (JAX-GPU),sub-01,2513,-1.1532022815679914,,,,,,0.025241486029699445
sub-01__jax_gpu,AMICA-Python (JAX-GPU),sub-01,2514,-1.153202282478992,,,,,,0.02527519501745701
sub-01__jax_gpu,AMICA-Python (JAX-GPU),sub-01,2515,-1.1532022824670263,,,,,,0.025338265928439796
sub-01__jax_gpu,AMICA-Python (JAX-GPU),sub-01,2516,-1.1532022771409853,,,,,,0.025328404968604445
sub-01__jax_gpu,AMICA-Python (JAX-GPU),sub-01,2517,-1.1532022757845701,,,,,,0.025291466037742794
sub-01__jax_gpu,AMICA-Python (JAX-GPU),sub-01,2518,-1.153202276325885,,,,,,0.025352234952151775
sub-01__jax_gpu,AMICA-Python (JAX-GPU),sub-01,2519,-1.1532022754577944,,,,,,0.025318066007457674
sub-01__jax_gpu,AMICA-Python (JAX-GPU),sub-01,2520,-1.1532022712541128,,,,,,0.025359545019455254
sub-01__jax_gpu,AMICA-Python (JAX-GPU),sub-01,2521,-1.1532022694112976,,,,,,0.025262146024033427
sub-01__jax_gpu,AMICA-Python (JAX-GPU),sub-01,2522,-1.15320226882019,,,,,,0.025302125024609268
sub-01__jax_gpu,AMICA-Python (JAX-GPU),sub-01,2523,-1.1532022694361264,,,,,,0.02531167503912002
sub-01__jax_gpu,AMICA-Python (JAX-GPU),sub-01,2524,-1.1532022691129682,,,,,,0.025204295990988612
sub-01__jax_gpu,AMICA-Python (JAX-GPU),sub-01,2525,-1.153202264623936,,,,,,0.025286476011388004
sub-01__jax_gpu,AMICA-Python (JAX-GPU),sub-01,2526,-1.1532022625509568,,,,,,0.025229056016542017
sub-01__jax_gpu,AMICA-Python (JAX-GPU),sub-01,2527,-1.153202261882951,,,,,,0.0252545359544456
sub-01__jax_gpu,AMICA-Python (JAX-GPU),sub-01,2528,-1.153202261023319,,,,,,0.025298274937085807
sub-01__jax_gpu,AMICA-Python (JAX-GPU),sub-01,2529,-1.1532022622432077,,,,,,0.02519527601543814
sub-01__jax_gpu,AMICA-Python (JAX-GPU),sub-01,2530,-1.15320226072011,,,,,,0.025293565937317908
sub-01__jax_gpu,AMICA-Python (JAX-GPU),sub-01,2531,-1.1532022572429177,,,,,,0.025213407003320754
sub-01__jax_gpu,AMICA-Python (JAX-GPU),sub-01,2532,-1.1532022546295766,,,,,,0.02530325495172292
sub-01__jax_gpu,AMICA-Python (JAX-GPU),sub-01,2533,-1.1532022529495627,,,,,,0.025348955998197198
sub-01__jax_gpu,AMICA-Python (JAX-GPU),sub-01,2534,-1.1532022519049645,,,,,,0.025270235957577825
sub-01__jax_gpu,AMICA-Python (JAX-GPU),sub-01,2535,-1.1532022524040348,,,,,,0.025259666028432548
sub-01__jax_gpu,AMICA-Python (JAX-GPU),sub-01,2536,-1.1532022507013158,,,,,,0.025251935934647918
sub-01__jax_gpu,AMICA-Python (JAX-GPU),sub-01,2537,-1.1532022470168661,,,,,,0.02525222604162991
sub-01__jax_gpu,AMICA-Python (JAX-GPU),sub-01,2538,-1.1532022463973544,,,,,,0.025292576057836413
sub-01__jax_gpu,AMICA-Python (JAX-GPU),sub-01,2539,-1.1532022459913864,,,,,,0.025209045968949795
sub-01__jax_gpu,AMICA-Python (JAX-GPU),sub-01,2540,-1.153202246078611,,,,,,0.02528154500760138
sub-01__jax_gpu,AMICA-Python (JAX-GPU),sub-01,2541,-1.153202246476244,,,,,,0.025360596016980708
sub-01__jax_gpu,AMICA-Python (JAX-GPU),sub-01,2542,-1.1532022400082051,,,,,,0.025208655977621675
sub-01__jax_gpu,AMICA-Python (JAX-GPU),sub-01,2543,-1.153202237831215,,,,,,0.025187526014633477
sub-01__jax_gpu,AMICA-Python (JAX-GPU),sub-01,2544,-1.1532022363057388,,,,,,0.02514864702243358
sub-01__jax_gpu,AMICA-Python (JAX-GPU),sub-01,2545,-1.1532022356767873,,,,,,0.02531652501784265
sub-01__jax_gpu,AMICA-Python (JAX-GPU),sub-01,2546,-1.1532022348767428,,,,,,0.02520217699930072
sub-01__jax_gpu,AMICA-Python (JAX-GPU),sub-01,2547,-1.1532022355959393,,,,,,0.025257676956243813
sub-01__jax_gpu,AMICA-Python (JAX-GPU),sub-01,2548,-1.153202234521131,,,,,,0.025238316040486097
sub-01__jax_gpu,AMICA-Python (JAX-GPU),sub-01,2549,-1.1532022305333498,,,,,,0.025188266998156905
sub-01__jax_gpu,AMICA-Python (JAX-GPU),sub-01,2550,-1.1532022288610244,,,,,,0.025267975055612624
sub-01__jax_gpu,AMICA-Python (JAX-GPU),sub-01,2551,-1.1532022280357763,,,,,,0.025209107086993754
sub-01__jax_gpu,AMICA-Python (JAX-GPU),sub-01,2552,-1.1532022279457257,,,,,,0.02532757504377514
sub-01__jax_gpu,AMICA-Python (JAX-GPU),sub-01,2553,-1.1532022289329067,,,,,,0.02522562595549971
sub-01__jax_gpu,AMICA-Python (JAX-GPU),sub-01,2554,-1.1532022267657362,,,,,,0.02527935605030507
sub-01__jax_gpu,AMICA-Python (JAX-GPU),sub-01,2555,-1.1532022223797354,,,,,,0.025260096066631377
sub-01__jax_gpu,AMICA-Python (JAX-GPU),sub-01,2556,-1.1532022206395003,,,,,,0.025188476080074906
sub-01__jax_gpu,AMICA-Python (JAX-GPU),sub-01,2557,-1.153202219717666,,,,,,0.02520221599843353
sub-01__jax_gpu,AMICA-Python (JAX-GPU),sub-01,2558,-1.1532022196869867,,,,,,0.025297975982539356
sub-01__jax_gpu,AMICA-Python (JAX-GPU),sub-01,2559,-1.1532022207806578,,,,,,0.02525744598824531
sub-01__jax_gpu,AMICA-Python (JAX-GPU),sub-01,2560,-1.1532022198833543,,,,,,0.025275215972214937
sub-01__jax_gpu,AMICA-Python (JAX-GPU),sub-01,2561,-1.1532022157758381,,,,,,0.025303474976681173
sub-01__jax_gpu,AMICA-Python (JAX-GPU),sub-01,2562,-1.153202212716631,,,,,,0.025193926063366234
sub-01__jax_gpu,AMICA-Python (JAX-GPU),sub-01,2563,-1.1532022118363667,,,,,,0.025313434889540076
sub-01__jax_gpu,AMICA-Python (JAX-GPU),sub-01,2564,-1.1532022109847055,,,,,,0.02527524600736797
sub-01__jax_gpu,AMICA-Python (JAX-GPU),sub-01,2565,-1.153202211758338,,,,,,0.025189806008711457
sub-01__jax_gpu,AMICA-Python (JAX-GPU),sub-01,2566,-1.153202211107549,,,,,,0.025268096011132002
sub-01__jax_gpu,AMICA-Python (JAX-GPU),sub-01,2567,-1.1532022065120127,,,,,,0.025332345045171678
sub-01__jax_gpu,AMICA-Python (JAX-GPU),sub-01,2568,-1.1532022042204877,,,,,,0.025327156065031886
sub-01__jax_gpu,AMICA-Python (JAX-GPU),sub-01,2569,-1.1532022031064257,,,,,,0.025365605019032955
sub-01__jax_gpu,AMICA-Python (JAX-GPU),sub-01,2570,-1.1532022036281355,,,,,,0.025255655986256897
sub-01__jax_gpu,AMICA-Python (JAX-GPU),sub-01,2571,-1.153202203272041,,,,,,0.025278836023062468
sub-01__jax_gpu,AMICA-Python (JAX-GPU),sub-01,2572,-1.1532021991669892,,,,,,0.025379225029610097
sub-01__jax_gpu,AMICA-Python (JAX-GPU),sub-01,2573,-1.1532021979637865,,,,,,0.025308775017037988
sub-01__jax_gpu,AMICA-Python (JAX-GPU),sub-01,2574,-1.153202198210688,,,,,,0.02525117597542703
sub-01__jax_gpu,AMICA-Python (JAX-GPU),sub-01,2575,-1.1532021976443643,,,,,,0.025459434953518212
sub-01__jax_gpu,AMICA-Python (JAX-GPU),sub-01,2576,-1.153202194164515,,,,,,0.02543251495808363
sub-01__jax_gpu,AMICA-Python (JAX-GPU),sub-01,2577,-1.1532021921269857,,,,,,0.02530811505857855
sub-01__jax_gpu,AMICA-Python (JAX-GPU),sub-01,2578,-1.1532021914432171,,,,,,0.025397335062734783
sub-01__jax_gpu,AMICA-Python (JAX-GPU),sub-01,2579,-1.1532021924292475,,,,,,0.025464714970439672
sub-01__jax_gpu,AMICA-Python (JAX-GPU),sub-01,2580,-1.1532021932445908,,,,,,0.02534909499809146
sub-01__jax_gpu,AMICA-Python (JAX-GPU),sub-01,2581,-1.1532021872393494,,,,,,0.025312616024166346
sub-01__jax_gpu,AMICA-Python (JAX-GPU),sub-01,2582,-1.1532021852249223,,,,,,0.02526452497113496
sub-01__jax_gpu,AMICA-Python (JAX-GPU),sub-01,2583,-1.1532021839969715,,,,,,0.02529644500464201
sub-01__jax_gpu,AMICA-Python (JAX-GPU),sub-01,2584,-1.153202183088907,,,,,,0.02533469593618065
sub-01__jax_gpu,AMICA-Python (JAX-GPU),sub-01,2585,-1.1532021820255967,,,,,,0.025305685005150735
sub-01__jax_gpu,AMICA-Python (JAX-GPU),sub-01,2586,-1.1532021823754377,,,,,,0.025245675933547318
sub-01__jax_gpu,AMICA-Python (JAX-GPU),sub-01,2587,-1.1532021817339466,,,,,,0.02529662603046745
sub-01__jax_gpu,AMICA-Python (JAX-GPU),sub-01,2588,-1.153202178667175,,,,,,0.02530882495921105
sub-01__jax_gpu,AMICA-Python (JAX-GPU),sub-01,2589,-1.1532021774908503,,,,,,0.025351735996082425
sub-01__jax_gpu,AMICA-Python (JAX-GPU),sub-01,2590,-1.1532021775843786,,,,,,0.025225155986845493
sub-01__jax_gpu,AMICA-Python (JAX-GPU),sub-01,2591,-1.1532021762365638,,,,,,0.025332335033454
sub-01__jax_gpu,AMICA-Python (JAX-GPU),sub-01,2592,-1.1532021729962678,,,,,,0.025270665995776653
sub-01__jax_gpu,AMICA-Python (JAX-GPU),sub-01,2593,-1.1532021719927241,,,,,,0.025269776000641286
sub-01__jax_gpu,AMICA-Python (JAX-GPU),sub-01,2594,-1.1532021716591334,,,,,,0.025303605012595654
sub-01__jax_gpu,AMICA-Python (JAX-GPU),sub-01,2595,-1.153202170825789,,,,,,0.02529150596819818
sub-01__jax_gpu,AMICA-Python (JAX-GPU),sub-01,2596,-1.1532021717534175,,,,,,0.025304235983639956
sub-01__jax_gpu,AMICA-Python (JAX-GPU),sub-01,2597,-1.15320216977213,,,,,,0.02531752595677972
sub-01__jax_gpu,AMICA-Python (JAX-GPU),sub-01,2598,-1.1532021659821563,,,,,,0.02524341596290469
sub-01__jax_gpu,AMICA-Python (JAX-GPU),sub-01,2599,-1.1532021648250441,,,,,,0.02529369597323239
sub-01__jax_gpu,AMICA-Python (JAX-GPU),sub-01,2600,-1.15320216421389,,,,,,0.025256405933760107
sub-01__jax_gpu,AMICA-Python (JAX-GPU),sub-01,2601,-1.153202165215223,,,,,,0.025219385977834463
sub-01__jax_gpu,AMICA-Python (JAX-GPU),sub-01,2602,-1.1532021664303045,,,,,,0.025245425989851356
sub-01__jax_gpu,AMICA-Python (JAX-GPU),sub-01,2603,-1.1532021599063762,,,,,,0.0252268259646371
sub-01__jax_gpu,AMICA-Python (JAX-GPU),sub-01,2604,-1.1532021579009144,,,,,,0.02530299499630928
sub-01__jax_gpu,AMICA-Python (JAX-GPU),sub-01,2605,-1.1532021563759307,,,,,,0.025225516059435904
sub-01__jax_gpu,AMICA-Python (JAX-GPU),sub-01,2606,-1.1532021554621161,,,,,,0.025333615019917488
sub-01__jax_gpu,AMICA-Python (JAX-GPU),sub-01,2607,-1.1532021545589644,,,,,,0.025277176056988537
sub-01__jax_gpu,AMICA-Python (JAX-GPU),sub-01,2608,-1.153202154085093,,,,,,0.025300385081209242
sub-01__jax_gpu,AMICA-Python (JAX-GPU),sub-01,2609,-1.1532021542911421,,,,,,0.025230195955373347
sub-01__jax_gpu,AMICA-Python (JAX-GPU),sub-01,2610,-1.1532021541975757,,,,,,0.02533150603994727
sub-01__jax_gpu,AMICA-Python (JAX-GPU),sub-01,2611,-1.1532021500181286,,,,,,0.025289905024692416
sub-01__jax_gpu,AMICA-Python (JAX-GPU),sub-01,2612,-1.1532021482749495,,,,,,0.02525847509969026
sub-01__jax_gpu,AMICA-Python (JAX-GPU),sub-01,2613,-1.153202147862818,,,,,,0.025253905914723873
sub-01__jax_gpu,AMICA-Python (JAX-GPU),sub-01,2614,-1.1532021475090648,,,,,,0.02530024596489966
sub-01__jax_gpu,AMICA-Python (JAX-GPU),sub-01,2615,-1.1532021478488743,,,,,,0.025229095946997404
sub-01__jax_gpu,AMICA-Python (JAX-GPU),sub-01,2616,-1.1532021467937164,,,,,,0.025209406041540205
sub-01__jax_gpu,AMICA-Python (JAX-GPU),sub-01,2617,-1.1532021427850447,,,,,,0.025257846107706428
sub-01__jax_gpu,AMICA-Python (JAX-GPU),sub-01,2618,-1.1532021407414192,,,,,,0.025265286094509065
sub-01__jax_gpu,AMICA-Python (JAX-GPU),sub-01,2619,-1.1532021405284612,,,,,,0.025358034996315837
sub-01__jax_gpu,AMICA-Python (JAX-GPU),sub-01,2620,-1.153202139848629,,,,,,0.025224926066584885
sub-01__jax_gpu,AMICA-Python (JAX-GPU),sub-01,2621,-1.1532021426648698,,,,,,0.025302766007371247
sub-01__jax_gpu,AMICA-Python (JAX-GPU),sub-01,2622,-1.1532021414061986,,,,,,0.025257834931835532
sub-01__jax_gpu,AMICA-Python (JAX-GPU),sub-01,2623,-1.1532021356339133,,,,,,0.02535394497681409
sub-01__jax_gpu,AMICA-Python (JAX-GPU),sub-01,2624,-1.1532021336588627,,,,,,0.025361325009725988
sub-01__jax_gpu,AMICA-Python (JAX-GPU),sub-01,2625,-1.1532021322207133,,,,,,0.02531989593990147
sub-01__jax_gpu,AMICA-Python (JAX-GPU),sub-01,2626,-1.1532021322465118,,,,,,0.025400636019185185
sub-01__jax_gpu,AMICA-Python (JAX-GPU),sub-01,2627,-1.1532021335945493,,,,,,0.025349976029247046
sub-01__jax_gpu,AMICA-Python (JAX-GPU),sub-01,2628,-1.1532021290394119,,,,,,0.025376284960657358
sub-01__jax_gpu,AMICA-Python (JAX-GPU),sub-01,2629,-1.1532021271404815,,,,,,0.02534912491682917
sub-01__jax_gpu,AMICA-Python (JAX-GPU),sub-01,2630,-1.153202125965665,,,,,,0.02533385599963367
sub-01__jax_gpu,AMICA-Python (JAX-GPU),sub-01,2631,-1.153202125237663,,,,,,0.025355865014716983
sub-01__jax_gpu,AMICA-Python (JAX-GPU),sub-01,2632,-1.1532021247638207,,,,,,0.02535710495430976
sub-01__jax_gpu,AMICA-Python (JAX-GPU),sub-01,2633,-1.1532021247698794,,,,,,0.0252842060290277
sub-01__jax_gpu,AMICA-Python (JAX-GPU),sub-01,2634,-1.1532021234822656,,,,,,0.025241055991500616
sub-01__jax_gpu,AMICA-Python (JAX-GPU),sub-01,2635,-1.1532021206616387,,,,,,0.02528935601003468
sub-01__jax_gpu,AMICA-Python (JAX-GPU),sub-01,2636,-1.153202119427047,,,,,,0.02532728505320847
sub-01__jax_gpu,AMICA-Python (JAX-GPU),sub-01,2637,-1.153202119656509,,,,,,0.025833462015725672
sub-01__jax_gpu,AMICA-Python (JAX-GPU),sub-01,2638,-1.1532021183309322,,,,,,0.025428493972867727
sub-01__jax_gpu,AMICA-Python (JAX-GPU),sub-01,2639,-1.1532021160148187,,,,,,0.025434244889765978
sub-01__jax_gpu,AMICA-Python (JAX-GPU),sub-01,2640,-1.1532021155867878,,,,,,0.025378994992934167
sub-01__jax_gpu,AMICA-Python (JAX-GPU),sub-01,2641,-1.1532021163515593,,,,,,0.02548460499383509
sub-01__jax_gpu,AMICA-Python (JAX-GPU),sub-01,2642,-1.1532021155815697,,,,,,0.02524090593215078
sub-01__jax_gpu,AMICA-Python (JAX-GPU),sub-01,2643,-1.1532021120199518,,,,,,0.025296324980445206
sub-01__jax_gpu,AMICA-Python (JAX-GPU),sub-01,2644,-1.1532021106171895,,,,,,0.025424125022254884
sub-01__jax_gpu,AMICA-Python (JAX-GPU),sub-01,2645,-1.1532021102359855,,,,,,0.02532954595517367
sub-01__jax_gpu,AMICA-Python (JAX-GPU),sub-01,2646,-1.1532021110049206,,,,,,0.025302394991740584
sub-01__jax_gpu,AMICA-Python (JAX-GPU),sub-01,2647,-1.1532021100019263,,,,,,0.025328136049211025
sub-01__jax_gpu,AMICA-Python (JAX-GPU),sub-01,2648,-1.1532021068207798,,,,,,0.02536294504534453
sub-01__jax_gpu,AMICA-Python (JAX-GPU),sub-01,2649,-1.1532021063135847,,,,,,0.025370005052536726
sub-01__jax_gpu,AMICA-Python (JAX-GPU),sub-01,2650,-1.153202106673529,,,,,,0.025425754953175783
sub-01__jax_gpu,AMICA-Python (JAX-GPU),sub-01,2651,-1.1532021062150897,,,,,,0.02537168504204601
sub-01__jax_gpu,AMICA-Python (JAX-GPU),sub-01,2652,-1.153202102854272,,,,,,0.025411925045773387
sub-01__jax_gpu,AMICA-Python (JAX-GPU),sub-01,2653,-1.1532021018078165,,,,,,0.025366155081428587
sub-01__jax_gpu,AMICA-Python (JAX-GPU),sub-01,2654,-1.1532021011658597,,,,,,0.025320566026493907
sub-01__jax_gpu,AMICA-Python (JAX-GPU),sub-01,2655,-1.1532021026110186,,,,,,0.025449194014072418
sub-01__jax_gpu,AMICA-Python (JAX-GPU),sub-01,2656,-1.15320210258549,,,,,,0.02534963598009199
sub-01__jax_gpu,AMICA-Python (JAX-GPU),sub-01,2657,-1.1532020980158988,,,,,,0.02535443496890366
sub-01__jax_gpu,AMICA-Python (JAX-GPU),sub-01,2658,-1.1532020963390204,,,,,,0.025343775050714612
sub-01__jax_gpu,AMICA-Python (JAX-GPU),sub-01,2659,-1.1532020959651224,,,,,,0.025349486037157476
sub-01__jax_gpu,AMICA-Python (JAX-GPU),sub-01,2660,-1.1532020963627423,,,,,,0.025357695063576102
sub-01__jax_gpu,AMICA-Python (JAX-GPU),sub-01,2661,-1.153202096518802,,,,,,0.025411954964511096
sub-01__jax_gpu,AMICA-Python (JAX-GPU),sub-01,2662,-1.153202092868107,,,,,,0.02528169599827379
sub-01__jax_gpu,AMICA-Python (JAX-GPU),sub-01,2663,-1.153202091060482,,,,,,0.025251685990951955
sub-01__jax_gpu,AMICA-Python (JAX-GPU),sub-01,2664,-1.153202089988985,,,,,,0.025281605077907443
sub-01__jax_gpu,AMICA-Python (JAX-GPU),sub-01,2665,-1.1532020898427287,,,,,,0.025204797042533755
sub-01__jax_gpu,AMICA-Python (JAX-GPU),sub-01,2666,-1.1532020894613462,,,,,,0.02519783691968769
sub-01__jax_gpu,AMICA-Python (JAX-GPU),sub-01,2667,-1.1532020887803414,,,,,,0.02527043502777815
sub-01__jax_gpu,AMICA-Python (JAX-GPU),sub-01,2668,-1.1532020888769001,,,,,,0.025217646965757012
sub-01__jax_gpu,AMICA-Python (JAX-GPU),sub-01,2669,-1.1532020897523843,,,,,,0.025155025999993086
sub-01__jax_gpu,AMICA-Python (JAX-GPU),sub-01,2670,-1.1532020845830673,,,,,,0.025312225916422904
sub-01__jax_gpu,AMICA-Python (JAX-GPU),sub-01,2671,-1.1532020829005007,,,,,,0.02536144491750747
sub-01__jax_gpu,AMICA-Python (JAX-GPU),sub-01,2672,-1.1532020821357505,,,,,,0.025404104962944984
sub-01__jax_gpu,AMICA-Python (JAX-GPU),sub-01,2673,-1.1532020820687137,,,,,,0.02531248505692929
sub-01__jax_gpu,AMICA-Python (JAX-GPU),sub-01,2674,-1.1532020817284698,,,,,,0.025343296001665294
sub-01__jax_gpu,AMICA-Python (JAX-GPU),sub-01,2675,-1.1532020811885366,,,,,,0.025318305008113384
sub-01__jax_gpu,AMICA-Python (JAX-GPU),sub-01,2676,-1.1532020814252826,,,,,,0.025326565955765545
sub-01__jax_gpu,AMICA-Python (JAX-GPU),sub-01,2677,-1.1532020822074784,,,,,,0.02529051504097879
sub-01__jax_gpu,AMICA-Python (JAX-GPU),sub-01,2678,-1.153202077386868,,,,,,0.02542043395806104
sub-01__jax_gpu,AMICA-Python (JAX-GPU),sub-01,2679,-1.1532020754494532,,,,,,0.02535296604037285
sub-01__jax_gpu,AMICA-Python (JAX-GPU),sub-01,2680,-1.1532020742658966,,,,,,0.025267214979976416
sub-01__jax_gpu,AMICA-Python (JAX-GPU),sub-01,2681,-1.1532020735091046,,,,,,0.025353136006742716
sub-01__jax_gpu,AMICA-Python (JAX-GPU),sub-01,2682,-1.153202073456188,,,,,,0.025298285065218806
sub-01__jax_gpu,AMICA-Python (JAX-GPU),sub-01,2683,-1.1532020737878848,,,,,,0.025339936022646725
sub-01__jax_gpu,AMICA-Python (JAX-GPU),sub-01,2684,-1.1532020729687256,,,,,,0.02534081507474184
sub-01__jax_gpu,AMICA-Python (JAX-GPU),sub-01,2685,-1.1532020695936194,,,,,,0.025303226080723107
sub-01__jax_gpu,AMICA-Python (JAX-GPU),sub-01,2686,-1.1532020684988153,,,,,,0.025320385000668466
sub-01__jax_gpu,AMICA-Python (JAX-GPU),sub-01,2687,-1.1532020692711051,,,,,,0.02541891497094184
sub-01__jax_gpu,AMICA-Python (JAX-GPU),sub-01,2688,-1.1532020683942013,,,,,,0.025333484984003007
sub-01__jax_gpu,AMICA-Python (JAX-GPU),sub-01,2689,-1.153202066359697,,,,,,0.025317984982393682
sub-01__jax_gpu,AMICA-Python (JAX-GPU),sub-01,2690,-1.1532020647119419,,,,,,0.02536249498371035
sub-01__jax_gpu,AMICA-Python (JAX-GPU),sub-01,2691,-1.1532020646674066,,,,,,0.025312155950814486
sub-01__jax_gpu,AMICA-Python (JAX-GPU),sub-01,2692,-1.1532020648050179,,,,,,0.025392135023139417
sub-01__jax_gpu,AMICA-Python (JAX-GPU),sub-01,2693,-1.1532020648041497,,,,,,0.025269226054660976
sub-01__jax_gpu,AMICA-Python (JAX-GPU),sub-01,2694,-1.1532020612227283,,,,,,0.025273154955357313
sub-01__jax_gpu,AMICA-Python (JAX-GPU),sub-01,2695,-1.153202060082772,,,,,,0.025345875998027623
sub-01__jax_gpu,AMICA-Python (JAX-GPU),sub-01,2696,-1.1532020599086485,,,,,,0.025331304990686476
sub-01__jax_gpu,AMICA-Python (JAX-GPU),sub-01,2697,-1.1532020603313329,,,,,,0.02541827503591776
sub-01__jax_gpu,AMICA-Python (JAX-GPU),sub-01,2698,-1.153202060793902,,,,,,0.02545217494480312
sub-01__jax_gpu,AMICA-Python (JAX-GPU),sub-01,2699,-1.153202056441333,,,,,,0.02529768494423479
sub-01__jax_gpu,AMICA-Python (JAX-GPU),sub-01,2700,-1.1532020549026,,,,,,0.025389355956576765
sub-01__jax_gpu,AMICA-Python (JAX-GPU),sub-01,2701,-1.1532020538063241,,,,,,0.02537460601888597
sub-01__jax_gpu,AMICA-Python (JAX-GPU),sub-01,2702,-1.1532020532875098,,,,,,0.02540705492720008
sub-01__jax_gpu,AMICA-Python (JAX-GPU),sub-01,2703,-1.1532020534103091,,,,,,0.02538122597616166
sub-01__jax_gpu,AMICA-Python (JAX-GPU),sub-01,2704,-1.1532020527949818,,,,,,0.025303405011072755
sub-01__jax_gpu,AMICA-Python (JAX-GPU),sub-01,2705,-1.1532020502635707,,,,,,0.025219845934771
sub-01__jax_gpu,AMICA-Python (JAX-GPU),sub-01,2706,-1.153202049251051,,,,,,0.02515610691625625
sub-01__jax_gpu,AMICA-Python (JAX-GPU),sub-01,2707,-1.1532020497280617,,,,,,0.02522966591641307
sub-01__jax_gpu,AMICA-Python (JAX-GPU),sub-01,2708,-1.153202049318665,,,,,,0.025321015971712768
sub-01__jax_gpu,AMICA-Python (JAX-GPU),sub-01,2709,-1.1532020465715644,,,,,,0.025365964975208044
sub-01__jax_gpu,AMICA-Python (JAX-GPU),sub-01,2710,-1.1532020456017642,,,,,,0.02513890597037971
sub-01__jax_gpu,AMICA-Python (JAX-GPU),sub-01,2711,-1.153202045689384,,,,,,0.025256346096284688
sub-01__jax_gpu,AMICA-Python (JAX-GPU),sub-01,2712,-1.1532020471396123,,,,,,0.025147387059405446
sub-01__jax_gpu,AMICA-Python (JAX-GPU),sub-01,2713,-1.153202042576903,,,,,,0.025146935950033367
sub-01__jax_gpu,AMICA-Python (JAX-GPU),sub-01,2714,-1.153202041039034,,,,,,0.02529059594962746
sub-01__jax_gpu,AMICA-Python (JAX-GPU),sub-01,2715,-1.153202039892903,,,,,,0.025257406057789922
sub-01__jax_gpu,AMICA-Python (JAX-GPU),sub-01,2716,-1.1532020393563622,,,,,,0.025283116032369435
sub-01__jax_gpu,AMICA-Python (JAX-GPU),sub-01,2717,-1.1532020396809608,,,,,,0.02521302702371031
sub-01__jax_gpu,AMICA-Python (JAX-GPU),sub-01,2718,-1.1532020393449527,,,,,,0.025225776014849544
sub-01__jax_gpu,AMICA-Python (JAX-GPU),sub-01,2719,-1.1532020369259295,,,,,,0.025333465076982975
sub-01__jax_gpu,AMICA-Python (JAX-GPU),sub-01,2720,-1.1532020357700652,,,,,,0.025413274997845292
sub-01__jax_gpu,AMICA-Python (JAX-GPU),sub-01,2721,-1.153202035675757,,,,,,0.025345186004415154
sub-01__jax_gpu,AMICA-Python (JAX-GPU),sub-01,2722,-1.1532020349143515,,,,,,0.025395944947376847
sub-01__jax_gpu,AMICA-Python (JAX-GPU),sub-01,2723,-1.1532020351242713,,,,,,0.026095779961906374
sub-01__jax_gpu,AMICA-Python (JAX-GPU),sub-01,2724,-1.1532020352767338,,,,,,0.025619663996621966
sub-01__jax_gpu,AMICA-Python (JAX-GPU),sub-01,2725,-1.1532020312919224,,,,,,0.025423804996535182
sub-01__jax_gpu,AMICA-Python (JAX-GPU),sub-01,2726,-1.1532020299265695,,,,,,0.02533989492803812
sub-01__jax_gpu,AMICA-Python (JAX-GPU),sub-01,2727,-1.1532020291879876,,,,,,0.025337764993309975
sub-01__jax_gpu,AMICA-Python (JAX-GPU),sub-01,2728,-1.1532020283738866,,,,,,0.025362155050970614
sub-01__jax_gpu,AMICA-Python (JAX-GPU),sub-01,2729,-1.1532020291230174,,,,,,0.025311845005489886
sub-01__jax_gpu,AMICA-Python (JAX-GPU),sub-01,2730,-1.1532020290095002,,,,,,0.02535315603017807
sub-01__jax_gpu,AMICA-Python (JAX-GPU),sub-01,2731,-1.1532020256698088,,,,,,0.025369705050252378
sub-01__jax_gpu,AMICA-Python (JAX-GPU),sub-01,2732,-1.1532020248590382,,,,,,0.025264116004109383
sub-01__jax_gpu,AMICA-Python (JAX-GPU),sub-01,2733,-1.153202024834253,,,,,,0.02528148505371064
sub-01__jax_gpu,AMICA-Python (JAX-GPU),sub-01,2734,-1.153202025301051,,,,,,0.025403124978765845
sub-01__jax_gpu,AMICA-Python (JAX-GPU),sub-01,2735,-1.1532020252463557,,,,,,0.025406233966350555
sub-01__jax_gpu,AMICA-Python (JAX-GPU),sub-01,2736,-1.1532020215979446,,,,,,0.02531650592572987
sub-01__jax_gpu,AMICA-Python (JAX-GPU),sub-01,2737,-1.1532020202228994,,,,,,0.025321554974652827
sub-01__jax_gpu,AMICA-Python (JAX-GPU),sub-01,2738,-1.153202019791863,,,,,,0.025277826003730297
sub-01__jax_gpu,AMICA-Python (JAX-GPU),sub-01,2739,-1.1532020204416322,,,,,,0.025311676086857915
sub-01__jax_gpu,AMICA-Python (JAX-GPU),sub-01,2740,-1.153202022013081,,,,,,0.02528384595643729
sub-01__jax_gpu,AMICA-Python (JAX-GPU),sub-01,2741,-1.1532020165157633,,,,,,0.025394576019607484
sub-01__jax_gpu,AMICA-Python (JAX-GPU),sub-01,2742,-1.15320201494695,,,,,,0.02537260507233441
sub-01__jax_gpu,AMICA-Python (JAX-GPU),sub-01,2743,-1.1532020141499744,,,,,,0.025348154944367707
sub-01__jax_gpu,AMICA-Python (JAX-GPU),sub-01,2744,-1.1532020144029218,,,,,,0.025326294940896332
sub-01__jax_gpu,AMICA-Python (JAX-GPU),sub-01,2745,-1.1532020141161854,,,,,,0.02519954601302743
sub-01__jax_gpu,AMICA-Python (JAX-GPU),sub-01,2746,-1.1532020119158175,,,,,,0.02528255502693355
sub-01__jax_gpu,AMICA-Python (JAX-GPU),sub-01,2747,-1.1532020111329058,,,,,,0.025367746013216674
sub-01__jax_gpu,AMICA-Python (JAX-GPU),sub-01,2748,-1.1532020108818641,,,,,,0.025358785991556942
sub-01__jax_gpu,AMICA-Python (JAX-GPU),sub-01,2749,-1.1532020101786056,,,,,,0.025309535092674196
sub-01__jax_gpu,AMICA-Python (JAX-GPU),sub-01,2750,-1.1532020112970895,,,,,,0.025337815983220935
sub-01__jax_gpu,AMICA-Python (JAX-GPU),sub-01,2751,-1.1532020103603937,,,,,,0.02528594504110515
sub-01__jax_gpu,AMICA-Python (JAX-GPU),sub-01,2752,-1.1532020067854916,,,,,,0.025325255002826452
sub-01__jax_gpu,AMICA-Python (JAX-GPU),sub-01,2753,-1.1532020054964531,,,,,,0.02535740495659411
sub-01__jax_gpu,AMICA-Python (JAX-GPU),sub-01,2754,-1.1532020056972,,,,,,0.025398854981176555
sub-01__jax_gpu,AMICA-Python (JAX-GPU),sub-01,2755,-1.1532020068479742,,,,,,0.025266956072300673
sub-01__jax_gpu,AMICA-Python (JAX-GPU),sub-01,2756,-1.1532020030294912,,,,,,0.025384315056726336
sub-01__jax_gpu,AMICA-Python (JAX-GPU),sub-01,2757,-1.1532020015180484,,,,,,0.025364034925587475
sub-01__jax_gpu,AMICA-Python (JAX-GPU),sub-01,2758,-1.1532020008904122,,,,,,0.025407035020180047
sub-01__jax_gpu,AMICA-Python (JAX-GPU),sub-01,2759,-1.1532020007634332,,,,,,0.025302966008894145
sub-01__jax_gpu,AMICA-Python (JAX-GPU),sub-01,2760,-1.1532020010688397,,,,,,0.02540920488536358
sub-01__jax_gpu,AMICA-Python (JAX-GPU),sub-01,2761,-1.153202000650432,,,,,,0.025426205014809966
sub-01__jax_gpu,AMICA-Python (JAX-GPU),sub-01,2762,-1.153201997680732,,,,,,0.025264636031351984
sub-01__jax_gpu,AMICA-Python (JAX-GPU),sub-01,2763,-1.1532019967312577,,,,,,0.02527419594116509
sub-01__jax_gpu,AMICA-Python (JAX-GPU),sub-01,2764,-1.1532019963680304,,,,,,0.02542241499759257
sub-01__jax_gpu,AMICA-Python (JAX-GPU),sub-01,2765,-1.1532019972522491,,,,,,0.02536548499483615
sub-01__jax_gpu,AMICA-Python (JAX-GPU),sub-01,2766,-1.1532019975159589,,,,,,0.0252566859126091
sub-01__jax_gpu,AMICA-Python (JAX-GPU),sub-01,2767,-1.153201993668035,,,,,,0.02528339601121843
sub-01__jax_gpu,AMICA-Python (JAX-GPU),sub-01,2768,-1.153201992104568,,,,,,0.025310095981694758
sub-01__jax_gpu,AMICA-Python (JAX-GPU),sub-01,2769,-1.1532019914987057,,,,,,0.025334695004858077
sub-01__jax_gpu,AMICA-Python (JAX-GPU),sub-01,2770,-1.1532019908964593,,,,,,0.025324605056084692
sub-01__jax_gpu,AMICA-Python (JAX-GPU),sub-01,2771,-1.1532019915412142,,,,,,0.02529010595753789
sub-01__jax_gpu,AMICA-Python (JAX-GPU),sub-01,2772,-1.1532019914455711,,,,,,0.02536396507639438
sub-01__jax_gpu,AMICA-Python (JAX-GPU),sub-01,2773,-1.1532019884313116,,,,,,0.025382333900779486
sub-01__jax_gpu,AMICA-Python (JAX-GPU),sub-01,2774,-1.153201987381774,,,,,,0.0253637459827587
sub-01__jax_gpu,AMICA-Python (JAX-GPU),sub-01,2775,-1.1532019871890693,,,,,,0.0252854460850358
sub-01__jax_gpu,AMICA-Python (JAX-GPU),sub-01,2776,-1.1532019866775096,,,,,,0.025319705018773675
sub-01__jax_gpu,AMICA-Python (JAX-GPU),sub-01,2777,-1.1532019876843649,,,,,,0.02549733396153897
sub-01__jax_gpu,AMICA-Python (JAX-GPU),sub-01,2778,-1.1532019863693228,,,,,,0.025331815937533975
sub-01__jax_gpu,AMICA-Python (JAX-GPU),sub-01,2779,-1.153201983889241,,,,,,0.02532812498975545
sub-01__jax_gpu,AMICA-Python (JAX-GPU),sub-01,2780,-1.1532019830042648,,,,,,0.02537396503612399
sub-01__jax_gpu,AMICA-Python (JAX-GPU),sub-01,2781,-1.1532019836042968,,,,,,0.02537492592819035
sub-01__jax_gpu,AMICA-Python (JAX-GPU),sub-01,2782,-1.1532019860050349,,,,,,0.025316284969449043
sub-01__jax_gpu,AMICA-Python (JAX-GPU),sub-01,2783,-1.1532019806866338,,,,,,0.025372314965352416
sub-01__jax_gpu,AMICA-Python (JAX-GPU),sub-01,2784,-1.1532019790829564,,,,,,0.025355865014716983
sub-01__jax_gpu,AMICA-Python (JAX-GPU),sub-01,2785,-1.153201978133298,,,,,,0.025389716029167175
sub-01__jax_gpu,AMICA-Python (JAX-GPU),sub-01,2786,-1.153201978172177,,,,,,0.02543018397409469
sub-01__jax_gpu,AMICA-Python (JAX-GPU),sub-01,2787,-1.153201978614251,,,,,,0.025441374047659338
sub-01__jax_gpu,AMICA-Python (JAX-GPU),sub-01,2788,-1.1532019759846943,,,,,,0.025267715915106237
sub-01__jax_gpu,AMICA-Python (JAX-GPU),sub-01,2789,-1.153201974727261,,,,,,0.025316265993751585
sub-01__jax_gpu,AMICA-Python (JAX-GPU),sub-01,2790,-1.1532019738496522,,,,,,0.02528343501035124
sub-01__jax_gpu,AMICA-Python (JAX-GPU),sub-01,2791,-1.1532019735993169,,,,,,0.02524929598439485
sub-01__jax_gpu,AMICA-Python (JAX-GPU),sub-01,2792,-1.1532019738612058,,,,,,0.025265465956181288
sub-01__jax_gpu,AMICA-Python (JAX-GPU),sub-01,2793,-1.153201973596542,,,,,,0.02531270496547222
sub-01__jax_gpu,AMICA-Python (JAX-GPU),sub-01,2794,-1.1532019711890276,,,,,,0.025263435090892017
sub-01__jax_gpu,AMICA-Python (JAX-GPU),sub-01,2795,-1.153201970848848,,,,,,0.02517632709350437
sub-01__jax_gpu,AMICA-Python (JAX-GPU),sub-01,2796,-1.1532019717777706,,,,,,0.025187986087985337
sub-01__jax_gpu,AMICA-Python (JAX-GPU),sub-01,2797,-1.1532019706163235,,,,,,0.02529874595347792
sub-01__jax_gpu,AMICA-Python (JAX-GPU),sub-01,2798,-1.1532019686021477,,,,,,0.025316245038993657
sub-01__jax_gpu,AMICA-Python (JAX-GPU),sub-01,2799,-1.1532019683498531,,,,,,0.02531575597822666
sub-01__jax_gpu,AMICA-Python (JAX-GPU),sub-01,2800,-1.1532019690969337,,,,,,0.025374624994583428
sub-01__jax_gpu,AMICA-Python (JAX-GPU),sub-01,2801,-1.1532019679890506,,,,,,0.025252076098695397
sub-01__jax_gpu,AMICA-Python (JAX-GPU),sub-01,2802,-1.1532019650921022,,,,,,0.02533722505904734
sub-01__jax_gpu,AMICA-Python (JAX-GPU),sub-01,2803,-1.1532019640328623,,,,,,0.025348705938085914
sub-01__jax_gpu,AMICA-Python (JAX-GPU),sub-01,2804,-1.1532019644644027,,,,,,0.025328436051495373
sub-01__jax_gpu,AMICA-Python (JAX-GPU),sub-01,2805,-1.1532019643100229,,,,,,0.025255016051232815
sub-01__jax_gpu,AMICA-Python (JAX-GPU),sub-01,2806,-1.1532019616696618,,,,,,0.0253375549800694
sub-01__jax_gpu,AMICA-Python (JAX-GPU),sub-01,2807,-1.1532019612864983,,,,,,0.025361865991726518
sub-01__jax_gpu,AMICA-Python (JAX-GPU),sub-01,2808,-1.1532019614572693,,,,,,0.025363454944454134
sub-01__jax_gpu,AMICA-Python (JAX-GPU),sub-01,2809,-1.15320196145739,,,,,,0.025352805037982762
sub-01__jax_gpu,AMICA-Python (JAX-GPU),sub-01,2810,-1.1532019583425637,,,,,,0.025400205049663782
sub-01__jax_gpu,AMICA-Python (JAX-GPU),sub-01,2811,-1.1532019571849061,,,,,,0.02534658496733755
sub-01__jax_gpu,AMICA-Python (JAX-GPU),sub-01,2812,-1.1532019564348732,,,,,,0.025318986037746072
sub-01__jax_gpu,AMICA-Python (JAX-GPU),sub-01,2813,-1.1532019562019906,,,,,,0.02544774499256164
sub-01__jax_gpu,AMICA-Python (JAX-GPU),sub-01,2814,-1.153201956856321,,,,,,0.025440284051001072
sub-01__jax_gpu,AMICA-Python (JAX-GPU),sub-01,2815,-1.1532019559133082,,,,,,0.025536455097608268
sub-01__jax_gpu,AMICA-Python (JAX-GPU),sub-01,2816,-1.1532019538558758,,,,,,0.02538136497605592
sub-01__jax_gpu,AMICA-Python (JAX-GPU),sub-01,2817,-1.1532019534980098,,,,,,0.02533641504123807
sub-01__jax_gpu,AMICA-Python (JAX-GPU),sub-01,2818,-1.1532019546820542,,,,,,0.025329055031761527
sub-01__jax_gpu,AMICA-Python (JAX-GPU),sub-01,2819,-1.153201953860447,,,,,,0.025291125988587737
sub-01__jax_gpu,AMICA-Python (JAX-GPU),sub-01,2820,-1.1532019505628286,,,,,,0.025307815987616777
sub-01__jax_gpu,AMICA-Python (JAX-GPU),sub-01,2821,-1.1532019498902741,,,,,,0.02536839502863586
sub-01__jax_gpu,AMICA-Python (JAX-GPU),sub-01,2822,-1.1532019498725168,,,,,,0.02531939500477165
sub-01__jax_gpu,AMICA-Python (JAX-GPU),sub-01,2823,-1.1532019497140016,,,,,,0.02543094498105347
sub-01__jax_gpu,AMICA-Python (JAX-GPU),sub-01,2824,-1.1532019507864397,,,,,,0.025317946099676192
sub-01__jax_gpu,AMICA-Python (JAX-GPU),sub-01,2825,-1.1532019500696975,,,,,,0.02533341501839459
sub-01__jax_gpu,AMICA-Python (JAX-GPU),sub-01,2826,-1.153201946442106,,,,,,0.02537967497482896
sub-01__jax_gpu,AMICA-Python (JAX-GPU),sub-01,2827,-1.1532019450176103,,,,,,0.025311445933766663
sub-01__jax_gpu,AMICA-Python (JAX-GPU),sub-01,2828,-1.153201945453597,,,,,,0.025316745042800903
sub-01__jax_gpu,AMICA-Python (JAX-GPU),sub-01,2829,-1.1532019450338298,,,,,,0.025337166036479175
sub-01__jax_gpu,AMICA-Python (JAX-GPU),sub-01,2830,-1.153201943111432,,,,,,0.02536144503392279
sub-01__jax_gpu,AMICA-Python (JAX-GPU),sub-01,2831,-1.1532019421482942,,,,,,0.025276366039179265
sub-01__jax_gpu,AMICA-Python (JAX-GPU),sub-01,2832,-1.1532019425532423,,,,,,0.025286445044912398
sub-01__jax_gpu,AMICA-Python (JAX-GPU),sub-01,2833,-1.1532019432914262,,,,,,0.02529085602145642
sub-01__jax_gpu,AMICA-Python (JAX-GPU),sub-01,2834,-1.1532019399738107,,,,,,0.025513953994959593
sub-01__jax_gpu,AMICA-Python (JAX-GPU),sub-01,2835,-1.153201938347926,,,,,,0.025252636056393385
sub-01__jax_gpu,AMICA-Python (JAX-GPU),sub-01,2836,-1.1532019374896365,,,,,,0.025232426007278264
sub-01__jax_gpu,AMICA-Python (JAX-GPU),sub-01,2837,-1.1532019373673383,,,,,,0.025303325965069234
sub-01__jax_gpu,AMICA-Python (JAX-GPU),sub-01,2838,-1.153201936685707,,,,,,0.02518754603806883
sub-01__jax_gpu,AMICA-Python (JAX-GPU),sub-01,2839,-1.1532019371218551,,,,,,0.02525679604150355
sub-01__jax_gpu,AMICA-Python (JAX-GPU),sub-01,2840,-1.153201937491705,,,,,,0.025269255973398685
sub-01__jax_gpu,AMICA-Python (JAX-GPU),sub-01,2841,-1.153201934138609,,,,,,0.025226196041330695
sub-01__jax_gpu,AMICA-Python (JAX-GPU),sub-01,2842,-1.1532019328316616,,,,,,0.025296385982073843
sub-01__jax_gpu,AMICA-Python (JAX-GPU),sub-01,2843,-1.1532019319768736,,,,,,0.025282275048084557
sub-01__jax_gpu,AMICA-Python (JAX-GPU),sub-01,2844,-1.1532019312346395,,,,,,0.025189326028339565
sub-01__jax_gpu,AMICA-Python (JAX-GPU),sub-01,2845,-1.1532019311205708,,,,,,0.025264236028306186
sub-01__jax_gpu,AMICA-Python (JAX-GPU),sub-01,2846,-1.1532019317073876,,,,,,0.025289146113209426
sub-01__jax_gpu,AMICA-Python (JAX-GPU),sub-01,2847,-1.1532019323741725,,,,,,0.02536572504322976
sub-01__jax_gpu,AMICA-Python (JAX-GPU),sub-01,2848,-1.1532019289647568,,,,,,0.02524395496584475
sub-01__jax_gpu,AMICA-Python (JAX-GPU),sub-01,2849,-1.153201927480647,,,,,,0.025356585974805057
sub-01__jax_gpu,AMICA-Python (JAX-GPU),sub-01,2850,-1.1532019268724714,,,,,,0.02526914596091956
sub-01__jax_gpu,AMICA-Python (JAX-GPU),sub-01,2851,-1.1532019262590276,,,,,,0.025185887003317475
sub-01__jax_gpu,AMICA-Python (JAX-GPU),sub-01,2852,-1.1532019267021532,,,,,,0.025216766051016748
sub-01__jax_gpu,AMICA-Python (JAX-GPU),sub-01,2853,-1.153201926979765,,,,,,0.02533553505782038
sub-01__jax_gpu,AMICA-Python (JAX-GPU),sub-01,2854,-1.153201924028377,,,,,,0.025263456045649946
sub-01__jax_gpu,AMICA-Python (JAX-GPU),sub-01,2855,-1.1532019225722876,,,,,,0.02524769597221166
sub-01__jax_gpu,AMICA-Python (JAX-GPU),sub-01,2856,-1.1532019221040668,,,,,,0.0251983959460631
sub-01__jax_gpu,AMICA-Python (JAX-GPU),sub-01,2857,-1.1532019219754204,,,,,,0.025252146064303815
sub-01__jax_gpu,AMICA-Python (JAX-GPU),sub-01,2858,-1.1532019218617497,,,,,,0.025176237104460597
sub-01__jax_gpu,AMICA-Python (JAX-GPU),sub-01,2859,-1.153201921591918,,,,,,0.02538205496966839
sub-01__jax_gpu,AMICA-Python (JAX-GPU),sub-01,2860,-1.1532019213598141,,,,,,0.025252926046960056
sub-01__jax_gpu,AMICA-Python (JAX-GPU),sub-01,2861,-1.1532019223775252,,,,,,0.025432145106606185
sub-01__jax_gpu,AMICA-Python (JAX-GPU),sub-01,2862,-1.1532019226252985,,,,,,0.025407476001419127
sub-01__jax_gpu,AMICA-Python (JAX-GPU),sub-01,2863,-1.1532019177847377,,,,,,0.02531758602708578
sub-01__jax_gpu,AMICA-Python (JAX-GPU),sub-01,2864,-1.1532019163813443,,,,,,0.02533852495253086
sub-01__jax_gpu,AMICA-Python (JAX-GPU),sub-01,2865,-1.1532019153378745,,,,,,0.02543965494260192
sub-01__jax_gpu,AMICA-Python (JAX-GPU),sub-01,2866,-1.153201914994103,,,,,,0.025391385075636208
sub-01__jax_gpu,AMICA-Python (JAX-GPU),sub-01,2867,-1.153201914386076,,,,,,0.02537429495714605
sub-01__jax_gpu,AMICA-Python (JAX-GPU),sub-01,2868,-1.1532019158264593,,,,,,0.02528824598994106
sub-01__jax_gpu,AMICA-Python (JAX-GPU),sub-01,2869,-1.1532019160119455,,,,,,0.025320315035060048
sub-01__jax_gpu,AMICA-Python (JAX-GPU),sub-01,2870,-1.15320191205799,,,,,,0.025407404988072813
sub-01__jax_gpu,AMICA-Python (JAX-GPU),sub-01,2871,-1.1532019106632818,,,,,,0.025288296048529446
sub-01__jax_gpu,AMICA-Python (JAX-GPU),sub-01,2872,-1.1532019097770358,,,,,,0.025252176099456847
sub-01__jax_gpu,AMICA-Python (JAX-GPU),sub-01,2873,-1.1532019099390312,,,,,,0.025373814976774156
sub-01__jax_gpu,AMICA-Python (JAX-GPU),sub-01,2874,-1.1532019112809186,,,,,,0.025222535943612456
sub-01__jax_gpu,AMICA-Python (JAX-GPU),sub-01,2875,-1.1532019080475335,,,,,,0.025250475970096886
sub-01__jax_gpu,AMICA-Python (JAX-GPU),sub-01,2876,-1.1532019068752273,,,,,,0.025263426010496914
sub-01__jax_gpu,AMICA-Python (JAX-GPU),sub-01,2877,-1.1532019062857661,,,,,,0.02531194605398923
sub-01__jax_gpu,AMICA-Python (JAX-GPU),sub-01,2878,-1.1532019062872891,,,,,,0.025442803977057338
sub-01__jax_gpu,AMICA-Python (JAX-GPU),sub-01,2879,-1.1532019064116226,,,,,,0.025295105995610356
sub-01__jax_gpu,AMICA-Python (JAX-GPU),sub-01,2880,-1.15320190419114,,,,,,0.025390124996192753
sub-01__jax_gpu,AMICA-Python (JAX-GPU),sub-01,2881,-1.1532019031902716,,,,,,0.025311365956440568
sub-01__jax_gpu,AMICA-Python (JAX-GPU),sub-01,2882,-1.1532019026007256,,,,,,0.02525355597026646
sub-01__jax_gpu,AMICA-Python (JAX-GPU),sub-01,2883,-1.1532019026405866,,,,,,0.025323254987597466
sub-01__jax_gpu,AMICA-Python (JAX-GPU),sub-01,2884,-1.1532019028264784,,,,,,0.025442205020226538
sub-01__jax_gpu,AMICA-Python (JAX-GPU),sub-01,2885,-1.1532019006331684,,,,,,0.025329974945634604
sub-01__jax_gpu,AMICA-Python (JAX-GPU),sub-01,2886,-1.1532018997451443,,,,,,0.025316105922684073
sub-01__jax_gpu,AMICA-Python (JAX-GPU),sub-01,2887,-1.153201899381842,,,,,,0.025400385027751327
sub-01__jax_gpu,AMICA-Python (JAX-GPU),sub-01,2888,-1.1532018989100514,,,,,,0.025337824947200716
sub-01__jax_gpu,AMICA-Python (JAX-GPU),sub-01,2889,-1.1532018992435655,,,,,,0.025314836064353585
sub-01__jax_gpu,AMICA-Python (JAX-GPU),sub-01,2890,-1.1532019002691825,,,,,,0.025356095051392913
sub-01__jax_gpu,AMICA-Python (JAX-GPU),sub-01,2891,-1.1532018966010051,,,,,,0.0253534649964422
sub-01__jax_gpu,AMICA-Python (JAX-GPU),sub-01,2892,-1.1532018955748684,,,,,,0.025349814910441637
sub-01__jax_gpu,AMICA-Python (JAX-GPU),sub-01,2893,-1.1532018950522114,,,,,,0.02532202599104494
sub-01__jax_gpu,AMICA-Python (JAX-GPU),sub-01,2894,-1.1532018946028786,,,,,,0.02572538296226412
sub-01__jax_gpu,AMICA-Python (JAX-GPU),sub-01,2895,-1.1532018946376579,,,,,,0.025308944983407855
sub-01__jax_gpu,AMICA-Python (JAX-GPU),sub-01,2896,-1.1532018950568894,,,,,,0.025367885013110936
sub-01__jax_gpu,AMICA-Python (JAX-GPU),sub-01,2897,-1.1532018924246565,,,,,,0.02525587601121515
sub-01__jax_gpu,AMICA-Python (JAX-GPU),sub-01,2898,-1.1532018912014739,,,,,,0.02536493493244052
sub-01__jax_gpu,AMICA-Python (JAX-GPU),sub-01,2899,-1.153201890878178,,,,,,0.025314674945548177
sub-01__jax_gpu,AMICA-Python (JAX-GPU),sub-01,2900,-1.1532018904898085,,,,,,0.02530813601333648
sub-01__jax_gpu,AMICA-Python (JAX-GPU),sub-01,2901,-1.1532018910359014,,,,,,0.025354195036925375
sub-01__jax_gpu,AMICA-Python (JAX-GPU),sub-01,2902,-1.1532018917638782,,,,,,0.02535643510054797
sub-01__jax_gpu,AMICA-Python (JAX-GPU),sub-01,2903,-1.153201888291826,,,,,,0.02540356502868235
sub-01__jax_gpu,AMICA-Python (JAX-GPU),sub-01,2904,-1.1532018874867367,,,,,,0.02528134500607848
sub-01__jax_gpu,AMICA-Python (JAX-GPU),sub-01,2905,-1.153201886609157,,,,,,0.025266726035624743
sub-01__jax_gpu,AMICA-Python (JAX-GPU),sub-01,2906,-1.1532018863211213,,,,,,0.025293715996667743
sub-01__jax_gpu,AMICA-Python (JAX-GPU),sub-01,2907,-1.1532018863236362,,,,,,0.025393865071237087
sub-01__jax_gpu,AMICA-Python (JAX-GPU),sub-01,2908,-1.1532018864298996,,,,,,0.025368215050548315
sub-01__jax_gpu,AMICA-Python (JAX-GPU),sub-01,2909,-1.1532018841134482,,,,,,0.02540115499868989
sub-01__jax_gpu,AMICA-Python (JAX-GPU),sub-01,2910,-1.1532018829747757,,,,,,0.025420484947972
sub-01__jax_gpu,AMICA-Python (JAX-GPU),sub-01,2911,-1.153201882369934,,,,,,0.025306065916083753
sub-01__jax_gpu,AMICA-Python (JAX-GPU),sub-01,2912,-1.153201882335477,,,,,,0.025306955096311867
sub-01__jax_gpu,AMICA-Python (JAX-GPU),sub-01,2913,-1.1532018817462864,,,,,,0.0254251150181517
sub-01__jax_gpu,AMICA-Python (JAX-GPU),sub-01,2914,-1.153201882557514,,,,,,0.025290844962000847
sub-01__jax_gpu,AMICA-Python (JAX-GPU),sub-01,2915,-1.1532018824744117,,,,,,0.025342245935462415
sub-01__jax_gpu,AMICA-Python (JAX-GPU),sub-01,2916,-1.1532018794338248,,,,,,0.025384295033290982
sub-01__jax_gpu,AMICA-Python (JAX-GPU),sub-01,2917,-1.153201878474094,,,,,,0.02535822498612106
sub-01__jax_gpu,AMICA-Python (JAX-GPU),sub-01,2918,-1.15320187873846,,,,,,0.025386315071955323
sub-01__jax_gpu,AMICA-Python (JAX-GPU),sub-01,2919,-1.1532018802727866,,,,,,0.02535233600065112
sub-01__jax_gpu,AMICA-Python (JAX-GPU),sub-01,2920,-1.1532018771695838,,,,,,0.025337275001220405
sub-01__jax_gpu,AMICA-Python (JAX-GPU),sub-01,2921,-1.1532018757039784,,,,,,0.02543486503418535
sub-01__jax_gpu,AMICA-Python (JAX-GPU),sub-01,2922,-1.153201874922143,,,,,,0.025318135041743517
sub-01__jax_gpu,AMICA-Python (JAX-GPU),sub-01,2923,-1.1532018748156028,,,,,,0.025347076007165015
sub-01__jax_gpu,AMICA-Python (JAX-GPU),sub-01,2924,-1.153201875226454,,,,,,0.02521733590401709
sub-01__jax_gpu,AMICA-Python (JAX-GPU),sub-01,2925,-1.1532018741302457,,,,,,0.02534531499259174
sub-01__jax_gpu,AMICA-Python (JAX-GPU),sub-01,2926,-1.1532018723848163,,,,,,0.025314046069979668
sub-01__jax_gpu,AMICA-Python (JAX-GPU),sub-01,2927,-1.1532018717717842,,,,,,0.025459274067543447
sub-01__jax_gpu,AMICA-Python (JAX-GPU),sub-01,2928,-1.1532018723588873,,,,,,0.025283416034653783
sub-01__jax_gpu,AMICA-Python (JAX-GPU),sub-01,2929,-1.1532018722470156,,,,,,0.02541106508579105
sub-01__jax_gpu,AMICA-Python (JAX-GPU),sub-01,2930,-1.1532018697624196,,,,,,0.02530937595292926
sub-01__jax_gpu,AMICA-Python (JAX-GPU),sub-01,2931,-1.1532018691204966,,,,,,0.025390974013134837
sub-01__jax_gpu,AMICA-Python (JAX-GPU),sub-01,2932,-1.1532018689065455,,,,,,0.025393144926056266
sub-01__jax_gpu,AMICA-Python (JAX-GPU),sub-01,2933,-1.1532018695950272,,,,,,0.025274625048041344
sub-01__jax_gpu,AMICA-Python (JAX-GPU),sub-01,2934,-1.153201869484723,,,,,,0.025358325918205082
sub-01__jax_gpu,AMICA-Python (JAX-GPU),sub-01,2935,-1.1532018664321428,,,,,,0.02544482401572168
sub-01__jax_gpu,AMICA-Python (JAX-GPU),sub-01,2936,-1.1532018661258752,,,,,,0.025277346023358405
sub-01__jax_gpu,AMICA-Python (JAX-GPU),sub-01,2937,-1.1532018661860581,,,,,,0.025366335059516132
sub-01__jax_gpu,AMICA-Python (JAX-GPU),sub-01,2938,-1.1532018666263475,,,,,,0.025208707083947957
sub-01__jax_gpu,AMICA-Python (JAX-GPU),sub-01,2939,-1.1532018643612942,,,,,,0.025271055987104774
sub-01__jax_gpu,AMICA-Python (JAX-GPU),sub-01,2940,-1.1532018629242269,,,,,,0.02542104502208531
sub-01__jax_gpu,AMICA-Python (JAX-GPU),sub-01,2941,-1.153201862248513,,,,,,0.025315635954029858
sub-01__jax_gpu,AMICA-Python (JAX-GPU),sub-01,2942,-1.153201862114962,,,,,,0.025246546021662652
sub-01__jax_gpu,AMICA-Python (JAX-GPU),sub-01,2943,-1.1532018626910083,,,,,,0.02526392601430416
sub-01__jax_gpu,AMICA-Python (JAX-GPU),sub-01,2944,-1.1532018629888703,,,,,,0.02530915499664843
sub-01__jax_gpu,AMICA-Python (JAX-GPU),sub-01,2945,-1.153201860080359,,,,,,0.02534405596088618
sub-01__jax_gpu,AMICA-Python (JAX-GPU),sub-01,2946,-1.1532018587286448,,,,,,0.025269186007790267
sub-01__jax_gpu,AMICA-Python (JAX-GPU),sub-01,2947,-1.1532018580170527,,,,,,0.02534438599832356
sub-01__jax_gpu,AMICA-Python (JAX-GPU),sub-01,2948,-1.1532018578887409,,,,,,0.025293985032476485
sub-01__jax_gpu,AMICA-Python (JAX-GPU),sub-01,2949,-1.1532018580284202,,,,,,0.025341436034068465
sub-01__jax_gpu,AMICA-Python (JAX-GPU),sub-01,2950,-1.153201857951932,,,,,,0.02528634504415095
sub-01__jax_gpu,AMICA-Python (JAX-GPU),sub-01,2951,-1.1532018561164588,,,,,,0.025344205903820693
sub-01__jax_gpu,AMICA-Python (JAX-GPU),sub-01,2952,-1.1532018556060173,,,,,,0.02533034491352737
sub-01__jax_gpu,AMICA-Python (JAX-GPU),sub-01,2953,-1.153201855246488,,,,,,0.025369124952703714
sub-01__jax_gpu,AMICA-Python (JAX-GPU),sub-01,2954,-1.1532018563300361,,,,,,0.02532231598161161
sub-01__jax_gpu,AMICA-Python (JAX-GPU),sub-01,2955,-1.1532018579451797,,,,,,0.02531652501784265
sub-01__jax_gpu,AMICA-Python (JAX-GPU),sub-01,2956,-1.1532018529541628,,,,,,0.025362145039252937
sub-01__jax_gpu,AMICA-Python (JAX-GPU),sub-01,2957,-1.1532018516092686,,,,,,0.025530904065817595
sub-01__jax_gpu,AMICA-Python (JAX-GPU),sub-01,2958,-1.1532018509888182,,,,,,0.02534769498743117
sub-01__jax_gpu,AMICA-Python (JAX-GPU),sub-01,2959,-1.153201850603867,,,,,,0.025334945996291935
sub-01__jax_gpu,AMICA-Python (JAX-GPU),sub-01,2960,-1.1532018503548012,,,,,,0.02529472508467734
sub-01__jax_gpu,AMICA-Python (JAX-GPU),sub-01,2961,-1.1532018508439872,,,,,,0.02534964494407177
sub-01__jax_gpu,AMICA-Python (JAX-GPU),sub-01,2962,-1.153201853044899,,,,,,0.02536691597197205
sub-01__jax_gpu,AMICA-Python (JAX-GPU),sub-01,2963,-1.1532018483946709,,,,,,0.02535607502795756
sub-01__jax_gpu,AMICA-Python (JAX-GPU),sub-01,2964,-1.1532018472204082,,,,,,0.025279075955040753
sub-01__jax_gpu,AMICA-Python (JAX-GPU),sub-01,2965,-1.1532018465001679,,,,,,0.02533096494153142
sub-01__jax_gpu,AMICA-Python (JAX-GPU),sub-01,2966,-1.1532018465121407,,,,,,0.025247356039471924
sub-01__jax_gpu,AMICA-Python (JAX-GPU),sub-01,2967,-1.153201846788513,,,,,,0.025323256035335362
sub-01__jax_gpu,AMICA-Python (JAX-GPU),sub-01,2968,-1.1532018447325074,,,,,,0.025258095934987068
sub-01__jax_gpu,AMICA-Python (JAX-GPU),sub-01,2969,-1.1532018438478313,,,,,,0.02532263600733131
sub-01__jax_gpu,AMICA-Python (JAX-GPU),sub-01,2970,-1.1532018435089406,,,,,,0.025317594991065562
sub-01__jax_gpu,AMICA-Python (JAX-GPU),sub-01,2971,-1.1532018430605246,,,,,,0.025324315996840596
sub-01__jax_gpu,AMICA-Python (JAX-GPU),sub-01,2972,-1.1532018439077678,,,,,,0.02532102505210787
sub-01__jax_gpu,AMICA-Python (JAX-GPU),sub-01,2973,-1.15320184373731,,,,,,0.025231346022337675
sub-01__jax_gpu,AMICA-Python (JAX-GPU),sub-01,2974,-1.1532018412384732,,,,,,0.02535390597768128
sub-01__jax_gpu,AMICA-Python (JAX-GPU),sub-01,2975,-1.1532018406655817,,,,,,0.025314914993941784
sub-01__jax_gpu,AMICA-Python (JAX-GPU),sub-01,2976,-1.1532018409592364,,,,,,0.025329275988042355
sub-01__jax_gpu,AMICA-Python (JAX-GPU),sub-01,2977,-1.1532018424714885,,,,,,0.025324944988824427
sub-01__jax_gpu,AMICA-Python (JAX-GPU),sub-01,2978,-1.153201839132163,,,,,,0.025270785903558135
sub-01__jax_gpu,AMICA-Python (JAX-GPU),sub-01,2979,-1.1532018379308293,,,,,,0.02533423504792154
sub-01__jax_gpu,AMICA-Python (JAX-GPU),sub-01,2980,-1.1532018374179474,,,,,,0.026088601094670594
sub-01__jax_gpu,AMICA-Python (JAX-GPU),sub-01,2981,-1.1532018370881973,,,,,,0.025497504975646734
sub-01__jax_gpu,AMICA-Python (JAX-GPU),sub-01,2982,-1.1532018379931217,,,,,,0.025215985951945186
sub-01__jax_gpu,AMICA-Python (JAX-GPU),sub-01,2983,-1.1532018386963514,,,,,,0.025345565052703023
sub-01__jax_gpu,AMICA-Python (JAX-GPU),sub-01,2984,-1.153201835114639,,,,,,0.02525591605808586
sub-01__jax_gpu,AMICA-Python (JAX-GPU),sub-01,2985,-1.1532018340511814,,,,,,0.025235745939426124
sub-01__jax_gpu,AMICA-Python (JAX-GPU),sub-01,2986,-1.1532018339823649,,,,,,0.025445344974286854
sub-01__jax_gpu,AMICA-Python (JAX-GPU),sub-01,2987,-1.1532018339848475,,,,,,0.02533419500105083
sub-01__jax_gpu,AMICA-Python (JAX-GPU),sub-01,2988,-1.1532018345913808,,,,,,0.025456954957917333
sub-01__jax_gpu,AMICA-Python (JAX-GPU),sub-01,2989,-1.153201831955818,,,,,,0.025318844942376018
sub-01__jax_gpu,AMICA-Python (JAX-GPU),sub-01,2990,-1.1532018310850525,,,,,,0.02520935598295182
sub-01__jax_gpu,AMICA-Python (JAX-GPU),sub-01,2991,-1.1532018305967735,,,,,,0.02526011597365141
sub-01__jax_gpu,AMICA-Python (JAX-GPU),sub-01,2992,-1.153201830252814,,,,,,0.025243885931558907
sub-01__jax_gpu,AMICA-Python (JAX-GPU),sub-01,2993,-1.1532018310824792,,,,,,0.02520827599801123
sub-01__jax_gpu,AMICA-Python (JAX-GPU),sub-01,2994,-1.1532018304500915,,,,,,0.0252246760064736
sub-01__jax_gpu,AMICA-Python (JAX-GPU),sub-01,2995,-1.1532018285677634,,,,,,0.025262035080231726
sub-01__jax_gpu,AMICA-Python (JAX-GPU),sub-01,2996,-1.153201828364053,,,,,,0.02523664606269449
sub-01__jax_gpu,AMICA-Python (JAX-GPU),sub-01,2997,-1.1532018288012502,,,,,,0.02512813708744943
sub-01__jax_gpu,AMICA-Python (JAX-GPU),sub-01,2998,-1.153201828806045,,,,,,0.02516126597765833
sub-01__jax_gpu,AMICA-Python (JAX-GPU),sub-01,2999,-1.1532018263375938,,,,,,0.02521423704456538
sub-01__jax_gpu,AMICA-Python (JAX-GPU),sub-01,3000,-1.1532018251101332,,,,,,0.02525808510836214
sub-01__jax_gpu_fixed,jax_gpu_fixed,sub-01,1,-1.4542359343714732,,,,,,0.852680649026297
sub-01__jax_gpu_fixed,jax_gpu_fixed,sub-01,2,-1.374492351770928,,,,,,0.01856064610183239
sub-01__jax_gpu_fixed,jax_gpu_fixed,sub-01,3,-1.3554937544774546,,,,,,0.018446126952767372
sub-01__jax_gpu_fixed,jax_gpu_fixed,sub-01,4,-1.3494968039354172,,,,,,0.018338788067921996
sub-01__jax_gpu_fixed,jax_gpu_fixed,sub-01,5,-1.3469409231732254,,,,,,0.018482767045497894
sub-01__jax_gpu_fixed,jax_gpu_fixed,sub-01,6,-1.3454135470975663,,,,,,0.018411567085422575
sub-01__jax_gpu_fixed,jax_gpu_fixed,sub-01,7,-1.3442546925730794,,,,,,0.018252228037454188
sub-01__jax_gpu_fixed,jax_gpu_fixed,sub-01,8,-1.3432712515077567,,,,,,0.0183553280076012
sub-01__jax_gpu_fixed,jax_gpu_fixed,sub-01,9,-1.342401761091803,,,,,,0.018401207053102553
sub-01__jax_gpu_fixed,jax_gpu_fixed,sub-01,10,-1.3416117048571534,,,,,,0.018327277968637645
sub-01__jax_gpu_fixed,jax_gpu_fixed,sub-01,11,-1.3408833262937805,,,,,,0.018410986987873912
sub-01__jax_gpu_fixed,jax_gpu_fixed,sub-01,12,-1.3402037945141514,,,,,,0.018291037995368242
sub-01__jax_gpu_fixed,jax_gpu_fixed,sub-01,13,-1.3395697008065393,,,,,,0.01832113799173385
sub-01__jax_gpu_fixed,jax_gpu_fixed,sub-01,14,-1.3389749502710124,,,,,,0.018351257080212235
sub-01__jax_gpu_fixed,jax_gpu_fixed,sub-01,15,-1.3384093849069008,,,,,,0.01825442793779075
sub-01__jax_gpu_fixed,jax_gpu_fixed,sub-01,16,-1.3378686460203182,,,,,,0.018264918006025255
sub-01__jax_gpu_fixed,jax_gpu_fixed,sub-01,17,-1.3373512271469752,,,,,,0.018283147946931422
sub-01__jax_gpu_fixed,jax_gpu_fixed,sub-01,18,-1.336855203055068,,,,,,0.01826392801012844
sub-01__jax_gpu_fixed,jax_gpu_fixed,sub-01,19,-1.3363786463422567,,,,,,0.018243357888422906
sub-01__jax_gpu_fixed,jax_gpu_fixed,sub-01,20,-1.335919276325222,,,,,,0.018281148048117757
sub-01__jax_gpu_fixed,jax_gpu_fixed,sub-01,21,-1.335475218754719,,,,,,0.018255529110319912
sub-01__jax_gpu_fixed,jax_gpu_fixed,sub-01,22,-1.3350478581608072,,,,,,0.018259178032167256
sub-01__jax_gpu_fixed,jax_gpu_fixed,sub-01,23,-1.334635395105294,,,,,,0.018274877918884158
sub-01__jax_gpu_fixed,jax_gpu_fixed,sub-01,24,-1.3342360195751763,,,,,,0.01835986797232181
sub-01__jax_gpu_fixed,jax_gpu_fixed,sub-01,25,-1.3338478479098488,,,,,,0.018377176951617002
sub-01__jax_gpu_fixed,jax_gpu_fixed,sub-01,26,-1.3334705096065265,,,,,,0.018269008025527
sub-01__jax_gpu_fixed,jax_gpu_fixed,sub-01,27,-1.333104455320299,,,,,,0.01830730796791613
sub-01__jax_gpu_fixed,jax_gpu_fixed,sub-01,28,-1.3327488824600775,,,,,,0.0184446070343256
sub-01__jax_gpu_fixed,jax_gpu_fixed,sub-01,29,-1.3324016700167505,,,,,,0.018377978005446494
sub-01__jax_gpu_fixed,jax_gpu_fixed,sub-01,30,-1.3320631300469068,,,,,,0.018231438007205725
sub-01__jax_gpu_fixed,jax_gpu_fixed,sub-01,31,-1.331732040193504,,,,,,0.018425676971673965
sub-01__jax_gpu_fixed,jax_gpu_fixed,sub-01,32,-1.3314075314293032,,,,,,0.018342717899940908
sub-01__jax_gpu_fixed,jax_gpu_fixed,sub-01,33,-1.3310899953529687,,,,,,0.01839621691033244
sub-01__jax_gpu_fixed,jax_gpu_fixed,sub-01,34,-1.3307782215112745,,,,,,0.018352608080022037
sub-01__jax_gpu_fixed,jax_gpu_fixed,sub-01,35,-1.3304723981186577,,,,,,0.018341206945478916
sub-01__jax_gpu_fixed,jax_gpu_fixed,sub-01,36,-1.330171621726018,,,,,,0.018270057975314558
sub-01__jax_gpu_fixed,jax_gpu_fixed,sub-01,37,-1.329875336656985,,,,,,0.01837707799859345
sub-01__jax_gpu_fixed,jax_gpu_fixed,sub-01,38,-1.3295833255497622,,,,,,0.018313557957299054
sub-01__jax_gpu_fixed,jax_gpu_fixed,sub-01,39,-1.3292970878175636,,,,,,0.018256078008562326
sub-01__jax_gpu_fixed,jax_gpu_fixed,sub-01,40,-1.3290160847957222,,,,,,0.01828585797920823
sub-01__jax_gpu_fixed,jax_gpu_fixed,sub-01,41,-1.328739591102722,,,,,,0.0182135789655149
sub-01__jax_gpu_fixed,jax_gpu_fixed,sub-01,42,-1.3284662571360868,,,,,,0.0182917769998312
sub-01__jax_gpu_fixed,jax_gpu_fixed,sub-01,43,-1.3281963957424066,,,,,,0.01825908897444606
sub-01__jax_gpu_fixed,jax_gpu_fixed,sub-01,44,-1.327929808876244,,,,,,0.018260989105328918
sub-01__jax_gpu_fixed,jax_gpu_fixed,sub-01,45,-1.327666657954383,,,,,,0.018257478019222617
sub-01__jax_gpu_fixed,jax_gpu_fixed,sub-01,46,-1.3274063017572526,,,,,,0.018211298971436918
sub-01__jax_gpu_fixed,jax_gpu_fixed,sub-01,47,-1.3271489403398022,,,,,,0.018568026018328965
sub-01__jax_gpu_fixed,jax_gpu_fixed,sub-01,48,-1.3268942158317028,,,,,,0.01831278798636049
sub-01__jax_gpu_fixed,jax_gpu_fixed,sub-01,49,-1.3266422754053848,,,,,,0.01825844799168408
sub-01__jax_gpu_fixed,jax_gpu_fixed,sub-01,50,-1.326393239449683,,,,,,0.018476146971806884
sub-01__jax_gpu_fixed,jax_gpu_fixed,sub-01,51,-1.3261470377211693,,,,,,0.024701648973859847
sub-01__jax_gpu_fixed,jax_gpu_fixed,sub-01,52,-1.3258686034884646,,,,,,0.024699417990632355
sub-01__jax_gpu_fixed,jax_gpu_fixed,sub-01,53,-1.3253518999950953,,,,,,0.0246637889649719
sub-01__jax_gpu_fixed,jax_gpu_fixed,sub-01,54,-1.324354613244465,,,,,,0.02452463994268328
sub-01__jax_gpu_fixed,jax_gpu_fixed,sub-01,55,-1.3223911180731673,,,,,,0.024678779067471623
sub-01__jax_gpu_fixed,jax_gpu_fixed,sub-01,56,-1.3191982784491199,,,,,,0.024731458048336208
sub-01__jax_gpu_fixed,jax_gpu_fixed,sub-01,57,-1.3147106168712621,,,,,,0.0246855691075325
sub-01__jax_gpu_fixed,jax_gpu_fixed,sub-01,58,-1.3087798769458936,,,,,,0.024726408999413252
sub-01__jax_gpu_fixed,jax_gpu_fixed,sub-01,59,-1.3010847305981599,,,,,,0.02462887903675437
sub-01__jax_gpu_fixed,jax_gpu_fixed,sub-01,60,-1.2910095890115654,,,,,,0.024745047907344997
sub-01__jax_gpu_fixed,jax_gpu_fixed,sub-01,61,-1.277914116107058,,,,,,0.02484075794927776
sub-01__jax_gpu_fixed,jax_gpu_fixed,sub-01,62,-1.2635688894670103,,,,,,0.024851948022842407
sub-01__jax_gpu_fixed,jax_gpu_fixed,sub-01,63,-1.2496319431366991,,,,,,0.024792788084596395
sub-01__jax_gpu_fixed,jax_gpu_fixed,sub-01,64,-1.241002891752575,,,,,,0.024876008043065667
sub-01__jax_gpu_fixed,jax_gpu_fixed,sub-01,65,-1.2311000045427596,,,,,,0.024912227992899716
sub-01__jax_gpu_fixed,jax_gpu_fixed,sub-01,66,-1.2223003327417825,,,,,,0.025031367084011436
sub-01__jax_gpu_fixed,jax_gpu_fixed,sub-01,67,-1.2151832887825091,,,,,,0.02497129701077938
sub-01__jax_gpu_fixed,jax_gpu_fixed,sub-01,68,-1.2108923724416958,,,,,,0.025020697037689388
sub-01__jax_gpu_fixed,jax_gpu_fixed,sub-01,69,-1.2076820561380335,,,,,,0.025204136036336422
sub-01__jax_gpu_fixed,jax_gpu_fixed,sub-01,70,-1.2048745681290882,,,,,,0.0250468160957098
sub-01__jax_gpu_fixed,jax_gpu_fixed,sub-01,71,-1.2022522225389551,,,,,,0.025283596012741327
sub-01__jax_gpu_fixed,jax_gpu_fixed,sub-01,72,-1.199722455706623,,,,,,0.02527560607995838
sub-01__jax_gpu_fixed,jax_gpu_fixed,sub-01,73,-1.1972452573708474,,,,,,0.025096185971051455
sub-01__jax_gpu_fixed,jax_gpu_fixed,sub-01,74,-1.1947790235633888,,,,,,0.025320825050584972
sub-01__jax_gpu_fixed,jax_gpu_fixed,sub-01,75,-1.1922876893893013,,,,,,0.0254184139193967
sub-01__jax_gpu_fixed,jax_gpu_fixed,sub-01,76,-1.1897370364036624,,,,,,0.02526738599408418
sub-01__jax_gpu_fixed,jax_gpu_fixed,sub-01,77,-1.1871137332549113,,,,,,0.025239925016649067
sub-01__jax_gpu_fixed,jax_gpu_fixed,sub-01,78,-1.1844626400666571,,,,,,0.02521104598417878
sub-01__jax_gpu_fixed,jax_gpu_fixed,sub-01,79,-1.1819413550900355,,,,,,0.02526730508543551
sub-01__jax_gpu_fixed,jax_gpu_fixed,sub-01,80,-1.1797292674857986,,,,,,0.025271484977565706
sub-01__jax_gpu_fixed,jax_gpu_fixed,sub-01,81,-1.1777969747701302,,,,,,0.02522249601315707
sub-01__jax_gpu_fixed,jax_gpu_fixed,sub-01,82,-1.176081668710335,,,,,,0.02529791498091072
sub-01__jax_gpu_fixed,jax_gpu_fixed,sub-01,83,-1.1746237298380129,,,,,,0.025260105030611157
sub-01__jax_gpu_fixed,jax_gpu_fixed,sub-01,84,-1.173423146232016,,,,,,0.0254165749065578
sub-01__jax_gpu_fixed,jax_gpu_fixed,sub-01,85,-1.1724200637916369,,,,,,0.02542366401758045
sub-01__jax_gpu_fixed,jax_gpu_fixed,sub-01,86,-1.1715490047127386,,,,,,0.02526453509926796
sub-01__jax_gpu_fixed,jax_gpu_fixed,sub-01,87,-1.1707583998110194,,,,,,0.025312234996818006
sub-01__jax_gpu_fixed,jax_gpu_fixed,sub-01,88,-1.170018687796713,,,,,,0.025375114986672997
sub-01__jax_gpu_fixed,jax_gpu_fixed,sub-01,89,-1.1693262792770418,,,,,,0.025314744911156595
sub-01__jax_gpu_fixed,jax_gpu_fixed,sub-01,90,-1.1686881439161827,,,,,,0.02530240500345826
sub-01__jax_gpu_fixed,jax_gpu_fixed,sub-01,91,-1.1681120762250499,,,,,,0.025239645037800074
sub-01__jax_gpu_fixed,jax_gpu_fixed,sub-01,92,-1.1675977646378037,,,,,,0.02545984403695911
sub-01__jax_gpu_fixed,jax_gpu_fixed,sub-01,93,-1.167136557180069,,,,,,0.025552293984219432
sub-01__jax_gpu_fixed,jax_gpu_fixed,sub-01,94,-1.1667126947550581,,,,,,0.025332244927994907
sub-01__jax_gpu_fixed,jax_gpu_fixed,sub-01,95,-1.1663087342319798,,,,,,0.02535126404836774
sub-01__jax_gpu_fixed,jax_gpu_fixed,sub-01,96,-1.1659100095029735,,,,,,0.02547510399017483
sub-01__jax_gpu_fixed,jax_gpu_fixed,sub-01,97,-1.165513378182986,,,,,,0.025276555912569165
sub-01__jax_gpu_fixed,jax_gpu_fixed,sub-01,98,-1.1651310703009121,,,,,,0.025505032972432673
sub-01__jax_gpu_fixed,jax_gpu_fixed,sub-01,99,-1.164786252529529,,,,,,0.025259606074541807
sub-01__jax_gpu_fixed,jax_gpu_fixed,sub-01,100,-1.1644995478587088,,,,,,0.02521771495230496
sub-01__jax_gpu_fixed,jax_gpu_fixed,sub-01,101,-1.1642740142401606,,,,,,0.02533083502203226
sub-01__jax_gpu_fixed,jax_gpu_fixed,sub-01,102,-1.1640971470588446,,,,,,0.02527375495992601
sub-01__jax_gpu_fixed,jax_gpu_fixed,sub-01,103,-1.163953656464863,,,,,,0.025307705043815076
sub-01__jax_gpu_fixed,jax_gpu_fixed,sub-01,104,-1.1638313886054399,,,,,,0.02530927606858313
sub-01__jax_gpu_fixed,jax_gpu_fixed,sub-01,105,-1.1637230940175844,,,,,,0.025364113971590996
sub-01__jax_gpu_fixed,jax_gpu_fixed,sub-01,106,-1.1636247492248228,,,,,,0.025318294996395707
sub-01__jax_gpu_fixed,jax_gpu_fixed,sub-01,107,-1.163533891129484,,,,,,0.025290664983913302
sub-01__jax_gpu_fixed,jax_gpu_fixed,sub-01,108,-1.1634490085207936,,,,,,0.025370304938405752
sub-01__jax_gpu_fixed,jax_gpu_fixed,sub-01,109,-1.163368843206068,,,,,,0.025395283941179514
sub-01__jax_gpu_fixed,jax_gpu_fixed,sub-01,110,-1.163293164762289,,,,,,0.02525196608621627
sub-01__jax_gpu_fixed,jax_gpu_fixed,sub-01,111,-1.163220822025462,,,,,,0.02527932496741414
sub-01__jax_gpu_fixed,jax_gpu_fixed,sub-01,112,-1.1631514150057156,,,,,,0.02542773389723152
sub-01__jax_gpu_fixed,jax_gpu_fixed,sub-01,113,-1.1630848251093533,,,,,,0.025261806091293693
sub-01__jax_gpu_fixed,jax_gpu_fixed,sub-01,114,-1.1630203888184378,,,,,,0.025404034066013992
sub-01__jax_gpu_fixed,jax_gpu_fixed,sub-01,115,-1.1629581534132232,,,,,,0.025362935033626854
sub-01__jax_gpu_fixed,jax_gpu_fixed,sub-01,116,-1.1628978190907608,,,,,,0.025386314024217427
sub-01__jax_gpu_fixed,jax_gpu_fixed,sub-01,117,-1.1628398693744713,,,,,,0.025239946087822318
sub-01__jax_gpu_fixed,jax_gpu_fixed,sub-01,118,-1.1627857902587106,,,,,,0.02530433493666351
sub-01__jax_gpu_fixed,jax_gpu_fixed,sub-01,119,-1.1627341535145115,,,,,,0.02535267500206828
sub-01__jax_gpu_fixed,jax_gpu_fixed,sub-01,120,-1.162692954551465,,,,,,0.025299984961748123
sub-01__jax_gpu_fixed,jax_gpu_fixed,sub-01,121,-1.1626485001026525,,,,,,0.02538555394858122
sub-01__jax_gpu_fixed,jax_gpu_fixed,sub-01,122,-1.1626138628339795,,,,,,0.025254164938814938
sub-01__jax_gpu_fixed,jax_gpu_fixed,sub-01,123,-1.1625707091536595,,,,,,0.025325644994154572
sub-01__jax_gpu_fixed,jax_gpu_fixed,sub-01,124,-1.1625293822527598,,,,,,0.025248986086808145
sub-01__jax_gpu_fixed,jax_gpu_fixed,sub-01,125,-1.1624843693073768,,,,,,0.025276934960857034
sub-01__jax_gpu_fixed,jax_gpu_fixed,sub-01,126,-1.1624395642029004,,,,,,0.025272345053963363
sub-01__jax_gpu_fixed,jax_gpu_fixed,sub-01,127,-1.1623955380893363,,,,,,0.025329574942588806
sub-01__jax_gpu_fixed,jax_gpu_fixed,sub-01,128,-1.1623516672919973,,,,,,0.025305744959041476
sub-01__jax_gpu_fixed,jax_gpu_fixed,sub-01,129,-1.1623098482817067,,,,,,0.025298314983956516
sub-01__jax_gpu_fixed,jax_gpu_fixed,sub-01,130,-1.162265905972934,,,,,,0.025216725887730718
sub-01__jax_gpu_fixed,jax_gpu_fixed,sub-01,131,-1.1622256039580208,,,,,,0.02533279499039054
sub-01__jax_gpu_fixed,jax_gpu_fixed,sub-01,132,-1.1621807017306371,,,,,,0.025317615014500916
sub-01__jax_gpu_fixed,jax_gpu_fixed,sub-01,133,-1.162141301097575,,,,,,0.02532446407712996
sub-01__jax_gpu_fixed,jax_gpu_fixed,sub-01,134,-1.1620959698948163,,,,,,0.025381274987012148
sub-01__jax_gpu_fixed,jax_gpu_fixed,sub-01,135,-1.162057005153891,,,,,,0.025309165008366108
sub-01__jax_gpu_fixed,jax_gpu_fixed,sub-01,136,-1.162009294665348,,,,,,0.025448524043895304
sub-01__jax_gpu_fixed,jax_gpu_fixed,sub-01,137,-1.1619707696180523,,,,,,0.025275085004977882
sub-01__jax_gpu_fixed,jax_gpu_fixed,sub-01,138,-1.1619205597523423,,,,,,0.02538201492279768
sub-01__jax_gpu_fixed,jax_gpu_fixed,sub-01,139,-1.1618818494075218,,,,,,0.025392914074473083
sub-01__jax_gpu_fixed,jax_gpu_fixed,sub-01,140,-1.1618287216422507,,,,,,0.02530296507757157
sub-01__jax_gpu_fixed,jax_gpu_fixed,sub-01,141,-1.161788839860909,,,,,,0.025345883914269507
sub-01__jax_gpu_fixed,jax_gpu_fixed,sub-01,142,-1.1617324186370224,,,,,,0.025297955959104
sub-01__jax_gpu_fixed,jax_gpu_fixed,sub-01,143,-1.1616915202457814,,,,,,0.025380955077707767
sub-01__jax_gpu_fixed,jax_gpu_fixed,sub-01,144,-1.1616323646184104,,,,,,0.025427824934013188
sub-01__jax_gpu_fixed,jax_gpu_fixed,sub-01,145,-1.1615909688643689,,,,,,0.02537001494783908
sub-01__jax_gpu_fixed,jax_gpu_fixed,sub-01,146,-1.1615270099762562,,,,,,0.02528868499211967
sub-01__jax_gpu_fixed,jax_gpu_fixed,sub-01,147,-1.1614837051819358,,,,,,0.025311714969575405
sub-01__jax_gpu_fixed,jax_gpu_fixed,sub-01,148,-1.161416393435357,,,,,,0.02537165500689298
sub-01__jax_gpu_fixed,jax_gpu_fixed,sub-01,149,-1.161371224892622,,,,,,0.025328184943646193
sub-01__jax_gpu_fixed,jax_gpu_fixed,sub-01,150,-1.1613005757313424,,,,,,0.02531176491174847
sub-01__jax_gpu_fixed,jax_gpu_fixed,sub-01,151,-1.1612537349213152,,,,,,0.025413403986021876
sub-01__jax_gpu_fixed,jax_gpu_fixed,sub-01,152,-1.1611803991797494,,,,,,0.025406133965589106
sub-01__jax_gpu_fixed,jax_gpu_fixed,sub-01,153,-1.1611320763063615,,,,,,0.025258095003664494
sub-01__jax_gpu_fixed,jax_gpu_fixed,sub-01,154,-1.1610554894549445,,,,,,0.025337054976262152
sub-01__jax_gpu_fixed,jax_gpu_fixed,sub-01,155,-1.1610057243995158,,,,,,0.025374813936650753
sub-01__jax_gpu_fixed,jax_gpu_fixed,sub-01,156,-1.1609255356344752,,,,,,0.025411125039681792
sub-01__jax_gpu_fixed,jax_gpu_fixed,sub-01,157,-1.1608743424201617,,,,,,0.025344414985738695
sub-01__jax_gpu_fixed,jax_gpu_fixed,sub-01,158,-1.160789801600888,,,,,,0.02530845394358039
sub-01__jax_gpu_fixed,jax_gpu_fixed,sub-01,159,-1.16073617194743,,,,,,0.02537936402950436
sub-01__jax_gpu_fixed,jax_gpu_fixed,sub-01,160,-1.1606464503837142,,,,,,0.025265945005230606
sub-01__jax_gpu_fixed,jax_gpu_fixed,sub-01,161,-1.160590472226712,,,,,,0.025351685006171465
sub-01__jax_gpu_fixed,jax_gpu_fixed,sub-01,162,-1.1604924339924627,,,,,,0.02536740491632372
sub-01__jax_gpu_fixed,jax_gpu_fixed,sub-01,163,-1.160431142925086,,,,,,0.025376024073921144
sub-01__jax_gpu_fixed,jax_gpu_fixed,sub-01,164,-1.1603225850973944,,,,,,0.025329964933916926
sub-01__jax_gpu_fixed,jax_gpu_fixed,sub-01,165,-1.160253892904084,,,,,,0.025330655043944716
sub-01__jax_gpu_fixed,jax_gpu_fixed,sub-01,166,-1.160129610447932,,,,,,0.02532030502334237
sub-01__jax_gpu_fixed,jax_gpu_fixed,sub-01,167,-1.1600502199681428,,,,,,0.025309634977020323
sub-01__jax_gpu_fixed,jax_gpu_fixed,sub-01,168,-1.159914799426029,,,,,,0.02520267595537007
sub-01__jax_gpu_fixed,jax_gpu_fixed,sub-01,169,-1.1598389800159816,,,,,,0.025307244970463216
sub-01__jax_gpu_fixed,jax_gpu_fixed,sub-01,170,-1.1597458129361178,,,,,,0.02529885491821915
sub-01__jax_gpu_fixed,jax_gpu_fixed,sub-01,171,-1.1596778445593654,,,,,,0.025314984959550202
sub-01__jax_gpu_fixed,jax_gpu_fixed,sub-01,172,-1.1596589639932544,,,,,,0.025323134963400662
sub-01__jax_gpu_fixed,jax_gpu_fixed,sub-01,173,-1.159380616513847,,,,,,0.025175866088829935
sub-01__jax_gpu_fixed,jax_gpu_fixed,sub-01,174,-1.1593980396651142,,,,,,0.02523910498712212
sub-01__jax_gpu_fixed,jax_gpu_fixed,sub-01,175,-1.159048464517859,,,,,,0.025215206085704267
sub-01__jax_gpu_fixed,jax_gpu_fixed,sub-01,176,-1.1586350733612176,,,,,,0.02530501503497362
sub-01__jax_gpu_fixed,jax_gpu_fixed,sub-01,177,-1.158328784508971,,,,,,0.025210884981788695
sub-01__jax_gpu_fixed,jax_gpu_fixed,sub-01,178,-1.1581077850849946,,,,,,0.025207516038790345
sub-01__jax_gpu_fixed,jax_gpu_fixed,sub-01,179,-1.1578576607613877,,,,,,0.02546968392562121
sub-01__jax_gpu_fixed,jax_gpu_fixed,sub-01,180,-1.1578529897583545,,,,,,0.025341315078549087
sub-01__jax_gpu_fixed,jax_gpu_fixed,sub-01,181,-1.1573874694643933,,,,,,0.0252406750805676
sub-01__jax_gpu_fixed,jax_gpu_fixed,sub-01,182,-1.1571643387993449,,,,,,0.025315625010989606
sub-01__jax_gpu_fixed,jax_gpu_fixed,sub-01,183,-1.1568600737504933,,,,,,0.025405124993994832
sub-01__jax_gpu_fixed,jax_gpu_fixed,sub-01,184,-1.156614742964187,,,,,,0.025201454991474748
sub-01__jax_gpu_fixed,jax_gpu_fixed,sub-01,185,-1.156455031699867,,,,,,0.025206395890563726
sub-01__jax_gpu_fixed,jax_gpu_fixed,sub-01,186,-1.1563232837568043,,,,,,0.025261845090426505
sub-01__jax_gpu_fixed,jax_gpu_fixed,sub-01,187,-1.1562862040784219,,,,,,0.02518353599589318
sub-01__jax_gpu_fixed,jax_gpu_fixed,sub-01,188,-1.1562101029256695,,,,,,0.02528982504736632
sub-01__jax_gpu_fixed,jax_gpu_fixed,sub-01,189,-1.1562088951252367,,,,,,0.02520228608045727
sub-01__jax_gpu_fixed,jax_gpu_fixed,sub-01,190,-1.1561521171043212,,,,,,0.025353764998726547
sub-01__jax_gpu_fixed,jax_gpu_fixed,sub-01,191,-1.1561610125520536,,,,,,0.025350065086968243
sub-01__jax_gpu_fixed,jax_gpu_fixed,sub-01,192,-1.156109875333479,,,,,,0.025264006108045578
sub-01__jax_gpu_fixed,jax_gpu_fixed,sub-01,193,-1.1560023721479746,,,,,,0.025208935025148094
sub-01__jax_gpu_fixed,jax_gpu_fixed,sub-01,194,-1.1559735933449968,,,,,,0.025375165045261383
sub-01__jax_gpu_fixed,jax_gpu_fixed,sub-01,195,-1.1559590248518015,,,,,,0.0254727239953354
sub-01__jax_gpu_fixed,jax_gpu_fixed,sub-01,196,-1.1559611793354452,,,,,,0.025329545023851097
sub-01__jax_gpu_fixed,jax_gpu_fixed,sub-01,197,-1.155995904167504,,,,,,0.02519707498140633
sub-01__jax_gpu_fixed,jax_gpu_fixed,sub-01,198,-1.1559195642132842,,,,,,0.025385875022038817
sub-01__jax_gpu_fixed,jax_gpu_fixed,sub-01,199,-1.1558972591036811,,,,,,0.025419463985599577
sub-01__jax_gpu_fixed,jax_gpu_fixed,sub-01,200,-1.1558862088166044,,,,,,0.02536979492288083
sub-01__jax_gpu_fixed,jax_gpu_fixed,sub-01,201,-1.155874769943463,,,,,,0.025275785010308027
sub-01__jax_gpu_fixed,jax_gpu_fixed,sub-01,202,-1.1558625234246918,,,,,,0.025381195009686053
sub-01__jax_gpu_fixed,jax_gpu_fixed,sub-01,203,-1.1558493858947052,,,,,,0.025292774895206094
sub-01__jax_gpu_fixed,jax_gpu_fixed,sub-01,204,-1.1558365964554589,,,,,,0.025291854981333017
sub-01__jax_gpu_fixed,jax_gpu_fixed,sub-01,205,-1.1558304715659262,,,,,,0.02528724493458867
sub-01__jax_gpu_fixed,jax_gpu_fixed,sub-01,206,-1.1558525832428934,,,,,,0.025300075067207217
sub-01__jax_gpu_fixed,jax_gpu_fixed,sub-01,207,-1.1559105953877966,,,,,,0.025362535030581057
sub-01__jax_gpu_fixed,jax_gpu_fixed,sub-01,208,-1.1557920456257267,,,,,,0.025312234996818006
sub-01__jax_gpu_fixed,jax_gpu_fixed,sub-01,209,-1.1557739298585377,,,,,,0.025352724944241345
sub-01__jax_gpu_fixed,jax_gpu_fixed,sub-01,210,-1.1557635790549274,,,,,,0.02521425497252494
sub-01__jax_gpu_fixed,jax_gpu_fixed,sub-01,211,-1.1557532620913544,,,,,,0.025196845992468297
sub-01__jax_gpu_fixed,jax_gpu_fixed,sub-01,212,-1.155742255124253,,,,,,0.025225184974260628
sub-01__jax_gpu_fixed,jax_gpu_fixed,sub-01,213,-1.1557302894817107,,,,,,0.02528015593998134
sub-01__jax_gpu_fixed,jax_gpu_fixed,sub-01,214,-1.1557173645506231,,,,,,0.02518155495636165
sub-01__jax_gpu_fixed,jax_gpu_fixed,sub-01,215,-1.1557037165023145,,,,,,0.02530839608516544
sub-01__jax_gpu_fixed,jax_gpu_fixed,sub-01,216,-1.1556914486307213,,,,,,0.025155105045996606
sub-01__jax_gpu_fixed,jax_gpu_fixed,sub-01,217,-1.1556850610000298,,,,,,0.02517248608637601
sub-01__jax_gpu_fixed,jax_gpu_fixed,sub-01,218,-1.1557044726614245,,,,,,0.025224825949408114
sub-01__jax_gpu_fixed,jax_gpu_fixed,sub-01,219,-1.1557576300898067,,,,,,0.025279774912633002
sub-01__jax_gpu_fixed,jax_gpu_fixed,sub-01,220,-1.1556559068626417,,,,,,0.025298885069787502
sub-01__jax_gpu_fixed,jax_gpu_fixed,sub-01,221,-1.1556368751225177,,,,,,0.02526491496246308
sub-01__jax_gpu_fixed,jax_gpu_fixed,sub-01,222,-1.155627812515443,,,,,,0.025353585020639002
sub-01__jax_gpu_fixed,jax_gpu_fixed,sub-01,223,-1.1556188736646318,,,,,,0.025272464961744845
sub-01__jax_gpu_fixed,jax_gpu_fixed,sub-01,224,-1.15560921390179,,,,,,0.02530084492173046
sub-01__jax_gpu_fixed,jax_gpu_fixed,sub-01,225,-1.1555989927544992,,,,,,0.025343185057863593
sub-01__jax_gpu_fixed,jax_gpu_fixed,sub-01,226,-1.155587965771623,,,,,,0.025316704995930195
sub-01__jax_gpu_fixed,jax_gpu_fixed,sub-01,227,-1.155577849334995,,,,,,0.025325704948045313
sub-01__jax_gpu_fixed,jax_gpu_fixed,sub-01,228,-1.1555788556096547,,,,,,0.02530045493040234
sub-01__jax_gpu_fixed,jax_gpu_fixed,sub-01,229,-1.1556051827619693,,,,,,0.02520384604576975
sub-01__jax_gpu_fixed,jax_gpu_fixed,sub-01,230,-1.1555605141170087,,,,,,0.02526205510366708
sub-01__jax_gpu_fixed,jax_gpu_fixed,sub-01,231,-1.1555387545664262,,,,,,0.025210145977325737
sub-01__jax_gpu_fixed,jax_gpu_fixed,sub-01,232,-1.1555308945221678,,,,,,0.025323495035991073
sub-01__jax_gpu_fixed,jax_gpu_fixed,sub-01,233,-1.1555229493363033,,,,,,0.025589652941562235
sub-01__jax_gpu_fixed,jax_gpu_fixed,sub-01,234,-1.1555145935963773,,,,,,0.025301815010607243
sub-01__jax_gpu_fixed,jax_gpu_fixed,sub-01,235,-1.1555068238203205,,,,,,0.02529005508404225
sub-01__jax_gpu_fixed,jax_gpu_fixed,sub-01,236,-1.1555059754784072,,,,,,0.025247086072340608
sub-01__jax_gpu_fixed,jax_gpu_fixed,sub-01,237,-1.1555272681426616,,,,,,0.02527313493192196
sub-01__jax_gpu_fixed,jax_gpu_fixed,sub-01,238,-1.155579700109744,,,,,,0.025361253996379673
sub-01__jax_gpu_fixed,jax_gpu_fixed,sub-01,239,-1.1554940701364855,,,,,,0.02532350504770875
sub-01__jax_gpu_fixed,jax_gpu_fixed,sub-01,240,-1.1554640018144087,,,,,,0.025371483992785215
sub-01__jax_gpu_fixed,jax_gpu_fixed,sub-01,241,-1.1554539554898033,,,,,,0.025365544948726892
sub-01__jax_gpu_fixed,jax_gpu_fixed,sub-01,242,-1.155445869714338,,,,,,0.025259825051762164
sub-01__jax_gpu_fixed,jax_gpu_fixed,sub-01,243,-1.1554375916180244,,,,,,0.025378365069627762
sub-01__jax_gpu_fixed,jax_gpu_fixed,sub-01,244,-1.1554288591007058,,,,,,0.025294934981502593
sub-01__jax_gpu_fixed,jax_gpu_fixed,sub-01,245,-1.1554196350437245,,,,,,0.025328984949737787
sub-01__jax_gpu_fixed,jax_gpu_fixed,sub-01,246,-1.1554121493453102,,,,,,0.0253305749502033
sub-01__jax_gpu_fixed,jax_gpu_fixed,sub-01,247,-1.155415758893423,,,,,,0.025263294926844537
sub-01__jax_gpu_fixed,jax_gpu_fixed,sub-01,248,-1.1554533883404003,,,,,,0.025369185023009777
sub-01__jax_gpu_fixed,jax_gpu_fixed,sub-01,249,-1.1554073646190672,,,,,,0.02535389398690313
sub-01__jax_gpu_fixed,jax_gpu_fixed,sub-01,250,-1.1553804179034823,,,,,,0.02529057499486953
sub-01__jax_gpu_fixed,jax_gpu_fixed,sub-01,251,-1.1553719317675473,,,,,,0.02527090604417026
sub-01__jax_gpu_fixed,jax_gpu_fixed,sub-01,252,-1.1553649224750961,,,,,,0.025315064936876297
sub-01__jax_gpu_fixed,jax_gpu_fixed,sub-01,253,-1.1553577308350362,,,,,,0.02526062505785376
sub-01__jax_gpu_fixed,jax_gpu_fixed,sub-01,254,-1.1553504835554513,,,,,,0.025391564005985856
sub-01__jax_gpu_fixed,jax_gpu_fixed,sub-01,255,-1.1553454319590548,,,,,,0.025247714947909117
sub-01__jax_gpu_fixed,jax_gpu_fixed,sub-01,256,-1.1553582673137794,,,,,,0.02536211395636201
sub-01__jax_gpu_fixed,jax_gpu_fixed,sub-01,257,-1.1554032862271846,,,,,,0.02532998495735228
sub-01__jax_gpu_fixed,jax_gpu_fixed,sub-01,258,-1.1553315978054028,,,,,,0.02532418502960354
sub-01__jax_gpu_fixed,jax_gpu_fixed,sub-01,259,-1.155312848069408,,,,,,0.02530485508032143
sub-01__jax_gpu_fixed,jax_gpu_fixed,sub-01,260,-1.1553064352042932,,,,,,0.025323525071144104
sub-01__jax_gpu_fixed,jax_gpu_fixed,sub-01,261,-1.155300170714678,,,,,,0.025338744977489114
sub-01__jax_gpu_fixed,jax_gpu_fixed,sub-01,262,-1.1552934555087144,,,,,,0.02537960500922054
sub-01__jax_gpu_fixed,jax_gpu_fixed,sub-01,263,-1.155286617993552,,,,,,0.02528708497993648
sub-01__jax_gpu_fixed,jax_gpu_fixed,sub-01,264,-1.1552827726177213,,,,,,0.025255764950998127
sub-01__jax_gpu_fixed,jax_gpu_fixed,sub-01,265,-1.1552926803768546,,,,,,0.025155555922538042
sub-01__jax_gpu_fixed,jax_gpu_fixed,sub-01,266,-1.1553382059757642,,,,,,0.02533791505265981
sub-01__jax_gpu_fixed,jax_gpu_fixed,sub-01,267,-1.1552813653654053,,,,,,0.02527391503099352
sub-01__jax_gpu_fixed,jax_gpu_fixed,sub-01,268,-1.1552538218279904,,,,,,0.02539450500626117
sub-01__jax_gpu_fixed,jax_gpu_fixed,sub-01,269,-1.1552458628432727,,,,,,0.025261915056034923
sub-01__jax_gpu_fixed,jax_gpu_fixed,sub-01,270,-1.1552396237945548,,,,,,0.025330235017463565
sub-01__jax_gpu_fixed,jax_gpu_fixed,sub-01,271,-1.1552331669557132,,,,,,0.025300875073298812
sub-01__jax_gpu_fixed,jax_gpu_fixed,sub-01,272,-1.155226570405562,,,,,,0.025335184996947646
sub-01__jax_gpu_fixed,jax_gpu_fixed,sub-01,273,-1.1552214752323522,,,,,,0.025264775031246245
sub-01__jax_gpu_fixed,jax_gpu_fixed,sub-01,274,-1.155229738220302,,,,,,0.02531558508053422
sub-01__jax_gpu_fixed,jax_gpu_fixed,sub-01,275,-1.1552661299131313,,,,,,0.025455873925238848
sub-01__jax_gpu_fixed,jax_gpu_fixed,sub-01,276,-1.1552127808789565,,,,,,0.02521140594035387
sub-01__jax_gpu_fixed,jax_gpu_fixed,sub-01,277,-1.1551935995823441,,,,,,0.02536646497901529
sub-01__jax_gpu_fixed,jax_gpu_fixed,sub-01,278,-1.1551879865587942,,,,,,0.025456894072704017
sub-01__jax_gpu_fixed,jax_gpu_fixed,sub-01,279,-1.155182505734072,,,,,,0.02524712507147342
sub-01__jax_gpu_fixed,jax_gpu_fixed,sub-01,280,-1.1551767631280219,,,,,,0.02520502603147179
sub-01__jax_gpu_fixed,jax_gpu_fixed,sub-01,281,-1.1551715633737412,,,,,,0.02523949497845024
sub-01__jax_gpu_fixed,jax_gpu_fixed,sub-01,282,-1.155172569769247,,,,,,0.025267155026085675
sub-01__jax_gpu_fixed,jax_gpu_fixed,sub-01,283,-1.155194119743957,,,,,,0.025252965977415442
sub-01__jax_gpu_fixed,jax_gpu_fixed,sub-01,284,-1.1551657415294563,,,,,,0.025306394905783236
sub-01__jax_gpu_fixed,jax_gpu_fixed,sub-01,285,-1.1551465157262433,,,,,,0.025268054916523397
sub-01__jax_gpu_fixed,jax_gpu_fixed,sub-01,286,-1.1551412870210638,,,,,,0.025290115037932992
sub-01__jax_gpu_fixed,jax_gpu_fixed,sub-01,287,-1.155136185847273,,,,,,0.025371934985741973
sub-01__jax_gpu_fixed,jax_gpu_fixed,sub-01,288,-1.155130900193399,,,,,,0.02573834196664393
sub-01__jax_gpu_fixed,jax_gpu_fixed,sub-01,289,-1.155126391494002,,,,,,0.025738293072208762
sub-01__jax_gpu_fixed,jax_gpu_fixed,sub-01,290,-1.1551299382367275,,,,,,0.02572618203703314
sub-01__jax_gpu_fixed,jax_gpu_fixed,sub-01,291,-1.1551568119786106,,,,,,0.025764661957509816
sub-01__jax_gpu_fixed,jax_gpu_fixed,sub-01,292,-1.1551210775145453,,,,,,0.0255814139964059
sub-01__jax_gpu_fixed,jax_gpu_fixed,sub-01,293,-1.155101859301032,,,,,,0.025280155008658767
sub-01__jax_gpu_fixed,jax_gpu_fixed,sub-01,294,-1.1550967911532195,,,,,,0.025207975995726883
sub-01__jax_gpu_fixed,jax_gpu_fixed,sub-01,295,-1.1550919074719215,,,,,,0.025163635960780084
sub-01__jax_gpu_fixed,jax_gpu_fixed,sub-01,296,-1.1550868692250857,,,,,,0.025199296069331467
sub-01__jax_gpu_fixed,jax_gpu_fixed,sub-01,297,-1.1550825342361661,,,,,,0.02527620503678918
sub-01__jax_gpu_fixed,jax_gpu_fixed,sub-01,298,-1.15508582260152,,,,,,0.0253539850236848
sub-01__jax_gpu_fixed,jax_gpu_fixed,sub-01,299,-1.1551116575668734,,,,,,0.025416153948754072
sub-01__jax_gpu_fixed,jax_gpu_fixed,sub-01,300,-1.1550781355539144,,,,,,0.02531815494876355
sub-01__jax_gpu_fixed,jax_gpu_fixed,sub-01,301,-1.1550591679381046,,,,,,0.025310444994829595
sub-01__jax_gpu_fixed,jax_gpu_fixed,sub-01,302,-1.1550542886254325,,,,,,0.025451584020629525
sub-01__jax_gpu_fixed,jax_gpu_fixed,sub-01,303,-1.1550495242859693,,,,,,0.02533295506145805
sub-01__jax_gpu_fixed,jax_gpu_fixed,sub-01,304,-1.1550446350240693,,,,,,0.02536177495494485
sub-01__jax_gpu_fixed,jax_gpu_fixed,sub-01,305,-1.1550404679341642,,,,,,0.025300445035099983
sub-01__jax_gpu_fixed,jax_gpu_fixed,sub-01,306,-1.155043928136715,,,,,,0.025318724918179214
sub-01__jax_gpu_fixed,jax_gpu_fixed,sub-01,307,-1.1550699548438121,,,,,,0.025294154998846352
sub-01__jax_gpu_fixed,jax_gpu_fixed,sub-01,308,-1.1550364294402484,,,,,,0.025284494971856475
sub-01__jax_gpu_fixed,jax_gpu_fixed,sub-01,309,-1.1550175850145912,,,,,,0.025228515965864062
sub-01__jax_gpu_fixed,jax_gpu_fixed,sub-01,310,-1.1550128365218912,,,,,,0.025355995050631464
sub-01__jax_gpu_fixed,jax_gpu_fixed,sub-01,311,-1.1550082348371775,,,,,,0.025285415002144873
sub-01__jax_gpu_fixed,jax_gpu_fixed,sub-01,312,-1.155003497369994,,,,,,0.025375984027050436
sub-01__jax_gpu_fixed,jax_gpu_fixed,sub-01,313,-1.1549995116384806,,,,,,0.025258335983380675
sub-01__jax_gpu_fixed,jax_gpu_fixed,sub-01,314,-1.155003144705472,,,,,,0.025327256065793335
sub-01__jax_gpu_fixed,jax_gpu_fixed,sub-01,315,-1.1550291782758624,,,,,,0.025435214047320187
sub-01__jax_gpu_fixed,jax_gpu_fixed,sub-01,316,-1.1549959641828167,,,,,,0.02527235494926572
sub-01__jax_gpu_fixed,jax_gpu_fixed,sub-01,317,-1.1549772625404,,,,,,0.02531075500883162
sub-01__jax_gpu_fixed,jax_gpu_fixed,sub-01,318,-1.1549726454316973,,,,,,0.02533425495494157
sub-01__jax_gpu_fixed,jax_gpu_fixed,sub-01,319,-1.1549682077684071,,,,,,0.025292154983617365
sub-01__jax_gpu_fixed,jax_gpu_fixed,sub-01,320,-1.1549636495106907,,,,,,0.02539784403052181
sub-01__jax_gpu_fixed,jax_gpu_fixed,sub-01,321,-1.1549598399617351,,,,,,0.025309695047326386
sub-01__jax_gpu_fixed,jax_gpu_fixed,sub-01,322,-1.154963603754216,,,,,,0.02531336504034698
sub-01__jax_gpu_fixed,jax_gpu_fixed,sub-01,323,-1.1549896623793923,,,,,,0.025245595956221223
sub-01__jax_gpu_fixed,jax_gpu_fixed,sub-01,324,-1.1549567667148626,,,,,,0.025416534044779837
sub-01__jax_gpu_fixed,jax_gpu_fixed,sub-01,325,-1.15493835001902,,,,,,0.025324384914711118
sub-01__jax_gpu_fixed,jax_gpu_fixed,sub-01,326,-1.1549338684273902,,,,,,0.025442984071560204
sub-01__jax_gpu_fixed,jax_gpu_fixed,sub-01,327,-1.1549295864510911,,,,,,0.02532601496204734
sub-01__jax_gpu_fixed,jax_gpu_fixed,sub-01,328,-1.1549251933829534,,,,,,0.025333194993436337
sub-01__jax_gpu_fixed,jax_gpu_fixed,sub-01,329,-1.1549215538552322,,,,,,0.025312794954515994
sub-01__jax_gpu_fixed,jax_gpu_fixed,sub-01,330,-1.1549254453142144,,,,,,0.02530850493349135
sub-01__jax_gpu_fixed,jax_gpu_fixed,sub-01,331,-1.154951571719856,,,,,,0.025321295019239187
sub-01__jax_gpu_fixed,jax_gpu_fixed,sub-01,332,-1.1549189911662583,,,,,,0.025310155004262924
sub-01__jax_gpu_fixed,jax_gpu_fixed,sub-01,333,-1.1549006642360995,,,,,,0.02538853499572724
sub-01__jax_gpu_fixed,jax_gpu_fixed,sub-01,334,-1.1548962853016156,,,,,,0.025375214987434447
sub-01__jax_gpu_fixed,jax_gpu_fixed,sub-01,335,-1.1548920822607325,,,,,,0.025263515999540687
sub-01__jax_gpu_fixed,jax_gpu_fixed,sub-01,336,-1.1548877899167944,,,,,,0.02528894494753331
sub-01__jax_gpu_fixed,jax_gpu_fixed,sub-01,337,-1.1548842573266027,,,,,,0.02527672506403178
sub-01__jax_gpu_fixed,jax_gpu_fixed,sub-01,338,-1.1548882777059255,,,,,,0.02515595604199916
sub-01__jax_gpu_fixed,jax_gpu_fixed,sub-01,339,-1.1549146069554443,,,,,,0.025286384974606335
sub-01__jax_gpu_fixed,jax_gpu_fixed,sub-01,340,-1.1548819009945173,,,,,,0.025221845018677413
sub-01__jax_gpu_fixed,jax_gpu_fixed,sub-01,341,-1.1548636311175569,,,,,,0.02527302608359605
sub-01__jax_gpu_fixed,jax_gpu_fixed,sub-01,342,-1.15485931806242,,,,,,0.025175016024149954
sub-01__jax_gpu_fixed,jax_gpu_fixed,sub-01,343,-1.1548551926878425,,,,,,0.025264916010200977
sub-01__jax_gpu_fixed,jax_gpu_fixed,sub-01,344,-1.154850951623911,,,,,,0.025244585005566478
sub-01__jax_gpu_fixed,jax_gpu_fixed,sub-01,345,-1.154847496904946,,,,,,0.025201186072081327
sub-01__jax_gpu_fixed,jax_gpu_fixed,sub-01,346,-1.1548516969752283,,,,,,0.025462563964538276
sub-01__jax_gpu_fixed,jax_gpu_fixed,sub-01,347,-1.1548782737276404,,,,,,0.025814382010139525
sub-01__jax_gpu_fixed,jax_gpu_fixed,sub-01,348,-1.1548451996881566,,,,,,0.02575852198060602
sub-01__jax_gpu_fixed,jax_gpu_fixed,sub-01,349,-1.1548270716539624,,,,,,0.02569777297321707
sub-01__jax_gpu_fixed,jax_gpu_fixed,sub-01,350,-1.1548227995614282,,,,,,0.025770072010345757
sub-01__jax_gpu_fixed,jax_gpu_fixed,sub-01,351,-1.1548187277322493,,,,,,0.025715823052451015
sub-01__jax_gpu_fixed,jax_gpu_fixed,sub-01,352,-1.1548145499498956,,,,,,0.025802382035180926
sub-01__jax_gpu_fixed,jax_gpu_fixed,sub-01,353,-1.1548111663759513,,,,,,0.025794012937694788
sub-01__jax_gpu_fixed,jax_gpu_fixed,sub-01,354,-1.15481525416546,,,,,,0.02573055203538388
sub-01__jax_gpu_fixed,jax_gpu_fixed,sub-01,355,-1.1548414853978102,,,,,,0.025641452986747026
sub-01__jax_gpu_fixed,jax_gpu_fixed,sub-01,356,-1.1548091594428407,,,,,,0.025786731974221766
sub-01__jax_gpu_fixed,jax_gpu_fixed,sub-01,357,-1.1547911853134099,,,,,,0.025781751959584653
sub-01__jax_gpu_fixed,jax_gpu_fixed,sub-01,358,-1.1547870238039633,,,,,,0.025676602963358164
sub-01__jax_gpu_fixed,jax_gpu_fixed,sub-01,359,-1.154783058406441,,,,,,0.02580530196428299
sub-01__jax_gpu_fixed,jax_gpu_fixed,sub-01,360,-1.154778966130863,,,,,,0.025719752069562674
sub-01__jax_gpu_fixed,jax_gpu_fixed,sub-01,361,-1.1547756270280416,,,,,,0.025740541983395815
sub-01__jax_gpu_fixed,jax_gpu_fixed,sub-01,362,-1.154779423371431,,,,,,0.025702022947371006
sub-01__jax_gpu_fixed,jax_gpu_fixed,sub-01,363,-1.1548048333220675,,,,,,0.02580830198712647
sub-01__jax_gpu_fixed,jax_gpu_fixed,sub-01,364,-1.154773983972116,,,,,,0.025725633022375405
sub-01__jax_gpu_fixed,jax_gpu_fixed,sub-01,365,-1.154756130025389,,,,,,0.025708251981996
sub-01__jax_gpu_fixed,jax_gpu_fixed,sub-01,366,-1.1547520401990585,,,,,,0.025761522934772074
sub-01__jax_gpu_fixed,jax_gpu_fixed,sub-01,367,-1.1547481106322475,,,,,,0.025638593011535704
sub-01__jax_gpu_fixed,jax_gpu_fixed,sub-01,368,-1.1547440801423194,,,,,,0.025671351933851838
sub-01__jax_gpu_fixed,jax_gpu_fixed,sub-01,369,-1.1547407964520269,,,,,,0.025740443030372262
sub-01__jax_gpu_fixed,jax_gpu_fixed,sub-01,370,-1.1547445224360005,,,,,,0.025703791994601488
sub-01__jax_gpu_fixed,jax_gpu_fixed,sub-01,371,-1.1547693079713461,,,,,,0.02576836198568344
sub-01__jax_gpu_fixed,jax_gpu_fixed,sub-01,372,-1.1547393977365352,,,,,,0.025704222032800317
sub-01__jax_gpu_fixed,jax_gpu_fixed,sub-01,373,-1.1547217485886443,,,,,,0.025296384934335947
sub-01__jax_gpu_fixed,jax_gpu_fixed,sub-01,374,-1.154717749669558,,,,,,0.025427883956581354
sub-01__jax_gpu_fixed,jax_gpu_fixed,sub-01,375,-1.1547139451281918,,,,,,0.025343484012410045
sub-01__jax_gpu_fixed,jax_gpu_fixed,sub-01,376,-1.1547100766441212,,,,,,0.0253327350364998
sub-01__jax_gpu_fixed,jax_gpu_fixed,sub-01,377,-1.1547069743553902,,,,,,0.025348184979520738
sub-01__jax_gpu_fixed,jax_gpu_fixed,sub-01,378,-1.1547109623682847,,,,,,0.025367764988914132
sub-01__jax_gpu_fixed,jax_gpu_fixed,sub-01,379,-1.154736061482728,,,,,,0.025330953998491168
sub-01__jax_gpu_fixed,jax_gpu_fixed,sub-01,380,-1.154706016986186,,,,,,0.025369063951075077
sub-01__jax_gpu_fixed,jax_gpu_fixed,sub-01,381,-1.1546885147953898,,,,,,0.02526132599450648
sub-01__jax_gpu_fixed,jax_gpu_fixed,sub-01,382,-1.1546846297567774,,,,,,0.02531927404925227
sub-01__jax_gpu_fixed,jax_gpu_fixed,sub-01,383,-1.1546809569144991,,,,,,0.025382744031958282
sub-01__jax_gpu_fixed,jax_gpu_fixed,sub-01,384,-1.1546772376993137,,,,,,0.025270515005104244
sub-01__jax_gpu_fixed,jax_gpu_fixed,sub-01,385,-1.1546742997253725,,,,,,0.025301684974692762
sub-01__jax_gpu_fixed,jax_gpu_fixed,sub-01,386,-1.1546784903379046,,,,,,0.025156426010653377
sub-01__jax_gpu_fixed,jax_gpu_fixed,sub-01,387,-1.1547038246824117,,,,,,0.025215436005964875
sub-01__jax_gpu_fixed,jax_gpu_fixed,sub-01,388,-1.1546737425012121,,,,,,0.025245215045288205
sub-01__jax_gpu_fixed,jax_gpu_fixed,sub-01,389,-1.1546563464924164,,,,,,0.025244035990908742
sub-01__jax_gpu_fixed,jax_gpu_fixed,sub-01,390,-1.154652574697989,,,,,,0.02525347506161779
sub-01__jax_gpu_fixed,jax_gpu_fixed,sub-01,391,-1.154649016550352,,,,,,0.02515048603527248
sub-01__jax_gpu_fixed,jax_gpu_fixed,sub-01,392,-1.1546454186416149,,,,,,0.025336264981888235
sub-01__jax_gpu_fixed,jax_gpu_fixed,sub-01,393,-1.1546426001675385,,,,,,0.02545834402553737
sub-01__jax_gpu_fixed,jax_gpu_fixed,sub-01,394,-1.1546468638696934,,,,,,0.025145616033114493
sub-01__jax_gpu_fixed,jax_gpu_fixed,sub-01,395,-1.1546718540581313,,,,,,0.025298604974523187
sub-01__jax_gpu_fixed,jax_gpu_fixed,sub-01,396,-1.1546422508420784,,,,,,0.02535802510101348
sub-01__jax_gpu_fixed,jax_gpu_fixed,sub-01,397,-1.1546250574223662,,,,,,0.025244015036150813
sub-01__jax_gpu_fixed,jax_gpu_fixed,sub-01,398,-1.154621352684408,,,,,,0.02522986603435129
sub-01__jax_gpu_fixed,jax_gpu_fixed,sub-01,399,-1.1546178687618789,,,,,,0.025306654977612197
sub-01__jax_gpu_fixed,jax_gpu_fixed,sub-01,400,-1.1546143505057505,,,,,,0.025297104963101447
sub-01__jax_gpu_fixed,jax_gpu_fixed,sub-01,401,-1.1546116839946523,,,,,,0.02533918502740562
sub-01__jax_gpu_fixed,jax_gpu_fixed,sub-01,402,-1.1546162379898797,,,,,,0.025248624966479838
sub-01__jax_gpu_fixed,jax_gpu_fixed,sub-01,403,-1.1546417946315513,,,,,,0.025270504993386567
sub-01__jax_gpu_fixed,jax_gpu_fixed,sub-01,404,-1.1546115174831066,,,,,,0.02515504602342844
sub-01__jax_gpu_fixed,jax_gpu_fixed,sub-01,405,-1.1545943966941041,,,,,,0.02522656600922346
sub-01__jax_gpu_fixed,jax_gpu_fixed,sub-01,406,-1.154590788773116,,,,,,0.025300164939835668
sub-01__jax_gpu_fixed,jax_gpu_fixed,sub-01,407,-1.1545873825879847,,,,,,0.025316534913145006
sub-01__jax_gpu_fixed,jax_gpu_fixed,sub-01,408,-1.1545839445584687,,,,,,0.025256425025872886
sub-01__jax_gpu_fixed,jax_gpu_fixed,sub-01,409,-1.154581342642717,,,,,,0.025314704980701208
sub-01__jax_gpu_fixed,jax_gpu_fixed,sub-01,410,-1.1545858073269977,,,,,,0.02526045497506857
sub-01__jax_gpu_fixed,jax_gpu_fixed,sub-01,411,-1.1546109126835846,,,,,,0.025182075100019574
sub-01__jax_gpu_fixed,jax_gpu_fixed,sub-01,412,-1.1545813433317713,,,,,,0.02531509497202933
sub-01__jax_gpu_fixed,jax_gpu_fixed,sub-01,413,-1.154564368866335,,,,,,0.025274025043472648
sub-01__jax_gpu_fixed,jax_gpu_fixed,sub-01,414,-1.1545607898088786,,,,,,0.0251434970414266
sub-01__jax_gpu_fixed,jax_gpu_fixed,sub-01,415,-1.1545574216164864,,,,,,0.02521891496144235
sub-01__jax_gpu_fixed,jax_gpu_fixed,sub-01,416,-1.1545540444016074,,,,,,0.025213185930624604
sub-01__jax_gpu_fixed,jax_gpu_fixed,sub-01,417,-1.1545514593714157,,,,,,0.025267564924433827
sub-01__jax_gpu_fixed,jax_gpu_fixed,sub-01,418,-1.1545557650366876,,,,,,0.025354354991577566
sub-01__jax_gpu_fixed,jax_gpu_fixed,sub-01,419,-1.1545803951170233,,,,,,0.025344704976305366
sub-01__jax_gpu_fixed,jax_gpu_fixed,sub-01,420,-1.1545518193479127,,,,,,0.025250765960663557
sub-01__jax_gpu_fixed,jax_gpu_fixed,sub-01,421,-1.1545349586075035,,,,,,0.025331735028885305
sub-01__jax_gpu_fixed,jax_gpu_fixed,sub-01,422,-1.15453147828386,,,,,,0.025417263968847692
sub-01__jax_gpu_fixed,jax_gpu_fixed,sub-01,423,-1.154528211918442,,,,,,0.025337624945677817
sub-01__jax_gpu_fixed,jax_gpu_fixed,sub-01,424,-1.154524963349616,,,,,,0.02522215503267944
sub-01__jax_gpu_fixed,jax_gpu_fixed,sub-01,425,-1.1545224812362982,,,,,,0.02539921400602907
sub-01__jax_gpu_fixed,jax_gpu_fixed,sub-01,426,-1.1545268996155704,,,,,,0.025341894943267107
sub-01__jax_gpu_fixed,jax_gpu_fixed,sub-01,427,-1.1545513403286272,,,,,,0.025311384932138026
sub-01__jax_gpu_fixed,jax_gpu_fixed,sub-01,428,-1.154523124781208,,,,,,0.025310404947958887
sub-01__jax_gpu_fixed,jax_gpu_fixed,sub-01,429,-1.1545064904688505,,,,,,0.025281494949012995
sub-01__jax_gpu_fixed,jax_gpu_fixed,sub-01,430,-1.1545031253010232,,,,,,0.025365594075992703
sub-01__jax_gpu_fixed,jax_gpu_fixed,sub-01,431,-1.154499970512147,,,,,,0.025261236005462706
sub-01__jax_gpu_fixed,jax_gpu_fixed,sub-01,432,-1.154496821691001,,,,,,0.025312365032732487
sub-01__jax_gpu_fixed,jax_gpu_fixed,sub-01,433,-1.1544944171360125,,,,,,0.025344065041281283
sub-01__jax_gpu_fixed,jax_gpu_fixed,sub-01,434,-1.1544985890675277,,,,,,0.02537127397954464
sub-01__jax_gpu_fixed,jax_gpu_fixed,sub-01,435,-1.1545225313973841,,,,,,0.02534492500126362
sub-01__jax_gpu_fixed,jax_gpu_fixed,sub-01,436,-1.1544955225996503,,,,,,0.02536826499272138
sub-01__jax_gpu_fixed,jax_gpu_fixed,sub-01,437,-1.154479129243952,,,,,,0.025346915004774928
sub-01__jax_gpu_fixed,jax_gpu_fixed,sub-01,438,-1.15447589396182,,,,,,0.025259874993935227
sub-01__jax_gpu_fixed,jax_gpu_fixed,sub-01,439,-1.154472889370355,,,,,,0.025329974945634604
sub-01__jax_gpu_fixed,jax_gpu_fixed,sub-01,440,-1.154469926553019,,,,,,0.025281914975494146
sub-01__jax_gpu_fixed,jax_gpu_fixed,sub-01,441,-1.1544676969178536,,,,,,0.025297734886407852
sub-01__jax_gpu_fixed,jax_gpu_fixed,sub-01,442,-1.1544720559610788,,,,,,0.025353764998726547
sub-01__jax_gpu_fixed,jax_gpu_fixed,sub-01,443,-1.1544959149874658,,,,,,0.025416753953322768
sub-01__jax_gpu_fixed,jax_gpu_fixed,sub-01,444,-1.1544692762303113,,,,,,0.025314455037005246
sub-01__jax_gpu_fixed,jax_gpu_fixed,sub-01,445,-1.1544531128497906,,,,,,0.025379384984262288
sub-01__jax_gpu_fixed,jax_gpu_fixed,sub-01,446,-1.1544500329149252,,,,,,0.02529442508239299
sub-01__jax_gpu_fixed,jax_gpu_fixed,sub-01,447,-1.1544471515567833,,,,,,0.025260534952394664
sub-01__jax_gpu_fixed,jax_gpu_fixed,sub-01,448,-1.1544443093492422,,,,,,0.02532608504407108
sub-01__jax_gpu_fixed,jax_gpu_fixed,sub-01,449,-1.1544421758914527,,,,,,0.025377554935403168
sub-01__jax_gpu_fixed,jax_gpu_fixed,sub-01,450,-1.1544463303425563,,,,,,0.025307225063443184
sub-01__jax_gpu_fixed,jax_gpu_fixed,sub-01,451,-1.1544693194406208,,,,,,0.025310065015219152
sub-01__jax_gpu_fixed,jax_gpu_fixed,sub-01,452,-1.1544442085499098,,,,,,0.025348684983327985
sub-01__jax_gpu_fixed,jax_gpu_fixed,sub-01,453,-1.1544281455697956,,,,,,0.025278326007537544
sub-01__jax_gpu_fixed,jax_gpu_fixed,sub-01,454,-1.1544251430466965,,,,,,0.025313545018434525
sub-01__jax_gpu_fixed,jax_gpu_fixed,sub-01,455,-1.1544223390959416,,,,,,0.025342034990899265
sub-01__jax_gpu_fixed,jax_gpu_fixed,sub-01,456,-1.1544195835600326,,,,,,0.02531197597272694
sub-01__jax_gpu_fixed,jax_gpu_fixed,sub-01,457,-1.154417596882265,,,,,,0.02531129599083215
sub-01__jax_gpu_fixed,jax_gpu_fixed,sub-01,458,-1.1544220396836666,,,,,,0.025300135952420533
sub-01__jax_gpu_fixed,jax_gpu_fixed,sub-01,459,-1.1544453988210197,,,,,,0.025324083981104195
sub-01__jax_gpu_fixed,jax_gpu_fixed,sub-01,460,-1.1544196764798855,,,,,,0.025298306019976735
sub-01__jax_gpu_fixed,jax_gpu_fixed,sub-01,461,-1.1544037471967636,,,,,,0.025350605021230876
sub-01__jax_gpu_fixed,jax_gpu_fixed,sub-01,462,-1.154400813965696,,,,,,0.0253223649924621
sub-01__jax_gpu_fixed,jax_gpu_fixed,sub-01,463,-1.154398103147885,,,,,,0.025306775001809
sub-01__jax_gpu_fixed,jax_gpu_fixed,sub-01,464,-1.154395441193155,,,,,,0.025293354992754757
sub-01__jax_gpu_fixed,jax_gpu_fixed,sub-01,465,-1.1543935990719938,,,,,,0.02527642494533211
sub-01__jax_gpu_fixed,jax_gpu_fixed,sub-01,466,-1.1543981284206124,,,,,,0.025322795961983502
sub-01__jax_gpu_fixed,jax_gpu_fixed,sub-01,467,-1.1544215244308769,,,,,,0.02527452597860247
sub-01__jax_gpu_fixed,jax_gpu_fixed,sub-01,468,-1.1543958669417702,,,,,,0.025258864974603057
sub-01__jax_gpu_fixed,jax_gpu_fixed,sub-01,469,-1.1543801362815205,,,,,,0.025362215004861355
sub-01__jax_gpu_fixed,jax_gpu_fixed,sub-01,470,-1.1543772588955492,,,,,,0.02529018500354141
sub-01__jax_gpu_fixed,jax_gpu_fixed,sub-01,471,-1.1543746090242637,,,,,,0.02528125501703471
sub-01__jax_gpu_fixed,jax_gpu_fixed,sub-01,472,-1.1543719771944319,,,,,,0.025343604967929423
sub-01__jax_gpu_fixed,jax_gpu_fixed,sub-01,473,-1.1543700367085106,,,,,,0.02540984400548041
sub-01__jax_gpu_fixed,jax_gpu_fixed,sub-01,474,-1.154373979520157,,,,,,0.025305825052782893
sub-01__jax_gpu_fixed,jax_gpu_fixed,sub-01,475,-1.1543957031415502,,,,,,0.0253026649588719
sub-01__jax_gpu_fixed,jax_gpu_fixed,sub-01,476,-1.1543723937277903,,,,,,0.025401175022125244
sub-01__jax_gpu_fixed,jax_gpu_fixed,sub-01,477,-1.1543570154591878,,,,,,0.0253300549229607
sub-01__jax_gpu_fixed,jax_gpu_fixed,sub-01,478,-1.15435416836908,,,,,,0.025326755014248192
sub-01__jax_gpu_fixed,jax_gpu_fixed,sub-01,479,-1.1543515410739553,,,,,,0.025317155988886952
sub-01__jax_gpu_fixed,jax_gpu_fixed,sub-01,480,-1.1543489161028497,,,,,,0.025293326005339622
sub-01__jax_gpu_fixed,jax_gpu_fixed,sub-01,481,-1.1543469890578153,,,,,,0.025259985006414354
sub-01__jax_gpu_fixed,jax_gpu_fixed,sub-01,482,-1.1543507806093494,,,,,,0.025336984894238412
sub-01__jax_gpu_fixed,jax_gpu_fixed,sub-01,483,-1.1543721780895084,,,,,,0.02528060507029295
sub-01__jax_gpu_fixed,jax_gpu_fixed,sub-01,484,-1.1543492634940178,,,,,,0.025328084942884743
sub-01__jax_gpu_fixed,jax_gpu_fixed,sub-01,485,-1.1543340834779534,,,,,,0.025315974955447018
sub-01__jax_gpu_fixed,jax_gpu_fixed,sub-01,486,-1.1543312740209344,,,,,,0.025438864016905427
sub-01__jax_gpu_fixed,jax_gpu_fixed,sub-01,487,-1.1543286684324354,,,,,,0.025235266075469553
sub-01__jax_gpu_fixed,jax_gpu_fixed,sub-01,488,-1.15432611814146,,,,,,0.025272976025007665
sub-01__jax_gpu_fixed,jax_gpu_fixed,sub-01,489,-1.1543242908104865,,,,,,0.025281655020080507
sub-01__jax_gpu_fixed,jax_gpu_fixed,sub-01,490,-1.1543282314705285,,,,,,0.025248644989915192
sub-01__jax_gpu_fixed,jax_gpu_fixed,sub-01,491,-1.1543497444861812,,,,,,0.025281526031903923
sub-01__jax_gpu_fixed,jax_gpu_fixed,sub-01,492,-1.1543265848443625,,,,,,0.02524743601679802
sub-01__jax_gpu_fixed,jax_gpu_fixed,sub-01,493,-1.1543115441676792,,,,,,0.025294934981502593
sub-01__jax_gpu_fixed,jax_gpu_fixed,sub-01,494,-1.1543087275515167,,,,,,0.025218224967829883
sub-01__jax_gpu_fixed,jax_gpu_fixed,sub-01,495,-1.1543061055817594,,,,,,0.02527002606075257
sub-01__jax_gpu_fixed,jax_gpu_fixed,sub-01,496,-1.1543034639541008,,,,,,0.025306244962848723
sub-01__jax_gpu_fixed,jax_gpu_fixed,sub-01,497,-1.1543013190192764,,,,,,0.02516293595544994
sub-01__jax_gpu_fixed,jax_gpu_fixed,sub-01,498,-1.1543042486200406,,,,,,0.025214264984242618
sub-01__jax_gpu_fixed,jax_gpu_fixed,sub-01,499,-1.1543230235169424,,,,,,0.0252318560378626
sub-01__jax_gpu_fixed,jax_gpu_fixed,sub-01,500,-1.1543034912214534,,,,,,0.02511550602503121
sub-01__jax_gpu_fixed,jax_gpu_fixed,sub-01,501,-1.1542888927073836,,,,,,0.025264124968089163
sub-01__jax_gpu_fixed,jax_gpu_fixed,sub-01,502,-1.154286092317536,,,,,,0.025253246072679758
sub-01__jax_gpu_fixed,jax_gpu_fixed,sub-01,503,-1.1542834420759072,,,,,,0.025319535052403808
sub-01__jax_gpu_fixed,jax_gpu_fixed,sub-01,504,-1.1542807897683756,,,,,,0.025177826057188213
sub-01__jax_gpu_fixed,jax_gpu_fixed,sub-01,505,-1.154278673038278,,,,,,0.025264765019528568
sub-01__jax_gpu_fixed,jax_gpu_fixed,sub-01,506,-1.154281965855873,,,,,,0.025277815060690045
sub-01__jax_gpu_fixed,jax_gpu_fixed,sub-01,507,-1.1543013188215652,,,,,,0.025158266071230173
sub-01__jax_gpu_fixed,jax_gpu_fixed,sub-01,508,-1.1542804860868445,,,,,,0.025191565975546837
sub-01__jax_gpu_fixed,jax_gpu_fixed,sub-01,509,-1.1542658715773646,,,,,,0.02534584398381412
sub-01__jax_gpu_fixed,jax_gpu_fixed,sub-01,510,-1.1542630073685416,,,,,,0.025224755983799696
sub-01__jax_gpu_fixed,jax_gpu_fixed,sub-01,511,-1.1542602936034743,,,,,,0.025309105054475367
sub-01__jax_gpu_fixed,jax_gpu_fixed,sub-01,512,-1.1542575203019454,,,,,,0.025258644949644804
sub-01__jax_gpu_fixed,jax_gpu_fixed,sub-01,513,-1.1542552101337002,,,,,,0.025200546020641923
sub-01__jax_gpu_fixed,jax_gpu_fixed,sub-01,514,-1.1542579276931817,,,,,,0.02511944598518312
sub-01__jax_gpu_fixed,jax_gpu_fixed,sub-01,515,-1.154275826344566,,,,,,0.02535365498624742
sub-01__jax_gpu_fixed,jax_gpu_fixed,sub-01,516,-1.1542565698528615,,,,,,0.025218814960680902
sub-01__jax_gpu_fixed,jax_gpu_fixed,sub-01,517,-1.1542420366421646,,,,,,0.025223265984095633
sub-01__jax_gpu_fixed,jax_gpu_fixed,sub-01,518,-1.154239050535269,,,,,,0.025244274991564453
sub-01__jax_gpu_fixed,jax_gpu_fixed,sub-01,519,-1.1542361310983078,,,,,,0.02522035490255803
sub-01__jax_gpu_fixed,jax_gpu_fixed,sub-01,520,-1.1542331535231298,,,,,,0.025190726038999856
sub-01__jax_gpu_fixed,jax_gpu_fixed,sub-01,521,-1.1542305548099685,,,,,,0.02523646503686905
sub-01__jax_gpu_fixed,jax_gpu_fixed,sub-01,522,-1.1542323390291043,,,,,,0.025264436029829085
sub-01__jax_gpu_fixed,jax_gpu_fixed,sub-01,523,-1.154247850366086,,,,,,0.025235026027075946
sub-01__jax_gpu_fixed,jax_gpu_fixed,sub-01,524,-1.154230721478927,,,,,,0.025279044988565147
sub-01__jax_gpu_fixed,jax_gpu_fixed,sub-01,525,-1.1542164524146887,,,,,,0.02523407607804984
sub-01__jax_gpu_fixed,jax_gpu_fixed,sub-01,526,-1.1542131559537299,,,,,,0.025259795016609132
sub-01__jax_gpu_fixed,jax_gpu_fixed,sub-01,527,-1.1542098859706214,,,,,,0.025241794995963573
sub-01__jax_gpu_fixed,jax_gpu_fixed,sub-01,528,-1.1542065056346893,,,,,,0.025229715975001454
sub-01__jax_gpu_fixed,jax_gpu_fixed,sub-01,529,-1.1542033611957123,,,,,,0.025188416009768844
sub-01__jax_gpu_fixed,jax_gpu_fixed,sub-01,530,-1.1542040408531058,,,,,,0.025154416100122035
sub-01__jax_gpu_fixed,jax_gpu_fixed,sub-01,531,-1.1542175201729112,,,,,,0.025252124993130565
sub-01__jax_gpu_fixed,jax_gpu_fixed,sub-01,532,-1.1542019788550362,,,,,,0.025397425051778555
sub-01__jax_gpu_fixed,jax_gpu_fixed,sub-01,533,-1.154187518176625,,,,,,0.02523054589983076
sub-01__jax_gpu_fixed,jax_gpu_fixed,sub-01,534,-1.1541836771131975,,,,,,0.025272335042245686
sub-01__jax_gpu_fixed,jax_gpu_fixed,sub-01,535,-1.1541797942265037,,,,,,0.025330325006507337
sub-01__jax_gpu_fixed,jax_gpu_fixed,sub-01,536,-1.1541757315291838,,,,,,0.02526039502117783
sub-01__jax_gpu_fixed,jax_gpu_fixed,sub-01,537,-1.1541718636108722,,,,,,0.025258306064642966
sub-01__jax_gpu_fixed,jax_gpu_fixed,sub-01,538,-1.1541715374106878,,,,,,0.025191384949721396
sub-01__jax_gpu_fixed,jax_gpu_fixed,sub-01,539,-1.1541834827055408,,,,,,0.025280575966462493
sub-01__jax_gpu_fixed,jax_gpu_fixed,sub-01,540,-1.1542210751174216,,,,,,0.025387104018591344
sub-01__jax_gpu_fixed,jax_gpu_fixed,sub-01,541,-1.1541690637665842,,,,,,0.025176516035571694
sub-01__jax_gpu_fixed,jax_gpu_fixed,sub-01,542,-1.1541496570276069,,,,,,0.02523371495772153
sub-01__jax_gpu_fixed,jax_gpu_fixed,sub-01,543,-1.1541430378251212,,,,,,0.02519888593815267
sub-01__jax_gpu_fixed,jax_gpu_fixed,sub-01,544,-1.1541374461394718,,,,,,0.025185826001688838
sub-01__jax_gpu_fixed,jax_gpu_fixed,sub-01,545,-1.1541317238856972,,,,,,0.025257274974137545
sub-01__jax_gpu_fixed,jax_gpu_fixed,sub-01,546,-1.154125808116595,,,,,,0.025235545937903225
sub-01__jax_gpu_fixed,jax_gpu_fixed,sub-01,547,-1.154120790245078,,,,,,0.025278765009716153
sub-01__jax_gpu_fixed,jax_gpu_fixed,sub-01,548,-1.1541251317770818,,,,,,0.025264385039918125
sub-01__jax_gpu_fixed,jax_gpu_fixed,sub-01,549,-1.154144224110311,,,,,,0.025323674897663295
sub-01__jax_gpu_fixed,jax_gpu_fixed,sub-01,550,-1.1541089060651708,,,,,,0.02534038503654301
sub-01__jax_gpu_fixed,jax_gpu_fixed,sub-01,551,-1.1540915957127746,,,,,,0.02537158492486924
sub-01__jax_gpu_fixed,jax_gpu_fixed,sub-01,552,-1.1540839797141185,,,,,,0.025378364021889865
sub-01__jax_gpu_fixed,jax_gpu_fixed,sub-01,553,-1.1540758865089917,,,,,,0.02539717499166727
sub-01__jax_gpu_fixed,jax_gpu_fixed,sub-01,554,-1.154067125997835,,,,,,0.025319505017250776
sub-01__jax_gpu_fixed,jax_gpu_fixed,sub-01,555,-1.1540579273117118,,,,,,0.025401544058695436
sub-01__jax_gpu_fixed,jax_gpu_fixed,sub-01,556,-1.1540504358589747,,,,,,0.025274874991737306
sub-01__jax_gpu_fixed,jax_gpu_fixed,sub-01,557,-1.1540507586982556,,,,,,0.025343314977362752
sub-01__jax_gpu_fixed,jax_gpu_fixed,sub-01,558,-1.1540685216842081,,,,,,0.025291214929893613
sub-01__jax_gpu_fixed,jax_gpu_fixed,sub-01,559,-1.1540235065649596,,,,,,0.025332064949907362
sub-01__jax_gpu_fixed,jax_gpu_fixed,sub-01,560,-1.1540035359615115,,,,,,0.025252396007999778
sub-01__jax_gpu_fixed,jax_gpu_fixed,sub-01,561,-1.1539900494288053,,,,,,0.025380025035701692
sub-01__jax_gpu_fixed,jax_gpu_fixed,sub-01,562,-1.1539762892572945,,,,,,0.02531294501386583
sub-01__jax_gpu_fixed,jax_gpu_fixed,sub-01,563,-1.1539615143273987,,,,,,0.025336134945973754
sub-01__jax_gpu_fixed,jax_gpu_fixed,sub-01,564,-1.1539456493111235,,,,,,0.02533513493835926
sub-01__jax_gpu_fixed,jax_gpu_fixed,sub-01,565,-1.1539290804979379,,,,,,0.025355014018714428
sub-01__jax_gpu_fixed,jax_gpu_fixed,sub-01,566,-1.1539141097011694,,,,,,0.02529616595711559
sub-01__jax_gpu_fixed,jax_gpu_fixed,sub-01,567,-1.1539033168411204,,,,,,0.025414743926376104
sub-01__jax_gpu_fixed,jax_gpu_fixed,sub-01,568,-1.1538992183178882,,,,,,0.025398213998414576
sub-01__jax_gpu_fixed,jax_gpu_fixed,sub-01,569,-1.1538921892083698,,,,,,0.025298156077042222
sub-01__jax_gpu_fixed,jax_gpu_fixed,sub-01,570,-1.153880748959567,,,,,,0.025256845983676612
sub-01__jax_gpu_fixed,jax_gpu_fixed,sub-01,571,-1.1538634649026374,,,,,,0.02536138508003205
sub-01__jax_gpu_fixed,jax_gpu_fixed,sub-01,572,-1.1538418855027774,,,,,,0.02518468606285751
sub-01__jax_gpu_fixed,jax_gpu_fixed,sub-01,573,-1.1538174465212652,,,,,,0.02535505499690771
sub-01__jax_gpu_fixed,jax_gpu_fixed,sub-01,574,-1.153797441119579,,,,,,0.02521949599031359
sub-01__jax_gpu_fixed,jax_gpu_fixed,sub-01,575,-1.1537715866639675,,,,,,0.025234535103663802
sub-01__jax_gpu_fixed,jax_gpu_fixed,sub-01,576,-1.153755368762406,,,,,,0.025199166033416986
sub-01__jax_gpu_fixed,jax_gpu_fixed,sub-01,577,-1.1537319224914382,,,,,,0.025235465029254556
sub-01__jax_gpu_fixed,jax_gpu_fixed,sub-01,578,-1.1537178129811123,,,,,,0.025355765013955534
sub-01__jax_gpu_fixed,jax_gpu_fixed,sub-01,579,-1.1536990565555785,,,,,,0.025304355076514184
sub-01__jax_gpu_fixed,jax_gpu_fixed,sub-01,580,-1.153687140329389,,,,,,0.025268945028074086
sub-01__jax_gpu_fixed,jax_gpu_fixed,sub-01,581,-1.153673485472353,,,,,,0.025261805043555796
sub-01__jax_gpu_fixed,jax_gpu_fixed,sub-01,582,-1.1536636861632257,,,,,,0.025173146044835448
sub-01__jax_gpu_fixed,jax_gpu_fixed,sub-01,583,-1.1536543732508528,,,,,,0.02524113596882671
sub-01__jax_gpu_fixed,jax_gpu_fixed,sub-01,584,-1.153646737259901,,,,,,0.02525080507621169
sub-01__jax_gpu_fixed,jax_gpu_fixed,sub-01,585,-1.1536394733987447,,,,,,0.025242525967769325
sub-01__jax_gpu_fixed,jax_gpu_fixed,sub-01,586,-1.153633626117774,,,,,,0.025222565047442913
sub-01__jax_gpu_fixed,jax_gpu_fixed,sub-01,587,-1.1536283088497508,,,,,,0.025206956081092358
sub-01__jax_gpu_fixed,jax_gpu_fixed,sub-01,588,-1.1536237607015758,,,,,,0.02525198506191373
sub-01__jax_gpu_fixed,jax_gpu_fixed,sub-01,589,-1.153619486046797,,,,,,0.025160965975373983
sub-01__jax_gpu_fixed,jax_gpu_fixed,sub-01,590,-1.1536158310352522,,,,,,0.02534400497097522
sub-01__jax_gpu_fixed,jax_gpu_fixed,sub-01,591,-1.1536123429715244,,,,,,0.025308644981123507
sub-01__jax_gpu_fixed,jax_gpu_fixed,sub-01,592,-1.1536092462870884,,,,,,0.02530569490045309
sub-01__jax_gpu_fixed,jax_gpu_fixed,sub-01,593,-1.1536063750424674,,,,,,0.025237135007046163
sub-01__jax_gpu_fixed,jax_gpu_fixed,sub-01,594,-1.153603697909544,,,,,,0.025304705020971596
sub-01__jax_gpu_fixed,jax_gpu_fixed,sub-01,595,-1.1536011766069352,,,,,,0.025246385019272566
sub-01__jax_gpu_fixed,jax_gpu_fixed,sub-01,596,-1.153598770751427,,,,,,0.025327324983663857
sub-01__jax_gpu_fixed,jax_gpu_fixed,sub-01,597,-1.1535965143264133,,,,,,0.025267504970543087
sub-01__jax_gpu_fixed,jax_gpu_fixed,sub-01,598,-1.1535943085538836,,,,,,0.02526472497265786
sub-01__jax_gpu_fixed,jax_gpu_fixed,sub-01,599,-1.153592134064781,,,,,,0.02523399598430842
sub-01__jax_gpu_fixed,jax_gpu_fixed,sub-01,600,-1.153590029601884,,,,,,0.025428734021261334
sub-01__jax_gpu_fixed,jax_gpu_fixed,sub-01,601,-1.1535879467001675,,,,,,0.02520495606586337
sub-01__jax_gpu_fixed,jax_gpu_fixed,sub-01,602,-1.153585939450729,,,,,,0.025280354893766344
sub-01__jax_gpu_fixed,jax_gpu_fixed,sub-01,603,-1.1535839584702756,,,,,,0.02530416497029364
sub-01__jax_gpu_fixed,jax_gpu_fixed,sub-01,604,-1.15358198423625,,,,,,0.0253568550106138
sub-01__jax_gpu_fixed,jax_gpu_fixed,sub-01,605,-1.1535800439282367,,,,,,0.025445724022574723
sub-01__jax_gpu_fixed,jax_gpu_fixed,sub-01,606,-1.15357813632357,,,,,,0.02530867501627654
sub-01__jax_gpu_fixed,jax_gpu_fixed,sub-01,607,-1.153576232296305,,,,,,0.02524663507938385
sub-01__jax_gpu_fixed,jax_gpu_fixed,sub-01,608,-1.153574380697405,,,,,,0.02536082500591874
sub-01__jax_gpu_fixed,jax_gpu_fixed,sub-01,609,-1.1535724788314459,,,,,,0.02529494499322027
sub-01__jax_gpu_fixed,jax_gpu_fixed,sub-01,610,-1.1535705941201275,,,,,,0.025252684950828552
sub-01__jax_gpu_fixed,jax_gpu_fixed,sub-01,611,-1.153568695341443,,,,,,0.025331884971819818
sub-01__jax_gpu_fixed,jax_gpu_fixed,sub-01,612,-1.1535668290686008,,,,,,0.025380814913660288
sub-01__jax_gpu_fixed,jax_gpu_fixed,sub-01,613,-1.1535649522164535,,,,,,0.025375694036483765
sub-01__jax_gpu_fixed,jax_gpu_fixed,sub-01,614,-1.1535630894245157,,,,,,0.025325714028440416
sub-01__jax_gpu_fixed,jax_gpu_fixed,sub-01,615,-1.1535612509378028,,,,,,0.025360945030115545
sub-01__jax_gpu_fixed,jax_gpu_fixed,sub-01,616,-1.1535594351912657,,,,,,0.025272764964029193
sub-01__jax_gpu_fixed,jax_gpu_fixed,sub-01,617,-1.1535575829147675,,,,,,0.025269855046644807
sub-01__jax_gpu_fixed,jax_gpu_fixed,sub-01,618,-1.1535557421553289,,,,,,0.02536068402696401
sub-01__jax_gpu_fixed,jax_gpu_fixed,sub-01,619,-1.1535538852382519,,,,,,0.025416044984012842
sub-01__jax_gpu_fixed,jax_gpu_fixed,sub-01,620,-1.153552143249351,,,,,,0.025310204946435988
sub-01__jax_gpu_fixed,jax_gpu_fixed,sub-01,621,-1.153550321081728,,,,,,0.025336444028653204
sub-01__jax_gpu_fixed,jax_gpu_fixed,sub-01,622,-1.1535485026365082,,,,,,0.025308493990451097
sub-01__jax_gpu_fixed,jax_gpu_fixed,sub-01,623,-1.1535467628112652,,,,,,0.02531197597272694
sub-01__jax_gpu_fixed,jax_gpu_fixed,sub-01,624,-1.1535449645898717,,,,,,0.02530957607086748
sub-01__jax_gpu_fixed,jax_gpu_fixed,sub-01,625,-1.1535432201442422,,,,,,0.02537847508210689
sub-01__jax_gpu_fixed,jax_gpu_fixed,sub-01,626,-1.1535414437974651,,,,,,0.02528738498222083
sub-01__jax_gpu_fixed,jax_gpu_fixed,sub-01,627,-1.1535396829722826,,,,,,0.025304634938947856
sub-01__jax_gpu_fixed,jax_gpu_fixed,sub-01,628,-1.1535378851376532,,,,,,0.025420384015887976
sub-01__jax_gpu_fixed,jax_gpu_fixed,sub-01,629,-1.1535361240405742,,,,,,0.02530335495248437
sub-01__jax_gpu_fixed,jax_gpu_fixed,sub-01,630,-1.1535343731512582,,,,,,0.02529410505667329
sub-01__jax_gpu_fixed,jax_gpu_fixed,sub-01,631,-1.153532671058056,,,,,,0.025572093087248504
sub-01__jax_gpu_fixed,jax_gpu_fixed,sub-01,632,-1.153530906142349,,,,,,0.02528164500836283
sub-01__jax_gpu_fixed,jax_gpu_fixed,sub-01,633,-1.1535291178874718,,,,,,0.025322285015136003
sub-01__jax_gpu_fixed,jax_gpu_fixed,sub-01,634,-1.1535274434610092,,,,,,0.025330945034511387
sub-01__jax_gpu_fixed,jax_gpu_fixed,sub-01,635,-1.1535257855373038,,,,,,0.02533227507956326
sub-01__jax_gpu_fixed,jax_gpu_fixed,sub-01,636,-1.153524101011894,,,,,,0.025359995081089437
sub-01__jax_gpu_fixed,jax_gpu_fixed,sub-01,637,-1.15352241177217,,,,,,0.025263215065933764
sub-01__jax_gpu_fixed,jax_gpu_fixed,sub-01,638,-1.1535207301863606,,,,,,0.025269335019402206
sub-01__jax_gpu_fixed,jax_gpu_fixed,sub-01,639,-1.1535191690437834,,,,,,0.0253255550051108
sub-01__jax_gpu_fixed,jax_gpu_fixed,sub-01,640,-1.1535174566298685,,,,,,0.02526778494939208
sub-01__jax_gpu_fixed,jax_gpu_fixed,sub-01,641,-1.1535158000406387,,,,,,0.025405214983038604
sub-01__jax_gpu_fixed,jax_gpu_fixed,sub-01,642,-1.1535141579875619,,,,,,0.025439083925448358
sub-01__jax_gpu_fixed,jax_gpu_fixed,sub-01,643,-1.1535125764280694,,,,,,0.02535404497757554
sub-01__jax_gpu_fixed,jax_gpu_fixed,sub-01,644,-1.153510953404464,,,,,,0.025291375000961125
sub-01__jax_gpu_fixed,jax_gpu_fixed,sub-01,645,-1.153509411525982,,,,,,0.02537965402007103
sub-01__jax_gpu_fixed,jax_gpu_fixed,sub-01,646,-1.1535077683155912,,,,,,0.025221014977432787
sub-01__jax_gpu_fixed,jax_gpu_fixed,sub-01,647,-1.1535061598088776,,,,,,0.025302615016698837
sub-01__jax_gpu_fixed,jax_gpu_fixed,sub-01,648,-1.1535045571984424,,,,,,0.02536590490490198
sub-01__jax_gpu_fixed,jax_gpu_fixed,sub-01,649,-1.1535030448902763,,,,,,0.025341704953461885
sub-01__jax_gpu_fixed,jax_gpu_fixed,sub-01,650,-1.1535014988095467,,,,,,0.02530137507710606
sub-01__jax_gpu_fixed,jax_gpu_fixed,sub-01,651,-1.1534999036219278,,,,,,0.025353144039399922
sub-01__jax_gpu_fixed,jax_gpu_fixed,sub-01,652,-1.1534983618874282,,,,,,0.02538029500283301
sub-01__jax_gpu_fixed,jax_gpu_fixed,sub-01,653,-1.1534967660743436,,,,,,0.025306174997240305
sub-01__jax_gpu_fixed,jax_gpu_fixed,sub-01,654,-1.153495257895749,,,,,,0.02531551499851048
sub-01__jax_gpu_fixed,jax_gpu_fixed,sub-01,655,-1.1534937540509593,,,,,,0.025446054060012102
sub-01__jax_gpu_fixed,jax_gpu_fixed,sub-01,656,-1.1534922411320119,,,,,,0.025245415046811104
sub-01__jax_gpu_fixed,jax_gpu_fixed,sub-01,657,-1.153490725340416,,,,,,0.025362914078868926
sub-01__jax_gpu_fixed,jax_gpu_fixed,sub-01,658,-1.153489200826249,,,,,,0.02535845502279699
sub-01__jax_gpu_fixed,jax_gpu_fixed,sub-01,659,-1.1534877601742213,,,,,,0.025312404963187873
sub-01__jax_gpu_fixed,jax_gpu_fixed,sub-01,660,-1.153486289043651,,,,,,0.025345754926092923
sub-01__jax_gpu_fixed,jax_gpu_fixed,sub-01,661,-1.1534848936888464,,,,,,0.025346954935230315
sub-01__jax_gpu_fixed,jax_gpu_fixed,sub-01,662,-1.1534835793985707,,,,,,0.025328194024041295
sub-01__jax_gpu_fixed,jax_gpu_fixed,sub-01,663,-1.1534821036078233,,,,,,0.025318374042399228
sub-01__jax_gpu_fixed,jax_gpu_fixed,sub-01,664,-1.1534806497613852,,,,,,0.02526513603515923
sub-01__jax_gpu_fixed,jax_gpu_fixed,sub-01,665,-1.1534792098908986,,,,,,0.025324995047412813
sub-01__jax_gpu_fixed,jax_gpu_fixed,sub-01,666,-1.1534779350541582,,,,,,0.025352844037115574
sub-01__jax_gpu_fixed,jax_gpu_fixed,sub-01,667,-1.1534765461574077,,,,,,0.025389374932274222
sub-01__jax_gpu_fixed,jax_gpu_fixed,sub-01,668,-1.1534751716603833,,,,,,0.025330304983071983
sub-01__jax_gpu_fixed,jax_gpu_fixed,sub-01,669,-1.153473842970129,,,,,,0.025280815083533525
sub-01__jax_gpu_fixed,jax_gpu_fixed,sub-01,670,-1.1534725562869343,,,,,,0.025271224905736744
sub-01__jax_gpu_fixed,jax_gpu_fixed,sub-01,671,-1.1534713385244963,,,,,,0.025337735074572265
sub-01__jax_gpu_fixed,jax_gpu_fixed,sub-01,672,-1.153470139220907,,,,,,0.025415493990294635
sub-01__jax_gpu_fixed,jax_gpu_fixed,sub-01,673,-1.1534689783798557,,,,,,0.025374155025929213
sub-01__jax_gpu_fixed,jax_gpu_fixed,sub-01,674,-1.1534676553876992,,,,,,0.025389695074409246
sub-01__jax_gpu_fixed,jax_gpu_fixed,sub-01,675,-1.1534663573350212,,,,,,0.02533105597831309
sub-01__jax_gpu_fixed,jax_gpu_fixed,sub-01,676,-1.1534652405024375,,,,,,0.025343943969346583
sub-01__jax_gpu_fixed,jax_gpu_fixed,sub-01,677,-1.1534640483198586,,,,,,0.025328435003757477
sub-01__jax_gpu_fixed,jax_gpu_fixed,sub-01,678,-1.153462736485642,,,,,,0.025392994983121753
sub-01__jax_gpu_fixed,jax_gpu_fixed,sub-01,679,-1.1534614410583137,,,,,,0.025282804970629513
sub-01__jax_gpu_fixed,jax_gpu_fixed,sub-01,680,-1.1534601855129705,,,,,,0.0253214449621737
sub-01__jax_gpu_fixed,jax_gpu_fixed,sub-01,681,-1.1534589328396951,,,,,,0.02533634507562965
sub-01__jax_gpu_fixed,jax_gpu_fixed,sub-01,682,-1.1534576889866854,,,,,,0.025364944012835622
sub-01__jax_gpu_fixed,jax_gpu_fixed,sub-01,683,-1.153456558623233,,,,,,0.025347545044496655
sub-01__jax_gpu_fixed,jax_gpu_fixed,sub-01,684,-1.1534554589284876,,,,,,0.02539215493015945
sub-01__jax_gpu_fixed,jax_gpu_fixed,sub-01,685,-1.1534543652404634,,,,,,0.025365925044752657
sub-01__jax_gpu_fixed,jax_gpu_fixed,sub-01,686,-1.1534532315926682,,,,,,0.025306094903498888
sub-01__jax_gpu_fixed,jax_gpu_fixed,sub-01,687,-1.1534521297985603,,,,,,0.02542599500156939
sub-01__jax_gpu_fixed,jax_gpu_fixed,sub-01,688,-1.1534509895400997,,,,,,0.025370625080540776
sub-01__jax_gpu_fixed,jax_gpu_fixed,sub-01,689,-1.153449985429619,,,,,,0.02534964494407177
sub-01__jax_gpu_fixed,jax_gpu_fixed,sub-01,690,-1.1534488945296393,,,,,,0.02526420506183058
sub-01__jax_gpu_fixed,jax_gpu_fixed,sub-01,691,-1.1534477755216934,,,,,,0.025362144922837615
sub-01__jax_gpu_fixed,jax_gpu_fixed,sub-01,692,-1.153446692531652,,,,,,0.025345674948766828
sub-01__jax_gpu_fixed,jax_gpu_fixed,sub-01,693,-1.1534455957623702,,,,,,0.02530830493196845
sub-01__jax_gpu_fixed,jax_gpu_fixed,sub-01,694,-1.1534445409113419,,,,,,0.025312534999102354
sub-01__jax_gpu_fixed,jax_gpu_fixed,sub-01,695,-1.1534435593566017,,,,,,0.02528887498192489
sub-01__jax_gpu_fixed,jax_gpu_fixed,sub-01,696,-1.1534425012916647,,,,,,0.025305345072411
sub-01__jax_gpu_fixed,jax_gpu_fixed,sub-01,697,-1.1534414965450015,,,,,,0.02537498506717384
sub-01__jax_gpu_fixed,jax_gpu_fixed,sub-01,698,-1.1534404695925005,,,,,,0.025430724024772644
sub-01__jax_gpu_fixed,jax_gpu_fixed,sub-01,699,-1.153439461619327,,,,,,0.025341274915263057
sub-01__jax_gpu_fixed,jax_gpu_fixed,sub-01,700,-1.153438544098694,,,,,,0.025333963916637003
sub-01__jax_gpu_fixed,jax_gpu_fixed,sub-01,701,-1.1534375639162076,,,,,,0.025450435001403093
sub-01__jax_gpu_fixed,jax_gpu_fixed,sub-01,702,-1.1534365853832453,,,,,,0.025357304024510086
sub-01__jax_gpu_fixed,jax_gpu_fixed,sub-01,703,-1.153435605951147,,,,,,0.02550496405456215
sub-01__jax_gpu_fixed,jax_gpu_fixed,sub-01,704,-1.153434699274115,,,,,,0.02532812498975545
sub-01__jax_gpu_fixed,jax_gpu_fixed,sub-01,705,-1.1534337783856046,,,,,,0.025289325043559074
sub-01__jax_gpu_fixed,jax_gpu_fixed,sub-01,706,-1.1534328930034423,,,,,,0.025260464986786246
sub-01__jax_gpu_fixed,jax_gpu_fixed,sub-01,707,-1.1534319928548362,,,,,,0.025371075025759637
sub-01__jax_gpu_fixed,jax_gpu_fixed,sub-01,708,-1.153431086452876,,,,,,0.025283685070462525
sub-01__jax_gpu_fixed,jax_gpu_fixed,sub-01,709,-1.153430181748589,,,,,,0.02529400505591184
sub-01__jax_gpu_fixed,jax_gpu_fixed,sub-01,710,-1.153429262841992,,,,,,0.02533647499512881
sub-01__jax_gpu_fixed,jax_gpu_fixed,sub-01,711,-1.1534283551518296,,,,,,0.025413915049284697
sub-01__jax_gpu_fixed,jax_gpu_fixed,sub-01,712,-1.1534274801918265,,,,,,0.02545496402308345
sub-01__jax_gpu_fixed,jax_gpu_fixed,sub-01,713,-1.1534266194017138,,,,,,0.025330225005745888
sub-01__jax_gpu_fixed,jax_gpu_fixed,sub-01,714,-1.1534257603564744,,,,,,0.025293885031715035
sub-01__jax_gpu_fixed,jax_gpu_fixed,sub-01,715,-1.1534249334872326,,,,,,0.025289225042797625
sub-01__jax_gpu_fixed,jax_gpu_fixed,sub-01,716,-1.153424099412178,,,,,,0.025380374980159104
sub-01__jax_gpu_fixed,jax_gpu_fixed,sub-01,717,-1.1534232568470337,,,,,,0.025336494902148843
sub-01__jax_gpu_fixed,jax_gpu_fixed,sub-01,718,-1.153422447419398,,,,,,0.025269486010074615
sub-01__jax_gpu_fixed,jax_gpu_fixed,sub-01,719,-1.1534216301589428,,,,,,0.02534313395153731
sub-01__jax_gpu_fixed,jax_gpu_fixed,sub-01,720,-1.153420814752551,,,,,,0.02533882507123053
sub-01__jax_gpu_fixed,jax_gpu_fixed,sub-01,721,-1.1534200006078135,,,,,,0.02539111499208957
sub-01__jax_gpu_fixed,jax_gpu_fixed,sub-01,722,-1.1534192259609157,,,,,,0.025384424021467566
sub-01__jax_gpu_fixed,jax_gpu_fixed,sub-01,723,-1.1534184268255683,,,,,,0.025362474960274994
sub-01__jax_gpu_fixed,jax_gpu_fixed,sub-01,724,-1.153417625885084,,,,,,0.02539236401207745
sub-01__jax_gpu_fixed,jax_gpu_fixed,sub-01,725,-1.153416835315474,,,,,,0.025419105077162385
sub-01__jax_gpu_fixed,jax_gpu_fixed,sub-01,726,-1.1534160602126162,,,,,,0.025356834987178445
sub-01__jax_gpu_fixed,jax_gpu_fixed,sub-01,727,-1.1534152921237941,,,,,,0.02534539403859526
sub-01__jax_gpu_fixed,jax_gpu_fixed,sub-01,728,-1.1534145243490206,,,,,,0.025358175043947995
sub-01__jax_gpu_fixed,jax_gpu_fixed,sub-01,729,-1.1534137785082108,,,,,,0.025311875040642917
sub-01__jax_gpu_fixed,jax_gpu_fixed,sub-01,730,-1.1534130211261249,,,,,,0.025417783996090293
sub-01__jax_gpu_fixed,jax_gpu_fixed,sub-01,731,-1.1534122811199345,,,,,,0.025382464984431863
sub-01__jax_gpu_fixed,jax_gpu_fixed,sub-01,732,-1.153411550162412,,,,,,0.025264285039156675
sub-01__jax_gpu_fixed,jax_gpu_fixed,sub-01,733,-1.1534108326827797,,,,,,0.025287274969741702
sub-01__jax_gpu_fixed,jax_gpu_fixed,sub-01,734,-1.1534101260587175,,,,,,0.02529527503065765
sub-01__jax_gpu_fixed,jax_gpu_fixed,sub-01,735,-1.1534094178472587,,,,,,0.025368724018335342
sub-01__jax_gpu_fixed,jax_gpu_fixed,sub-01,736,-1.1534087215238227,,,,,,0.02533618500456214
sub-01__jax_gpu_fixed,jax_gpu_fixed,sub-01,737,-1.1534080250078733,,,,,,0.025382934953086078
sub-01__jax_gpu_fixed,jax_gpu_fixed,sub-01,738,-1.1534073344388966,,,,,,0.025327873998321593
sub-01__jax_gpu_fixed,jax_gpu_fixed,sub-01,739,-1.153406642485176,,,,,,0.02528568496927619
sub-01__jax_gpu_fixed,jax_gpu_fixed,sub-01,740,-1.1534059554836769,,,,,,0.02532024506945163
sub-01__jax_gpu_fixed,jax_gpu_fixed,sub-01,741,-1.1534052757484303,,,,,,0.025354373967275023
sub-01__jax_gpu_fixed,jax_gpu_fixed,sub-01,742,-1.1534045995275584,,,,,,0.025421653990633786
sub-01__jax_gpu_fixed,jax_gpu_fixed,sub-01,743,-1.153403930077287,,,,,,0.02542065503075719
sub-01__jax_gpu_fixed,jax_gpu_fixed,sub-01,744,-1.1534032570805293,,,,,,0.025343015091493726
sub-01__jax_gpu_fixed,jax_gpu_fixed,sub-01,745,-1.153402597070077,,,,,,0.025291754980571568
sub-01__jax_gpu_fixed,jax_gpu_fixed,sub-01,746,-1.1534019415157537,,,,,,0.025327334995381534
sub-01__jax_gpu_fixed,jax_gpu_fixed,sub-01,747,-1.153401284581129,,,,,,0.025381014100275934
sub-01__jax_gpu_fixed,jax_gpu_fixed,sub-01,748,-1.1534006478859282,,,,,,0.02537159505300224
sub-01__jax_gpu_fixed,jax_gpu_fixed,sub-01,749,-1.1534000124638588,,,,,,0.025366555084474385
sub-01__jax_gpu_fixed,jax_gpu_fixed,sub-01,750,-1.1533993761944556,,,,,,0.025367274065501988
sub-01__jax_gpu_fixed,jax_gpu_fixed,sub-01,751,-1.1533987424131187,,,,,,0.025362634914927185
sub-01__jax_gpu_fixed,jax_gpu_fixed,sub-01,752,-1.1533981158703552,,,,,,0.02533993497490883
sub-01__jax_gpu_fixed,jax_gpu_fixed,sub-01,753,-1.1533975010922215,,,,,,0.0255081239156425
sub-01__jax_gpu_fixed,jax_gpu_fixed,sub-01,754,-1.153396889844095,,,,,,0.025427144020795822
sub-01__jax_gpu_fixed,jax_gpu_fixed,sub-01,755,-1.1533962865395078,,,,,,0.02535548503510654
sub-01__jax_gpu_fixed,jax_gpu_fixed,sub-01,756,-1.1533956859494348,,,,,,0.02534913399722427
sub-01__jax_gpu_fixed,jax_gpu_fixed,sub-01,757,-1.1533950912866155,,,,,,0.025392375071533024
sub-01__jax_gpu_fixed,jax_gpu_fixed,sub-01,758,-1.1533944985979145,,,,,,0.025360225001350045
sub-01__jax_gpu_fixed,jax_gpu_fixed,sub-01,759,-1.153393916907094,,,,,,0.02533203491475433
sub-01__jax_gpu_fixed,jax_gpu_fixed,sub-01,760,-1.1533933362622886,,,,,,0.025411905022338033
sub-01__jax_gpu_fixed,jax_gpu_fixed,sub-01,761,-1.1533927614410528,,,,,,0.025433624046854675
sub-01__jax_gpu_fixed,jax_gpu_fixed,sub-01,762,-1.1533921948490637,,,,,,0.025299774948507547
sub-01__jax_gpu_fixed,jax_gpu_fixed,sub-01,763,-1.1533916312163899,,,,,,0.025443884078413248
sub-01__jax_gpu_fixed,jax_gpu_fixed,sub-01,764,-1.15339107007383,,,,,,0.025361375068314373
sub-01__jax_gpu_fixed,jax_gpu_fixed,sub-01,765,-1.1533905159029803,,,,,,0.025345335016027093
sub-01__jax_gpu_fixed,jax_gpu_fixed,sub-01,766,-1.1533899711332987,,,,,,0.025302784983068705
sub-01__jax_gpu_fixed,jax_gpu_fixed,sub-01,767,-1.153389424916744,,,,,,0.025424423976801336
sub-01__jax_gpu_fixed,jax_gpu_fixed,sub-01,768,-1.153388878799346,,,,,,0.02527126600034535
sub-01__jax_gpu_fixed,jax_gpu_fixed,sub-01,769,-1.1533883435204575,,,,,,0.02534012496471405
sub-01__jax_gpu_fixed,jax_gpu_fixed,sub-01,770,-1.1533878081429694,,,,,,0.02534068503882736
sub-01__jax_gpu_fixed,jax_gpu_fixed,sub-01,771,-1.1533872816731021,,,,,,0.025294704944826663
sub-01__jax_gpu_fixed,jax_gpu_fixed,sub-01,772,-1.1533867561715736,,,,,,0.02530635497532785
sub-01__jax_gpu_fixed,jax_gpu_fixed,sub-01,773,-1.1533862381367486,,,,,,0.025312275043688715
sub-01__jax_gpu_fixed,jax_gpu_fixed,sub-01,774,-1.1533857234585494,,,,,,0.02527346496935934
sub-01__jax_gpu_fixed,jax_gpu_fixed,sub-01,775,-1.1533852186171945,,,,,,0.02529369597323239
sub-01__jax_gpu_fixed,jax_gpu_fixed,sub-01,776,-1.1533847075568564,,,,,,0.0253371549770236
sub-01__jax_gpu_fixed,jax_gpu_fixed,sub-01,777,-1.1533842049763419,,,,,,0.025276656029745936
sub-01__jax_gpu_fixed,jax_gpu_fixed,sub-01,778,-1.1533837044352169,,,,,,0.025353234028443694
sub-01__jax_gpu_fixed,jax_gpu_fixed,sub-01,779,-1.153383212287085,,,,,,0.02542219404131174
sub-01__jax_gpu_fixed,jax_gpu_fixed,sub-01,780,-1.153382721662676,,,,,,0.025405094027519226
sub-01__jax_gpu_fixed,jax_gpu_fixed,sub-01,781,-1.153382240697874,,,,,,0.02538971498142928
sub-01__jax_gpu_fixed,jax_gpu_fixed,sub-01,782,-1.1533817609028658,,,,,,0.025336615042760968
sub-01__jax_gpu_fixed,jax_gpu_fixed,sub-01,783,-1.1533812843551445,,,,,,0.025312584009952843
sub-01__jax_gpu_fixed,jax_gpu_fixed,sub-01,784,-1.1533808136885464,,,,,,0.02529264602344483
sub-01__jax_gpu_fixed,jax_gpu_fixed,sub-01,785,-1.1533803408332652,,,,,,0.02530006505548954
sub-01__jax_gpu_fixed,jax_gpu_fixed,sub-01,786,-1.1533798790355851,,,,,,0.02530609501991421
sub-01__jax_gpu_fixed,jax_gpu_fixed,sub-01,787,-1.1533794153270411,,,,,,0.025333954952657223
sub-01__jax_gpu_fixed,jax_gpu_fixed,sub-01,788,-1.1533789536224914,,,,,,0.025388773996382952
sub-01__jax_gpu_fixed,jax_gpu_fixed,sub-01,789,-1.153378496912423,,,,,,0.025277436012402177
sub-01__jax_gpu_fixed,jax_gpu_fixed,sub-01,790,-1.1533780403723244,,,,,,0.025401755003258586
sub-01__jax_gpu_fixed,jax_gpu_fixed,sub-01,791,-1.153377587967379,,,,,,0.025305314920842648
sub-01__jax_gpu_fixed,jax_gpu_fixed,sub-01,792,-1.1533771355107902,,,,,,0.025366774993017316
sub-01__jax_gpu_fixed,jax_gpu_fixed,sub-01,793,-1.1533766924679139,,,,,,0.025389124057255685
sub-01__jax_gpu_fixed,jax_gpu_fixed,sub-01,794,-1.153376243388595,,,,,,0.025370914954692125
sub-01__jax_gpu_fixed,jax_gpu_fixed,sub-01,795,-1.153375800835141,,,,,,0.02536066493485123
sub-01__jax_gpu_fixed,jax_gpu_fixed,sub-01,796,-1.1533753617891687,,,,,,0.025457844021730125
sub-01__jax_gpu_fixed,jax_gpu_fixed,sub-01,797,-1.1533749288124258,,,,,,0.025412724004127085
sub-01__jax_gpu_fixed,jax_gpu_fixed,sub-01,798,-1.153374494645376,,,,,,0.025340125081129372
sub-01__jax_gpu_fixed,jax_gpu_fixed,sub-01,799,-1.1533740614014036,,,,,,0.02553055400494486
sub-01__jax_gpu_fixed,jax_gpu_fixed,sub-01,800,-1.1533736304769875,,,,,,0.025301996036432683
sub-01__jax_gpu_fixed,jax_gpu_fixed,sub-01,801,-1.1533732007693307,,,,,,0.025454725022427738
sub-01__jax_gpu_fixed,jax_gpu_fixed,sub-01,802,-1.1533727746348512,,,,,,0.02530508500058204
sub-01__jax_gpu_fixed,jax_gpu_fixed,sub-01,803,-1.1533723501797661,,,,,,0.025254535023123026
sub-01__jax_gpu_fixed,jax_gpu_fixed,sub-01,804,-1.153371922753019,,,,,,0.025363714899867773
sub-01__jax_gpu_fixed,jax_gpu_fixed,sub-01,805,-1.1533715001878997,,,,,,0.025322184897959232
sub-01__jax_gpu_fixed,jax_gpu_fixed,sub-01,806,-1.1533710801761996,,,,,,0.025391493923962116
sub-01__jax_gpu_fixed,jax_gpu_fixed,sub-01,807,-1.1533706641087773,,,,,,0.02556577301584184
sub-01__jax_gpu_fixed,jax_gpu_fixed,sub-01,808,-1.1533702516287971,,,,,,0.025322355912066996
sub-01__jax_gpu_fixed,jax_gpu_fixed,sub-01,809,-1.1533698419458138,,,,,,0.025417104945518076
sub-01__jax_gpu_fixed,jax_gpu_fixed,sub-01,810,-1.1533694358926039,,,,,,0.025368934031575918
sub-01__jax_gpu_fixed,jax_gpu_fixed,sub-01,811,-1.1533690292781698,,,,,,0.025372894015163183
sub-01__jax_gpu_fixed,jax_gpu_fixed,sub-01,812,-1.1533686273120984,,,,,,0.025362994987517595
sub-01__jax_gpu_fixed,jax_gpu_fixed,sub-01,813,-1.15336822981894,,,,,,0.02549739310052246
sub-01__jax_gpu_fixed,jax_gpu_fixed,sub-01,814,-1.1533678332134345,,,,,,0.02536247402895242
sub-01__jax_gpu_fixed,jax_gpu_fixed,sub-01,815,-1.153367437754877,,,,,,0.025422874954529107
sub-01__jax_gpu_fixed,jax_gpu_fixed,sub-01,816,-1.1533670510864324,,,,,,0.025370153947733343
sub-01__jax_gpu_fixed,jax_gpu_fixed,sub-01,817,-1.1533666641307578,,,,,,0.025253145955502987
sub-01__jax_gpu_fixed,jax_gpu_fixed,sub-01,818,-1.1533662781451652,,,,,,0.025319004082120955
sub-01__jax_gpu_fixed,jax_gpu_fixed,sub-01,819,-1.153365903225243,,,,,,0.025360645027831197
sub-01__jax_gpu_fixed,jax_gpu_fixed,sub-01,820,-1.153365532998345,,,,,,0.025330774951726198
sub-01__jax_gpu_fixed,jax_gpu_fixed,sub-01,821,-1.1533651676506613,,,,,,0.02532184508163482
sub-01__jax_gpu_fixed,jax_gpu_fixed,sub-01,822,-1.1533648012163622,,,,,,0.02527218498289585
sub-01__jax_gpu_fixed,jax_gpu_fixed,sub-01,823,-1.1533644403071517,,,,,,0.02540963503997773
sub-01__jax_gpu_fixed,jax_gpu_fixed,sub-01,824,-1.1533640794906836,,,,,,0.02523124497383833
sub-01__jax_gpu_fixed,jax_gpu_fixed,sub-01,825,-1.153363720162798,,,,,,0.02532010490540415
sub-01__jax_gpu_fixed,jax_gpu_fixed,sub-01,826,-1.1533633632538145,,,,,,0.025424025021493435
sub-01__jax_gpu_fixed,jax_gpu_fixed,sub-01,827,-1.1533630069274705,,,,,,0.025371553958393633
sub-01__jax_gpu_fixed,jax_gpu_fixed,sub-01,828,-1.1533626536971158,,,,,,0.025230304920114577
sub-01__jax_gpu_fixed,jax_gpu_fixed,sub-01,829,-1.1533622991406025,,,,,,0.025363194989040494
sub-01__jax_gpu_fixed,jax_gpu_fixed,sub-01,830,-1.1533619484679043,,,,,,0.02520061598625034
sub-01__jax_gpu_fixed,jax_gpu_fixed,sub-01,831,-1.1533615988243107,,,,,,0.02524376497603953
sub-01__jax_gpu_fixed,jax_gpu_fixed,sub-01,832,-1.1533612541794067,,,,,,0.02520143601577729
sub-01__jax_gpu_fixed,jax_gpu_fixed,sub-01,833,-1.1533609055618543,,,,,,0.025375014985911548
sub-01__jax_gpu_fixed,jax_gpu_fixed,sub-01,834,-1.1533605640650415,,,,,,0.0254517940338701
sub-01__jax_gpu_fixed,jax_gpu_fixed,sub-01,835,-1.153360223232288,,,,,,0.025399364065378904
sub-01__jax_gpu_fixed,jax_gpu_fixed,sub-01,836,-1.1533598829433964,,,,,,0.025383675005286932
sub-01__jax_gpu_fixed,jax_gpu_fixed,sub-01,837,-1.1533595436716106,,,,,,0.025351264979690313
sub-01__jax_gpu_fixed,jax_gpu_fixed,sub-01,838,-1.153359207123026,,,,,,0.02533623401541263
sub-01__jax_gpu_fixed,jax_gpu_fixed,sub-01,839,-1.153358871486315,,,,,,0.025312614045105875
sub-01__jax_gpu_fixed,jax_gpu_fixed,sub-01,840,-1.1533585350070898,,,,,,0.025310883997008204
sub-01__jax_gpu_fixed,jax_gpu_fixed,sub-01,841,-1.15335820335491,,,,,,0.025386104942299426
sub-01__jax_gpu_fixed,jax_gpu_fixed,sub-01,842,-1.1533578667928004,,,,,,0.025290944962762296
sub-01__jax_gpu_fixed,jax_gpu_fixed,sub-01,843,-1.1533575330361583,,,,,,0.025428603985346854
sub-01__jax_gpu_fixed,jax_gpu_fixed,sub-01,844,-1.1533571962404185,,,,,,0.02551986405160278
sub-01__jax_gpu_fixed,jax_gpu_fixed,sub-01,845,-1.153356863694915,,,,,,0.025300595094449818
sub-01__jax_gpu_fixed,jax_gpu_fixed,sub-01,846,-1.1533565263040646,,,,,,0.02544175391085446
sub-01__jax_gpu_fixed,jax_gpu_fixed,sub-01,847,-1.153356188153051,,,,,,0.025263856048695743
sub-01__jax_gpu_fixed,jax_gpu_fixed,sub-01,848,-1.153355856280711,,,,,,0.02530804497655481
sub-01__jax_gpu_fixed,jax_gpu_fixed,sub-01,849,-1.1533555236848623,,,,,,0.025389094022102654
sub-01__jax_gpu_fixed,jax_gpu_fixed,sub-01,850,-1.1533551931728485,,,,,,0.025351524935103953
sub-01__jax_gpu_fixed,jax_gpu_fixed,sub-01,851,-1.1533548629879569,,,,,,0.025362154934555292
sub-01__jax_gpu_fixed,jax_gpu_fixed,sub-01,852,-1.1533545358850485,,,,,,0.025323504931293428
sub-01__jax_gpu_fixed,jax_gpu_fixed,sub-01,853,-1.1533542077056649,,,,,,0.025355075020343065
sub-01__jax_gpu_fixed,jax_gpu_fixed,sub-01,854,-1.153353881394365,,,,,,0.025367505033500493
sub-01__jax_gpu_fixed,jax_gpu_fixed,sub-01,855,-1.153353554155685,,,,,,0.025266984943300486
sub-01__jax_gpu_fixed,jax_gpu_fixed,sub-01,856,-1.1533532253352277,,,,,,0.02527387603186071
sub-01__jax_gpu_fixed,jax_gpu_fixed,sub-01,857,-1.153352900646753,,,,,,0.025282436050474644
sub-01__jax_gpu_fixed,jax_gpu_fixed,sub-01,858,-1.1533525734503862,,,,,,0.0252374050905928
sub-01__jax_gpu_fixed,jax_gpu_fixed,sub-01,859,-1.1533522474440319,,,,,,0.02525603596586734
sub-01__jax_gpu_fixed,jax_gpu_fixed,sub-01,860,-1.1533519242174222,,,,,,0.025306296069175005
sub-01__jax_gpu_fixed,jax_gpu_fixed,sub-01,861,-1.1533516041766212,,,,,,0.025330314063467085
sub-01__jax_gpu_fixed,jax_gpu_fixed,sub-01,862,-1.1533512831131152,,,,,,0.02521812601480633
sub-01__jax_gpu_fixed,jax_gpu_fixed,sub-01,863,-1.1533509693066086,,,,,,0.02534475491847843
sub-01__jax_gpu_fixed,jax_gpu_fixed,sub-01,864,-1.153350647579577,,,,,,0.02528001507744193
sub-01__jax_gpu_fixed,jax_gpu_fixed,sub-01,865,-1.1533503323836292,,,,,,0.025280595058575273
sub-01__jax_gpu_fixed,jax_gpu_fixed,sub-01,866,-1.1533500129866254,,,,,,0.025313804973848164
sub-01__jax_gpu_fixed,jax_gpu_fixed,sub-01,867,-1.1533497029001476,,,,,,0.025251456070691347
sub-01__jax_gpu_fixed,jax_gpu_fixed,sub-01,868,-1.153349388105143,,,,,,0.025184026104398072
sub-01__jax_gpu_fixed,jax_gpu_fixed,sub-01,869,-1.1533490790514984,,,,,,0.025283024995587766
sub-01__jax_gpu_fixed,jax_gpu_fixed,sub-01,870,-1.1533487682035013,,,,,,0.025204526027664542
sub-01__jax_gpu_fixed,jax_gpu_fixed,sub-01,871,-1.1533484564315666,,,,,,0.025375935016199946
sub-01__jax_gpu_fixed,jax_gpu_fixed,sub-01,872,-1.1533481478806278,,,,,,0.025310824974440038
sub-01__jax_gpu_fixed,jax_gpu_fixed,sub-01,873,-1.1533478387698985,,,,,,0.025393844000063837
sub-01__jax_gpu_fixed,jax_gpu_fixed,sub-01,874,-1.1533475265698496,,,,,,0.025384765001945198
sub-01__jax_gpu_fixed,jax_gpu_fixed,sub-01,875,-1.1533472187802833,,,,,,0.02530876500532031
sub-01__jax_gpu_fixed,jax_gpu_fixed,sub-01,876,-1.1533469096937916,,,,,,0.02532649494241923
sub-01__jax_gpu_fixed,jax_gpu_fixed,sub-01,877,-1.153346603380955,,,,,,0.025301475077867508
sub-01__jax_gpu_fixed,jax_gpu_fixed,sub-01,878,-1.153346298079938,,,,,,0.02528451499529183
sub-01__jax_gpu_fixed,jax_gpu_fixed,sub-01,879,-1.1533459889430786,,,,,,0.025395454023964703
sub-01__jax_gpu_fixed,jax_gpu_fixed,sub-01,880,-1.1533456863260931,,,,,,0.02528239495586604
sub-01__jax_gpu_fixed,jax_gpu_fixed,sub-01,881,-1.1533453834488772,,,,,,0.025299475993961096
sub-01__jax_gpu_fixed,jax_gpu_fixed,sub-01,882,-1.153345078613436,,,,,,0.025227935053408146
sub-01__jax_gpu_fixed,jax_gpu_fixed,sub-01,883,-1.1533447769535148,,,,,,0.025369025068357587
sub-01__jax_gpu_fixed,jax_gpu_fixed,sub-01,884,-1.1533444769237469,,,,,,0.025297564920037985
sub-01__jax_gpu_fixed,jax_gpu_fixed,sub-01,885,-1.153344177932134,,,,,,0.02534436492715031
sub-01__jax_gpu_fixed,jax_gpu_fixed,sub-01,886,-1.1533438826924864,,,,,,0.025396974058821797
sub-01__jax_gpu_fixed,jax_gpu_fixed,sub-01,887,-1.1533435889555863,,,,,,0.02538055507466197
sub-01__jax_gpu_fixed,jax_gpu_fixed,sub-01,888,-1.1533432988076668,,,,,,0.025259205023758113
sub-01__jax_gpu_fixed,jax_gpu_fixed,sub-01,889,-1.153343012063132,,,,,,0.02542959398124367
sub-01__jax_gpu_fixed,jax_gpu_fixed,sub-01,890,-1.1533427142941266,,,,,,0.02539946499746293
sub-01__jax_gpu_fixed,jax_gpu_fixed,sub-01,891,-1.153342421639573,,,,,,0.025396413984708488
sub-01__jax_gpu_fixed,jax_gpu_fixed,sub-01,892,-1.1533421300704214,,,,,,0.02535609493497759
sub-01__jax_gpu_fixed,jax_gpu_fixed,sub-01,893,-1.1533418391393582,,,,,,0.02543324395082891
sub-01__jax_gpu_fixed,jax_gpu_fixed,sub-01,894,-1.1533415455390081,,,,,,0.025379694998264313
sub-01__jax_gpu_fixed,jax_gpu_fixed,sub-01,895,-1.1533412546128725,,,,,,0.02543060400057584
sub-01__jax_gpu_fixed,jax_gpu_fixed,sub-01,896,-1.1533409626745825,,,,,,0.02543575398158282
sub-01__jax_gpu_fixed,jax_gpu_fixed,sub-01,897,-1.153340675616349,,,,,,0.025449514971114695
sub-01__jax_gpu_fixed,jax_gpu_fixed,sub-01,898,-1.1533403858844036,,,,,,0.02529585501179099
sub-01__jax_gpu_fixed,jax_gpu_fixed,sub-01,899,-1.1533400994486844,,,,,,0.02540997404139489
sub-01__jax_gpu_fixed,jax_gpu_fixed,sub-01,900,-1.1533398171682352,,,,,,0.02543324395082891
sub-01__jax_gpu_fixed,jax_gpu_fixed,sub-01,901,-1.153339545555705,,,,,,0.025304095004685223
sub-01__jax_gpu_fixed,jax_gpu_fixed,sub-01,902,-1.1533392760113164,,,,,,0.025327265029773116
sub-01__jax_gpu_fixed,jax_gpu_fixed,sub-01,903,-1.1533390071960055,,,,,,0.025380595005117357
sub-01__jax_gpu_fixed,jax_gpu_fixed,sub-01,904,-1.153338745546549,,,,,,0.025404473999515176
sub-01__jax_gpu_fixed,jax_gpu_fixed,sub-01,905,-1.1533384836378762,,,,,,0.0252697259420529
sub-01__jax_gpu_fixed,jax_gpu_fixed,sub-01,906,-1.1533382258535871,,,,,,0.02540961396880448
sub-01__jax_gpu_fixed,jax_gpu_fixed,sub-01,907,-1.1533379699232065,,,,,,0.025391013943590224
sub-01__jax_gpu_fixed,jax_gpu_fixed,sub-01,908,-1.1533377114198884,,,,,,0.025324183981865644
sub-01__jax_gpu_fixed,jax_gpu_fixed,sub-01,909,-1.1533374595347394,,,,,,0.025311885052360594
sub-01__jax_gpu_fixed,jax_gpu_fixed,sub-01,910,-1.1533372081533546,,,,,,0.02530208497773856
sub-01__jax_gpu_fixed,jax_gpu_fixed,sub-01,911,-1.153336961729143,,,,,,0.025345845031552017
sub-01__jax_gpu_fixed,jax_gpu_fixed,sub-01,912,-1.1533367212268746,,,,,,0.025396254961378872
sub-01__jax_gpu_fixed,jax_gpu_fixed,sub-01,913,-1.1533364816307223,,,,,,0.025349495001137257
sub-01__jax_gpu_fixed,jax_gpu_fixed,sub-01,914,-1.1533362376125753,,,,,,0.025342695065774024
sub-01__jax_gpu_fixed,jax_gpu_fixed,sub-01,915,-1.1533359957504785,,,,,,0.02536910492926836
sub-01__jax_gpu_fixed,jax_gpu_fixed,sub-01,916,-1.1533357544676126,,,,,,0.0253426949493587
sub-01__jax_gpu_fixed,jax_gpu_fixed,sub-01,917,-1.153335517502585,,,,,,0.02535953395999968
sub-01__jax_gpu_fixed,jax_gpu_fixed,sub-01,918,-1.1533352817173788,,,,,,0.025336064980365336
sub-01__jax_gpu_fixed,jax_gpu_fixed,sub-01,919,-1.1533350429085967,,,,,,0.025342194945551455
sub-01__jax_gpu_fixed,jax_gpu_fixed,sub-01,920,-1.1533348093702873,,,,,,0.02538623393047601
sub-01__jax_gpu_fixed,jax_gpu_fixed,sub-01,921,-1.1533345752970832,,,,,,0.025302654947154224
sub-01__jax_gpu_fixed,jax_gpu_fixed,sub-01,922,-1.1533343363264967,,,,,,0.025288505014032125
sub-01__jax_gpu_fixed,jax_gpu_fixed,sub-01,923,-1.1533341042429577,,,,,,0.0252966049592942
sub-01__jax_gpu_fixed,jax_gpu_fixed,sub-01,924,-1.1533338727721318,,,,,,0.02539579407311976
sub-01__jax_gpu_fixed,jax_gpu_fixed,sub-01,925,-1.1533336483260603,,,,,,0.025280406000092626
sub-01__jax_gpu_fixed,jax_gpu_fixed,sub-01,926,-1.1533334239392554,,,,,,0.025312893907539546
sub-01__jax_gpu_fixed,jax_gpu_fixed,sub-01,927,-1.1533332028209964,,,,,,0.025330004980787635
sub-01__jax_gpu_fixed,jax_gpu_fixed,sub-01,928,-1.1533329822193383,,,,,,0.02533511398360133
sub-01__jax_gpu_fixed,jax_gpu_fixed,sub-01,929,-1.1533327659840498,,,,,,0.025407754932530224
sub-01__jax_gpu_fixed,jax_gpu_fixed,sub-01,930,-1.1533325504366263,,,,,,0.02537205396220088
sub-01__jax_gpu_fixed,jax_gpu_fixed,sub-01,931,-1.153332340812696,,,,,,0.02538544498383999
sub-01__jax_gpu_fixed,jax_gpu_fixed,sub-01,932,-1.153332135963856,,,,,,0.025370014016516507
sub-01__jax_gpu_fixed,jax_gpu_fixed,sub-01,933,-1.1533319261009545,,,,,,0.025354455108754337
sub-01__jax_gpu_fixed,jax_gpu_fixed,sub-01,934,-1.1533317240387602,,,,,,0.025379525031894445
sub-01__jax_gpu_fixed,jax_gpu_fixed,sub-01,935,-1.1533315187057696,,,,,,0.025393713964149356
sub-01__jax_gpu_fixed,jax_gpu_fixed,sub-01,936,-1.1533313167895753,,,,,,0.025385334971360862
sub-01__jax_gpu_fixed,jax_gpu_fixed,sub-01,937,-1.1533311128339605,,,,,,0.02531326503958553
sub-01__jax_gpu_fixed,jax_gpu_fixed,sub-01,938,-1.1533309127159077,,,,,,0.02537541405763477
sub-01__jax_gpu_fixed,jax_gpu_fixed,sub-01,939,-1.1533307119764984,,,,,,0.025352835073135793
sub-01__jax_gpu_fixed,jax_gpu_fixed,sub-01,940,-1.1533305124278008,,,,,,0.0254909839713946
sub-01__jax_gpu_fixed,jax_gpu_fixed,sub-01,941,-1.1533303114659825,,,,,,0.025314124999567866
sub-01__jax_gpu_fixed,jax_gpu_fixed,sub-01,942,-1.1533301152999476,,,,,,0.025467484025284648
sub-01__jax_gpu_fixed,jax_gpu_fixed,sub-01,943,-1.1533299205942733,,,,,,0.025379974977113307
sub-01__jax_gpu_fixed,jax_gpu_fixed,sub-01,944,-1.1533297289714903,,,,,,0.02536164491903037
sub-01__jax_gpu_fixed,jax_gpu_fixed,sub-01,945,-1.1533295373955075,,,,,,0.025367885013110936
sub-01__jax_gpu_fixed,jax_gpu_fixed,sub-01,946,-1.1533293439092478,,,,,,0.025256296037696302
sub-01__jax_gpu_fixed,jax_gpu_fixed,sub-01,947,-1.1533291556335474,,,,,,0.025322954053990543
sub-01__jax_gpu_fixed,jax_gpu_fixed,sub-01,948,-1.1533289664581579,,,,,,0.02531801490113139
sub-01__jax_gpu_fixed,jax_gpu_fixed,sub-01,949,-1.1533287716487328,,,,,,0.02538906503468752
sub-01__jax_gpu_fixed,jax_gpu_fixed,sub-01,950,-1.15332857919789,,,,,,0.02537139505147934
sub-01__jax_gpu_fixed,jax_gpu_fixed,sub-01,951,-1.1533283870612177,,,,,,0.025266575976274908
sub-01__jax_gpu_fixed,jax_gpu_fixed,sub-01,952,-1.1533282002123033,,,,,,0.025343345012515783
sub-01__jax_gpu_fixed,jax_gpu_fixed,sub-01,953,-1.1533280074796752,,,,,,0.025335444952361286
sub-01__jax_gpu_fixed,jax_gpu_fixed,sub-01,954,-1.1533278170934051,,,,,,0.02546785504091531
sub-01__jax_gpu_fixed,jax_gpu_fixed,sub-01,955,-1.1533276265114578,,,,,,0.025306785013526678
sub-01__jax_gpu_fixed,jax_gpu_fixed,sub-01,956,-1.1533274367258868,,,,,,0.025464285048656166
sub-01__jax_gpu_fixed,jax_gpu_fixed,sub-01,957,-1.1533272501045402,,,,,,0.025417773984372616
sub-01__jax_gpu_fixed,jax_gpu_fixed,sub-01,958,-1.153327065249482,,,,,,0.025319515028968453
sub-01__jax_gpu_fixed,jax_gpu_fixed,sub-01,959,-1.1533268803460675,,,,,,0.0253646750934422
sub-01__jax_gpu_fixed,jax_gpu_fixed,sub-01,960,-1.1533266986536856,,,,,,0.025344943976961076
sub-01__jax_gpu_fixed,jax_gpu_fixed,sub-01,961,-1.1533265180349475,,,,,,0.02529530506581068
sub-01__jax_gpu_fixed,jax_gpu_fixed,sub-01,962,-1.153326343277079,,,,,,0.025455774972215295
sub-01__jax_gpu_fixed,jax_gpu_fixed,sub-01,963,-1.1533261645819721,,,,,,0.025277035078033805
sub-01__jax_gpu_fixed,jax_gpu_fixed,sub-01,964,-1.1533259868044985,,,,,,0.025321564986370504
sub-01__jax_gpu_fixed,jax_gpu_fixed,sub-01,965,-1.15332581019212,,,,,,0.025331375072710216
sub-01__jax_gpu_fixed,jax_gpu_fixed,sub-01,966,-1.1533256353571284,,,,,,0.025358894024975598
sub-01__jax_gpu_fixed,jax_gpu_fixed,sub-01,967,-1.153325452371337,,,,,,0.02543419401627034
sub-01__jax_gpu_fixed,jax_gpu_fixed,sub-01,968,-1.1533252758633807,,,,,,0.025265645002946258
sub-01__jax_gpu_fixed,jax_gpu_fixed,sub-01,969,-1.1533251011685983,,,,,,0.025337854982353747
sub-01__jax_gpu_fixed,jax_gpu_fixed,sub-01,970,-1.153324926889981,,,,,,0.02534953400027007
sub-01__jax_gpu_fixed,jax_gpu_fixed,sub-01,971,-1.1533247544928835,,,,,,0.02527851494960487
sub-01__jax_gpu_fixed,jax_gpu_fixed,sub-01,972,-1.1533245852125569,,,,,,0.025385133922100067
sub-01__jax_gpu_fixed,jax_gpu_fixed,sub-01,973,-1.1533244155230462,,,,,,0.02529787493404001
sub-01__jax_gpu_fixed,jax_gpu_fixed,sub-01,974,-1.1533242507668087,,,,,,0.025356044992804527
sub-01__jax_gpu_fixed,jax_gpu_fixed,sub-01,975,-1.1533240834148801,,,,,,0.025312985060736537
sub-01__jax_gpu_fixed,jax_gpu_fixed,sub-01,976,-1.1533239228751535,,,,,,0.02534517494495958
sub-01__jax_gpu_fixed,jax_gpu_fixed,sub-01,977,-1.1533237557647174,,,,,,0.025321505032479763
sub-01__jax_gpu_fixed,jax_gpu_fixed,sub-01,978,-1.1533235922530443,,,,,,0.025294314953498542
sub-01__jax_gpu_fixed,jax_gpu_fixed,sub-01,979,-1.153323422198139,,,,,,0.025409823982045054
sub-01__jax_gpu_fixed,jax_gpu_fixed,sub-01,980,-1.1533232592743932,,,,,,0.02533843496348709
sub-01__jax_gpu_fixed,jax_gpu_fixed,sub-01,981,-1.1533230962364085,,,,,,0.025415063952095807
sub-01__jax_gpu_fixed,jax_gpu_fixed,sub-01,982,-1.1533229343402311,,,,,,0.02535362495109439
sub-01__jax_gpu_fixed,jax_gpu_fixed,sub-01,983,-1.153322774471611,,,,,,0.02551057399250567
sub-01__jax_gpu_fixed,jax_gpu_fixed,sub-01,984,-1.1533226153038154,,,,,,0.025422443985007703
sub-01__jax_gpu_fixed,jax_gpu_fixed,sub-01,985,-1.1533224554040462,,,,,,0.025341764907352626
sub-01__jax_gpu_fixed,jax_gpu_fixed,sub-01,986,-1.1533223002821553,,,,,,0.02536953496746719
sub-01__jax_gpu_fixed,jax_gpu_fixed,sub-01,987,-1.1533221389970514,,,,,,0.025408064015209675
sub-01__jax_gpu_fixed,jax_gpu_fixed,sub-01,988,-1.1533219815132336,,,,,,0.02530443505384028
sub-01__jax_gpu_fixed,jax_gpu_fixed,sub-01,989,-1.1533218253566022,,,,,,0.02533504506573081
sub-01__jax_gpu_fixed,jax_gpu_fixed,sub-01,990,-1.153321668552723,,,,,,0.025377424899488688
sub-01__jax_gpu_fixed,jax_gpu_fixed,sub-01,991,-1.153321514286167,,,,,,0.025317385094240308
sub-01__jax_gpu_fixed,jax_gpu_fixed,sub-01,992,-1.1533213607263721,,,,,,0.025390853988938034
sub-01__jax_gpu_fixed,jax_gpu_fixed,sub-01,993,-1.1533212095595724,,,,,,0.025404034997336566
sub-01__jax_gpu_fixed,jax_gpu_fixed,sub-01,994,-1.1533210624867487,,,,,,0.025395864970050752
sub-01__jax_gpu_fixed,jax_gpu_fixed,sub-01,995,-1.1533209113910168,,,,,,0.025363584980368614
sub-01__jax_gpu_fixed,jax_gpu_fixed,sub-01,996,-1.1533207611193252,,,,,,0.025234455009922385
sub-01__jax_gpu_fixed,jax_gpu_fixed,sub-01,997,-1.1533206103280467,,,,,,0.02526441600639373
sub-01__jax_gpu_fixed,jax_gpu_fixed,sub-01,998,-1.1533204628163116,,,,,,0.025368683971464634
sub-01__jax_gpu_fixed,jax_gpu_fixed,sub-01,999,-1.153320314706989,,,,,,0.025354444980621338
sub-01__jax_gpu_fixed,jax_gpu_fixed,sub-01,1000,-1.1533201721268718,,,,,,0.02530579490121454
sub-01__jax_gpu_fixed,jax_gpu_fixed,sub-01,1001,-1.1533200288071297,,,,,,0.025297275045886636
sub-01__jax_gpu_fixed,jax_gpu_fixed,sub-01,1002,-1.1533198827519537,,,,,,0.025321815046481788
sub-01__jax_gpu_fixed,jax_gpu_fixed,sub-01,1003,-1.1533197376173359,,,,,,0.025317715015262365
sub-01__jax_gpu_fixed,jax_gpu_fixed,sub-01,1004,-1.1533195933162919,,,,,,0.02534103498328477
sub-01__jax_gpu_fixed,jax_gpu_fixed,sub-01,1005,-1.1533194474075774,,,,,,0.025361174950376153
sub-01__jax_gpu_fixed,jax_gpu_fixed,sub-01,1006,-1.1533193019425652,,,,,,0.025623522931709886
sub-01__jax_gpu_fixed,jax_gpu_fixed,sub-01,1007,-1.1533191604587643,,,,,,0.025400595040991902
sub-01__jax_gpu_fixed,jax_gpu_fixed,sub-01,1008,-1.1533190147738592,,,,,,0.02526951499748975
sub-01__jax_gpu_fixed,jax_gpu_fixed,sub-01,1009,-1.1533188736023612,,,,,,0.02534400497097522
sub-01__jax_gpu_fixed,jax_gpu_fixed,sub-01,1010,-1.1533187308714432,,,,,,0.025393315008841455
sub-01__jax_gpu_fixed,jax_gpu_fixed,sub-01,1011,-1.1533185894294573,,,,,,0.025419534998945892
sub-01__jax_gpu_fixed,jax_gpu_fixed,sub-01,1012,-1.1533184446445666,,,,,,0.02529269491788
sub-01__jax_gpu_fixed,jax_gpu_fixed,sub-01,1013,-1.153318300780294,,,,,,0.025402594008482993
sub-01__jax_gpu_fixed,jax_gpu_fixed,sub-01,1014,-1.1533181595422162,,,,,,0.025212184991687536
sub-01__jax_gpu_fixed,jax_gpu_fixed,sub-01,1015,-1.15331801543185,,,,,,0.025310585042461753
sub-01__jax_gpu_fixed,jax_gpu_fixed,sub-01,1016,-1.153317873802902,,,,,,0.025310634984634817
sub-01__jax_gpu_fixed,jax_gpu_fixed,sub-01,1017,-1.1533177303014028,,,,,,0.025212525972165167
sub-01__jax_gpu_fixed,jax_gpu_fixed,sub-01,1018,-1.1533175854628106,,,,,,0.025284944917075336
sub-01__jax_gpu_fixed,jax_gpu_fixed,sub-01,1019,-1.1533174380885163,,,,,,0.025331704993732274
sub-01__jax_gpu_fixed,jax_gpu_fixed,sub-01,1020,-1.153317294735864,,,,,,0.025327324983663857
sub-01__jax_gpu_fixed,jax_gpu_fixed,sub-01,1021,-1.153317154222595,,,,,,0.025212964974343777
sub-01__jax_gpu_fixed,jax_gpu_fixed,sub-01,1022,-1.153317017725784,,,,,,0.025284645962528884
sub-01__jax_gpu_fixed,jax_gpu_fixed,sub-01,1023,-1.153316877243295,,,,,,0.025311004021205008
sub-01__jax_gpu_fixed,jax_gpu_fixed,sub-01,1024,-1.1533167406591918,,,,,,0.02517903596162796
sub-01__jax_gpu_fixed,jax_gpu_fixed,sub-01,1025,-1.1533166099497942,,,,,,0.025339365005493164
sub-01__jax_gpu_fixed,jax_gpu_fixed,sub-01,1026,-1.1533164786517722,,,,,,0.025290124933235347
sub-01__jax_gpu_fixed,jax_gpu_fixed,sub-01,1027,-1.1533163396336734,,,,,,0.025301184970885515
sub-01__jax_gpu_fixed,jax_gpu_fixed,sub-01,1028,-1.153316204540258,,,,,,0.025414604926481843
sub-01__jax_gpu_fixed,jax_gpu_fixed,sub-01,1029,-1.153316072793643,,,,,,0.02542940399143845
sub-01__jax_gpu_fixed,jax_gpu_fixed,sub-01,1030,-1.1533159436756577,,,,,,0.025333794998005033
sub-01__jax_gpu_fixed,jax_gpu_fixed,sub-01,1031,-1.153315813073679,,,,,,0.025312165031209588
sub-01__jax_gpu_fixed,jax_gpu_fixed,sub-01,1032,-1.153315685085804,,,,,,0.025346925016492605
sub-01__jax_gpu_fixed,jax_gpu_fixed,sub-01,1033,-1.1533155604975114,,,,,,0.025339165003970265
sub-01__jax_gpu_fixed,jax_gpu_fixed,sub-01,1034,-1.1533154356331365,,,,,,0.02534302498679608
sub-01__jax_gpu_fixed,jax_gpu_fixed,sub-01,1035,-1.153315311374839,,,,,,0.02537416503764689
sub-01__jax_gpu_fixed,jax_gpu_fixed,sub-01,1036,-1.153315187349551,,,,,,0.02540931396652013
sub-01__jax_gpu_fixed,jax_gpu_fixed,sub-01,1037,-1.153315067007966,,,,,,0.02534918498713523
sub-01__jax_gpu_fixed,jax_gpu_fixed,sub-01,1038,-1.1533149439210133,,,,,,0.02535747503861785
sub-01__jax_gpu_fixed,jax_gpu_fixed,sub-01,1039,-1.1533148205165853,,,,,,0.02528895507566631
sub-01__jax_gpu_fixed,jax_gpu_fixed,sub-01,1040,-1.1533147030534447,,,,,,0.025367245078086853
sub-01__jax_gpu_fixed,jax_gpu_fixed,sub-01,1041,-1.1533145873331134,,,,,,0.025356084923259914
sub-01__jax_gpu_fixed,jax_gpu_fixed,sub-01,1042,-1.1533144694056412,,,,,,0.025395764969289303
sub-01__jax_gpu_fixed,jax_gpu_fixed,sub-01,1043,-1.1533143526560277,,,,,,0.025336234946735203
sub-01__jax_gpu_fixed,jax_gpu_fixed,sub-01,1044,-1.1533142419854219,,,,,,0.025381773943081498
sub-01__jax_gpu_fixed,jax_gpu_fixed,sub-01,1045,-1.1533141303241037,,,,,,0.025355275021865964
sub-01__jax_gpu_fixed,jax_gpu_fixed,sub-01,1046,-1.153314019682914,,,,,,0.0253161049913615
sub-01__jax_gpu_fixed,jax_gpu_fixed,sub-01,1047,-1.1533139048409289,,,,,,0.025523934047669172
sub-01__jax_gpu_fixed,jax_gpu_fixed,sub-01,1048,-1.1533137947865784,,,,,,0.025308985030278563
sub-01__jax_gpu_fixed,jax_gpu_fixed,sub-01,1049,-1.1533136831892765,,,,,,0.025465874932706356
sub-01__jax_gpu_fixed,jax_gpu_fixed,sub-01,1050,-1.1533135810009658,,,,,,0.025294415070675313
sub-01__jax_gpu_fixed,jax_gpu_fixed,sub-01,1051,-1.1533134698546141,,,,,,0.02526919508818537
sub-01__jax_gpu_fixed,jax_gpu_fixed,sub-01,1052,-1.153313361321843,,,,,,0.025238025933504105
sub-01__jax_gpu_fixed,jax_gpu_fixed,sub-01,1053,-1.1533132504212165,,,,,,0.025302276015281677
sub-01__jax_gpu_fixed,jax_gpu_fixed,sub-01,1054,-1.1533131418725293,,,,,,0.025269806035794318
sub-01__jax_gpu_fixed,jax_gpu_fixed,sub-01,1055,-1.153313034825174,,,,,,0.02533654496073723
sub-01__jax_gpu_fixed,jax_gpu_fixed,sub-01,1056,-1.153312927325857,,,,,,0.025250724982470274
sub-01__jax_gpu_fixed,jax_gpu_fixed,sub-01,1057,-1.153312823963406,,,,,,0.02526241505984217
sub-01__jax_gpu_fixed,jax_gpu_fixed,sub-01,1058,-1.1533127187717969,,,,,,0.025185676058754325
sub-01__jax_gpu_fixed,jax_gpu_fixed,sub-01,1059,-1.1533126111535117,,,,,,0.025253665051423013
sub-01__jax_gpu_fixed,jax_gpu_fixed,sub-01,1060,-1.1533125086711973,,,,,,0.025206865975633264
sub-01__jax_gpu_fixed,jax_gpu_fixed,sub-01,1061,-1.1533124071958107,,,,,,0.025295065017417073
sub-01__jax_gpu_fixed,jax_gpu_fixed,sub-01,1062,-1.1533123078330512,,,,,,0.025187726016156375
sub-01__jax_gpu_fixed,jax_gpu_fixed,sub-01,1063,-1.1533122060039485,,,,,,0.02520084590651095
sub-01__jax_gpu_fixed,jax_gpu_fixed,sub-01,1064,-1.1533121073410906,,,,,,0.025252274936065078
sub-01__jax_gpu_fixed,jax_gpu_fixed,sub-01,1065,-1.1533120075087677,,,,,,0.025237774942070246
sub-01__jax_gpu_fixed,jax_gpu_fixed,sub-01,1066,-1.1533119098663351,,,,,,0.02526410506106913
sub-01__jax_gpu_fixed,jax_gpu_fixed,sub-01,1067,-1.1533118140849243,,,,,,0.02527528500650078
sub-01__jax_gpu_fixed,jax_gpu_fixed,sub-01,1068,-1.1533117197374996,,,,,,0.025333045050501823
sub-01__jax_gpu_fixed,jax_gpu_fixed,sub-01,1069,-1.1533116231574758,,,,,,0.025227545062080026
sub-01__jax_gpu_fixed,jax_gpu_fixed,sub-01,1070,-1.1533115316338758,,,,,,0.025204366073012352
sub-01__jax_gpu_fixed,jax_gpu_fixed,sub-01,1071,-1.1533114310503922,,,,,,0.025313535006716847
sub-01__jax_gpu_fixed,jax_gpu_fixed,sub-01,1072,-1.1533113368051497,,,,,,0.025272545055486262
sub-01__jax_gpu_fixed,jax_gpu_fixed,sub-01,1073,-1.1533112450991345,,,,,,0.025209585903212428
sub-01__jax_gpu_fixed,jax_gpu_fixed,sub-01,1074,-1.1533111568259686,,,,,,0.025262324954383075
sub-01__jax_gpu_fixed,jax_gpu_fixed,sub-01,1075,-1.153311067289885,,,,,,0.025245396071113646
sub-01__jax_gpu_fixed,jax_gpu_fixed,sub-01,1076,-1.1533109771137908,,,,,,0.02527074597310275
sub-01__jax_gpu_fixed,jax_gpu_fixed,sub-01,1077,-1.1533108859681984,,,,,,0.025246124947443604
sub-01__jax_gpu_fixed,jax_gpu_fixed,sub-01,1078,-1.153310799112087,,,,,,0.025324124959297478
sub-01__jax_gpu_fixed,jax_gpu_fixed,sub-01,1079,-1.1533107073409656,,,,,,0.025301815010607243
sub-01__jax_gpu_fixed,jax_gpu_fixed,sub-01,1080,-1.1533106188087268,,,,,,0.025267935008741915
sub-01__jax_gpu_fixed,jax_gpu_fixed,sub-01,1081,-1.1533105291568537,,,,,,0.02526477596256882
sub-01__jax_gpu_fixed,jax_gpu_fixed,sub-01,1082,-1.15331044339013,,,,,,0.02533606404904276
sub-01__jax_gpu_fixed,jax_gpu_fixed,sub-01,1083,-1.153310353023992,,,,,,0.025347594055347145
sub-01__jax_gpu_fixed,jax_gpu_fixed,sub-01,1084,-1.1533102642066193,,,,,,0.02531597507186234
sub-01__jax_gpu_fixed,jax_gpu_fixed,sub-01,1085,-1.1533101762331108,,,,,,0.025330945034511387
sub-01__jax_gpu_fixed,jax_gpu_fixed,sub-01,1086,-1.1533100900334627,,,,,,0.02541348396334797
sub-01__jax_gpu_fixed,jax_gpu_fixed,sub-01,1087,-1.1533100032904493,,,,,,0.025288045057095587
sub-01__jax_gpu_fixed,jax_gpu_fixed,sub-01,1088,-1.1533099175083532,,,,,,0.025402834988199174
sub-01__jax_gpu_fixed,jax_gpu_fixed,sub-01,1089,-1.1533098310589054,,,,,,0.025287825032137334
sub-01__jax_gpu_fixed,jax_gpu_fixed,sub-01,1090,-1.1533097444314067,,,,,,0.02519563597161323
sub-01__jax_gpu_fixed,jax_gpu_fixed,sub-01,1091,-1.1533096585029334,,,,,,0.0253756350139156
sub-01__jax_gpu_fixed,jax_gpu_fixed,sub-01,1092,-1.1533095712022163,,,,,,0.02603196003474295
sub-01__jax_gpu_fixed,jax_gpu_fixed,sub-01,1093,-1.1533094859714534,,,,,,0.025478343944996595
sub-01__jax_gpu_fixed,jax_gpu_fixed,sub-01,1094,-1.1533094054425697,,,,,,0.02529611496720463
sub-01__jax_gpu_fixed,jax_gpu_fixed,sub-01,1095,-1.1533093233183938,,,,,,0.025362065061926842
sub-01__jax_gpu_fixed,jax_gpu_fixed,sub-01,1096,-1.153309237820994,,,,,,0.025282955029979348
sub-01__jax_gpu_fixed,jax_gpu_fixed,sub-01,1097,-1.1533091540085536,,,,,,0.02537389495410025
sub-01__jax_gpu_fixed,jax_gpu_fixed,sub-01,1098,-1.1533090709201044,,,,,,0.025221374933607876
sub-01__jax_gpu_fixed,jax_gpu_fixed,sub-01,1099,-1.1533089861271264,,,,,,0.02533162501640618
sub-01__jax_gpu_fixed,jax_gpu_fixed,sub-01,1100,-1.1533089023388412,,,,,,0.02536738500930369
sub-01__jax_gpu_fixed,jax_gpu_fixed,sub-01,1101,-1.1533088219659589,,,,,,0.02540667401626706
sub-01__jax_gpu_fixed,jax_gpu_fixed,sub-01,1102,-1.1533087379004248,,,,,,0.025390943977981806
sub-01__jax_gpu_fixed,jax_gpu_fixed,sub-01,1103,-1.1533086545118214,,,,,,0.02525385608896613
sub-01__jax_gpu_fixed,jax_gpu_fixed,sub-01,1104,-1.1533085745220262,,,,,,0.025388764101080596
sub-01__jax_gpu_fixed,jax_gpu_fixed,sub-01,1105,-1.1533084926894963,,,,,,0.02531000494491309
sub-01__jax_gpu_fixed,jax_gpu_fixed,sub-01,1106,-1.153308412081201,,,,,,0.02535537409130484
sub-01__jax_gpu_fixed,jax_gpu_fixed,sub-01,1107,-1.1533083330984848,,,,,,0.025341475033201277
sub-01__jax_gpu_fixed,jax_gpu_fixed,sub-01,1108,-1.153308251230209,,,,,,0.025251095066778362
sub-01__jax_gpu_fixed,jax_gpu_fixed,sub-01,1109,-1.1533081708385735,,,,,,0.025336635066196322
sub-01__jax_gpu_fixed,jax_gpu_fixed,sub-01,1110,-1.1533080922094634,,,,,,0.02516068599652499
sub-01__jax_gpu_fixed,jax_gpu_fixed,sub-01,1111,-1.1533080072945079,,,,,,0.025245834956876934
sub-01__jax_gpu_fixed,jax_gpu_fixed,sub-01,1112,-1.1533079286984833,,,,,,0.025396974058821797
sub-01__jax_gpu_fixed,jax_gpu_fixed,sub-01,1113,-1.1533078466313393,,,,,,0.02527137496508658
sub-01__jax_gpu_fixed,jax_gpu_fixed,sub-01,1114,-1.1533077672189278,,,,,,0.02519651607144624
sub-01__jax_gpu_fixed,jax_gpu_fixed,sub-01,1115,-1.1533076849586539,,,,,,0.02531352499499917
sub-01__jax_gpu_fixed,jax_gpu_fixed,sub-01,1116,-1.153307606495752,,,,,,0.02537456399295479
sub-01__jax_gpu_fixed,jax_gpu_fixed,sub-01,1117,-1.1533075240908734,,,,,,0.025203685043379664
sub-01__jax_gpu_fixed,jax_gpu_fixed,sub-01,1118,-1.1533074479766583,,,,,,0.025244635995477438
sub-01__jax_gpu_fixed,jax_gpu_fixed,sub-01,1119,-1.153307367736701,,,,,,0.025401224032975733
sub-01__jax_gpu_fixed,jax_gpu_fixed,sub-01,1120,-1.1533072900190742,,,,,,0.025387455010786653
sub-01__jax_gpu_fixed,jax_gpu_fixed,sub-01,1121,-1.153307209270547,,,,,,0.025356524041853845
sub-01__jax_gpu_fixed,jax_gpu_fixed,sub-01,1122,-1.1533071301998448,,,,,,0.02535372495185584
sub-01__jax_gpu_fixed,jax_gpu_fixed,sub-01,1123,-1.1533070479597263,,,,,,0.02537582500372082
sub-01__jax_gpu_fixed,jax_gpu_fixed,sub-01,1124,-1.1533069677876788,,,,,,0.025427494081668556
sub-01__jax_gpu_fixed,jax_gpu_fixed,sub-01,1125,-1.153306891288272,,,,,,0.02535371494013816
sub-01__jax_gpu_fixed,jax_gpu_fixed,sub-01,1126,-1.1533068153002022,,,,,,0.02532979496754706
sub-01__jax_gpu_fixed,jax_gpu_fixed,sub-01,1127,-1.153306738556719,,,,,,0.025327894021756947
sub-01__jax_gpu_fixed,jax_gpu_fixed,sub-01,1128,-1.1533066602126203,,,,,,0.025324014015495777
sub-01__jax_gpu_fixed,jax_gpu_fixed,sub-01,1129,-1.1533065833741132,,,,,,0.025305124931037426
sub-01__jax_gpu_fixed,jax_gpu_fixed,sub-01,1130,-1.153306507855052,,,,,,0.025327735929749906
sub-01__jax_gpu_fixed,jax_gpu_fixed,sub-01,1131,-1.1533064332006269,,,,,,0.025427474989555776
sub-01__jax_gpu_fixed,jax_gpu_fixed,sub-01,1132,-1.1533063580386311,,,,,,0.025301785091869533
sub-01__jax_gpu_fixed,jax_gpu_fixed,sub-01,1133,-1.153306287207863,,,,,,0.025365063920617104
sub-01__jax_gpu_fixed,jax_gpu_fixed,sub-01,1134,-1.1533062102001208,,,,,,0.025277205975726247
sub-01__jax_gpu_fixed,jax_gpu_fixed,sub-01,1135,-1.1533061367694841,,,,,,0.025489034946076572
sub-01__jax_gpu_fixed,jax_gpu_fixed,sub-01,1136,-1.1533060618320323,,,,,,0.025336964055895805
sub-01__jax_gpu_fixed,jax_gpu_fixed,sub-01,1137,-1.15330598751676,,,,,,0.025393304997123778
sub-01__jax_gpu_fixed,jax_gpu_fixed,sub-01,1138,-1.1533059141816733,,,,,,0.025303764967247844
sub-01__jax_gpu_fixed,jax_gpu_fixed,sub-01,1139,-1.15330584251001,,,,,,0.025341444998048246
sub-01__jax_gpu_fixed,jax_gpu_fixed,sub-01,1140,-1.153305768562347,,,,,,0.025321235065348446
sub-01__jax_gpu_fixed,jax_gpu_fixed,sub-01,1141,-1.1533056952516536,,,,,,0.025365163921378553
sub-01__jax_gpu_fixed,jax_gpu_fixed,sub-01,1142,-1.1533056226916034,,,,,,0.025418904959224164
sub-01__jax_gpu_fixed,jax_gpu_fixed,sub-01,1143,-1.153305549860254,,,,,,0.02531965507660061
sub-01__jax_gpu_fixed,jax_gpu_fixed,sub-01,1144,-1.1533054755254963,,,,,,0.025399375008419156
sub-01__jax_gpu_fixed,jax_gpu_fixed,sub-01,1145,-1.1533054055185892,,,,,,0.02534087502863258
sub-01__jax_gpu_fixed,jax_gpu_fixed,sub-01,1146,-1.1533053338853885,,,,,,0.02531834493856877
sub-01__jax_gpu_fixed,jax_gpu_fixed,sub-01,1147,-1.1533052613760464,,,,,,0.025405584019608796
sub-01__jax_gpu_fixed,jax_gpu_fixed,sub-01,1148,-1.153305187292953,,,,,,0.025373065029270947
sub-01__jax_gpu_fixed,jax_gpu_fixed,sub-01,1149,-1.1533051199670208,,,,,,0.025398714002221823
sub-01__jax_gpu_fixed,jax_gpu_fixed,sub-01,1150,-1.1533050500726165,,,,,,0.025303245056420565
sub-01__jax_gpu_fixed,jax_gpu_fixed,sub-01,1151,-1.1533049757943832,,,,,,0.02546741405967623
sub-01__jax_gpu_fixed,jax_gpu_fixed,sub-01,1152,-1.1533049041375012,,,,,,0.02530830493196845
sub-01__jax_gpu_fixed,jax_gpu_fixed,sub-01,1153,-1.153304833072149,,,,,,0.025277254986576736
sub-01__jax_gpu_fixed,jax_gpu_fixed,sub-01,1154,-1.1533047612191147,,,,,,0.025218994938768446
sub-01__jax_gpu_fixed,jax_gpu_fixed,sub-01,1155,-1.1533046897956296,,,,,,0.025229815975762904
sub-01__jax_gpu_fixed,jax_gpu_fixed,sub-01,1156,-1.1533046172408599,,,,,,0.02518364496063441
sub-01__jax_gpu_fixed,jax_gpu_fixed,sub-01,1157,-1.1533045466334695,,,,,,0.025320704909972847
sub-01__jax_gpu_fixed,jax_gpu_fixed,sub-01,1158,-1.15330447661421,,,,,,0.02530218497850001
sub-01__jax_gpu_fixed,jax_gpu_fixed,sub-01,1159,-1.1533044098047496,,,,,,0.025298094958998263
sub-01__jax_gpu_fixed,jax_gpu_fixed,sub-01,1160,-1.1533043403317942,,,,,,0.025244944961741567
sub-01__jax_gpu_fixed,jax_gpu_fixed,sub-01,1161,-1.1533042718584514,,,,,,0.025345184956677258
sub-01__jax_gpu_fixed,jax_gpu_fixed,sub-01,1162,-1.153304200265054,,,,,,0.02525582502130419
sub-01__jax_gpu_fixed,jax_gpu_fixed,sub-01,1163,-1.15330412783726,,,,,,0.025288464967161417
sub-01__jax_gpu_fixed,jax_gpu_fixed,sub-01,1164,-1.1533040570960216,,,,,,0.025241166003979743
sub-01__jax_gpu_fixed,jax_gpu_fixed,sub-01,1165,-1.1533039837298904,,,,,,0.025251564919017255
sub-01__jax_gpu_fixed,jax_gpu_fixed,sub-01,1166,-1.1533039098410507,,,,,,0.02530808502342552
sub-01__jax_gpu_fixed,jax_gpu_fixed,sub-01,1167,-1.1533038374959028,,,,,,0.025213315966539085
sub-01__jax_gpu_fixed,jax_gpu_fixed,sub-01,1168,-1.1533037664499592,,,,,,0.025349405012093484
sub-01__jax_gpu_fixed,jax_gpu_fixed,sub-01,1169,-1.1533036945517758,,,,,,0.02523701498284936
sub-01__jax_gpu_fixed,jax_gpu_fixed,sub-01,1170,-1.1533036210005385,,,,,,0.025239965063519776
sub-01__jax_gpu_fixed,jax_gpu_fixed,sub-01,1171,-1.1533035518125867,,,,,,0.02535487397108227
sub-01__jax_gpu_fixed,jax_gpu_fixed,sub-01,1172,-1.1533034800577595,,,,,,0.025283155031502247
sub-01__jax_gpu_fixed,jax_gpu_fixed,sub-01,1173,-1.1533034119162935,,,,,,0.02517394593451172
sub-01__jax_gpu_fixed,jax_gpu_fixed,sub-01,1174,-1.1533033396142136,,,,,,0.02525409497320652
sub-01__jax_gpu_fixed,jax_gpu_fixed,sub-01,1175,-1.1533032685282785,,,,,,0.02536959503777325
sub-01__jax_gpu_fixed,jax_gpu_fixed,sub-01,1176,-1.1533031959874116,,,,,,0.025198066025041044
sub-01__jax_gpu_fixed,jax_gpu_fixed,sub-01,1177,-1.1533031235040974,,,,,,0.02529396500904113
sub-01__jax_gpu_fixed,jax_gpu_fixed,sub-01,1178,-1.1533030537930313,,,,,,0.02529386500827968
sub-01__jax_gpu_fixed,jax_gpu_fixed,sub-01,1179,-1.1533029803970667,,,,,,0.025296724983491004
sub-01__jax_gpu_fixed,jax_gpu_fixed,sub-01,1180,-1.1533029052431873,,,,,,0.025311845005489886
sub-01__jax_gpu_fixed,jax_gpu_fixed,sub-01,1181,-1.153302829346716,,,,,,0.02539662504568696
sub-01__jax_gpu_fixed,jax_gpu_fixed,sub-01,1182,-1.1533027558358375,,,,,,0.02542549406643957
sub-01__jax_gpu_fixed,jax_gpu_fixed,sub-01,1183,-1.1533026818422052,,,,,,0.025338905048556626
sub-01__jax_gpu_fixed,jax_gpu_fixed,sub-01,1184,-1.1533026097454309,,,,,,0.025264325086027384
sub-01__jax_gpu_fixed,jax_gpu_fixed,sub-01,1185,-1.1533025348153738,,,,,,0.02531822503078729
sub-01__jax_gpu_fixed,jax_gpu_fixed,sub-01,1186,-1.1533024628566342,,,,,,0.025313605088740587
sub-01__jax_gpu_fixed,jax_gpu_fixed,sub-01,1187,-1.1533023875794033,,,,,,0.02544703404419124
sub-01__jax_gpu_fixed,jax_gpu_fixed,sub-01,1188,-1.1533023166841037,,,,,,0.025379825034178793
sub-01__jax_gpu_fixed,jax_gpu_fixed,sub-01,1189,-1.1533022413308478,,,,,,0.02528722502756864
sub-01__jax_gpu_fixed,jax_gpu_fixed,sub-01,1190,-1.1533021644725925,,,,,,0.02533148496877402
sub-01__jax_gpu_fixed,jax_gpu_fixed,sub-01,1191,-1.1533020896613704,,,,,,0.02531985507812351
sub-01__jax_gpu_fixed,jax_gpu_fixed,sub-01,1192,-1.1533020158349416,,,,,,0.025217075017280877
sub-01__jax_gpu_fixed,jax_gpu_fixed,sub-01,1193,-1.1533019429993463,,,,,,0.025179335963912308
sub-01__jax_gpu_fixed,jax_gpu_fixed,sub-01,1194,-1.153301870175796,,,,,,0.02529266499914229
sub-01__jax_gpu_fixed,jax_gpu_fixed,sub-01,1195,-1.153301794817214,,,,,,0.025351195014081895
sub-01__jax_gpu_fixed,jax_gpu_fixed,sub-01,1196,-1.1533017234070393,,,,,,0.02525523502845317
sub-01__jax_gpu_fixed,jax_gpu_fixed,sub-01,1197,-1.1533016465272852,,,,,,0.025234976084902883
sub-01__jax_gpu_fixed,jax_gpu_fixed,sub-01,1198,-1.1533015742855048,,,,,,0.025255194981582463
sub-01__jax_gpu_fixed,jax_gpu_fixed,sub-01,1199,-1.1533014962533439,,,,,,0.02531144500244409
sub-01__jax_gpu_fixed,jax_gpu_fixed,sub-01,1200,-1.1533014243043265,,,,,,0.02530106494668871
sub-01__jax_gpu_fixed,jax_gpu_fixed,sub-01,1201,-1.1533013444350597,,,,,,0.02536610490642488
sub-01__jax_gpu_fixed,jax_gpu_fixed,sub-01,1202,-1.1533012710570385,,,,,,0.025388845009729266
sub-01__jax_gpu_fixed,jax_gpu_fixed,sub-01,1203,-1.1533011940750908,,,,,,0.02535652497317642
sub-01__jax_gpu_fixed,jax_gpu_fixed,sub-01,1204,-1.1533011192204627,,,,,,0.025367754977196455
sub-01__jax_gpu_fixed,jax_gpu_fixed,sub-01,1205,-1.1533010449179624,,,,,,0.02538778493180871
sub-01__jax_gpu_fixed,jax_gpu_fixed,sub-01,1206,-1.1533009704191546,,,,,,0.025347055052407086
sub-01__jax_gpu_fixed,jax_gpu_fixed,sub-01,1207,-1.153300891516624,,,,,,0.025362664950080216
sub-01__jax_gpu_fixed,jax_gpu_fixed,sub-01,1208,-1.153300815453884,,,,,,0.025345514994114637
sub-01__jax_gpu_fixed,jax_gpu_fixed,sub-01,1209,-1.1533007377330335,,,,,,0.025310144992545247
sub-01__jax_gpu_fixed,jax_gpu_fixed,sub-01,1210,-1.153300663333376,,,,,,0.025382634019479156
sub-01__jax_gpu_fixed,jax_gpu_fixed,sub-01,1211,-1.1533005886496512,,,,,,0.02533455495722592
sub-01__jax_gpu_fixed,jax_gpu_fixed,sub-01,1212,-1.1533005093819455,,,,,,0.02529024495743215
sub-01__jax_gpu_fixed,jax_gpu_fixed,sub-01,1213,-1.153300431336067,,,,,,0.025364995002746582
sub-01__jax_gpu_fixed,jax_gpu_fixed,sub-01,1214,-1.1533003521591325,,,,,,0.025270584970712662
sub-01__jax_gpu_fixed,jax_gpu_fixed,sub-01,1215,-1.1533002746860372,,,,,,0.025326834991574287
sub-01__jax_gpu_fixed,jax_gpu_fixed,sub-01,1216,-1.1533001990324465,,,,,,0.025292675010859966
sub-01__jax_gpu_fixed,jax_gpu_fixed,sub-01,1217,-1.1533001227397017,,,,,,0.025319765089079738
sub-01__jax_gpu_fixed,jax_gpu_fixed,sub-01,1218,-1.1533000428137332,,,,,,0.025431535090319812
sub-01__jax_gpu_fixed,jax_gpu_fixed,sub-01,1219,-1.153299964301398,,,,,,0.02534714399371296
sub-01__jax_gpu_fixed,jax_gpu_fixed,sub-01,1220,-1.1532998869405688,,,,,,0.025328605086542666
sub-01__jax_gpu_fixed,jax_gpu_fixed,sub-01,1221,-1.1532998023881722,,,,,,0.025278825080022216
sub-01__jax_gpu_fixed,jax_gpu_fixed,sub-01,1222,-1.1532997222699408,,,,,,0.02541656489484012
sub-01__jax_gpu_fixed,jax_gpu_fixed,sub-01,1223,-1.153299647394338,,,,,,0.0253551040077582
sub-01__jax_gpu_fixed,jax_gpu_fixed,sub-01,1224,-1.1532995717289012,,,,,,0.025418874924071133
sub-01__jax_gpu_fixed,jax_gpu_fixed,sub-01,1225,-1.1532994877542648,,,,,,0.025369234033860266
sub-01__jax_gpu_fixed,jax_gpu_fixed,sub-01,1226,-1.1532994066148483,,,,,,0.025295484927482903
sub-01__jax_gpu_fixed,jax_gpu_fixed,sub-01,1227,-1.1532993227335597,,,,,,0.02543525502551347
sub-01__jax_gpu_fixed,jax_gpu_fixed,sub-01,1228,-1.1532992420158932,,,,,,0.025439083925448358
sub-01__jax_gpu_fixed,jax_gpu_fixed,sub-01,1229,-1.1532991561440504,,,,,,0.025407414068467915
sub-01__jax_gpu_fixed,jax_gpu_fixed,sub-01,1230,-1.1532990726064598,,,,,,0.025299304979853332
sub-01__jax_gpu_fixed,jax_gpu_fixed,sub-01,1231,-1.1532989953869017,,,,,,0.025308024953119457
sub-01__jax_gpu_fixed,jax_gpu_fixed,sub-01,1232,-1.1532989115758479,,,,,,0.025291255093179643
sub-01__jax_gpu_fixed,jax_gpu_fixed,sub-01,1233,-1.1532988297859237,,,,,,0.025256094988435507
sub-01__jax_gpu_fixed,jax_gpu_fixed,sub-01,1234,-1.153298746977789,,,,,,0.025318694999441504
sub-01__jax_gpu_fixed,jax_gpu_fixed,sub-01,1235,-1.153298662664231,,,,,,0.025325494934804738
sub-01__jax_gpu_fixed,jax_gpu_fixed,sub-01,1236,-1.1532985840631411,,,,,,0.02534657495561987
sub-01__jax_gpu_fixed,jax_gpu_fixed,sub-01,1237,-1.1532984970263438,,,,,,0.025417514028958976
sub-01__jax_gpu_fixed,jax_gpu_fixed,sub-01,1238,-1.1532984122226932,,,,,,0.02537181496154517
sub-01__jax_gpu_fixed,jax_gpu_fixed,sub-01,1239,-1.153298322566331,,,,,,0.02530511503573507
sub-01__jax_gpu_fixed,jax_gpu_fixed,sub-01,1240,-1.1532982366810134,,,,,,0.025376964011229575
sub-01__jax_gpu_fixed,jax_gpu_fixed,sub-01,1241,-1.1532981516766077,,,,,,0.025353244971483946
sub-01__jax_gpu_fixed,jax_gpu_fixed,sub-01,1242,-1.153298064752124,,,,,,0.02534374501556158
sub-01__jax_gpu_fixed,jax_gpu_fixed,sub-01,1243,-1.1532979742800629,,,,,,0.025333335041068494
sub-01__jax_gpu_fixed,jax_gpu_fixed,sub-01,1244,-1.1532978861130145,,,,,,0.025347894988954067
sub-01__jax_gpu_fixed,jax_gpu_fixed,sub-01,1245,-1.1532977944234053,,,,,,0.025337635073810816
sub-01__jax_gpu_fixed,jax_gpu_fixed,sub-01,1246,-1.1532977051631947,,,,,,0.02530665509402752
sub-01__jax_gpu_fixed,jax_gpu_fixed,sub-01,1247,-1.1532976145509986,,,,,,0.025287535972893238
sub-01__jax_gpu_fixed,jax_gpu_fixed,sub-01,1248,-1.1532975286145584,,,,,,0.02541725500486791
sub-01__jax_gpu_fixed,jax_gpu_fixed,sub-01,1249,-1.153297442262252,,,,,,0.02521692495793104
sub-01__jax_gpu_fixed,jax_gpu_fixed,sub-01,1250,-1.1532973528266663,,,,,,0.025356805068440735
sub-01__jax_gpu_fixed,jax_gpu_fixed,sub-01,1251,-1.1532972649869324,,,,,,0.02539744507521391
sub-01__jax_gpu_fixed,jax_gpu_fixed,sub-01,1252,-1.153297176268896,,,,,,0.025321264984086156
sub-01__jax_gpu_fixed,jax_gpu_fixed,sub-01,1253,-1.1532970855299536,,,,,,0.02529530494939536
sub-01__jax_gpu_fixed,jax_gpu_fixed,sub-01,1254,-1.1532969962064727,,,,,,0.025324096088297665
sub-01__jax_gpu_fixed,jax_gpu_fixed,sub-01,1255,-1.1532969060820075,,,,,,0.025309356045909226
sub-01__jax_gpu_fixed,jax_gpu_fixed,sub-01,1256,-1.153296816732258,,,,,,0.025307614007033408
sub-01__jax_gpu_fixed,jax_gpu_fixed,sub-01,1257,-1.1532967284973437,,,,,,0.025406935019418597
sub-01__jax_gpu_fixed,jax_gpu_fixed,sub-01,1258,-1.1532966400613485,,,,,,0.025362045038491488
sub-01__jax_gpu_fixed,jax_gpu_fixed,sub-01,1259,-1.1532965523211909,,,,,,0.025280804955400527
sub-01__jax_gpu_fixed,jax_gpu_fixed,sub-01,1260,-1.1532964628989135,,,,,,0.025310144992545247
sub-01__jax_gpu_fixed,jax_gpu_fixed,sub-01,1261,-1.1532963799377454,,,,,,0.025253074942156672
sub-01__jax_gpu_fixed,jax_gpu_fixed,sub-01,1262,-1.1532962939982796,,,,,,0.025293465005233884
sub-01__jax_gpu_fixed,jax_gpu_fixed,sub-01,1263,-1.1532962073116328,,,,,,0.025332945049740374
sub-01__jax_gpu_fixed,jax_gpu_fixed,sub-01,1264,-1.1532961282609169,,,,,,0.025350605021230876
sub-01__jax_gpu_fixed,jax_gpu_fixed,sub-01,1265,-1.1532960378654653,,,,,,0.025425014086067677
sub-01__jax_gpu_fixed,jax_gpu_fixed,sub-01,1266,-1.1532959521605088,,,,,,0.025366914924234152
sub-01__jax_gpu_fixed,jax_gpu_fixed,sub-01,1267,-1.1532958644304983,,,,,,0.025372104020789266
sub-01__jax_gpu_fixed,jax_gpu_fixed,sub-01,1268,-1.1532957817263498,,,,,,0.025554573046974838
sub-01__jax_gpu_fixed,jax_gpu_fixed,sub-01,1269,-1.1532956985211453,,,,,,0.025326945004053414
sub-01__jax_gpu_fixed,jax_gpu_fixed,sub-01,1270,-1.153295615372019,,,,,,0.025222785072401166
sub-01__jax_gpu_fixed,jax_gpu_fixed,sub-01,1271,-1.1532955290738607,,,,,,0.02548677404411137
sub-01__jax_gpu_fixed,jax_gpu_fixed,sub-01,1272,-1.1532954452782271,,,,,,0.025307505973614752
sub-01__jax_gpu_fixed,jax_gpu_fixed,sub-01,1273,-1.153295360134445,,,,,,0.02531952492427081
sub-01__jax_gpu_fixed,jax_gpu_fixed,sub-01,1274,-1.1532952792421525,,,,,,0.025492563960142434
sub-01__jax_gpu_fixed,jax_gpu_fixed,sub-01,1275,-1.1532951935132942,,,,,,0.025315815000794828
sub-01__jax_gpu_fixed,jax_gpu_fixed,sub-01,1276,-1.1532951089934247,,,,,,0.025279426015913486
sub-01__jax_gpu_fixed,jax_gpu_fixed,sub-01,1277,-1.153295024459858,,,,,,0.02526394499000162
sub-01__jax_gpu_fixed,jax_gpu_fixed,sub-01,1278,-1.153294943132947,,,,,,0.02527770504821092
sub-01__jax_gpu_fixed,jax_gpu_fixed,sub-01,1279,-1.153294856377325,,,,,,0.02521600597538054
sub-01__jax_gpu_fixed,jax_gpu_fixed,sub-01,1280,-1.153294769758098,,,,,,0.02521162503398955
sub-01__jax_gpu_fixed,jax_gpu_fixed,sub-01,1281,-1.1532946790446947,,,,,,0.02529337501619011
sub-01__jax_gpu_fixed,jax_gpu_fixed,sub-01,1282,-1.1532945923456555,,,,,,0.025307295029051602
sub-01__jax_gpu_fixed,jax_gpu_fixed,sub-01,1283,-1.1532945027346253,,,,,,0.02525062602944672
sub-01__jax_gpu_fixed,jax_gpu_fixed,sub-01,1284,-1.153294412029271,,,,,,0.025193426059558988
sub-01__jax_gpu_fixed,jax_gpu_fixed,sub-01,1285,-1.1532943263516346,,,,,,0.02525927498936653
sub-01__jax_gpu_fixed,jax_gpu_fixed,sub-01,1286,-1.1532942392785117,,,,,,0.025289084995165467
sub-01__jax_gpu_fixed,jax_gpu_fixed,sub-01,1287,-1.1532941526517333,,,,,,0.025356895057484508
sub-01__jax_gpu_fixed,jax_gpu_fixed,sub-01,1288,-1.1532940658401987,,,,,,0.025302584981545806
sub-01__jax_gpu_fixed,jax_gpu_fixed,sub-01,1289,-1.1532939776337778,,,,,,0.02529591496568173
sub-01__jax_gpu_fixed,jax_gpu_fixed,sub-01,1290,-1.1532938911746184,,,,,,0.02533106494229287
sub-01__jax_gpu_fixed,jax_gpu_fixed,sub-01,1291,-1.1532937967457706,,,,,,0.02524112502578646
sub-01__jax_gpu_fixed,jax_gpu_fixed,sub-01,1292,-1.1532937060382469,,,,,,0.02527574496343732
sub-01__jax_gpu_fixed,jax_gpu_fixed,sub-01,1293,-1.153293610558745,,,,,,0.025259315967559814
sub-01__jax_gpu_fixed,jax_gpu_fixed,sub-01,1294,-1.1532935209325592,,,,,,0.025289406068623066
sub-01__jax_gpu_fixed,jax_gpu_fixed,sub-01,1295,-1.153293422889351,,,,,,0.02522159507498145
sub-01__jax_gpu_fixed,jax_gpu_fixed,sub-01,1296,-1.1532933315465086,,,,,,0.025230325991287827
sub-01__jax_gpu_fixed,jax_gpu_fixed,sub-01,1297,-1.153293235365298,,,,,,0.02533207496162504
sub-01__jax_gpu_fixed,jax_gpu_fixed,sub-01,1298,-1.1532931466815377,,,,,,0.025296465028077364
sub-01__jax_gpu_fixed,jax_gpu_fixed,sub-01,1299,-1.1532930492804037,,,,,,0.02524630492553115
sub-01__jax_gpu_fixed,jax_gpu_fixed,sub-01,1300,-1.1532929613842742,,,,,,0.025276144966483116
sub-01__jax_gpu_fixed,jax_gpu_fixed,sub-01,1301,-1.153292862588223,,,,,,0.02532718505244702
sub-01__jax_gpu_fixed,jax_gpu_fixed,sub-01,1302,-1.1532927679682285,,,,,,0.02539991494268179
sub-01__jax_gpu_fixed,jax_gpu_fixed,sub-01,1303,-1.153292672964182,,,,,,0.025272035039961338
sub-01__jax_gpu_fixed,jax_gpu_fixed,sub-01,1304,-1.1532925814984072,,,,,,0.02535388502292335
sub-01__jax_gpu_fixed,jax_gpu_fixed,sub-01,1305,-1.1532924876358375,,,,,,0.025331204989925027
sub-01__jax_gpu_fixed,jax_gpu_fixed,sub-01,1306,-1.1532923949352194,,,,,,0.025426483945921063
sub-01__jax_gpu_fixed,jax_gpu_fixed,sub-01,1307,-1.153292298177422,,,,,,0.0253050250466913
sub-01__jax_gpu_fixed,jax_gpu_fixed,sub-01,1308,-1.153292203122064,,,,,,0.02537181496154517
sub-01__jax_gpu_fixed,jax_gpu_fixed,sub-01,1309,-1.153292105810993,,,,,,0.025385953951627016
sub-01__jax_gpu_fixed,jax_gpu_fixed,sub-01,1310,-1.153292011804834,,,,,,0.025440374040044844
sub-01__jax_gpu_fixed,jax_gpu_fixed,sub-01,1311,-1.1532919115646931,,,,,,0.02533774496987462
sub-01__jax_gpu_fixed,jax_gpu_fixed,sub-01,1312,-1.153291815041964,,,,,,0.025345955044031143
sub-01__jax_gpu_fixed,jax_gpu_fixed,sub-01,1313,-1.1532917161040332,,,,,,0.02530316507909447
sub-01__jax_gpu_fixed,jax_gpu_fixed,sub-01,1314,-1.1532916163711011,,,,,,0.025353615055792034
sub-01__jax_gpu_fixed,jax_gpu_fixed,sub-01,1315,-1.153291517761904,,,,,,0.025255574961192906
sub-01__jax_gpu_fixed,jax_gpu_fixed,sub-01,1316,-1.1532914189743733,,,,,,0.025393344927579165
sub-01__jax_gpu_fixed,jax_gpu_fixed,sub-01,1317,-1.153291319011853,,,,,,0.025378164020366967
sub-01__jax_gpu_fixed,jax_gpu_fixed,sub-01,1318,-1.1532912217877753,,,,,,0.025390535010956228
sub-01__jax_gpu_fixed,jax_gpu_fixed,sub-01,1319,-1.1532911257573761,,,,,,0.02533903403673321
sub-01__jax_gpu_fixed,jax_gpu_fixed,sub-01,1320,-1.1532910257413054,,,,,,0.02528117597103119
sub-01__jax_gpu_fixed,jax_gpu_fixed,sub-01,1321,-1.1532909298859306,,,,,,0.025221114978194237
sub-01__jax_gpu_fixed,jax_gpu_fixed,sub-01,1322,-1.1532908288155665,,,,,,0.02530612493865192
sub-01__jax_gpu_fixed,jax_gpu_fixed,sub-01,1323,-1.1532907309785032,,,,,,0.025298255030065775
sub-01__jax_gpu_fixed,jax_gpu_fixed,sub-01,1324,-1.153290631242176,,,,,,0.025361815001815557
sub-01__jax_gpu_fixed,jax_gpu_fixed,sub-01,1325,-1.1532905298539249,,,,,,0.025331125012598932
sub-01__jax_gpu_fixed,jax_gpu_fixed,sub-01,1326,-1.153290431029206,,,,,,0.02548335399478674
sub-01__jax_gpu_fixed,jax_gpu_fixed,sub-01,1327,-1.1532903332368798,,,,,,0.025394205003976822
sub-01__jax_gpu_fixed,jax_gpu_fixed,sub-01,1328,-1.1532902360303579,,,,,,0.02537618495989591
sub-01__jax_gpu_fixed,jax_gpu_fixed,sub-01,1329,-1.1532901309935328,,,,,,0.025413184892386198
sub-01__jax_gpu_fixed,jax_gpu_fixed,sub-01,1330,-1.153290035472969,,,,,,0.025349534931592643
sub-01__jax_gpu_fixed,jax_gpu_fixed,sub-01,1331,-1.1532899360756486,,,,,,0.025307254982180893
sub-01__jax_gpu_fixed,jax_gpu_fixed,sub-01,1332,-1.1532898357820438,,,,,,0.025341165019199252
sub-01__jax_gpu_fixed,jax_gpu_fixed,sub-01,1333,-1.153289732698429,,,,,,0.025336424936540425
sub-01__jax_gpu_fixed,jax_gpu_fixed,sub-01,1334,-1.1532896330782898,,,,,,0.0254222450312227
sub-01__jax_gpu_fixed,jax_gpu_fixed,sub-01,1335,-1.1532895308569076,,,,,,0.025327145936898887
sub-01__jax_gpu_fixed,jax_gpu_fixed,sub-01,1336,-1.1532894309614792,,,,,,0.02526448597200215
sub-01__jax_gpu_fixed,jax_gpu_fixed,sub-01,1337,-1.1532893324344593,,,,,,0.025343635003082454
sub-01__jax_gpu_fixed,jax_gpu_fixed,sub-01,1338,-1.153289233525781,,,,,,0.025305295013822615
sub-01__jax_gpu_fixed,jax_gpu_fixed,sub-01,1339,-1.1532891339080649,,,,,,0.025231705978512764
sub-01__jax_gpu_fixed,jax_gpu_fixed,sub-01,1340,-1.1532890408143261,,,,,,0.025294066057540476
sub-01__jax_gpu_fixed,jax_gpu_fixed,sub-01,1341,-1.1532889416176058,,,,,,0.025324036017991602
sub-01__jax_gpu_fixed,jax_gpu_fixed,sub-01,1342,-1.1532888463452575,,,,,,0.02527673600707203
sub-01__jax_gpu_fixed,jax_gpu_fixed,sub-01,1343,-1.153288740785839,,,,,,0.025357075035572052
sub-01__jax_gpu_fixed,jax_gpu_fixed,sub-01,1344,-1.1532886434258067,,,,,,0.02527969505172223
sub-01__jax_gpu_fixed,jax_gpu_fixed,sub-01,1345,-1.1532885461324454,,,,,,0.025282905902713537
sub-01__jax_gpu_fixed,jax_gpu_fixed,sub-01,1346,-1.1532884462204083,,,,,,0.025428934954106808
sub-01__jax_gpu_fixed,jax_gpu_fixed,sub-01,1347,-1.1532883484310275,,,,,,0.02533745497930795
sub-01__jax_gpu_fixed,jax_gpu_fixed,sub-01,1348,-1.1532882504833737,,,,,,0.02538700494915247
sub-01__jax_gpu_fixed,jax_gpu_fixed,sub-01,1349,-1.1532881492310818,,,,,,0.025453325011767447
sub-01__jax_gpu_fixed,jax_gpu_fixed,sub-01,1350,-1.1532880544079946,,,,,,0.02536656497977674
sub-01__jax_gpu_fixed,jax_gpu_fixed,sub-01,1351,-1.1532879545486443,,,,,,0.025403524981811643
sub-01__jax_gpu_fixed,jax_gpu_fixed,sub-01,1352,-1.1532878622774185,,,,,,0.025422714999876916
sub-01__jax_gpu_fixed,jax_gpu_fixed,sub-01,1353,-1.1532877614733343,,,,,,0.025399085017852485
sub-01__jax_gpu_fixed,jax_gpu_fixed,sub-01,1354,-1.1532876587817342,,,,,,0.025375735014677048
sub-01__jax_gpu_fixed,jax_gpu_fixed,sub-01,1355,-1.1532875598545007,,,,,,0.025410115020349622
sub-01__jax_gpu_fixed,jax_gpu_fixed,sub-01,1356,-1.1532874623373779,,,,,,0.025286035961471498
sub-01__jax_gpu_fixed,jax_gpu_fixed,sub-01,1357,-1.1532873732789575,,,,,,0.02533359604422003
sub-01__jax_gpu_fixed,jax_gpu_fixed,sub-01,1358,-1.15328727098138,,,,,,0.025348305935040116
sub-01__jax_gpu_fixed,jax_gpu_fixed,sub-01,1359,-1.1532871826333861,,,,,,0.025318015017546713
sub-01__jax_gpu_fixed,jax_gpu_fixed,sub-01,1360,-1.1532870880937192,,,,,,0.02550658502150327
sub-01__jax_gpu_fixed,jax_gpu_fixed,sub-01,1361,-1.1532869996945943,,,,,,0.025401556049473584
sub-01__jax_gpu_fixed,jax_gpu_fixed,sub-01,1362,-1.1532868968396104,,,,,,0.025375986006110907
sub-01__jax_gpu_fixed,jax_gpu_fixed,sub-01,1363,-1.1532868066638458,,,,,,0.025323785026557744
sub-01__jax_gpu_fixed,jax_gpu_fixed,sub-01,1364,-1.15328670932154,,,,,,0.025470824912190437
sub-01__jax_gpu_fixed,jax_gpu_fixed,sub-01,1365,-1.1532866095026493,,,,,,0.025436414987780154
sub-01__jax_gpu_fixed,jax_gpu_fixed,sub-01,1366,-1.1532865075914391,,,,,,0.025290095014497638
sub-01__jax_gpu_fixed,jax_gpu_fixed,sub-01,1367,-1.1532864097052378,,,,,,0.025330675998702645
sub-01__jax_gpu_fixed,jax_gpu_fixed,sub-01,1368,-1.153286313038155,,,,,,0.02543532394338399
sub-01__jax_gpu_fixed,jax_gpu_fixed,sub-01,1369,-1.1532862132387145,,,,,,0.02537053602281958
sub-01__jax_gpu_fixed,jax_gpu_fixed,sub-01,1370,-1.1532861143093005,,,,,,0.025341514963656664
sub-01__jax_gpu_fixed,jax_gpu_fixed,sub-01,1371,-1.1532860146929356,,,,,,0.02550606499426067
sub-01__jax_gpu_fixed,jax_gpu_fixed,sub-01,1372,-1.1532859158739184,,,,,,0.02542104502208531
sub-01__jax_gpu_fixed,jax_gpu_fixed,sub-01,1373,-1.153285815612173,,,,,,0.025435495073907077
sub-01__jax_gpu_fixed,jax_gpu_fixed,sub-01,1374,-1.1532857169420285,,,,,,0.025351515039801598
sub-01__jax_gpu_fixed,jax_gpu_fixed,sub-01,1375,-1.1532856150046331,,,,,,0.02532311505638063
sub-01__jax_gpu_fixed,jax_gpu_fixed,sub-01,1376,-1.153285515278922,,,,,,0.02535332494881004
sub-01__jax_gpu_fixed,jax_gpu_fixed,sub-01,1377,-1.1532854180737833,,,,,,0.025486325030215085
sub-01__jax_gpu_fixed,jax_gpu_fixed,sub-01,1378,-1.1532853269589154,,,,,,0.025329345022328198
sub-01__jax_gpu_fixed,jax_gpu_fixed,sub-01,1379,-1.153285224324712,,,,,,0.02536826499272138
sub-01__jax_gpu_fixed,jax_gpu_fixed,sub-01,1380,-1.1532851338890149,,,,,,0.02527337591163814
sub-01__jax_gpu_fixed,jax_gpu_fixed,sub-01,1381,-1.1532850353578454,,,,,,0.025313276099041104
sub-01__jax_gpu_fixed,jax_gpu_fixed,sub-01,1382,-1.1532849349966172,,,,,,0.025293254991993308
sub-01__jax_gpu_fixed,jax_gpu_fixed,sub-01,1383,-1.1532848360520656,,,,,,0.025286755990236998
sub-01__jax_gpu_fixed,jax_gpu_fixed,sub-01,1384,-1.1532847394014933,,,,,,0.02523902605753392
sub-01__jax_gpu_fixed,jax_gpu_fixed,sub-01,1385,-1.1532846339136695,,,,,,0.025336285936646163
sub-01__jax_gpu_fixed,jax_gpu_fixed,sub-01,1386,-1.153284541991438,,,,,,0.0254040549043566
sub-01__jax_gpu_fixed,jax_gpu_fixed,sub-01,1387,-1.1532844392772479,,,,,,0.0252940459176898
sub-01__jax_gpu_fixed,jax_gpu_fixed,sub-01,1388,-1.1532843446065228,,,,,,0.02529721602331847
sub-01__jax_gpu_fixed,jax_gpu_fixed,sub-01,1389,-1.1532842448035205,,,,,,0.02538556489162147
sub-01__jax_gpu_fixed,jax_gpu_fixed,sub-01,1390,-1.1532841472810136,,,,,,0.025301735033281147
sub-01__jax_gpu_fixed,jax_gpu_fixed,sub-01,1391,-1.1532840401244373,,,,,,0.025300396024249494
sub-01__jax_gpu_fixed,jax_gpu_fixed,sub-01,1392,-1.1532839434206925,,,,,,0.02525997592601925
sub-01__jax_gpu_fixed,jax_gpu_fixed,sub-01,1393,-1.1532838410454878,,,,,,0.025368234957568347
sub-01__jax_gpu_fixed,jax_gpu_fixed,sub-01,1394,-1.1532837361358514,,,,,,0.025423954939469695
sub-01__jax_gpu_fixed,jax_gpu_fixed,sub-01,1395,-1.1532836345650346,,,,,,0.025407684966921806
sub-01__jax_gpu_fixed,jax_gpu_fixed,sub-01,1396,-1.1532835276023166,,,,,,0.02545945404563099
sub-01__jax_gpu_fixed,jax_gpu_fixed,sub-01,1397,-1.1532834222202242,,,,,,0.025221446063369513
sub-01__jax_gpu_fixed,jax_gpu_fixed,sub-01,1398,-1.1532833178445883,,,,,,0.025265636038966477
sub-01__jax_gpu_fixed,jax_gpu_fixed,sub-01,1399,-1.1532832174392609,,,,,,0.025355846039019525
sub-01__jax_gpu_fixed,jax_gpu_fixed,sub-01,1400,-1.1532831130851153,,,,,,0.025362765067256987
sub-01__jax_gpu_fixed,jax_gpu_fixed,sub-01,1401,-1.1532830116635915,,,,,,0.02533354493789375
sub-01__jax_gpu_fixed,jax_gpu_fixed,sub-01,1402,-1.15328291027936,,,,,,0.02524338592775166
sub-01__jax_gpu_fixed,jax_gpu_fixed,sub-01,1403,-1.1532828018006387,,,,,,0.025287935975939035
sub-01__jax_gpu_fixed,jax_gpu_fixed,sub-01,1404,-1.153282693355791,,,,,,0.025233295978978276
sub-01__jax_gpu_fixed,jax_gpu_fixed,sub-01,1405,-1.1532825891862606,,,,,,0.02539623505435884
sub-01__jax_gpu_fixed,jax_gpu_fixed,sub-01,1406,-1.1532824862366609,,,,,,0.025225735967978835
sub-01__jax_gpu_fixed,jax_gpu_fixed,sub-01,1407,-1.1532823796225855,,,,,,0.025352575932629406
sub-01__jax_gpu_fixed,jax_gpu_fixed,sub-01,1408,-1.1532822786703947,,,,,,0.025390953989699483
sub-01__jax_gpu_fixed,jax_gpu_fixed,sub-01,1409,-1.1532821687523183,,,,,,0.02530742494855076
sub-01__jax_gpu_fixed,jax_gpu_fixed,sub-01,1410,-1.1532820596760225,,,,,,0.025366814923472703
sub-01__jax_gpu_fixed,jax_gpu_fixed,sub-01,1411,-1.1532819514210946,,,,,,0.02546501497272402
sub-01__jax_gpu_fixed,jax_gpu_fixed,sub-01,1412,-1.1532818420841753,,,,,,0.02572614303790033
sub-01__jax_gpu_fixed,jax_gpu_fixed,sub-01,1413,-1.1532817240362907,,,,,,0.02538707503117621
sub-01__jax_gpu_fixed,jax_gpu_fixed,sub-01,1414,-1.1532816100603007,,,,,,0.025239626062102616
sub-01__jax_gpu_fixed,jax_gpu_fixed,sub-01,1415,-1.1532814990039573,,,,,,0.025191275984980166
sub-01__jax_gpu_fixed,jax_gpu_fixed,sub-01,1416,-1.1532813954620478,,,,,,0.02527047600597143
sub-01__jax_gpu_fixed,jax_gpu_fixed,sub-01,1417,-1.1532812880657828,,,,,,0.025213315966539085
sub-01__jax_gpu_fixed,jax_gpu_fixed,sub-01,1418,-1.1532811711549982,,,,,,0.025251166080124676
sub-01__jax_gpu_fixed,jax_gpu_fixed,sub-01,1419,-1.1532810534438112,,,,,,0.0253684549825266
sub-01__jax_gpu_fixed,jax_gpu_fixed,sub-01,1420,-1.153280940399586,,,,,,0.025318605941720307
sub-01__jax_gpu_fixed,jax_gpu_fixed,sub-01,1421,-1.1532808224787268,,,,,,0.025349135044962168
sub-01__jax_gpu_fixed,jax_gpu_fixed,sub-01,1422,-1.1532807045346878,,,,,,0.025471745058894157
sub-01__jax_gpu_fixed,jax_gpu_fixed,sub-01,1423,-1.153280586998284,,,,,,0.02543758403044194
sub-01__jax_gpu_fixed,jax_gpu_fixed,sub-01,1424,-1.1532804697899441,,,,,,0.025384915992617607
sub-01__jax_gpu_fixed,jax_gpu_fixed,sub-01,1425,-1.1532803592439687,,,,,,0.025351525051519275
sub-01__jax_gpu_fixed,jax_gpu_fixed,sub-01,1426,-1.1532802382270853,,,,,,0.0254029450006783
sub-01__jax_gpu_fixed,jax_gpu_fixed,sub-01,1427,-1.1532801357326543,,,,,,0.025417215074412525
sub-01__jax_gpu_fixed,jax_gpu_fixed,sub-01,1428,-1.1532800159635632,,,,,,0.025301174959167838
sub-01__jax_gpu_fixed,jax_gpu_fixed,sub-01,1429,-1.153279903001542,,,,,,0.025369966053403914
sub-01__jax_gpu_fixed,jax_gpu_fixed,sub-01,1430,-1.1532797837593736,,,,,,0.025359324994497
sub-01__jax_gpu_fixed,jax_gpu_fixed,sub-01,1431,-1.1532796586004983,,,,,,0.025266415905207396
sub-01__jax_gpu_fixed,jax_gpu_fixed,sub-01,1432,-1.1532795430563205,,,,,,0.02537839498836547
sub-01__jax_gpu_fixed,jax_gpu_fixed,sub-01,1433,-1.1532794198242948,,,,,,0.025364835048094392
sub-01__jax_gpu_fixed,jax_gpu_fixed,sub-01,1434,-1.1532792923654038,,,,,,0.025319664971902966
sub-01__jax_gpu_fixed,jax_gpu_fixed,sub-01,1435,-1.153279174792175,,,,,,0.025320685002952814
sub-01__jax_gpu_fixed,jax_gpu_fixed,sub-01,1436,-1.1532790538679312,,,,,,0.025421745027415454
sub-01__jax_gpu_fixed,jax_gpu_fixed,sub-01,1437,-1.1532789203874503,,,,,,0.025273815961554646
sub-01__jax_gpu_fixed,jax_gpu_fixed,sub-01,1438,-1.15327880084386,,,,,,0.02537765505257994
sub-01__jax_gpu_fixed,jax_gpu_fixed,sub-01,1439,-1.1532786741296381,,,,,,0.025411215028725564
sub-01__jax_gpu_fixed,jax_gpu_fixed,sub-01,1440,-1.1532785438342934,,,,,,0.02537305501755327
sub-01__jax_gpu_fixed,jax_gpu_fixed,sub-01,1441,-1.1532784177658226,,,,,,0.025310775032266974
sub-01__jax_gpu_fixed,jax_gpu_fixed,sub-01,1442,-1.153278294828775,,,,,,0.025387475034222007
sub-01__jax_gpu_fixed,jax_gpu_fixed,sub-01,1443,-1.153278161349288,,,,,,0.025376225006766617
sub-01__jax_gpu_fixed,jax_gpu_fixed,sub-01,1444,-1.1532780305344752,,,,,,0.02540167490951717
sub-01__jax_gpu_fixed,jax_gpu_fixed,sub-01,1445,-1.1532778937182935,,,,,,0.025308385025709867
sub-01__jax_gpu_fixed,jax_gpu_fixed,sub-01,1446,-1.1532777637346514,,,,,,0.02537837508134544
sub-01__jax_gpu_fixed,jax_gpu_fixed,sub-01,1447,-1.1532776337150925,,,,,,0.02542010392062366
sub-01__jax_gpu_fixed,jax_gpu_fixed,sub-01,1448,-1.153277504093053,,,,,,0.025383424945175648
sub-01__jax_gpu_fixed,jax_gpu_fixed,sub-01,1449,-1.153277372793733,,,,,,0.025311914971098304
sub-01__jax_gpu_fixed,jax_gpu_fixed,sub-01,1450,-1.1532772380925613,,,,,,0.02542827499564737
sub-01__jax_gpu_fixed,jax_gpu_fixed,sub-01,1451,-1.1532770948439288,,,,,,0.02534182497765869
sub-01__jax_gpu_fixed,jax_gpu_fixed,sub-01,1452,-1.1532769523982875,,,,,,0.025353325065225363
sub-01__jax_gpu_fixed,jax_gpu_fixed,sub-01,1453,-1.1532768226945673,,,,,,0.025264195981435478
sub-01__jax_gpu_fixed,jax_gpu_fixed,sub-01,1454,-1.1532767223698002,,,,,,0.02535504591651261
sub-01__jax_gpu_fixed,jax_gpu_fixed,sub-01,1455,-1.153276579547949,,,,,,0.025376876001246274
sub-01__jax_gpu_fixed,jax_gpu_fixed,sub-01,1456,-1.153276437050602,,,,,,0.025222055963240564
sub-01__jax_gpu_fixed,jax_gpu_fixed,sub-01,1457,-1.1532763228142335,,,,,,0.025269735953770578
sub-01__jax_gpu_fixed,jax_gpu_fixed,sub-01,1458,-1.1532761786693595,,,,,,0.025184405967593193
sub-01__jax_gpu_fixed,jax_gpu_fixed,sub-01,1459,-1.1532760310703054,,,,,,0.025411705020815134
sub-01__jax_gpu_fixed,jax_gpu_fixed,sub-01,1460,-1.1532758807563346,,,,,,0.025253526051528752
sub-01__jax_gpu_fixed,jax_gpu_fixed,sub-01,1461,-1.1532757296856404,,,,,,0.025307154981419444
sub-01__jax_gpu_fixed,jax_gpu_fixed,sub-01,1462,-1.1532755768483658,,,,,,0.025349745992571115
sub-01__jax_gpu_fixed,jax_gpu_fixed,sub-01,1463,-1.1532754191065004,,,,,,0.025188565952703357
sub-01__jax_gpu_fixed,jax_gpu_fixed,sub-01,1464,-1.153275267692563,,,,,,0.025296155945397913
sub-01__jax_gpu_fixed,jax_gpu_fixed,sub-01,1465,-1.1532751130742758,,,,,,0.025336615042760968
sub-01__jax_gpu_fixed,jax_gpu_fixed,sub-01,1466,-1.1532749605900912,,,,,,0.025223976001143456
sub-01__jax_gpu_fixed,jax_gpu_fixed,sub-01,1467,-1.1532748014796088,,,,,,0.025285365991294384
sub-01__jax_gpu_fixed,jax_gpu_fixed,sub-01,1468,-1.1532746393978923,,,,,,0.02525212592445314
sub-01__jax_gpu_fixed,jax_gpu_fixed,sub-01,1469,-1.1532744831320163,,,,,,0.02528095501475036
sub-01__jax_gpu_fixed,jax_gpu_fixed,sub-01,1470,-1.1532743268740233,,,,,,0.025210577063262463
sub-01__jax_gpu_fixed,jax_gpu_fixed,sub-01,1471,-1.1532741902573207,,,,,,0.02520407608244568
sub-01__jax_gpu_fixed,jax_gpu_fixed,sub-01,1472,-1.1532740574647022,,,,,,0.025344564928673208
sub-01__jax_gpu_fixed,jax_gpu_fixed,sub-01,1473,-1.1532739226213051,,,,,,0.025194916990585625
sub-01__jax_gpu_fixed,jax_gpu_fixed,sub-01,1474,-1.1532737610108734,,,,,,0.025144107057712972
sub-01__jax_gpu_fixed,jax_gpu_fixed,sub-01,1475,-1.1532736368302958,,,,,,0.02531978499609977
sub-01__jax_gpu_fixed,jax_gpu_fixed,sub-01,1476,-1.1532734804258387,,,,,,0.025269955047406256
sub-01__jax_gpu_fixed,jax_gpu_fixed,sub-01,1477,-1.1532733281073133,,,,,,0.025134187075309455
sub-01__jax_gpu_fixed,jax_gpu_fixed,sub-01,1478,-1.153273171023982,,,,,,0.025193926063366234
sub-01__jax_gpu_fixed,jax_gpu_fixed,sub-01,1479,-1.1532730157559141,,,,,,0.02529163600411266
sub-01__jax_gpu_fixed,jax_gpu_fixed,sub-01,1480,-1.1532728666517196,,,,,,0.025240545975975692
sub-01__jax_gpu_fixed,jax_gpu_fixed,sub-01,1481,-1.153272710079559,,,,,,0.025210806052200496
sub-01__jax_gpu_fixed,jax_gpu_fixed,sub-01,1482,-1.153272553234299,,,,,,0.02522695600055158
sub-01__jax_gpu_fixed,jax_gpu_fixed,sub-01,1483,-1.1532724052902785,,,,,,0.02521809609606862
sub-01__jax_gpu_fixed,jax_gpu_fixed,sub-01,1484,-1.1532722625965826,,,,,,0.025260265916585922
sub-01__jax_gpu_fixed,jax_gpu_fixed,sub-01,1485,-1.1532721001168276,,,,,,0.025254486012272537
sub-01__jax_gpu_fixed,jax_gpu_fixed,sub-01,1486,-1.1532719477639708,,,,,,0.02523012598976493
sub-01__jax_gpu_fixed,jax_gpu_fixed,sub-01,1487,-1.1532717821212852,,,,,,0.02520543592981994
sub-01__jax_gpu_fixed,jax_gpu_fixed,sub-01,1488,-1.1532716141296002,,,,,,0.02525157597847283
sub-01__jax_gpu_fixed,jax_gpu_fixed,sub-01,1489,-1.1532714654831269,,,,,,0.025288956006988883
sub-01__jax_gpu_fixed,jax_gpu_fixed,sub-01,1490,-1.1532712990669458,,,,,,0.025308385025709867
sub-01__jax_gpu_fixed,jax_gpu_fixed,sub-01,1491,-1.153271128322489,,,,,,0.025252865976653993
sub-01__jax_gpu_fixed,jax_gpu_fixed,sub-01,1492,-1.1532709578518412,,,,,,0.025224206037819386
sub-01__jax_gpu_fixed,jax_gpu_fixed,sub-01,1493,-1.1532707858099729,,,,,,0.025310005992650986
sub-01__jax_gpu_fixed,jax_gpu_fixed,sub-01,1494,-1.153270620218879,,,,,,0.025210386025719345
sub-01__jax_gpu_fixed,jax_gpu_fixed,sub-01,1495,-1.1532704514775525,,,,,,0.025310135912150145
sub-01__jax_gpu_fixed,jax_gpu_fixed,sub-01,1496,-1.1532702798499044,,,,,,0.025274524930864573
sub-01__jax_gpu_fixed,jax_gpu_fixed,sub-01,1497,-1.1532701084042358,,,,,,0.025275976047851145
sub-01__jax_gpu_fixed,jax_gpu_fixed,sub-01,1498,-1.1532699529440975,,,,,,0.02517041703686118
sub-01__jax_gpu_fixed,jax_gpu_fixed,sub-01,1499,-1.1532697883158887,,,,,,0.025290305027738214
sub-01__jax_gpu_fixed,jax_gpu_fixed,sub-01,1500,-1.153269620611103,,,,,,0.025229605962522328
sub-01__jax_gpu_fixed,jax_gpu_fixed,sub-01,1501,-1.1532694478382577,,,,,,0.025234446045942605
sub-01__jax_gpu_fixed,jax_gpu_fixed,sub-01,1502,-1.1532692936630926,,,,,,0.02535393601283431
sub-01__jax_gpu_fixed,jax_gpu_fixed,sub-01,1503,-1.1532691184723582,,,,,,0.025255084969103336
sub-01__jax_gpu_fixed,jax_gpu_fixed,sub-01,1504,-1.15326895829099,,,,,,0.025300305103883147
sub-01__jax_gpu_fixed,jax_gpu_fixed,sub-01,1505,-1.1532688397785793,,,,,,0.025338075938634574
sub-01__jax_gpu_fixed,jax_gpu_fixed,sub-01,1506,-1.1532686734491928,,,,,,0.02515468595083803
sub-01__jax_gpu_fixed,jax_gpu_fixed,sub-01,1507,-1.1532685032791732,,,,,,0.025258246110752225
sub-01__jax_gpu_fixed,jax_gpu_fixed,sub-01,1508,-1.153268336349996,,,,,,0.025328704970888793
sub-01__jax_gpu_fixed,jax_gpu_fixed,sub-01,1509,-1.153268160340351,,,,,,0.025284854928031564
sub-01__jax_gpu_fixed,jax_gpu_fixed,sub-01,1510,-1.1532679912848884,,,,,,0.02528450603131205
sub-01__jax_gpu_fixed,jax_gpu_fixed,sub-01,1511,-1.153267817677498,,,,,,0.025241255993023515
sub-01__jax_gpu_fixed,jax_gpu_fixed,sub-01,1512,-1.1532676393555548,,,,,,0.02528112498112023
sub-01__jax_gpu_fixed,jax_gpu_fixed,sub-01,1513,-1.1532674629123092,,,,,,0.025281475973315537
sub-01__jax_gpu_fixed,jax_gpu_fixed,sub-01,1514,-1.1532673054566391,,,,,,0.02518335694912821
sub-01__jax_gpu_fixed,jax_gpu_fixed,sub-01,1515,-1.1532671411765714,,,,,,0.025235886103473604
sub-01__jax_gpu_fixed,jax_gpu_fixed,sub-01,1516,-1.1532669743729125,,,,,,0.025148936081677675
sub-01__jax_gpu_fixed,jax_gpu_fixed,sub-01,1517,-1.1532668047610757,,,,,,0.025257286033593118
sub-01__jax_gpu_fixed,jax_gpu_fixed,sub-01,1518,-1.1532666337194106,,,,,,0.025309256045147777
sub-01__jax_gpu_fixed,jax_gpu_fixed,sub-01,1519,-1.1532664670465598,,,,,,0.02524176600854844
sub-01__jax_gpu_fixed,jax_gpu_fixed,sub-01,1520,-1.1532663011318767,,,,,,0.025209796032868326
sub-01__jax_gpu_fixed,jax_gpu_fixed,sub-01,1521,-1.1532661436927611,,,,,,0.02515762601979077
sub-01__jax_gpu_fixed,jax_gpu_fixed,sub-01,1522,-1.1532659725109988,,,,,,0.02531494607683271
sub-01__jax_gpu_fixed,jax_gpu_fixed,sub-01,1523,-1.1532658024105507,,,,,,0.0252171759493649
sub-01__jax_gpu_fixed,jax_gpu_fixed,sub-01,1524,-1.1532656374422678,,,,,,0.025334834936074913
sub-01__jax_gpu_fixed,jax_gpu_fixed,sub-01,1525,-1.1532654683186947,,,,,,0.025416424963623285
sub-01__jax_gpu_fixed,jax_gpu_fixed,sub-01,1526,-1.1532653033730005,,,,,,0.025366805959492922
sub-01__jax_gpu_fixed,jax_gpu_fixed,sub-01,1527,-1.1532651361431216,,,,,,0.025404173997230828
sub-01__jax_gpu_fixed,jax_gpu_fixed,sub-01,1528,-1.153264976296946,,,,,,0.02541060501243919
sub-01__jax_gpu_fixed,jax_gpu_fixed,sub-01,1529,-1.1532648165177857,,,,,,0.025423004990443587
sub-01__jax_gpu_fixed,jax_gpu_fixed,sub-01,1530,-1.1532646625089744,,,,,,0.025382364983670413
sub-01__jax_gpu_fixed,jax_gpu_fixed,sub-01,1531,-1.1532644957070934,,,,,,0.025240565999411047
sub-01__jax_gpu_fixed,jax_gpu_fixed,sub-01,1532,-1.1532643382360688,,,,,,0.02529082598630339
sub-01__jax_gpu_fixed,jax_gpu_fixed,sub-01,1533,-1.1532641738991334,,,,,,0.025352944969199598
sub-01__jax_gpu_fixed,jax_gpu_fixed,sub-01,1534,-1.153264023639706,,,,,,0.02528394607361406
sub-01__jax_gpu_fixed,jax_gpu_fixed,sub-01,1535,-1.153263882412958,,,,,,0.025401044986210763
sub-01__jax_gpu_fixed,jax_gpu_fixed,sub-01,1536,-1.1532637529344534,,,,,,0.025246076053008437
sub-01__jax_gpu_fixed,jax_gpu_fixed,sub-01,1537,-1.153263596677687,,,,,,0.02536480501294136
sub-01__jax_gpu_fixed,jax_gpu_fixed,sub-01,1538,-1.1532634479931474,,,,,,0.02530428604222834
sub-01__jax_gpu_fixed,jax_gpu_fixed,sub-01,1539,-1.1532633140502833,,,,,,0.025350204901769757
sub-01__jax_gpu_fixed,jax_gpu_fixed,sub-01,1540,-1.153263168173779,,,,,,0.025301335961557925
sub-01__jax_gpu_fixed,jax_gpu_fixed,sub-01,1541,-1.1532630119752856,,,,,,0.02522402594331652
sub-01__jax_gpu_fixed,jax_gpu_fixed,sub-01,1542,-1.1532628570191517,,,,,,0.025179706048220396
sub-01__jax_gpu_fixed,jax_gpu_fixed,sub-01,1543,-1.1532627102881818,,,,,,0.02526751602999866
sub-01__jax_gpu_fixed,jax_gpu_fixed,sub-01,1544,-1.153262562197838,,,,,,0.02529820497147739
sub-01__jax_gpu_fixed,jax_gpu_fixed,sub-01,1545,-1.1532624236264764,,,,,,0.025216616108082235
sub-01__jax_gpu_fixed,jax_gpu_fixed,sub-01,1546,-1.1532622718631393,,,,,,0.025320834945887327
sub-01__jax_gpu_fixed,jax_gpu_fixed,sub-01,1547,-1.1532621242216403,,,,,,0.02522659592796117
sub-01__jax_gpu_fixed,jax_gpu_fixed,sub-01,1548,-1.1532619802940351,,,,,,0.025291356025263667
sub-01__jax_gpu_fixed,jax_gpu_fixed,sub-01,1549,-1.1532618402104888,,,,,,0.025263946037739515
sub-01__jax_gpu_fixed,jax_gpu_fixed,sub-01,1550,-1.1532616891428475,,,,,,0.02530713495798409
sub-01__jax_gpu_fixed,jax_gpu_fixed,sub-01,1551,-1.153261548056307,,,,,,0.0252904660301283
sub-01__jax_gpu_fixed,jax_gpu_fixed,sub-01,1552,-1.1532613993187173,,,,,,0.02523908601142466
sub-01__jax_gpu_fixed,jax_gpu_fixed,sub-01,1553,-1.153261247561845,,,,,,0.025301076006144285
sub-01__jax_gpu_fixed,jax_gpu_fixed,sub-01,1554,-1.1532611040417773,,,,,,0.025119886035099626
sub-01__jax_gpu_fixed,jax_gpu_fixed,sub-01,1555,-1.1532609596159515,,,,,,0.025166136911138892
sub-01__jax_gpu_fixed,jax_gpu_fixed,sub-01,1556,-1.1532608163844498,,,,,,0.025273395935073495
sub-01__jax_gpu_fixed,jax_gpu_fixed,sub-01,1557,-1.1532606653049033,,,,,,0.025119176949374378
sub-01__jax_gpu_fixed,jax_gpu_fixed,sub-01,1558,-1.1532605192133285,,,,,,0.025377794983796775
sub-01__jax_gpu_fixed,jax_gpu_fixed,sub-01,1559,-1.1532603776330006,,,,,,0.02536249498371035
sub-01__jax_gpu_fixed,jax_gpu_fixed,sub-01,1560,-1.1532602317753817,,,,,,0.02530345495324582
sub-01__jax_gpu_fixed,jax_gpu_fixed,sub-01,1561,-1.153260090817792,,,,,,0.02531925600487739
sub-01__jax_gpu_fixed,jax_gpu_fixed,sub-01,1562,-1.1532599599887228,,,,,,0.02540441497694701
sub-01__jax_gpu_fixed,jax_gpu_fixed,sub-01,1563,-1.1532598166575752,,,,,,0.025415444979444146
sub-01__jax_gpu_fixed,jax_gpu_fixed,sub-01,1564,-1.1532596700441642,,,,,,0.02530270500574261
sub-01__jax_gpu_fixed,jax_gpu_fixed,sub-01,1565,-1.1532595244020123,,,,,,0.02541451493743807
sub-01__jax_gpu_fixed,jax_gpu_fixed,sub-01,1566,-1.1532593758877816,,,,,,0.025422665057703853
sub-01__jax_gpu_fixed,jax_gpu_fixed,sub-01,1567,-1.1532592329198512,,,,,,0.025368085014633834
sub-01__jax_gpu_fixed,jax_gpu_fixed,sub-01,1568,-1.1532590876682824,,,,,,0.025397595018148422
sub-01__jax_gpu_fixed,jax_gpu_fixed,sub-01,1569,-1.1532589474445223,,,,,,0.025426795007660985
sub-01__jax_gpu_fixed,jax_gpu_fixed,sub-01,1570,-1.1532588104651502,,,,,,0.02531354606617242
sub-01__jax_gpu_fixed,jax_gpu_fixed,sub-01,1571,-1.153258671300329,,,,,,0.025428444030694664
sub-01__jax_gpu_fixed,jax_gpu_fixed,sub-01,1572,-1.1532585402281306,,,,,,0.02540241600945592
sub-01__jax_gpu_fixed,jax_gpu_fixed,sub-01,1573,-1.1532584163646462,,,,,,0.02529411599971354
sub-01__jax_gpu_fixed,jax_gpu_fixed,sub-01,1574,-1.1532582771712006,,,,,,0.025366525049321353
sub-01__jax_gpu_fixed,jax_gpu_fixed,sub-01,1575,-1.1532581479834456,,,,,,0.02536156598944217
sub-01__jax_gpu_fixed,jax_gpu_fixed,sub-01,1576,-1.1532580099112606,,,,,,0.025299355038441718
sub-01__jax_gpu_fixed,jax_gpu_fixed,sub-01,1577,-1.153257877101633,,,,,,0.025170556968078017
sub-01__jax_gpu_fixed,jax_gpu_fixed,sub-01,1578,-1.1532577299695428,,,,,,0.025348394992761314
sub-01__jax_gpu_fixed,jax_gpu_fixed,sub-01,1579,-1.1532575952031878,,,,,,0.025388875044882298
sub-01__jax_gpu_fixed,jax_gpu_fixed,sub-01,1580,-1.1532574655687848,,,,,,0.025363715016283095
sub-01__jax_gpu_fixed,jax_gpu_fixed,sub-01,1581,-1.1532573268914792,,,,,,0.025491524953395128
sub-01__jax_gpu_fixed,jax_gpu_fixed,sub-01,1582,-1.1532571830256113,,,,,,0.025446363957598805
sub-01__jax_gpu_fixed,jax_gpu_fixed,sub-01,1583,-1.1532570398175679,,,,,,0.025519535061903298
sub-01__jax_gpu_fixed,jax_gpu_fixed,sub-01,1584,-1.1532568958167821,,,,,,0.025499393930658698
sub-01__jax_gpu_fixed,jax_gpu_fixed,sub-01,1585,-1.153256751222483,,,,,,0.025647314032539725
sub-01__jax_gpu_fixed,jax_gpu_fixed,sub-01,1586,-1.1532566095961294,,,,,,0.025471934000961483
sub-01__jax_gpu_fixed,jax_gpu_fixed,sub-01,1587,-1.1532564631984912,,,,,,0.025474914931692183
sub-01__jax_gpu_fixed,jax_gpu_fixed,sub-01,1588,-1.1532563191743286,,,,,,0.025344024994410574
sub-01__jax_gpu_fixed,jax_gpu_fixed,sub-01,1589,-1.1532561766008593,,,,,,0.025404965039342642
sub-01__jax_gpu_fixed,jax_gpu_fixed,sub-01,1590,-1.1532560400101064,,,,,,0.025356815080158412
sub-01__jax_gpu_fixed,jax_gpu_fixed,sub-01,1591,-1.1532559172515777,,,,,,0.02546140505000949
sub-01__jax_gpu_fixed,jax_gpu_fixed,sub-01,1592,-1.1532557814292037,,,,,,0.025342945009469986
sub-01__jax_gpu_fixed,jax_gpu_fixed,sub-01,1593,-1.1532556592567311,,,,,,0.025270595913752913
sub-01__jax_gpu_fixed,jax_gpu_fixed,sub-01,1594,-1.1532555192801952,,,,,,0.0256204039324075
sub-01__jax_gpu_fixed,jax_gpu_fixed,sub-01,1595,-1.1532553927772182,,,,,,0.025550694088451564
sub-01__jax_gpu_fixed,jax_gpu_fixed,sub-01,1596,-1.1532552582127584,,,,,,0.025593223050236702
sub-01__jax_gpu_fixed,jax_gpu_fixed,sub-01,1597,-1.1532551263849364,,,,,,0.025481504970230162
sub-01__jax_gpu_fixed,jax_gpu_fixed,sub-01,1598,-1.153254990347583,,,,,,0.02552644396200776
sub-01__jax_gpu_fixed,jax_gpu_fixed,sub-01,1599,-1.1532548720797393,,,,,,0.02551006490830332
sub-01__jax_gpu_fixed,jax_gpu_fixed,sub-01,1600,-1.153254738154465,,,,,,0.025412404909729958
sub-01__jax_gpu_fixed,jax_gpu_fixed,sub-01,1601,-1.1532546052205523,,,,,,0.025349545059725642
sub-01__jax_gpu_fixed,jax_gpu_fixed,sub-01,1602,-1.1532544732822902,,,,,,0.025349064962938428
sub-01__jax_gpu_fixed,jax_gpu_fixed,sub-01,1603,-1.1532543436635159,,,,,,0.02545634494163096
sub-01__jax_gpu_fixed,jax_gpu_fixed,sub-01,1604,-1.1532542110393016,,,,,,0.025454444927163422
sub-01__jax_gpu_fixed,jax_gpu_fixed,sub-01,1605,-1.1532540854701494,,,,,,0.025417444994673133
sub-01__jax_gpu_fixed,jax_gpu_fixed,sub-01,1606,-1.1532539508846396,,,,,,0.02539813402108848
sub-01__jax_gpu_fixed,jax_gpu_fixed,sub-01,1607,-1.1532538174058897,,,,,,0.025465034996159375
sub-01__jax_gpu_fixed,jax_gpu_fixed,sub-01,1608,-1.1532536817403043,,,,,,0.025447074905969203
sub-01__jax_gpu_fixed,jax_gpu_fixed,sub-01,1609,-1.1532535459402127,,,,,,0.025429334957152605
sub-01__jax_gpu_fixed,jax_gpu_fixed,sub-01,1610,-1.1532534122441842,,,,,,0.025474465102888644
sub-01__jax_gpu_fixed,jax_gpu_fixed,sub-01,1611,-1.1532532829728568,,,,,,0.025419975048862398
sub-01__jax_gpu_fixed,jax_gpu_fixed,sub-01,1612,-1.1532531432470727,,,,,,0.025354444980621338
sub-01__jax_gpu_fixed,jax_gpu_fixed,sub-01,1613,-1.153253011686702,,,,,,0.02527550607919693
sub-01__jax_gpu_fixed,jax_gpu_fixed,sub-01,1614,-1.1532528831803905,,,,,,0.025429115048609674
sub-01__jax_gpu_fixed,jax_gpu_fixed,sub-01,1615,-1.1532527543105593,,,,,,0.02549290400929749
sub-01__jax_gpu_fixed,jax_gpu_fixed,sub-01,1616,-1.153252621209452,,,,,,0.025338815990835428
sub-01__jax_gpu_fixed,jax_gpu_fixed,sub-01,1617,-1.1532524966696691,,,,,,0.02536816499195993
sub-01__jax_gpu_fixed,jax_gpu_fixed,sub-01,1618,-1.1532523747985586,,,,,,0.0252971159061417
sub-01__jax_gpu_fixed,jax_gpu_fixed,sub-01,1619,-1.1532522464617383,,,,,,0.025372714968398213
sub-01__jax_gpu_fixed,jax_gpu_fixed,sub-01,1620,-1.1532521160538365,,,,,,0.025350964977405965
sub-01__jax_gpu_fixed,jax_gpu_fixed,sub-01,1621,-1.1532519950563282,,,,,,0.025402494939044118
sub-01__jax_gpu_fixed,jax_gpu_fixed,sub-01,1622,-1.1532518639067648,,,,,,0.025377864949405193
sub-01__jax_gpu_fixed,jax_gpu_fixed,sub-01,1623,-1.1532517427320645,,,,,,0.02540135500021279
sub-01__jax_gpu_fixed,jax_gpu_fixed,sub-01,1624,-1.1532516138205473,,,,,,0.02540793502703309
sub-01__jax_gpu_fixed,jax_gpu_fixed,sub-01,1625,-1.1532514913952976,,,,,,0.02535612601786852
sub-01__jax_gpu_fixed,jax_gpu_fixed,sub-01,1626,-1.153251370488842,,,,,,0.02560799301136285
sub-01__jax_gpu_fixed,jax_gpu_fixed,sub-01,1627,-1.1532512501682795,,,,,,0.02550742495805025
sub-01__jax_gpu_fixed,jax_gpu_fixed,sub-01,1628,-1.1532511295278367,,,,,,0.02539414493367076
sub-01__jax_gpu_fixed,jax_gpu_fixed,sub-01,1629,-1.153251011500785,,,,,,0.025331745040602982
sub-01__jax_gpu_fixed,jax_gpu_fixed,sub-01,1630,-1.1532508860877015,,,,,,0.025445485021919012
sub-01__jax_gpu_fixed,jax_gpu_fixed,sub-01,1631,-1.1532507650940245,,,,,,0.02545544400345534
sub-01__jax_gpu_fixed,jax_gpu_fixed,sub-01,1632,-1.153250647479018,,,,,,0.025432774098590016
sub-01__jax_gpu_fixed,jax_gpu_fixed,sub-01,1633,-1.1532505236887345,,,,,,0.025403465027920902
sub-01__jax_gpu_fixed,jax_gpu_fixed,sub-01,1634,-1.153250403362117,,,,,,0.02540943503845483
sub-01__jax_gpu_fixed,jax_gpu_fixed,sub-01,1635,-1.1532502811940084,,,,,,0.02550559490919113
sub-01__jax_gpu_fixed,jax_gpu_fixed,sub-01,1636,-1.1532501594271807,,,,,,0.02540841407608241
sub-01__jax_gpu_fixed,jax_gpu_fixed,sub-01,1637,-1.153250038268027,,,,,,0.025459234951995313
sub-01__jax_gpu_fixed,jax_gpu_fixed,sub-01,1638,-1.1532499152232818,,,,,,0.025358885060995817
sub-01__jax_gpu_fixed,jax_gpu_fixed,sub-01,1639,-1.1532498004862026,,,,,,0.02537124592345208
sub-01__jax_gpu_fixed,jax_gpu_fixed,sub-01,1640,-1.1532496787637356,,,,,,0.025287754950113595
sub-01__jax_gpu_fixed,jax_gpu_fixed,sub-01,1641,-1.1532495547986807,,,,,,0.025525434059090912
sub-01__jax_gpu_fixed,jax_gpu_fixed,sub-01,1642,-1.1532494286352322,,,,,,0.0253867149585858
sub-01__jax_gpu_fixed,jax_gpu_fixed,sub-01,1643,-1.1532493090612705,,,,,,0.025424974970519543
sub-01__jax_gpu_fixed,jax_gpu_fixed,sub-01,1644,-1.1532491875783277,,,,,,0.025404365034773946
sub-01__jax_gpu_fixed,jax_gpu_fixed,sub-01,1645,-1.1532490707813796,,,,,,0.025363506050780416
sub-01__jax_gpu_fixed,jax_gpu_fixed,sub-01,1646,-1.1532489555309886,,,,,,0.02537849498912692
sub-01__jax_gpu_fixed,jax_gpu_fixed,sub-01,1647,-1.1532488330315498,,,,,,0.02541732497047633
sub-01__jax_gpu_fixed,jax_gpu_fixed,sub-01,1648,-1.1532487122429034,,,,,,0.02533628500532359
sub-01__jax_gpu_fixed,jax_gpu_fixed,sub-01,1649,-1.153248592416137,,,,,,0.02531993598677218
sub-01__jax_gpu_fixed,jax_gpu_fixed,sub-01,1650,-1.1532484711909672,,,,,,0.02538916503544897
sub-01__jax_gpu_fixed,jax_gpu_fixed,sub-01,1651,-1.153248348606156,,,,,,0.02538902498781681
sub-01__jax_gpu_fixed,jax_gpu_fixed,sub-01,1652,-1.1532482279010061,,,,,,0.02535779494792223
sub-01__jax_gpu_fixed,jax_gpu_fixed,sub-01,1653,-1.1532481075713799,,,,,,0.02533184492494911
sub-01__jax_gpu_fixed,jax_gpu_fixed,sub-01,1654,-1.1532479804350848,,,,,,0.025391746079549193
sub-01__jax_gpu_fixed,jax_gpu_fixed,sub-01,1655,-1.1532478610397463,,,,,,0.02536960504949093
sub-01__jax_gpu_fixed,jax_gpu_fixed,sub-01,1656,-1.1532477380322073,,,,,,0.025315114995464683
sub-01__jax_gpu_fixed,jax_gpu_fixed,sub-01,1657,-1.1532476228791195,,,,,,0.025371214956976473
sub-01__jax_gpu_fixed,jax_gpu_fixed,sub-01,1658,-1.1532475033570504,,,,,,0.025377535028383136
sub-01__jax_gpu_fixed,jax_gpu_fixed,sub-01,1659,-1.1532473793822982,,,,,,0.025336944963783026
sub-01__jax_gpu_fixed,jax_gpu_fixed,sub-01,1660,-1.1532472602940795,,,,,,0.02526304603088647
sub-01__jax_gpu_fixed,jax_gpu_fixed,sub-01,1661,-1.1532471369884552,,,,,,0.025298445019870996
sub-01__jax_gpu_fixed,jax_gpu_fixed,sub-01,1662,-1.1532470131569001,,,,,,0.025417234050109982
sub-01__jax_gpu_fixed,jax_gpu_fixed,sub-01,1663,-1.1532468903251578,,,,,,0.025285205920226872
sub-01__jax_gpu_fixed,jax_gpu_fixed,sub-01,1664,-1.153246765052048,,,,,,0.025427845073863864
sub-01__jax_gpu_fixed,jax_gpu_fixed,sub-01,1665,-1.153246646673616,,,,,,0.02537771500647068
sub-01__jax_gpu_fixed,jax_gpu_fixed,sub-01,1666,-1.1532465231235052,,,,,,0.025333065073937178
sub-01__jax_gpu_fixed,jax_gpu_fixed,sub-01,1667,-1.1532464025829372,,,,,,0.0252906660316512
sub-01__jax_gpu_fixed,jax_gpu_fixed,sub-01,1668,-1.153246277827145,,,,,,0.025408795103430748
sub-01__jax_gpu_fixed,jax_gpu_fixed,sub-01,1669,-1.1532461606811575,,,,,,0.02540702500846237
sub-01__jax_gpu_fixed,jax_gpu_fixed,sub-01,1670,-1.1532460441770054,,,,,,0.025315556093119085
sub-01__jax_gpu_fixed,jax_gpu_fixed,sub-01,1671,-1.1532459294887727,,,,,,0.025348985102027655
sub-01__jax_gpu_fixed,jax_gpu_fixed,sub-01,1672,-1.1532458112482196,,,,,,0.025356735102832317
sub-01__jax_gpu_fixed,jax_gpu_fixed,sub-01,1673,-1.1532456946683947,,,,,,0.025438274955376983
sub-01__jax_gpu_fixed,jax_gpu_fixed,sub-01,1674,-1.1532455758551208,,,,,,0.025364665081724524
sub-01__jax_gpu_fixed,jax_gpu_fixed,sub-01,1675,-1.1532454557157161,,,,,,0.02539450500626117
sub-01__jax_gpu_fixed,jax_gpu_fixed,sub-01,1676,-1.15324533334034,,,,,,0.02547508489806205
sub-01__jax_gpu_fixed,jax_gpu_fixed,sub-01,1677,-1.1532452118460639,,,,,,0.025354054989293218
sub-01__jax_gpu_fixed,jax_gpu_fixed,sub-01,1678,-1.1532450855828102,,,,,,0.025352805969305336
sub-01__jax_gpu_fixed,jax_gpu_fixed,sub-01,1679,-1.1532449589629261,,,,,,0.025367833906784654
sub-01__jax_gpu_fixed,jax_gpu_fixed,sub-01,1680,-1.153244829023476,,,,,,0.02527365507557988
sub-01__jax_gpu_fixed,jax_gpu_fixed,sub-01,1681,-1.1532446994541106,,,,,,0.02528805600013584
sub-01__jax_gpu_fixed,jax_gpu_fixed,sub-01,1682,-1.1532445704346166,,,,,,0.02529163600411266
sub-01__jax_gpu_fixed,jax_gpu_fixed,sub-01,1683,-1.1532444421757957,,,,,,0.02531391498632729
sub-01__jax_gpu_fixed,jax_gpu_fixed,sub-01,1684,-1.1532443163643764,,,,,,0.02520185604225844
sub-01__jax_gpu_fixed,jax_gpu_fixed,sub-01,1685,-1.1532441950227232,,,,,,0.025318745989352465
sub-01__jax_gpu_fixed,jax_gpu_fixed,sub-01,1686,-1.1532440639037342,,,,,,0.025204156059771776
sub-01__jax_gpu_fixed,jax_gpu_fixed,sub-01,1687,-1.1532439391144695,,,,,,0.025347144925035536
sub-01__jax_gpu_fixed,jax_gpu_fixed,sub-01,1688,-1.1532438135490428,,,,,,0.025288525968790054
sub-01__jax_gpu_fixed,jax_gpu_fixed,sub-01,1689,-1.1532436901110286,,,,,,0.02530467591714114
sub-01__jax_gpu_fixed,jax_gpu_fixed,sub-01,1690,-1.1532435658776428,,,,,,0.025308985030278563
sub-01__jax_gpu_fixed,jax_gpu_fixed,sub-01,1691,-1.1532434475653135,,,,,,0.02530237496830523
sub-01__jax_gpu_fixed,jax_gpu_fixed,sub-01,1692,-1.1532433296606366,,,,,,0.02528306597378105
sub-01__jax_gpu_fixed,jax_gpu_fixed,sub-01,1693,-1.1532432152288903,,,,,,0.025421555037610233
sub-01__jax_gpu_fixed,jax_gpu_fixed,sub-01,1694,-1.153243100636549,,,,,,0.025108207017183304
sub-01__jax_gpu_fixed,jax_gpu_fixed,sub-01,1695,-1.1532429858899498,,,,,,0.025480713928118348
sub-01__jax_gpu_fixed,jax_gpu_fixed,sub-01,1696,-1.153242869432788,,,,,,0.02530843496788293
sub-01__jax_gpu_fixed,jax_gpu_fixed,sub-01,1697,-1.153242753159047,,,,,,0.025394633994437754
sub-01__jax_gpu_fixed,jax_gpu_fixed,sub-01,1698,-1.1532426363013928,,,,,,0.025376985082402825
sub-01__jax_gpu_fixed,jax_gpu_fixed,sub-01,1699,-1.1532425160829858,,,,,,0.02525991597212851
sub-01__jax_gpu_fixed,jax_gpu_fixed,sub-01,1700,-1.153242398892615,,,,,,0.025192077038809657
sub-01__jax_gpu_fixed,jax_gpu_fixed,sub-01,1701,-1.1532422799263815,,,,,,0.025239565991796553
sub-01__jax_gpu_fixed,jax_gpu_fixed,sub-01,1702,-1.153242160994801,,,,,,0.025230485945940018
sub-01__jax_gpu_fixed,jax_gpu_fixed,sub-01,1703,-1.153242045658091,,,,,,0.02523915597703308
sub-01__jax_gpu_fixed,jax_gpu_fixed,sub-01,1704,-1.1532419273083185,,,,,,0.02535587502643466
sub-01__jax_gpu_fixed,jax_gpu_fixed,sub-01,1705,-1.1532418111115537,,,,,,0.025399865000508726
sub-01__jax_gpu_fixed,jax_gpu_fixed,sub-01,1706,-1.1532416892984942,,,,,,0.02526187605690211
sub-01__jax_gpu_fixed,jax_gpu_fixed,sub-01,1707,-1.1532415708965162,,,,,,0.025362925021909177
sub-01__jax_gpu_fixed,jax_gpu_fixed,sub-01,1708,-1.1532414485282971,,,,,,0.02525483595672995
sub-01__jax_gpu_fixed,jax_gpu_fixed,sub-01,1709,-1.1532413264398833,,,,,,0.025196356000378728
sub-01__jax_gpu_fixed,jax_gpu_fixed,sub-01,1710,-1.1532412009533153,,,,,,0.025326216011308134
sub-01__jax_gpu_fixed,jax_gpu_fixed,sub-01,1711,-1.153241082092986,,,,,,0.025328935007564723
sub-01__jax_gpu_fixed,jax_gpu_fixed,sub-01,1712,-1.1532409529646988,,,,,,0.025241976021789014
sub-01__jax_gpu_fixed,jax_gpu_fixed,sub-01,1713,-1.1532408342982037,,,,,,0.025183147052302957
sub-01__jax_gpu_fixed,jax_gpu_fixed,sub-01,1714,-1.1532407077466216,,,,,,0.02536881493870169
sub-01__jax_gpu_fixed,jax_gpu_fixed,sub-01,1715,-1.1532405828125143,,,,,,0.025193875888362527
sub-01__jax_gpu_fixed,jax_gpu_fixed,sub-01,1716,-1.1532404552825979,,,,,,0.025228196056559682
sub-01__jax_gpu_fixed,jax_gpu_fixed,sub-01,1717,-1.1532403330921397,,,,,,0.025346625014208257
sub-01__jax_gpu_fixed,jax_gpu_fixed,sub-01,1718,-1.1532402037393665,,,,,,0.02538471599109471
sub-01__jax_gpu_fixed,jax_gpu_fixed,sub-01,1719,-1.1532400781344048,,,,,,0.025337664992548525
sub-01__jax_gpu_fixed,jax_gpu_fixed,sub-01,1720,-1.1532399498985197,,,,,,0.02524887607432902
sub-01__jax_gpu_fixed,jax_gpu_fixed,sub-01,1721,-1.1532398242415967,,,,,,0.025380864972248673
sub-01__jax_gpu_fixed,jax_gpu_fixed,sub-01,1722,-1.1532396936111207,,,,,,0.025297935935668647
sub-01__jax_gpu_fixed,jax_gpu_fixed,sub-01,1723,-1.153239564786468,,,,,,0.02542245399672538
sub-01__jax_gpu_fixed,jax_gpu_fixed,sub-01,1724,-1.153239437961542,,,,,,0.025370166054926813
sub-01__jax_gpu_fixed,jax_gpu_fixed,sub-01,1725,-1.1532393120624589,,,,,,0.025348094990476966
sub-01__jax_gpu_fixed,jax_gpu_fixed,sub-01,1726,-1.1532391803081148,,,,,,0.02529760601464659
sub-01__jax_gpu_fixed,jax_gpu_fixed,sub-01,1727,-1.1532390508639196,,,,,,0.025337415048852563
sub-01__jax_gpu_fixed,jax_gpu_fixed,sub-01,1728,-1.1532389168824542,,,,,,0.025295135914348066
sub-01__jax_gpu_fixed,jax_gpu_fixed,sub-01,1729,-1.1532387855083945,,,,,,0.025277395034208894
sub-01__jax_gpu_fixed,jax_gpu_fixed,sub-01,1730,-1.1532386524262246,,,,,,0.025332406046800315
sub-01__jax_gpu_fixed,jax_gpu_fixed,sub-01,1731,-1.1532385180128324,,,,,,0.025380664970725775
sub-01__jax_gpu_fixed,jax_gpu_fixed,sub-01,1732,-1.153238384976711,,,,,,0.025399494916200638
sub-01__jax_gpu_fixed,jax_gpu_fixed,sub-01,1733,-1.1532382541207662,,,,,,0.025408664951100945
sub-01__jax_gpu_fixed,jax_gpu_fixed,sub-01,1734,-1.1532381235152036,,,,,,0.025353414937853813
sub-01__jax_gpu_fixed,jax_gpu_fixed,sub-01,1735,-1.1532379930218217,,,,,,0.02539437497034669
sub-01__jax_gpu_fixed,jax_gpu_fixed,sub-01,1736,-1.1532378615092278,,,,,,0.02528459602035582
sub-01__jax_gpu_fixed,jax_gpu_fixed,sub-01,1737,-1.153237732724973,,,,,,0.025463914033025503
sub-01__jax_gpu_fixed,jax_gpu_fixed,sub-01,1738,-1.153237593399863,,,,,,0.025441954960115254
sub-01__jax_gpu_fixed,jax_gpu_fixed,sub-01,1739,-1.1532374605045927,,,,,,0.025193765992298722
sub-01__jax_gpu_fixed,jax_gpu_fixed,sub-01,1740,-1.1532373215981655,,,,,,0.025315664941444993
sub-01__jax_gpu_fixed,jax_gpu_fixed,sub-01,1741,-1.1532371916037045,,,,,,0.025318615953437984
sub-01__jax_gpu_fixed,jax_gpu_fixed,sub-01,1742,-1.1532370569938917,,,,,,0.025337935076095164
sub-01__jax_gpu_fixed,jax_gpu_fixed,sub-01,1743,-1.1532369243960026,,,,,,0.025426164967939258
sub-01__jax_gpu_fixed,jax_gpu_fixed,sub-01,1744,-1.1532367852390446,,,,,,0.025446785031817853
sub-01__jax_gpu_fixed,jax_gpu_fixed,sub-01,1745,-1.1532366459269623,,,,,,0.025331004988402128
sub-01__jax_gpu_fixed,jax_gpu_fixed,sub-01,1746,-1.153236508303209,,,,,,0.02532661601435393
sub-01__jax_gpu_fixed,jax_gpu_fixed,sub-01,1747,-1.1532363719715668,,,,,,0.025369404931552708
sub-01__jax_gpu_fixed,jax_gpu_fixed,sub-01,1748,-1.1532362383876564,,,,,,0.025397285004146397
sub-01__jax_gpu_fixed,jax_gpu_fixed,sub-01,1749,-1.1532361055490015,,,,,,0.02535164507571608
sub-01__jax_gpu_fixed,jax_gpu_fixed,sub-01,1750,-1.1532359685416855,,,,,,0.02539466496091336
sub-01__jax_gpu_fixed,jax_gpu_fixed,sub-01,1751,-1.153235833487025,,,,,,0.02531024592462927
sub-01__jax_gpu_fixed,jax_gpu_fixed,sub-01,1752,-1.1532356952534417,,,,,,0.02540969499386847
sub-01__jax_gpu_fixed,jax_gpu_fixed,sub-01,1753,-1.1532355552970321,,,,,,0.02536135504487902
sub-01__jax_gpu_fixed,jax_gpu_fixed,sub-01,1754,-1.1532354175491717,,,,,,0.025344705092720687
sub-01__jax_gpu_fixed,jax_gpu_fixed,sub-01,1755,-1.1532352762733022,,,,,,0.02538423496298492
sub-01__jax_gpu_fixed,jax_gpu_fixed,sub-01,1756,-1.1532351295262737,,,,,,0.02533010602928698
sub-01__jax_gpu_fixed,jax_gpu_fixed,sub-01,1757,-1.1532349868924863,,,,,,0.025514264008961618
sub-01__jax_gpu_fixed,jax_gpu_fixed,sub-01,1758,-1.15323484096569,,,,,,0.02538338489830494
sub-01__jax_gpu_fixed,jax_gpu_fixed,sub-01,1759,-1.1532346969053213,,,,,,0.025375355035066605
sub-01__jax_gpu_fixed,jax_gpu_fixed,sub-01,1760,-1.1532345547292246,,,,,,0.02533075597602874
sub-01__jax_gpu_fixed,jax_gpu_fixed,sub-01,1761,-1.1532344117398323,,,,,,0.025439574965275824
sub-01__jax_gpu_fixed,jax_gpu_fixed,sub-01,1762,-1.1532342722018947,,,,,,0.025414034025743604
sub-01__jax_gpu_fixed,jax_gpu_fixed,sub-01,1763,-1.1532341338455439,,,,,,0.025241645984351635
sub-01__jax_gpu_fixed,jax_gpu_fixed,sub-01,1764,-1.1532339947565458,,,,,,0.02539527602493763
sub-01__jax_gpu_fixed,jax_gpu_fixed,sub-01,1765,-1.153233856659576,,,,,,0.02529402496293187
sub-01__jax_gpu_fixed,jax_gpu_fixed,sub-01,1766,-1.153233713983485,,,,,,0.025289756013080478
sub-01__jax_gpu_fixed,jax_gpu_fixed,sub-01,1767,-1.1532335743662774,,,,,,0.02535883500240743
sub-01__jax_gpu_fixed,jax_gpu_fixed,sub-01,1768,-1.1532334367190618,,,,,,0.025267406017519534
sub-01__jax_gpu_fixed,jax_gpu_fixed,sub-01,1769,-1.1532332975904789,,,,,,0.025402444996871054
sub-01__jax_gpu_fixed,jax_gpu_fixed,sub-01,1770,-1.1532331581991986,,,,,,0.02534785505849868
sub-01__jax_gpu_fixed,jax_gpu_fixed,sub-01,1771,-1.1532330207844028,,,,,,0.02533872507046908
sub-01__jax_gpu_fixed,jax_gpu_fixed,sub-01,1772,-1.1532328814661885,,,,,,0.025382036110386252
sub-01__jax_gpu_fixed,jax_gpu_fixed,sub-01,1773,-1.153232742448367,,,,,,0.02532261493615806
sub-01__jax_gpu_fixed,jax_gpu_fixed,sub-01,1774,-1.1532325993426342,,,,,,0.025325695984065533
sub-01__jax_gpu_fixed,jax_gpu_fixed,sub-01,1775,-1.1532324639608904,,,,,,0.02535574499052018
sub-01__jax_gpu_fixed,jax_gpu_fixed,sub-01,1776,-1.1532323224859535,,,,,,0.025313265970908105
sub-01__jax_gpu_fixed,jax_gpu_fixed,sub-01,1777,-1.1532321812241404,,,,,,0.02537672594189644
sub-01__jax_gpu_fixed,jax_gpu_fixed,sub-01,1778,-1.1532320402805745,,,,,,0.025337595026940107
sub-01__jax_gpu_fixed,jax_gpu_fixed,sub-01,1779,-1.1532318998825184,,,,,,0.02538844500668347
sub-01__jax_gpu_fixed,jax_gpu_fixed,sub-01,1780,-1.1532317602423512,,,,,,0.025318816071376204
sub-01__jax_gpu_fixed,jax_gpu_fixed,sub-01,1781,-1.1532316220633274,,,,,,0.025375714991241693
sub-01__jax_gpu_fixed,jax_gpu_fixed,sub-01,1782,-1.1532314817879805,,,,,,0.025402515078894794
sub-01__jax_gpu_fixed,jax_gpu_fixed,sub-01,1783,-1.153231345847451,,,,,,0.025319945067167282
sub-01__jax_gpu_fixed,jax_gpu_fixed,sub-01,1784,-1.153231201854378,,,,,,0.025199395953677595
sub-01__jax_gpu_fixed,jax_gpu_fixed,sub-01,1785,-1.1532310599519824,,,,,,0.02524633496068418
sub-01__jax_gpu_fixed,jax_gpu_fixed,sub-01,1786,-1.1532309124003872,,,,,,0.025314005906693637
sub-01__jax_gpu_fixed,jax_gpu_fixed,sub-01,1787,-1.1532307690448131,,,,,,0.025422855047509074
sub-01__jax_gpu_fixed,jax_gpu_fixed,sub-01,1788,-1.1532306269763795,,,,,,0.02534501499030739
sub-01__jax_gpu_fixed,jax_gpu_fixed,sub-01,1789,-1.1532304831891609,,,,,,0.02531647589057684
sub-01__jax_gpu_fixed,jax_gpu_fixed,sub-01,1790,-1.1532303371932633,,,,,,0.025199855910614133
sub-01__jax_gpu_fixed,jax_gpu_fixed,sub-01,1791,-1.1532301936557443,,,,,,0.025250946055166423
sub-01__jax_gpu_fixed,jax_gpu_fixed,sub-01,1792,-1.1532300381043057,,,,,,0.025231285952031612
sub-01__jax_gpu_fixed,jax_gpu_fixed,sub-01,1793,-1.1532298862421055,,,,,,0.025344894966110587
sub-01__jax_gpu_fixed,jax_gpu_fixed,sub-01,1794,-1.1532297357670673,,,,,,0.02515476697590202
sub-01__jax_gpu_fixed,jax_gpu_fixed,sub-01,1795,-1.1532295900291778,,,,,,0.025325544993393123
sub-01__jax_gpu_fixed,jax_gpu_fixed,sub-01,1796,-1.1532294360030955,,,,,,0.025474474998191
sub-01__jax_gpu_fixed,jax_gpu_fixed,sub-01,1797,-1.1532292857952058,,,,,,0.02539469499606639
sub-01__jax_gpu_fixed,jax_gpu_fixed,sub-01,1798,-1.1532291325326363,,,,,,0.025274315965361893
sub-01__jax_gpu_fixed,jax_gpu_fixed,sub-01,1799,-1.153228979400861,,,,,,0.025314975064247847
sub-01__jax_gpu_fixed,jax_gpu_fixed,sub-01,1800,-1.1532288295376174,,,,,,0.02529698598664254
sub-01__jax_gpu_fixed,jax_gpu_fixed,sub-01,1801,-1.1532286832746341,,,,,,0.025217126007191837
sub-01__jax_gpu_fixed,jax_gpu_fixed,sub-01,1802,-1.1532285408854253,,,,,,0.02519745600875467
sub-01__jax_gpu_fixed,jax_gpu_fixed,sub-01,1803,-1.153228393279297,,,,,,0.025360914994962513
sub-01__jax_gpu_fixed,jax_gpu_fixed,sub-01,1804,-1.1532282482998533,,,,,,0.02538342506159097
sub-01__jax_gpu_fixed,jax_gpu_fixed,sub-01,1805,-1.153228108634283,,,,,,0.02528684597928077
sub-01__jax_gpu_fixed,jax_gpu_fixed,sub-01,1806,-1.1532279667532386,,,,,,0.02533817500807345
sub-01__jax_gpu_fixed,jax_gpu_fixed,sub-01,1807,-1.1532278256063575,,,,,,0.02537246502470225
sub-01__jax_gpu_fixed,jax_gpu_fixed,sub-01,1808,-1.1532276921092293,,,,,,0.025270864949561656
sub-01__jax_gpu_fixed,jax_gpu_fixed,sub-01,1809,-1.1532275603380677,,,,,,0.02529877598863095
sub-01__jax_gpu_fixed,jax_gpu_fixed,sub-01,1810,-1.1532274285113144,,,,,,0.025489534018561244
sub-01__jax_gpu_fixed,jax_gpu_fixed,sub-01,1811,-1.1532272972200366,,,,,,0.025369705981574953
sub-01__jax_gpu_fixed,jax_gpu_fixed,sub-01,1812,-1.1532271655684074,,,,,,0.025342874927446246
sub-01__jax_gpu_fixed,jax_gpu_fixed,sub-01,1813,-1.1532270389238726,,,,,,0.025439705001190305
sub-01__jax_gpu_fixed,jax_gpu_fixed,sub-01,1814,-1.1532269046486543,,,,,,0.02530301595106721
sub-01__jax_gpu_fixed,jax_gpu_fixed,sub-01,1815,-1.1532267721714657,,,,,,0.02530676603782922
sub-01__jax_gpu_fixed,jax_gpu_fixed,sub-01,1816,-1.1532266403689742,,,,,,0.02527103608008474
sub-01__jax_gpu_fixed,jax_gpu_fixed,sub-01,1817,-1.1532265125213566,,,,,,0.025391574949026108
sub-01__jax_gpu_fixed,jax_gpu_fixed,sub-01,1818,-1.1532263775395348,,,,,,0.02540474501438439
sub-01__jax_gpu_fixed,jax_gpu_fixed,sub-01,1819,-1.153226246426537,,,,,,0.025346084963530302
sub-01__jax_gpu_fixed,jax_gpu_fixed,sub-01,1820,-1.1532261126191719,,,,,,0.025393234915100038
sub-01__jax_gpu_fixed,jax_gpu_fixed,sub-01,1821,-1.1532259842669488,,,,,,0.025309946038760245
sub-01__jax_gpu_fixed,jax_gpu_fixed,sub-01,1822,-1.1532258515484426,,,,,,0.025309894932433963
sub-01__jax_gpu_fixed,jax_gpu_fixed,sub-01,1823,-1.1532257250860363,,,,,,0.025443264981731772
sub-01__jax_gpu_fixed,jax_gpu_fixed,sub-01,1824,-1.1532255970634728,,,,,,0.02533639594912529
sub-01__jax_gpu_fixed,jax_gpu_fixed,sub-01,1825,-1.1532254697835362,,,,,,0.025361204985529184
sub-01__jax_gpu_fixed,jax_gpu_fixed,sub-01,1826,-1.1532253371236212,,,,,,0.02545498393010348
sub-01__jax_gpu_fixed,jax_gpu_fixed,sub-01,1827,-1.1532252028622079,,,,,,0.02538132492918521
sub-01__jax_gpu_fixed,jax_gpu_fixed,sub-01,1828,-1.1532250703203188,,,,,,0.025301215006038547
sub-01__jax_gpu_fixed,jax_gpu_fixed,sub-01,1829,-1.1532249375072439,,,,,,0.025349015020765364
sub-01__jax_gpu_fixed,jax_gpu_fixed,sub-01,1830,-1.1532248126400926,,,,,,0.02531706599984318
sub-01__jax_gpu_fixed,jax_gpu_fixed,sub-01,1831,-1.1532246864700035,,,,,,0.025354934972710907
sub-01__jax_gpu_fixed,jax_gpu_fixed,sub-01,1832,-1.153224559619561,,,,,,0.0253578859847039
sub-01__jax_gpu_fixed,jax_gpu_fixed,sub-01,1833,-1.1532244351118783,,,,,,0.025425224914215505
sub-01__jax_gpu_fixed,jax_gpu_fixed,sub-01,1834,-1.153224313024285,,,,,,0.02535868505947292
sub-01__jax_gpu_fixed,jax_gpu_fixed,sub-01,1835,-1.15322419187172,,,,,,0.02536108496133238
sub-01__jax_gpu_fixed,jax_gpu_fixed,sub-01,1836,-1.1532240682873214,,,,,,0.025269316043704748
sub-01__jax_gpu_fixed,jax_gpu_fixed,sub-01,1837,-1.153223944232984,,,,,,0.025320165092125535
sub-01__jax_gpu_fixed,jax_gpu_fixed,sub-01,1838,-1.1532238225598,,,,,,0.025352335069328547
sub-01__jax_gpu_fixed,jax_gpu_fixed,sub-01,1839,-1.153223702306067,,,,,,0.02534722606651485
sub-01__jax_gpu_fixed,jax_gpu_fixed,sub-01,1840,-1.153223576077969,,,,,,0.025401224964298308
sub-01__jax_gpu_fixed,jax_gpu_fixed,sub-01,1841,-1.1532234572885462,,,,,,0.025338144972920418
sub-01__jax_gpu_fixed,jax_gpu_fixed,sub-01,1842,-1.15322333834703,,,,,,0.025318815954960883
sub-01__jax_gpu_fixed,jax_gpu_fixed,sub-01,1843,-1.1532232245257883,,,,,,0.025401784921996295
sub-01__jax_gpu_fixed,jax_gpu_fixed,sub-01,1844,-1.153223104643877,,,,,,0.02536360500380397
sub-01__jax_gpu_fixed,jax_gpu_fixed,sub-01,1845,-1.1532229876922016,,,,,,0.025496963993646204
sub-01__jax_gpu_fixed,jax_gpu_fixed,sub-01,1846,-1.1532228625598253,,,,,,0.025369386072270572
sub-01__jax_gpu_fixed,jax_gpu_fixed,sub-01,1847,-1.1532227421903827,,,,,,0.025357345934025943
sub-01__jax_gpu_fixed,jax_gpu_fixed,sub-01,1848,-1.153222623944979,,,,,,0.02533050498459488
sub-01__jax_gpu_fixed,jax_gpu_fixed,sub-01,1849,-1.153222506257797,,,,,,0.02534030599053949
sub-01__jax_gpu_fixed,jax_gpu_fixed,sub-01,1850,-1.1532223884856556,,,,,,0.02536138508003205
sub-01__jax_gpu_fixed,jax_gpu_fixed,sub-01,1851,-1.1532222731193922,,,,,,0.025340524967759848
sub-01__jax_gpu_fixed,jax_gpu_fixed,sub-01,1852,-1.1532221560461966,,,,,,0.025517394999042153
sub-01__jax_gpu_fixed,jax_gpu_fixed,sub-01,1853,-1.153222041305002,,,,,,0.025319545064121485
sub-01__jax_gpu_fixed,jax_gpu_fixed,sub-01,1854,-1.1532219301407194,,,,,,0.025347334914840758
sub-01__jax_gpu_fixed,jax_gpu_fixed,sub-01,1855,-1.1532218207937288,,,,,,0.025266555952839553
sub-01__jax_gpu_fixed,jax_gpu_fixed,sub-01,1856,-1.153221715737511,,,,,,0.025366616086103022
sub-01__jax_gpu_fixed,jax_gpu_fixed,sub-01,1857,-1.1532216097569405,,,,,,0.025229636928997934
sub-01__jax_gpu_fixed,jax_gpu_fixed,sub-01,1858,-1.1532215011959046,,,,,,0.025212517008185387
sub-01__jax_gpu_fixed,jax_gpu_fixed,sub-01,1859,-1.153221397628375,,,,,,0.025264736032113433
sub-01__jax_gpu_fixed,jax_gpu_fixed,sub-01,1860,-1.153221292986032,,,,,,0.025299514993093908
sub-01__jax_gpu_fixed,jax_gpu_fixed,sub-01,1861,-1.153221189693189,,,,,,0.0253342759096995
sub-01__jax_gpu_fixed,jax_gpu_fixed,sub-01,1862,-1.1532210866899335,,,,,,0.02543920394964516
sub-01__jax_gpu_fixed,jax_gpu_fixed,sub-01,1863,-1.1532209843391363,,,,,,0.02525613596662879
sub-01__jax_gpu_fixed,jax_gpu_fixed,sub-01,1864,-1.153220880826914,,,,,,0.02520864608231932
sub-01__jax_gpu_fixed,jax_gpu_fixed,sub-01,1865,-1.1532207792792708,,,,,,0.0254260350484401
sub-01__jax_gpu_fixed,jax_gpu_fixed,sub-01,1866,-1.1532206732009962,,,,,,0.025314256083220243
sub-01__jax_gpu_fixed,jax_gpu_fixed,sub-01,1867,-1.1532205709369165,,,,,,0.025295804953202605
sub-01__jax_gpu_fixed,jax_gpu_fixed,sub-01,1868,-1.1532204653702176,,,,,,0.025246866047382355
sub-01__jax_gpu_fixed,jax_gpu_fixed,sub-01,1869,-1.1532203617072767,,,,,,0.02528711606282741
sub-01__jax_gpu_fixed,jax_gpu_fixed,sub-01,1870,-1.1532202601385113,,,,,,0.02521492599043995
sub-01__jax_gpu_fixed,jax_gpu_fixed,sub-01,1871,-1.1532201609122363,,,,,,0.02515767700970173
sub-01__jax_gpu_fixed,jax_gpu_fixed,sub-01,1872,-1.1532200584340504,,,,,,0.02528111496940255
sub-01__jax_gpu_fixed,jax_gpu_fixed,sub-01,1873,-1.153219959681206,,,,,,0.025263946037739515
sub-01__jax_gpu_fixed,jax_gpu_fixed,sub-01,1874,-1.153219855361642,,,,,,0.025159167009405792
sub-01__jax_gpu_fixed,jax_gpu_fixed,sub-01,1875,-1.153219755301232,,,,,,0.02526118594687432
sub-01__jax_gpu_fixed,jax_gpu_fixed,sub-01,1876,-1.1532196590288621,,,,,,0.025366025045514107
sub-01__jax_gpu_fixed,jax_gpu_fixed,sub-01,1877,-1.1532195622397212,,,,,,0.02526588598266244
sub-01__jax_gpu_fixed,jax_gpu_fixed,sub-01,1878,-1.153219470129446,,,,,,0.025298804976046085
sub-01__jax_gpu_fixed,jax_gpu_fixed,sub-01,1879,-1.1532193776748016,,,,,,0.02527438593097031
sub-01__jax_gpu_fixed,jax_gpu_fixed,sub-01,1880,-1.1532192825659549,,,,,,0.025383415049873292
sub-01__jax_gpu_fixed,jax_gpu_fixed,sub-01,1881,-1.1532191896355815,,,,,,0.025385065004229546
sub-01__jax_gpu_fixed,jax_gpu_fixed,sub-01,1882,-1.1532190965812872,,,,,,0.02527243597432971
sub-01__jax_gpu_fixed,jax_gpu_fixed,sub-01,1883,-1.1532190052111555,,,,,,0.025267246062867343
sub-01__jax_gpu_fixed,jax_gpu_fixed,sub-01,1884,-1.153218915977239,,,,,,0.025413694907911122
sub-01__jax_gpu_fixed,jax_gpu_fixed,sub-01,1885,-1.153218826754153,,,,,,0.025303174974396825
sub-01__jax_gpu_fixed,jax_gpu_fixed,sub-01,1886,-1.1532187349766927,,,,,,0.025327136041596532
sub-01__jax_gpu_fixed,jax_gpu_fixed,sub-01,1887,-1.1532186415283963,,,,,,0.025336634949781
sub-01__jax_gpu_fixed,jax_gpu_fixed,sub-01,1888,-1.1532185501511185,,,,,,0.025314885890111327
sub-01__jax_gpu_fixed,jax_gpu_fixed,sub-01,1889,-1.1532184589929872,,,,,,0.025370975024998188
sub-01__jax_gpu_fixed,jax_gpu_fixed,sub-01,1890,-1.1532183702908547,,,,,,0.025365964975208044
sub-01__jax_gpu_fixed,jax_gpu_fixed,sub-01,1891,-1.1532182825766153,,,,,,0.025411495007574558
sub-01__jax_gpu_fixed,jax_gpu_fixed,sub-01,1892,-1.1532181953304603,,,,,,0.025240735965780914
sub-01__jax_gpu_fixed,jax_gpu_fixed,sub-01,1893,-1.1532181094651885,,,,,,0.025323195033706725
sub-01__jax_gpu_fixed,jax_gpu_fixed,sub-01,1894,-1.1532180232869766,,,,,,0.025228606071323156
sub-01__jax_gpu_fixed,jax_gpu_fixed,sub-01,1895,-1.1532179389131458,,,,,,0.025339305051602423
sub-01__jax_gpu_fixed,jax_gpu_fixed,sub-01,1896,-1.1532178539073508,,,,,,0.025392704992555082
sub-01__jax_gpu_fixed,jax_gpu_fixed,sub-01,1897,-1.1532177677663717,,,,,,0.025343374931253493
sub-01__jax_gpu_fixed,jax_gpu_fixed,sub-01,1898,-1.1532176824518248,,,,,,0.025290965917520225
sub-01__jax_gpu_fixed,jax_gpu_fixed,sub-01,1899,-1.153217599208014,,,,,,0.02540167502593249
sub-01__jax_gpu_fixed,jax_gpu_fixed,sub-01,1900,-1.1532175132529667,,,,,,0.02530624601058662
sub-01__jax_gpu_fixed,jax_gpu_fixed,sub-01,1901,-1.1532174323191495,,,,,,0.025296175037510693
sub-01__jax_gpu_fixed,jax_gpu_fixed,sub-01,1902,-1.1532173487757247,,,,,,0.025321155902929604
sub-01__jax_gpu_fixed,jax_gpu_fixed,sub-01,1903,-1.1532172698662246,,,,,,0.025346884969621897
sub-01__jax_gpu_fixed,jax_gpu_fixed,sub-01,1904,-1.1532171857524076,,,,,,0.025223386008292437
sub-01__jax_gpu_fixed,jax_gpu_fixed,sub-01,1905,-1.1532171030424727,,,,,,0.025182015961036086
sub-01__jax_gpu_fixed,jax_gpu_fixed,sub-01,1906,-1.153217021346883,,,,,,0.02531918603926897
sub-01__jax_gpu_fixed,jax_gpu_fixed,sub-01,1907,-1.1532169422844984,,,,,,0.025344775058329105
sub-01__jax_gpu_fixed,jax_gpu_fixed,sub-01,1908,-1.1532168615892047,,,,,,0.02526780602056533
sub-01__jax_gpu_fixed,jax_gpu_fixed,sub-01,1909,-1.1532167816681917,,,,,,0.025316376006230712
sub-01__jax_gpu_fixed,jax_gpu_fixed,sub-01,1910,-1.1532167029801352,,,,,,0.02526985597796738
sub-01__jax_gpu_fixed,jax_gpu_fixed,sub-01,1911,-1.153216621215682,,,,,,0.02527362504042685
sub-01__jax_gpu_fixed,jax_gpu_fixed,sub-01,1912,-1.153216540652823,,,,,,0.02531882596667856
sub-01__jax_gpu_fixed,jax_gpu_fixed,sub-01,1913,-1.153216460493855,,,,,,0.025257775909267366
sub-01__jax_gpu_fixed,jax_gpu_fixed,sub-01,1914,-1.153216380019948,,,,,,0.025311785051599145
sub-01__jax_gpu_fixed,jax_gpu_fixed,sub-01,1915,-1.153216302942086,,,,,,0.02526494604535401
sub-01__jax_gpu_fixed,jax_gpu_fixed,sub-01,1916,-1.1532162194930362,,,,,,0.02530060603749007
sub-01__jax_gpu_fixed,jax_gpu_fixed,sub-01,1917,-1.1532161409737218,,,,,,0.02530898491386324
sub-01__jax_gpu_fixed,jax_gpu_fixed,sub-01,1918,-1.1532160630820942,,,,,,0.02515855699311942
sub-01__jax_gpu_fixed,jax_gpu_fixed,sub-01,1919,-1.1532159850362462,,,,,,0.0252296959515661
sub-01__jax_gpu_fixed,jax_gpu_fixed,sub-01,1920,-1.1532159062969563,,,,,,0.025276475003920496
sub-01__jax_gpu_fixed,jax_gpu_fixed,sub-01,1921,-1.153215830093963,,,,,,0.025246765930205584
sub-01__jax_gpu_fixed,jax_gpu_fixed,sub-01,1922,-1.1532157538129066,,,,,,0.025223155971616507
sub-01__jax_gpu_fixed,jax_gpu_fixed,sub-01,1923,-1.153215677427411,,,,,,0.02524792600888759
sub-01__jax_gpu_fixed,jax_gpu_fixed,sub-01,1924,-1.1532155989288708,,,,,,0.02515025599859655
sub-01__jax_gpu_fixed,jax_gpu_fixed,sub-01,1925,-1.153215522630038,,,,,,0.02526057604700327
sub-01__jax_gpu_fixed,jax_gpu_fixed,sub-01,1926,-1.1532154452576122,,,,,,0.025312655023299158
sub-01__jax_gpu_fixed,jax_gpu_fixed,sub-01,1927,-1.1532153711206066,,,,,,0.025275275926105678
sub-01__jax_gpu_fixed,jax_gpu_fixed,sub-01,1928,-1.1532152945830525,,,,,,0.025210116058588028
sub-01__jax_gpu_fixed,jax_gpu_fixed,sub-01,1929,-1.1532152204128505,,,,,,0.02534696599468589
sub-01__jax_gpu_fixed,jax_gpu_fixed,sub-01,1930,-1.1532151422312527,,,,,,0.025271896040067077
sub-01__jax_gpu_fixed,jax_gpu_fixed,sub-01,1931,-1.1532150664458811,,,,,,0.025200927047990263
sub-01__jax_gpu_fixed,jax_gpu_fixed,sub-01,1932,-1.1532149901077127,,,,,,0.025246246019378304
sub-01__jax_gpu_fixed,jax_gpu_fixed,sub-01,1933,-1.1532149153873295,,,,,,0.02526575606316328
sub-01__jax_gpu_fixed,jax_gpu_fixed,sub-01,1934,-1.1532148411408087,,,,,,0.02536744496319443
sub-01__jax_gpu_fixed,jax_gpu_fixed,sub-01,1935,-1.1532147675039912,,,,,,0.025220516021363437
sub-01__jax_gpu_fixed,jax_gpu_fixed,sub-01,1936,-1.1532146951866122,,,,,,0.025296845007687807
sub-01__jax_gpu_fixed,jax_gpu_fixed,sub-01,1937,-1.1532146211159169,,,,,,0.02540801395662129
sub-01__jax_gpu_fixed,jax_gpu_fixed,sub-01,1938,-1.153214547305968,,,,,,0.025204027071595192
sub-01__jax_gpu_fixed,jax_gpu_fixed,sub-01,1939,-1.1532144737570573,,,,,,0.02531867497600615
sub-01__jax_gpu_fixed,jax_gpu_fixed,sub-01,1940,-1.153214400295574,,,,,,0.02522370603401214
sub-01__jax_gpu_fixed,jax_gpu_fixed,sub-01,1941,-1.1532143271394044,,,,,,0.025273766019381583
sub-01__jax_gpu_fixed,jax_gpu_fixed,sub-01,1942,-1.1532142551651265,,,,,,0.025270786019973457
sub-01__jax_gpu_fixed,jax_gpu_fixed,sub-01,1943,-1.1532141802197835,,,,,,0.025303695001639426
sub-01__jax_gpu_fixed,jax_gpu_fixed,sub-01,1944,-1.1532141118700974,,,,,,0.025260225986130536
sub-01__jax_gpu_fixed,jax_gpu_fixed,sub-01,1945,-1.1532140417194925,,,,,,0.02526617597322911
sub-01__jax_gpu_fixed,jax_gpu_fixed,sub-01,1946,-1.1532139723912684,,,,,,0.025199825991876423
sub-01__jax_gpu_fixed,jax_gpu_fixed,sub-01,1947,-1.1532138991885144,,,,,,0.025254106032662094
sub-01__jax_gpu_fixed,jax_gpu_fixed,sub-01,1948,-1.1532138273232604,,,,,,0.02522624598350376
sub-01__jax_gpu_fixed,jax_gpu_fixed,sub-01,1949,-1.1532137576114778,,,,,,0.025377165991812944
sub-01__jax_gpu_fixed,jax_gpu_fixed,sub-01,1950,-1.1532136863779,,,,,,0.025391725008375943
sub-01__jax_gpu_fixed,jax_gpu_fixed,sub-01,1951,-1.1532136163798608,,,,,,0.025380984996445477
sub-01__jax_gpu_fixed,jax_gpu_fixed,sub-01,1952,-1.153213547493802,,,,,,0.025389936054125428
sub-01__jax_gpu_fixed,jax_gpu_fixed,sub-01,1953,-1.1532134773547569,,,,,,0.025378054939210415
sub-01__jax_gpu_fixed,jax_gpu_fixed,sub-01,1954,-1.1532134093772761,,,,,,0.02532418502960354
sub-01__jax_gpu_fixed,jax_gpu_fixed,sub-01,1955,-1.1532133412206222,,,,,,0.025311045930720866
sub-01__jax_gpu_fixed,jax_gpu_fixed,sub-01,1956,-1.1532132721226498,,,,,,0.025280414964072406
sub-01__jax_gpu_fixed,jax_gpu_fixed,sub-01,1957,-1.153213203442315,,,,,,0.025314045953564346
sub-01__jax_gpu_fixed,jax_gpu_fixed,sub-01,1958,-1.1532131343087684,,,,,,0.02535290503874421
sub-01__jax_gpu_fixed,jax_gpu_fixed,sub-01,1959,-1.1532130658236066,,,,,,0.025382954976521432
sub-01__jax_gpu_fixed,jax_gpu_fixed,sub-01,1960,-1.1532129963361941,,,,,,0.025332274963147938
sub-01__jax_gpu_fixed,jax_gpu_fixed,sub-01,1961,-1.1532129284115034,,,,,,0.025417924975045025
sub-01__jax_gpu_fixed,jax_gpu_fixed,sub-01,1962,-1.153212861306113,,,,,,0.025439605000428855
sub-01__jax_gpu_fixed,jax_gpu_fixed,sub-01,1963,-1.1532127957537122,,,,,,0.02547428396064788
sub-01__jax_gpu_fixed,jax_gpu_fixed,sub-01,1964,-1.153212730052538,,,,,,0.02530829596798867
sub-01__jax_gpu_fixed,jax_gpu_fixed,sub-01,1965,-1.1532126642779834,,,,,,0.025323264999315143
sub-01__jax_gpu_fixed,jax_gpu_fixed,sub-01,1966,-1.153212598612757,,,,,,0.025379454949870706
sub-01__jax_gpu_fixed,jax_gpu_fixed,sub-01,1967,-1.1532125329634095,,,,,,0.025299965986050665
sub-01__jax_gpu_fixed,jax_gpu_fixed,sub-01,1968,-1.1532124667329036,,,,,,0.025268386001698673
sub-01__jax_gpu_fixed,jax_gpu_fixed,sub-01,1969,-1.1532124008210436,,,,,,0.025333524914458394
sub-01__jax_gpu_fixed,jax_gpu_fixed,sub-01,1970,-1.1532123363742444,,,,,,0.025374304968863726
sub-01__jax_gpu_fixed,jax_gpu_fixed,sub-01,1971,-1.1532122741301682,,,,,,0.02530973602551967
sub-01__jax_gpu_fixed,jax_gpu_fixed,sub-01,1972,-1.1532122082903655,,,,,,0.025461705052293837
sub-01__jax_gpu_fixed,jax_gpu_fixed,sub-01,1973,-1.1532121477154453,,,,,,0.025317676016129553
sub-01__jax_gpu_fixed,jax_gpu_fixed,sub-01,1974,-1.1532120831123802,,,,,,0.025250385981053114
sub-01__jax_gpu_fixed,jax_gpu_fixed,sub-01,1975,-1.153212020939527,,,,,,0.025408704997971654
sub-01__jax_gpu_fixed,jax_gpu_fixed,sub-01,1976,-1.153211955036372,,,,,,0.02529365592636168
sub-01__jax_gpu_fixed,jax_gpu_fixed,sub-01,1977,-1.1532118930883457,,,,,,0.02534254500642419
sub-01__jax_gpu_fixed,jax_gpu_fixed,sub-01,1978,-1.1532118246014103,,,,,,0.02537168504204601
sub-01__jax_gpu_fixed,jax_gpu_fixed,sub-01,1979,-1.153211760657348,,,,,,0.02530675590969622
sub-01__jax_gpu_fixed,jax_gpu_fixed,sub-01,1980,-1.1532116961457617,,,,,,0.025322775007225573
sub-01__jax_gpu_fixed,jax_gpu_fixed,sub-01,1981,-1.1532116330073579,,,,,,0.025321475928649306
sub-01__jax_gpu_fixed,jax_gpu_fixed,sub-01,1982,-1.1532115695844243,,,,,,0.025429424946196377
sub-01__jax_gpu_fixed,jax_gpu_fixed,sub-01,1983,-1.153211509442366,,,,,,0.025344114983454347
sub-01__jax_gpu_fixed,jax_gpu_fixed,sub-01,1984,-1.153211447721464,,,,,,0.02517030597664416
sub-01__jax_gpu_fixed,jax_gpu_fixed,sub-01,1985,-1.1532113864891493,,,,,,0.025369114940986037
sub-01__jax_gpu_fixed,jax_gpu_fixed,sub-01,1986,-1.1532113268991997,,,,,,0.025297214975580573
sub-01__jax_gpu_fixed,jax_gpu_fixed,sub-01,1987,-1.153211265242478,,,,,,0.025407235021702945
sub-01__jax_gpu_fixed,jax_gpu_fixed,sub-01,1988,-1.1532112046663194,,,,,,0.025370034971274436
sub-01__jax_gpu_fixed,jax_gpu_fixed,sub-01,1989,-1.1532111442222834,,,,,,0.025392635026946664
sub-01__jax_gpu_fixed,jax_gpu_fixed,sub-01,1990,-1.1532110843841972,,,,,,0.025309676071628928
sub-01__jax_gpu_fixed,jax_gpu_fixed,sub-01,1991,-1.1532110223805985,,,,,,0.025359924999065697
sub-01__jax_gpu_fixed,jax_gpu_fixed,sub-01,1992,-1.1532109625022253,,,,,,0.02542140509467572
sub-01__jax_gpu_fixed,jax_gpu_fixed,sub-01,1993,-1.1532109022210055,,,,,,0.025337545084767044
sub-01__jax_gpu_fixed,jax_gpu_fixed,sub-01,1994,-1.1532108440230204,,,,,,0.02526503603439778
sub-01__jax_gpu_fixed,jax_gpu_fixed,sub-01,1995,-1.1532107862821293,,,,,,0.025339995976537466
sub-01__jax_gpu_fixed,jax_gpu_fixed,sub-01,1996,-1.1532107249815977,,,,,,0.025313065038062632
sub-01__jax_gpu_fixed,jax_gpu_fixed,sub-01,1997,-1.1532106674484472,,,,,,0.02530862600542605
sub-01__jax_gpu_fixed,jax_gpu_fixed,sub-01,1998,-1.1532106108362723,,,,,,0.025272355997003615
sub-01__jax_gpu_fixed,jax_gpu_fixed,sub-01,1999,-1.1532105534311932,,,,,,0.025365895009599626
sub-01__jax_gpu_fixed,jax_gpu_fixed,sub-01,2000,-1.1532104953793172,,,,,,0.02537331497296691
sub-01__jax_gpu_fixed,jax_gpu_fixed,sub-01,2001,-1.1532104385261208,,,,,,0.02535626501776278
sub-01__jax_gpu_fixed,jax_gpu_fixed,sub-01,2002,-1.1532103814994992,,,,,,0.02530168602243066
sub-01__jax_gpu_fixed,jax_gpu_fixed,sub-01,2003,-1.1532103252864732,,,,,,0.025334215024486184
sub-01__jax_gpu_fixed,jax_gpu_fixed,sub-01,2004,-1.1532102701647893,,,,,,0.025308175943791866
sub-01__jax_gpu_fixed,jax_gpu_fixed,sub-01,2005,-1.1532102152234183,,,,,,0.025410915026441216
sub-01__jax_gpu_fixed,jax_gpu_fixed,sub-01,2006,-1.1532101591763628,,,,,,0.025308565003797412
sub-01__jax_gpu_fixed,jax_gpu_fixed,sub-01,2007,-1.153210106608321,,,,,,0.02533166599459946
sub-01__jax_gpu_fixed,jax_gpu_fixed,sub-01,2008,-1.1532100544717858,,,,,,0.025343015091493726
sub-01__jax_gpu_fixed,jax_gpu_fixed,sub-01,2009,-1.153209999549426,,,,,,0.025403005070984364
sub-01__jax_gpu_fixed,jax_gpu_fixed,sub-01,2010,-1.153209945455536,,,,,,0.02534951502457261
sub-01__jax_gpu_fixed,jax_gpu_fixed,sub-01,2011,-1.153209892295032,,,,,,0.025318645988591015
sub-01__jax_gpu_fixed,jax_gpu_fixed,sub-01,2012,-1.153209840302318,,,,,,0.025356095051392913
sub-01__jax_gpu_fixed,jax_gpu_fixed,sub-01,2013,-1.1532097893614768,,,,,,0.025421904982067645
sub-01__jax_gpu_fixed,jax_gpu_fixed,sub-01,2014,-1.153209736776371,,,,,,0.025276396074332297
sub-01__jax_gpu_fixed,jax_gpu_fixed,sub-01,2015,-1.1532096840084733,,,,,,0.025235706008970737
sub-01__jax_gpu_fixed,jax_gpu_fixed,sub-01,2016,-1.1532096331125388,,,,,,0.02540229493752122
sub-01__jax_gpu_fixed,jax_gpu_fixed,sub-01,2017,-1.1532095852658146,,,,,,0.02542483399156481
sub-01__jax_gpu_fixed,jax_gpu_fixed,sub-01,2018,-1.1532095354812717,,,,,,0.02532493497710675
sub-01__jax_gpu_fixed,jax_gpu_fixed,sub-01,2019,-1.153209486215665,,,,,,0.025296485982835293
sub-01__jax_gpu_fixed,jax_gpu_fixed,sub-01,2020,-1.1532094361083016,,,,,,0.025296755018644035
sub-01__jax_gpu_fixed,jax_gpu_fixed,sub-01,2021,-1.153209384030996,,,,,,0.02528736600652337
sub-01__jax_gpu_fixed,jax_gpu_fixed,sub-01,2022,-1.1532093330182966,,,,,,0.02538253495004028
sub-01__jax_gpu_fixed,jax_gpu_fixed,sub-01,2023,-1.1532092825943348,,,,,,0.02532496501225978
sub-01__jax_gpu_fixed,jax_gpu_fixed,sub-01,2024,-1.153209231924674,,,,,,0.02521121595054865
sub-01__jax_gpu_fixed,jax_gpu_fixed,sub-01,2025,-1.153209179158296,,,,,,0.0251991261029616
sub-01__jax_gpu_fixed,jax_gpu_fixed,sub-01,2026,-1.1532091302225864,,,,,,0.02520772605203092
sub-01__jax_gpu_fixed,jax_gpu_fixed,sub-01,2027,-1.1532090800414248,,,,,,0.02514371694996953
sub-01__jax_gpu_fixed,jax_gpu_fixed,sub-01,2028,-1.1532090290364718,,,,,,0.025188616011291742
sub-01__jax_gpu_fixed,jax_gpu_fixed,sub-01,2029,-1.1532089761727384,,,,,,0.025208725943230093
sub-01__jax_gpu_fixed,jax_gpu_fixed,sub-01,2030,-1.1532089249369826,,,,,,0.02529740601312369
sub-01__jax_gpu_fixed,jax_gpu_fixed,sub-01,2031,-1.153208875192947,,,,,,0.025208596023730934
sub-01__jax_gpu_fixed,jax_gpu_fixed,sub-01,2032,-1.1532088249242005,,,,,,0.02529694593977183
sub-01__jax_gpu_fixed,jax_gpu_fixed,sub-01,2033,-1.15320877592214,,,,,,0.025263566058129072
sub-01__jax_gpu_fixed,jax_gpu_fixed,sub-01,2034,-1.1532087293693272,,,,,,0.02535504591651261
sub-01__jax_gpu_fixed,jax_gpu_fixed,sub-01,2035,-1.1532086765728138,,,,,,0.02529700507875532
sub-01__jax_gpu_fixed,jax_gpu_fixed,sub-01,2036,-1.1532086279834999,,,,,,0.02539241500198841
sub-01__jax_gpu_fixed,jax_gpu_fixed,sub-01,2037,-1.1532085778771062,,,,,,0.02532958600204438
sub-01__jax_gpu_fixed,jax_gpu_fixed,sub-01,2038,-1.1532085325369765,,,,,,0.025247026002034545
sub-01__jax_gpu_fixed,jax_gpu_fixed,sub-01,2039,-1.1532084828208127,,,,,,0.025240176008082926
sub-01__jax_gpu_fixed,jax_gpu_fixed,sub-01,2040,-1.1532084348064773,,,,,,0.025264395982958376
sub-01__jax_gpu_fixed,jax_gpu_fixed,sub-01,2041,-1.1532083868407115,,,,,,0.02518956596031785
sub-01__jax_gpu_fixed,jax_gpu_fixed,sub-01,2042,-1.153208341668497,,,,,,0.02530088508501649
sub-01__jax_gpu_fixed,jax_gpu_fixed,sub-01,2043,-1.1532082898472913,,,,,,0.025173546047881246
sub-01__jax_gpu_fixed,jax_gpu_fixed,sub-01,2044,-1.15320824218204,,,,,,0.02518164599314332
sub-01__jax_gpu_fixed,jax_gpu_fixed,sub-01,2045,-1.1532081947519146,,,,,,0.025221146061085165
sub-01__jax_gpu_fixed,jax_gpu_fixed,sub-01,2046,-1.153208148635988,,,,,,0.02523713605478406
sub-01__jax_gpu_fixed,jax_gpu_fixed,sub-01,2047,-1.1532081015809217,,,,,,0.025182377081364393
sub-01__jax_gpu_fixed,jax_gpu_fixed,sub-01,2048,-1.1532080534939722,,,,,,0.025320734945125878
sub-01__jax_gpu_fixed,jax_gpu_fixed,sub-01,2049,-1.1532080045697863,,,,,,0.025272586033679545
sub-01__jax_gpu_fixed,jax_gpu_fixed,sub-01,2050,-1.1532079605743448,,,,,,0.02521656604949385
sub-01__jax_gpu_fixed,jax_gpu_fixed,sub-01,2051,-1.1532079150487482,,,,,,0.025200015981681645
sub-01__jax_gpu_fixed,jax_gpu_fixed,sub-01,2052,-1.153207868155064,,,,,,0.02520832698792219
sub-01__jax_gpu_fixed,jax_gpu_fixed,sub-01,2053,-1.1532078201919709,,,,,,0.02523484593257308
sub-01__jax_gpu_fixed,jax_gpu_fixed,sub-01,2054,-1.1532077765618027,,,,,,0.02528529497794807
sub-01__jax_gpu_fixed,jax_gpu_fixed,sub-01,2055,-1.1532077297670178,,,,,,0.025263616000302136
sub-01__jax_gpu_fixed,jax_gpu_fixed,sub-01,2056,-1.1532076825848279,,,,,,0.02515108697116375
sub-01__jax_gpu_fixed,jax_gpu_fixed,sub-01,2057,-1.153207637865653,,,,,,0.02520942606497556
sub-01__jax_gpu_fixed,jax_gpu_fixed,sub-01,2058,-1.1532075947442217,,,,,,0.025139916921034455
sub-01__jax_gpu_fixed,jax_gpu_fixed,sub-01,2059,-1.153207548223052,,,,,,0.025307064992375672
sub-01__jax_gpu_fixed,jax_gpu_fixed,sub-01,2060,-1.1532075034292883,,,,,,0.025154566043056548
sub-01__jax_gpu_fixed,jax_gpu_fixed,sub-01,2061,-1.153207459045216,,,,,,0.0252320549916476
sub-01__jax_gpu_fixed,jax_gpu_fixed,sub-01,2062,-1.1532074138199138,,,,,,0.025166327017359436
sub-01__jax_gpu_fixed,jax_gpu_fixed,sub-01,2063,-1.1532073697432772,,,,,,0.025215725996531546
sub-01__jax_gpu_fixed,jax_gpu_fixed,sub-01,2064,-1.153207327257617,,,,,,0.025268645957112312
sub-01__jax_gpu_fixed,jax_gpu_fixed,sub-01,2065,-1.1532072824440978,,,,,,0.025220166076906025
sub-01__jax_gpu_fixed,jax_gpu_fixed,sub-01,2066,-1.153207238216574,,,,,,0.025251675979234278
sub-01__jax_gpu_fixed,jax_gpu_fixed,sub-01,2067,-1.1532071999336908,,,,,,0.025306705967523158
sub-01__jax_gpu_fixed,jax_gpu_fixed,sub-01,2068,-1.1532071586921175,,,,,,0.02533923601731658
sub-01__jax_gpu_fixed,jax_gpu_fixed,sub-01,2069,-1.153207119548578,,,,,,0.02530028496403247
sub-01__jax_gpu_fixed,jax_gpu_fixed,sub-01,2070,-1.1532070822512828,,,,,,0.025323566049337387
sub-01__jax_gpu_fixed,jax_gpu_fixed,sub-01,2071,-1.1532070419529192,,,,,,0.025316765066236258
sub-01__jax_gpu_fixed,jax_gpu_fixed,sub-01,2072,-1.1532069985590974,,,,,,0.025311904959380627
sub-01__jax_gpu_fixed,jax_gpu_fixed,sub-01,2073,-1.1532069597710337,,,,,,0.02534681500401348
sub-01__jax_gpu_fixed,jax_gpu_fixed,sub-01,2074,-1.1532069210402904,,,,,,0.0253287460654974
sub-01__jax_gpu_fixed,jax_gpu_fixed,sub-01,2075,-1.1532068776561613,,,,,,0.025389104965142906
sub-01__jax_gpu_fixed,jax_gpu_fixed,sub-01,2076,-1.1532068380033165,,,,,,0.02533400501124561
sub-01__jax_gpu_fixed,jax_gpu_fixed,sub-01,2077,-1.1532067988049821,,,,,,0.025370186078362167
sub-01__jax_gpu_fixed,jax_gpu_fixed,sub-01,2078,-1.1532067625191649,,,,,,0.025441425037570298
sub-01__jax_gpu_fixed,jax_gpu_fixed,sub-01,2079,-1.153206723712055,,,,,,0.025357905076816678
sub-01__jax_gpu_fixed,jax_gpu_fixed,sub-01,2080,-1.1532066840827273,,,,,,0.02523432590533048
sub-01__jax_gpu_fixed,jax_gpu_fixed,sub-01,2081,-1.1532066453547274,,,,,,0.025323904934339225
sub-01__jax_gpu_fixed,jax_gpu_fixed,sub-01,2082,-1.153206605816053,,,,,,0.025366844958625734
sub-01__jax_gpu_fixed,jax_gpu_fixed,sub-01,2083,-1.1532065695528428,,,,,,0.025317206047475338
sub-01__jax_gpu_fixed,jax_gpu_fixed,sub-01,2084,-1.1532065327737349,,,,,,0.025246766046620905
sub-01__jax_gpu_fixed,jax_gpu_fixed,sub-01,2085,-1.1532064957021817,,,,,,0.02524136600550264
sub-01__jax_gpu_fixed,jax_gpu_fixed,sub-01,2086,-1.1532064595878897,,,,,,0.025229056016542017
sub-01__jax_gpu_fixed,jax_gpu_fixed,sub-01,2087,-1.1532064252681944,,,,,,0.025374184944666922
sub-01__jax_gpu_fixed,jax_gpu_fixed,sub-01,2088,-1.1532063895383928,,,,,,0.025228996062651277
sub-01__jax_gpu_fixed,jax_gpu_fixed,sub-01,2089,-1.153206352342552,,,,,,0.025354754994623363
sub-01__jax_gpu_fixed,jax_gpu_fixed,sub-01,2090,-1.1532063164475936,,,,,,0.025296045932918787
sub-01__jax_gpu_fixed,jax_gpu_fixed,sub-01,2091,-1.1532062815880122,,,,,,0.025396384997293353
sub-01__jax_gpu_fixed,jax_gpu_fixed,sub-01,2092,-1.1532062471013877,,,,,,0.0254144249483943
sub-01__jax_gpu_fixed,jax_gpu_fixed,sub-01,2093,-1.1532062123114957,,,,,,0.025282916030846536
sub-01__jax_gpu_fixed,jax_gpu_fixed,sub-01,2094,-1.1532061798765236,,,,,,0.02530569490045309
sub-01__jax_gpu_fixed,jax_gpu_fixed,sub-01,2095,-1.1532061452279816,,,,,,0.025372014963068068
sub-01__jax_gpu_fixed,jax_gpu_fixed,sub-01,2096,-1.1532061125010704,,,,,,0.025296056061051786
sub-01__jax_gpu_fixed,jax_gpu_fixed,sub-01,2097,-1.1532060791459935,,,,,,0.025415495038032532
sub-01__jax_gpu_fixed,jax_gpu_fixed,sub-01,2098,-1.15320604870555,,,,,,0.025384124950505793
sub-01__jax_gpu_fixed,jax_gpu_fixed,sub-01,2099,-1.1532060178906436,,,,,,0.02529431600123644
sub-01__jax_gpu_fixed,jax_gpu_fixed,sub-01,2100,-1.1532059907728063,,,,,,0.02524257602635771
sub-01__jax_gpu_fixed,jax_gpu_fixed,sub-01,2101,-1.1532059562475243,,,,,,0.025394015945494175
sub-01__jax_gpu_fixed,jax_gpu_fixed,sub-01,2102,-1.1532059242232358,,,,,,0.025339585030451417
sub-01__jax_gpu_fixed,jax_gpu_fixed,sub-01,2103,-1.1532058924061013,,,,,,0.025294926017522812
sub-01__jax_gpu_fixed,jax_gpu_fixed,sub-01,2104,-1.1532058643206233,,,,,,0.0253310949774459
sub-01__jax_gpu_fixed,jax_gpu_fixed,sub-01,2105,-1.1532058358123318,,,,,,0.025240576011128724
sub-01__jax_gpu_fixed,jax_gpu_fixed,sub-01,2106,-1.1532058073264067,,,,,,0.025336464983411133
sub-01__jax_gpu_fixed,jax_gpu_fixed,sub-01,2107,-1.153205775685384,,,,,,0.02534008596558124
sub-01__jax_gpu_fixed,jax_gpu_fixed,sub-01,2108,-1.1532057463900107,,,,,,0.02522672596387565
sub-01__jax_gpu_fixed,jax_gpu_fixed,sub-01,2109,-1.1532057182776099,,,,,,0.025169465923681855
sub-01__jax_gpu_fixed,jax_gpu_fixed,sub-01,2110,-1.15320569036284,,,,,,0.025197586975991726
sub-01__jax_gpu_fixed,jax_gpu_fixed,sub-01,2111,-1.1532056629872252,,,,,,0.025311945006251335
sub-01__jax_gpu_fixed,jax_gpu_fixed,sub-01,2112,-1.153205634114599,,,,,,0.02519406599458307
sub-01__jax_gpu_fixed,jax_gpu_fixed,sub-01,2113,-1.1532056088135605,,,,,,0.02516805601771921
sub-01__jax_gpu_fixed,jax_gpu_fixed,sub-01,2114,-1.1532055791562164,,,,,,0.025257105939090252
sub-01__jax_gpu_fixed,jax_gpu_fixed,sub-01,2115,-1.153205552504818,,,,,,0.025324724963866174
sub-01__jax_gpu_fixed,jax_gpu_fixed,sub-01,2116,-1.1532055260299978,,,,,,0.025181127013638616
sub-01__jax_gpu_fixed,jax_gpu_fixed,sub-01,2117,-1.153205499181123,,,,,,0.025241937022656202
sub-01__jax_gpu_fixed,jax_gpu_fixed,sub-01,2118,-1.1532054705502757,,,,,,0.0252753549721092
sub-01__jax_gpu_fixed,jax_gpu_fixed,sub-01,2119,-1.1532054442763129,,,,,,0.025229325983673334
sub-01__jax_gpu_fixed,jax_gpu_fixed,sub-01,2120,-1.153205417594687,,,,,,0.025360194966197014
sub-01__jax_gpu_fixed,jax_gpu_fixed,sub-01,2121,-1.1532053916527534,,,,,,0.025375695899128914
sub-01__jax_gpu_fixed,jax_gpu_fixed,sub-01,2122,-1.153205363406052,,,,,,0.025435063987970352
sub-01__jax_gpu_fixed,jax_gpu_fixed,sub-01,2123,-1.1532053389096,,,,,,0.025407884968444705
sub-01__jax_gpu_fixed,jax_gpu_fixed,sub-01,2124,-1.1532053133898166,,,,,,0.0253749149851501
sub-01__jax_gpu_fixed,jax_gpu_fixed,sub-01,2125,-1.1532052914404864,,,,,,0.025309994933195412
sub-01__jax_gpu_fixed,jax_gpu_fixed,sub-01,2126,-1.1532052617373043,,,,,,0.025257876026444137
sub-01__jax_gpu_fixed,jax_gpu_fixed,sub-01,2127,-1.1532052370722368,,,,,,0.02531142591033131
sub-01__jax_gpu_fixed,jax_gpu_fixed,sub-01,2128,-1.1532052140797386,,,,,,0.025326775037683547
sub-01__jax_gpu_fixed,jax_gpu_fixed,sub-01,2129,-1.1532051916289274,,,,,,0.02528645610436797
sub-01__jax_gpu_fixed,jax_gpu_fixed,sub-01,2130,-1.1532051646241608,,,,,,0.025325304944999516
sub-01__jax_gpu_fixed,jax_gpu_fixed,sub-01,2131,-1.1532051406844794,,,,,,0.025353565928526223
sub-01__jax_gpu_fixed,jax_gpu_fixed,sub-01,2132,-1.153205117682701,,,,,,0.02538850496057421
sub-01__jax_gpu_fixed,jax_gpu_fixed,sub-01,2133,-1.1532050927155941,,,,,,0.025281504960730672
sub-01__jax_gpu_fixed,jax_gpu_fixed,sub-01,2134,-1.1532050698415373,,,,,,0.025394524913281202
sub-01__jax_gpu_fixed,jax_gpu_fixed,sub-01,2135,-1.153205045418041,,,,,,0.025383696076460183
sub-01__jax_gpu_fixed,jax_gpu_fixed,sub-01,2136,-1.153205021319025,,,,,,0.025268145953305066
sub-01__jax_gpu_fixed,jax_gpu_fixed,sub-01,2137,-1.1532049998955718,,,,,,0.02536225493531674
sub-01__jax_gpu_fixed,jax_gpu_fixed,sub-01,2138,-1.1532049763672478,,,,,,0.025316015002317727
sub-01__jax_gpu_fixed,jax_gpu_fixed,sub-01,2139,-1.153204956685075,,,,,,0.02534827496856451
sub-01__jax_gpu_fixed,jax_gpu_fixed,sub-01,2140,-1.1532049339502946,,,,,,0.02532619598787278
sub-01__jax_gpu_fixed,jax_gpu_fixed,sub-01,2141,-1.1532049134914077,,,,,,0.02536545495968312
sub-01__jax_gpu_fixed,jax_gpu_fixed,sub-01,2142,-1.1532048907566415,,,,,,0.025414144969545305
sub-01__jax_gpu_fixed,jax_gpu_fixed,sub-01,2143,-1.1532048685043155,,,,,,0.025339684914797544
sub-01__jax_gpu_fixed,jax_gpu_fixed,sub-01,2144,-1.15320484742062,,,,,,0.025429764995351434
sub-01__jax_gpu_fixed,jax_gpu_fixed,sub-01,2145,-1.1532048272284596,,,,,,0.02536490501370281
sub-01__jax_gpu_fixed,jax_gpu_fixed,sub-01,2146,-1.1532048065672242,,,,,,0.025369665934704244
sub-01__jax_gpu_fixed,jax_gpu_fixed,sub-01,2147,-1.1532047872259874,,,,,,0.025371405063197017
sub-01__jax_gpu_fixed,jax_gpu_fixed,sub-01,2148,-1.1532047660645226,,,,,,0.025312944897450507
sub-01__jax_gpu_fixed,jax_gpu_fixed,sub-01,2149,-1.1532047465682704,,,,,,0.025289345998317003
sub-01__jax_gpu_fixed,jax_gpu_fixed,sub-01,2150,-1.1532047242916141,,,,,,0.025295005994848907
sub-01__jax_gpu_fixed,jax_gpu_fixed,sub-01,2151,-1.153204704653092,,,,,,0.02529439504723996
sub-01__jax_gpu_fixed,jax_gpu_fixed,sub-01,2152,-1.1532046829907179,,,,,,0.025181586970575154
sub-01__jax_gpu_fixed,jax_gpu_fixed,sub-01,2153,-1.1532046613968023,,,,,,0.025177146075293422
sub-01__jax_gpu_fixed,jax_gpu_fixed,sub-01,2154,-1.1532046426909504,,,,,,0.025328135932795703
sub-01__jax_gpu_fixed,jax_gpu_fixed,sub-01,2155,-1.1532046262485631,,,,,,0.025305334944278002
sub-01__jax_gpu_fixed,jax_gpu_fixed,sub-01,2156,-1.153204601683464,,,,,,0.02521242608781904
sub-01__jax_gpu_fixed,jax_gpu_fixed,sub-01,2157,-1.1532045829434898,,,,,,0.025240796036086977
sub-01__jax_gpu_fixed,jax_gpu_fixed,sub-01,2158,-1.1532045620751474,,,,,,0.025281456066295505
sub-01__jax_gpu_fixed,jax_gpu_fixed,sub-01,2159,-1.153204543697597,,,,,,0.025205626036040485
sub-01__jax_gpu_fixed,jax_gpu_fixed,sub-01,2160,-1.1532045230367989,,,,,,0.025269876001402736
sub-01__jax_gpu_fixed,jax_gpu_fixed,sub-01,2161,-1.1532045045011927,,,,,,0.025279885972850025
sub-01__jax_gpu_fixed,jax_gpu_fixed,sub-01,2162,-1.153204484215365,,,,,,0.02515611599665135
sub-01__jax_gpu_fixed,jax_gpu_fixed,sub-01,2163,-1.1532044659075853,,,,,,0.02533058589324355
sub-01__jax_gpu_fixed,jax_gpu_fixed,sub-01,2164,-1.1532044483229256,,,,,,0.02522950596176088
sub-01__jax_gpu_fixed,jax_gpu_fixed,sub-01,2165,-1.153204430220975,,,,,,0.025300564942881465
sub-01__jax_gpu_fixed,jax_gpu_fixed,sub-01,2166,-1.1532044134689878,,,,,,0.025372845004312694
sub-01__jax_gpu_fixed,jax_gpu_fixed,sub-01,2167,-1.1532043934693972,,,,,,0.025172097026370466
sub-01__jax_gpu_fixed,jax_gpu_fixed,sub-01,2168,-1.1532043773477005,,,,,,0.02532839495688677
sub-01__jax_gpu_fixed,jax_gpu_fixed,sub-01,2169,-1.153204358093075,,,,,,0.02530933602247387
sub-01__jax_gpu_fixed,jax_gpu_fixed,sub-01,2170,-1.1532043397293952,,,,,,0.025203276076354086
sub-01__jax_gpu_fixed,jax_gpu_fixed,sub-01,2171,-1.1532043241725236,,,,,,0.025334265897981822
sub-01__jax_gpu_fixed,jax_gpu_fixed,sub-01,2172,-1.1532043102099048,,,,,,0.025197987095452845
sub-01__jax_gpu_fixed,jax_gpu_fixed,sub-01,2173,-1.1532042889866616,,,,,,0.025271465070545673
sub-01__jax_gpu_fixed,jax_gpu_fixed,sub-01,2174,-1.153204272401788,,,,,,0.025240245973691344
sub-01__jax_gpu_fixed,jax_gpu_fixed,sub-01,2175,-1.1532042540897243,,,,,,0.025257334928028286
sub-01__jax_gpu_fixed,jax_gpu_fixed,sub-01,2176,-1.1532042374252667,,,,,,0.025222386000677943
sub-01__jax_gpu_fixed,jax_gpu_fixed,sub-01,2177,-1.1532042204728283,,,,,,0.025181896053254604
sub-01__jax_gpu_fixed,jax_gpu_fixed,sub-01,2178,-1.1532042047711903,,,,,,0.025297055020928383
sub-01__jax_gpu_fixed,jax_gpu_fixed,sub-01,2179,-1.153204189162995,,,,,,0.02532860601786524
sub-01__jax_gpu_fixed,jax_gpu_fixed,sub-01,2180,-1.1532041716737167,,,,,,0.02522633597254753
sub-01__jax_gpu_fixed,jax_gpu_fixed,sub-01,2181,-1.1532041552657712,,,,,,0.025251556071452796
sub-01__jax_gpu_fixed,jax_gpu_fixed,sub-01,2182,-1.1532041392784582,,,,,,0.02525548601988703
sub-01__jax_gpu_fixed,jax_gpu_fixed,sub-01,2183,-1.1532041250046965,,,,,,0.025198815972544253
sub-01__jax_gpu_fixed,jax_gpu_fixed,sub-01,2184,-1.1532041117567182,,,,,,0.02526858600322157
sub-01__jax_gpu_fixed,jax_gpu_fixed,sub-01,2185,-1.1532040936301042,,,,,,0.02528521593194455
sub-01__jax_gpu_fixed,jax_gpu_fixed,sub-01,2186,-1.1532040790341238,,,,,,0.025346455979160964
sub-01__jax_gpu_fixed,jax_gpu_fixed,sub-01,2187,-1.1532040636930685,,,,,,0.02532141492702067
sub-01__jax_gpu_fixed,jax_gpu_fixed,sub-01,2188,-1.1532040476368406,,,,,,0.025234825909137726
sub-01__jax_gpu_fixed,jax_gpu_fixed,sub-01,2189,-1.153204032808589,,,,,,0.02528124605305493
sub-01__jax_gpu_fixed,jax_gpu_fixed,sub-01,2190,-1.1532040190470219,,,,,,0.025305015966296196
sub-01__jax_gpu_fixed,jax_gpu_fixed,sub-01,2191,-1.153204003891137,,,,,,0.025319705018773675
sub-01__jax_gpu_fixed,jax_gpu_fixed,sub-01,2192,-1.1532039895122104,,,,,,0.025285586016252637
sub-01__jax_gpu_fixed,jax_gpu_fixed,sub-01,2193,-1.153203975501162,,,,,,0.025236165965907276
sub-01__jax_gpu_fixed,jax_gpu_fixed,sub-01,2194,-1.153203961837959,,,,,,0.02526034601032734
sub-01__jax_gpu_fixed,jax_gpu_fixed,sub-01,2195,-1.1532039457907344,,,,,,0.025303474976681173
sub-01__jax_gpu_fixed,jax_gpu_fixed,sub-01,2196,-1.1532039335603357,,,,,,0.025194397079758346
sub-01__jax_gpu_fixed,jax_gpu_fixed,sub-01,2197,-1.1532039169554034,,,,,,0.025304354960098863
sub-01__jax_gpu_fixed,jax_gpu_fixed,sub-01,2198,-1.1532039028276786,,,,,,0.025229915976524353
sub-01__jax_gpu_fixed,jax_gpu_fixed,sub-01,2199,-1.1532038894201901,,,,,,0.025262126000598073
sub-01__jax_gpu_fixed,jax_gpu_fixed,sub-01,2200,-1.1532038765088768,,,,,,0.025392754934728146
sub-01__jax_gpu_fixed,jax_gpu_fixed,sub-01,2201,-1.1532038618973797,,,,,,0.02525532606523484
sub-01__jax_gpu_fixed,jax_gpu_fixed,sub-01,2202,-1.1532038476161046,,,,,,0.025241416064091027
sub-01__jax_gpu_fixed,jax_gpu_fixed,sub-01,2203,-1.1532038337327342,,,,,,0.025254315929487348
sub-01__jax_gpu_fixed,jax_gpu_fixed,sub-01,2204,-1.1532038220078276,,,,,,0.0252186160068959
sub-01__jax_gpu_fixed,jax_gpu_fixed,sub-01,2205,-1.153203808699729,,,,,,0.025230725994333625
sub-01__jax_gpu_fixed,jax_gpu_fixed,sub-01,2206,-1.1532037952574792,,,,,,0.025247866054996848
sub-01__jax_gpu_fixed,jax_gpu_fixed,sub-01,2207,-1.1532037815965497,,,,,,0.025234305998310447
sub-01__jax_gpu_fixed,jax_gpu_fixed,sub-01,2208,-1.1532037695284911,,,,,,0.025280316011048853
sub-01__jax_gpu_fixed,jax_gpu_fixed,sub-01,2209,-1.1532037570781217,,,,,,0.025218146038241684
sub-01__jax_gpu_fixed,jax_gpu_fixed,sub-01,2210,-1.1532037446893584,,,,,,0.025263786083087325
sub-01__jax_gpu_fixed,jax_gpu_fixed,sub-01,2211,-1.153203732564411,,,,,,0.025209925952367485
sub-01__jax_gpu_fixed,jax_gpu_fixed,sub-01,2212,-1.1532037192584097,,,,,,0.025284115923568606
sub-01__jax_gpu_fixed,jax_gpu_fixed,sub-01,2213,-1.1532037036662763,,,,,,0.02523654594551772
sub-01__jax_gpu_fixed,jax_gpu_fixed,sub-01,2214,-1.1532036908529666,,,,,,0.025201865937560797
sub-01__jax_gpu_fixed,jax_gpu_fixed,sub-01,2215,-1.1532036780889667,,,,,,0.025350265088491142
sub-01__jax_gpu_fixed,jax_gpu_fixed,sub-01,2216,-1.1532036677900113,,,,,,0.025343294953927398
sub-01__jax_gpu_fixed,jax_gpu_fixed,sub-01,2217,-1.1532036538381794,,,,,,0.02537433593533933
sub-01__jax_gpu_fixed,jax_gpu_fixed,sub-01,2218,-1.1532036423189007,,,,,,0.02537063497584313
sub-01__jax_gpu_fixed,jax_gpu_fixed,sub-01,2219,-1.1532036303920994,,,,,,0.025243286043405533
sub-01__jax_gpu_fixed,jax_gpu_fixed,sub-01,2220,-1.1532036204917837,,,,,,0.02524263598024845
sub-01__jax_gpu_fixed,jax_gpu_fixed,sub-01,2221,-1.153203607153093,,,,,,0.025314645026810467
sub-01__jax_gpu_fixed,jax_gpu_fixed,sub-01,2222,-1.1532035946154546,,,,,,0.025303525966592133
sub-01__jax_gpu_fixed,jax_gpu_fixed,sub-01,2223,-1.153203583070322,,,,,,0.025344735011458397
sub-01__jax_gpu_fixed,jax_gpu_fixed,sub-01,2224,-1.153203571705336,,,,,,0.02532293600961566
sub-01__jax_gpu_fixed,jax_gpu_fixed,sub-01,2225,-1.1532035576348667,,,,,,0.02521636604797095
sub-01__jax_gpu_fixed,jax_gpu_fixed,sub-01,2226,-1.1532035473779054,,,,,,0.025312814977951348
sub-01__jax_gpu_fixed,jax_gpu_fixed,sub-01,2227,-1.1532035378299843,,,,,,0.025286636082455516
sub-01__jax_gpu_fixed,jax_gpu_fixed,sub-01,2228,-1.1532035277996626,,,,,,0.02523700601886958
sub-01__jax_gpu_fixed,jax_gpu_fixed,sub-01,2229,-1.1532035160430476,,,,,,0.02519210590980947
sub-01__jax_gpu_fixed,jax_gpu_fixed,sub-01,2230,-1.153203504963224,,,,,,0.025331415003165603
sub-01__jax_gpu_fixed,jax_gpu_fixed,sub-01,2231,-1.1532034954399826,,,,,,0.025392345036379993
sub-01__jax_gpu_fixed,jax_gpu_fixed,sub-01,2232,-1.1532034878170339,,,,,,0.02528750605415553
sub-01__jax_gpu_fixed,jax_gpu_fixed,sub-01,2233,-1.1532034759042753,,,,,,0.02532630495261401
sub-01__jax_gpu_fixed,jax_gpu_fixed,sub-01,2234,-1.1532034640128885,,,,,,0.025257136090658605
sub-01__jax_gpu_fixed,jax_gpu_fixed,sub-01,2235,-1.1532034556983957,,,,,,0.025239626062102616
sub-01__jax_gpu_fixed,jax_gpu_fixed,sub-01,2236,-1.1532034463950938,,,,,,0.025359894963912666
sub-01__jax_gpu_fixed,jax_gpu_fixed,sub-01,2237,-1.1532034353170504,,,,,,0.025330486008897424
sub-01__jax_gpu_fixed,jax_gpu_fixed,sub-01,2238,-1.1532034261759627,,,,,,0.025239436072297394
sub-01__jax_gpu_fixed,jax_gpu_fixed,sub-01,2239,-1.1532034188262392,,,,,,0.025392144918441772
sub-01__jax_gpu_fixed,jax_gpu_fixed,sub-01,2240,-1.1532034081780709,,,,,,0.025269126053899527
sub-01__jax_gpu_fixed,jax_gpu_fixed,sub-01,2241,-1.1532033973704936,,,,,,0.02528281498234719
sub-01__jax_gpu_fixed,jax_gpu_fixed,sub-01,2242,-1.153203389168896,,,,,,0.025333876023069024
sub-01__jax_gpu_fixed,jax_gpu_fixed,sub-01,2243,-1.1532033804154176,,,,,,0.025225635967217386
sub-01__jax_gpu_fixed,jax_gpu_fixed,sub-01,2244,-1.153203368872126,,,,,,0.025214365916326642
sub-01__jax_gpu_fixed,jax_gpu_fixed,sub-01,2245,-1.1532033608829633,,,,,,0.025424905004911125
sub-01__jax_gpu_fixed,jax_gpu_fixed,sub-01,2246,-1.1532033505560055,,,,,,0.025322444969788194
sub-01__jax_gpu_fixed,jax_gpu_fixed,sub-01,2247,-1.1532033422569377,,,,,,0.025243935990147293
sub-01__jax_gpu_fixed,jax_gpu_fixed,sub-01,2248,-1.1532033308606735,,,,,,0.025267235934734344
sub-01__jax_gpu_fixed,jax_gpu_fixed,sub-01,2249,-1.153203320523963,,,,,,0.025256876018829644
sub-01__jax_gpu_fixed,jax_gpu_fixed,sub-01,2250,-1.153203309803539,,,,,,0.02527389593888074
sub-01__jax_gpu_fixed,jax_gpu_fixed,sub-01,2251,-1.1532033008925127,,,,,,0.02516104595270008
sub-01__jax_gpu_fixed,jax_gpu_fixed,sub-01,2252,-1.1532032921975708,,,,,,0.025072927004657686
sub-01__jax_gpu_fixed,jax_gpu_fixed,sub-01,2253,-1.1532032820117488,,,,,,0.025340185966342688
sub-01__jax_gpu_fixed,jax_gpu_fixed,sub-01,2254,-1.1532032719795071,,,,,,0.025368304923176765
sub-01__jax_gpu_fixed,jax_gpu_fixed,sub-01,2255,-1.1532032636076888,,,,,,0.025214415974915028
sub-01__jax_gpu_fixed,jax_gpu_fixed,sub-01,2256,-1.1532032536589207,,,,,,0.02515142597258091
sub-01__jax_gpu_fixed,jax_gpu_fixed,sub-01,2257,-1.153203245209363,,,,,,0.02530992601532489
sub-01__jax_gpu_fixed,jax_gpu_fixed,sub-01,2258,-1.1532032352946544,,,,,,0.02538498502690345
sub-01__jax_gpu_fixed,jax_gpu_fixed,sub-01,2259,-1.1532032286339853,,,,,,0.025288786040619016
sub-01__jax_gpu_fixed,jax_gpu_fixed,sub-01,2260,-1.1532032200305813,,,,,,0.02529719495214522
sub-01__jax_gpu_fixed,jax_gpu_fixed,sub-01,2261,-1.1532032098556744,,,,,,0.025307064992375672
sub-01__jax_gpu_fixed,jax_gpu_fixed,sub-01,2262,-1.1532032007603095,,,,,,0.02531871502287686
sub-01__jax_gpu_fixed,jax_gpu_fixed,sub-01,2263,-1.1532031904754199,,,,,,0.02522608602885157
sub-01__jax_gpu_fixed,jax_gpu_fixed,sub-01,2264,-1.1532031819825703,,,,,,0.02539202501066029
sub-01__jax_gpu_fixed,jax_gpu_fixed,sub-01,2265,-1.1532031733649195,,,,,,0.02532243507448584
sub-01__jax_gpu_fixed,jax_gpu_fixed,sub-01,2266,-1.153203165190074,,,,,,0.02532621507998556
sub-01__jax_gpu_fixed,jax_gpu_fixed,sub-01,2267,-1.1532031602153665,,,,,,0.025338844978250563
sub-01__jax_gpu_fixed,jax_gpu_fixed,sub-01,2268,-1.153203151199856,,,,,,0.025298285065218806
sub-01__jax_gpu_fixed,jax_gpu_fixed,sub-01,2269,-1.1532031417382251,,,,,,0.025289076031185687
sub-01__jax_gpu_fixed,jax_gpu_fixed,sub-01,2270,-1.1532031317116116,,,,,,0.02527843602001667
sub-01__jax_gpu_fixed,jax_gpu_fixed,sub-01,2271,-1.1532031251258108,,,,,,0.02535694499965757
sub-01__jax_gpu_fixed,jax_gpu_fixed,sub-01,2272,-1.1532031159783183,,,,,,0.025361876003444195
sub-01__jax_gpu_fixed,jax_gpu_fixed,sub-01,2273,-1.1532031088419414,,,,,,0.025504913995973766
sub-01__jax_gpu_fixed,jax_gpu_fixed,sub-01,2274,-1.1532030996133626,,,,,,0.025315825012512505
sub-01__jax_gpu_fixed,jax_gpu_fixed,sub-01,2275,-1.1532030930119792,,,,,,0.025276336004026234
sub-01__jax_gpu_fixed,jax_gpu_fixed,sub-01,2276,-1.1532030838567104,,,,,,0.025315086008049548
sub-01__jax_gpu_fixed,jax_gpu_fixed,sub-01,2277,-1.1532030777485516,,,,,,0.02534580498468131
sub-01__jax_gpu_fixed,jax_gpu_fixed,sub-01,2278,-1.1532030698768967,,,,,,0.025295135099440813
sub-01__jax_gpu_fixed,jax_gpu_fixed,sub-01,2279,-1.153203062535139,,,,,,0.025282274931669235
sub-01__jax_gpu_fixed,jax_gpu_fixed,sub-01,2280,-1.1532030564690454,,,,,,0.025270845973864198
sub-01__jax_gpu_fixed,jax_gpu_fixed,sub-01,2281,-1.1532030515506784,,,,,,0.025176457013003528
sub-01__jax_gpu_fixed,jax_gpu_fixed,sub-01,2282,-1.153203043853519,,,,,,0.025252796011045575
sub-01__jax_gpu_fixed,jax_gpu_fixed,sub-01,2283,-1.1532030379809628,,,,,,0.02534705598372966
sub-01__jax_gpu_fixed,jax_gpu_fixed,sub-01,2284,-1.1532030275921852,,,,,,0.02525558602064848
sub-01__jax_gpu_fixed,jax_gpu_fixed,sub-01,2285,-1.1532030201154257,,,,,,0.025346945971250534
sub-01__jax_gpu_fixed,jax_gpu_fixed,sub-01,2286,-1.153203012149768,,,,,,0.025254776002839208
sub-01__jax_gpu_fixed,jax_gpu_fixed,sub-01,2287,-1.1532030076647413,,,,,,0.02529416501056403
sub-01__jax_gpu_fixed,jax_gpu_fixed,sub-01,2288,-1.153202999488566,,,,,,0.02524681598879397
sub-01__jax_gpu_fixed,jax_gpu_fixed,sub-01,2289,-1.1532029939726751,,,,,,0.02520191704388708
sub-01__jax_gpu_fixed,jax_gpu_fixed,sub-01,2290,-1.1532029875649668,,,,,,0.025184945901855826
sub-01__jax_gpu_fixed,jax_gpu_fixed,sub-01,2291,-1.1532029828654962,,,,,,0.02513931703288108
sub-01__jax_gpu_fixed,jax_gpu_fixed,sub-01,2292,-1.1532029745710481,,,,,,0.025155326002277434
sub-01__jax_gpu_fixed,jax_gpu_fixed,sub-01,2293,-1.1532029712817609,,,,,,0.02518800599500537
sub-01__jax_gpu_fixed,jax_gpu_fixed,sub-01,2294,-1.1532029591004984,,,,,,0.025285586016252637
sub-01__jax_gpu_fixed,jax_gpu_fixed,sub-01,2295,-1.1532029513669,,,,,,0.025307016097940505
sub-01__jax_gpu_fixed,jax_gpu_fixed,sub-01,2296,-1.153202944463021,,,,,,0.025286905001848936
sub-01__jax_gpu_fixed,jax_gpu_fixed,sub-01,2297,-1.1532029394279506,,,,,,0.02525199600495398
sub-01__jax_gpu_fixed,jax_gpu_fixed,sub-01,2298,-1.1532029325950333,,,,,,0.02521613601129502
sub-01__jax_gpu_fixed,jax_gpu_fixed,sub-01,2299,-1.153202927238652,,,,,,0.025255606044083834
sub-01__jax_gpu_fixed,jax_gpu_fixed,sub-01,2300,-1.153202920277554,,,,,,0.025201737065799534
sub-01__jax_gpu_fixed,jax_gpu_fixed,sub-01,2301,-1.1532029147737473,,,,,,0.025294616003520787
sub-01__jax_gpu_fixed,jax_gpu_fixed,sub-01,2302,-1.153202907512832,,,,,,0.02521447604522109
sub-01__jax_gpu_fixed,jax_gpu_fixed,sub-01,2303,-1.153202902069143,,,,,,0.025277346023358405
sub-01__jax_gpu_fixed,jax_gpu_fixed,sub-01,2304,-1.1532028947149606,,,,,,0.025245025986805558
sub-01__jax_gpu_fixed,jax_gpu_fixed,sub-01,2305,-1.1532028896877033,,,,,,0.025301664951257408
sub-01__jax_gpu_fixed,jax_gpu_fixed,sub-01,2306,-1.153202883897711,,,,,,0.025286974967457354
sub-01__jax_gpu_fixed,jax_gpu_fixed,sub-01,2307,-1.153202878630431,,,,,,0.02519271709024906
sub-01__jax_gpu_fixed,jax_gpu_fixed,sub-01,2308,-1.1532028730603157,,,,,,0.025267994962632656
sub-01__jax_gpu_fixed,jax_gpu_fixed,sub-01,2309,-1.1532028679723338,,,,,,0.025178716983646154
sub-01__jax_gpu_fixed,jax_gpu_fixed,sub-01,2310,-1.1532028611505432,,,,,,0.025291464990004897
sub-01__jax_gpu_fixed,jax_gpu_fixed,sub-01,2311,-1.1532028557512954,,,,,,0.025310186087153852
sub-01__jax_gpu_fixed,jax_gpu_fixed,sub-01,2312,-1.1532028525003157,,,,,,0.025212086038663983
sub-01__jax_gpu_fixed,jax_gpu_fixed,sub-01,2313,-1.1532028516355814,,,,,,0.025362694985233247
sub-01__jax_gpu_fixed,jax_gpu_fixed,sub-01,2314,-1.1532028414396256,,,,,,0.025247746030800045
sub-01__jax_gpu_fixed,jax_gpu_fixed,sub-01,2315,-1.153202835975844,,,,,,0.025337566039524972
sub-01__jax_gpu_fixed,jax_gpu_fixed,sub-01,2316,-1.1532028293471845,,,,,,0.025319225038401783
sub-01__jax_gpu_fixed,jax_gpu_fixed,sub-01,2317,-1.1532028257395486,,,,,,0.025279195979237556
sub-01__jax_gpu_fixed,jax_gpu_fixed,sub-01,2318,-1.1532028186782899,,,,,,0.025208036066032946
sub-01__jax_gpu_fixed,jax_gpu_fixed,sub-01,2319,-1.1532028128728073,,,,,,0.025206985999830067
sub-01__jax_gpu_fixed,jax_gpu_fixed,sub-01,2320,-1.1532028078612535,,,,,,0.025276725995354354
sub-01__jax_gpu_fixed,jax_gpu_fixed,sub-01,2321,-1.1532028028415502,,,,,,0.02525721595156938
sub-01__jax_gpu_fixed,jax_gpu_fixed,sub-01,2322,-1.1532027964122677,,,,,,0.02519041590858251
sub-01__jax_gpu_fixed,jax_gpu_fixed,sub-01,2323,-1.1532027906118876,,,,,,0.02517432696186006
sub-01__jax_gpu_fixed,jax_gpu_fixed,sub-01,2324,-1.1532027879426616,,,,,,0.025257825036533177
sub-01__jax_gpu_fixed,jax_gpu_fixed,sub-01,2325,-1.1532027847769235,,,,,,0.025262654991820455
sub-01__jax_gpu_fixed,jax_gpu_fixed,sub-01,2326,-1.1532027775446978,,,,,,0.025286446092650294
sub-01__jax_gpu_fixed,jax_gpu_fixed,sub-01,2327,-1.1532027728181728,,,,,,0.025277405977249146
sub-01__jax_gpu_fixed,jax_gpu_fixed,sub-01,2328,-1.1532027693804026,,,,,,0.025187505991198123
sub-01__jax_gpu_fixed,jax_gpu_fixed,sub-01,2329,-1.1532027674839411,,,,,,0.025284055969677866
sub-01__jax_gpu_fixed,jax_gpu_fixed,sub-01,2330,-1.1532027588707776,,,,,,0.025208716047927737
sub-01__jax_gpu_fixed,jax_gpu_fixed,sub-01,2331,-1.153202752761952,,,,,,0.02525254595093429
sub-01__jax_gpu_fixed,jax_gpu_fixed,sub-01,2332,-1.1532027456251852,,,,,,0.025260556023567915
sub-01__jax_gpu_fixed,jax_gpu_fixed,sub-01,2333,-1.153202742043506,,,,,,0.025232705986127257
sub-01__jax_gpu_fixed,jax_gpu_fixed,sub-01,2334,-1.1532027388336261,,,,,,0.025332064949907362
sub-01__jax_gpu_fixed,jax_gpu_fixed,sub-01,2335,-1.1532027360127428,,,,,,0.02522118599154055
sub-01__jax_gpu_fixed,jax_gpu_fixed,sub-01,2336,-1.1532027303188892,,,,,,0.025251456070691347
sub-01__jax_gpu_fixed,jax_gpu_fixed,sub-01,2337,-1.153202727967428,,,,,,0.025225435965694487
sub-01__jax_gpu_fixed,jax_gpu_fixed,sub-01,2338,-1.1532027223972192,,,,,,0.025196217000484467
sub-01__jax_gpu_fixed,jax_gpu_fixed,sub-01,2339,-1.1532027192947567,,,,,,0.025216446025297046
sub-01__jax_gpu_fixed,jax_gpu_fixed,sub-01,2340,-1.1532027120174826,,,,,,0.025261945906095207
sub-01__jax_gpu_fixed,jax_gpu_fixed,sub-01,2341,-1.1532027083519982,,,,,,0.025294856051914394
sub-01__jax_gpu_fixed,jax_gpu_fixed,sub-01,2342,-1.1532027041009096,,,,,,0.02517062600236386
sub-01__jax_gpu_fixed,jax_gpu_fixed,sub-01,2343,-1.1532026994728364,,,,,,0.025254494976252317
sub-01__jax_gpu_fixed,jax_gpu_fixed,sub-01,2344,-1.1532026939405566,,,,,,0.02530100499279797
sub-01__jax_gpu_fixed,jax_gpu_fixed,sub-01,2345,-1.1532026897183176,,,,,,0.02533153595868498
sub-01__jax_gpu_fixed,jax_gpu_fixed,sub-01,2346,-1.1532026857428068,,,,,,0.025317535968497396
sub-01__jax_gpu_fixed,jax_gpu_fixed,sub-01,2347,-1.153202681267276,,,,,,0.02530079602729529
sub-01__jax_gpu_fixed,jax_gpu_fixed,sub-01,2348,-1.1532026782392406,,,,,,0.025207116035744548
sub-01__jax_gpu_fixed,jax_gpu_fixed,sub-01,2349,-1.153202674312063,,,,,,0.025219506002031267
sub-01__jax_gpu_fixed,jax_gpu_fixed,sub-01,2350,-1.1532026707258736,,,,,,0.025378274964168668
sub-01__jax_gpu_fixed,jax_gpu_fixed,sub-01,2351,-1.1532026655672092,,,,,,0.02525378600694239
sub-01__jax_gpu_fixed,jax_gpu_fixed,sub-01,2352,-1.1532026623569633,,,,,,0.025232815998606384
sub-01__jax_gpu_fixed,jax_gpu_fixed,sub-01,2353,-1.1532026586087984,,,,,,0.025179226067848504
sub-01__jax_gpu_fixed,jax_gpu_fixed,sub-01,2354,-1.1532026549814987,,,,,,0.025279634981416166
sub-01__jax_gpu_fixed,jax_gpu_fixed,sub-01,2355,-1.1532026517317777,,,,,,0.02519713598303497
sub-01__jax_gpu_fixed,jax_gpu_fixed,sub-01,2356,-1.1532026494089302,,,,,,0.025138525990769267
sub-01__jax_gpu_fixed,jax_gpu_fixed,sub-01,2357,-1.1532026468199432,,,,,,0.025336664984934032
sub-01__jax_gpu_fixed,jax_gpu_fixed,sub-01,2358,-1.153202642229829,,,,,,0.025192166911438107
sub-01__jax_gpu_fixed,jax_gpu_fixed,sub-01,2359,-1.1532026376007758,,,,,,0.025219546048901975
sub-01__jax_gpu_fixed,jax_gpu_fixed,sub-01,2360,-1.1532026338240917,,,,,,0.025250216014683247
sub-01__jax_gpu_fixed,jax_gpu_fixed,sub-01,2361,-1.153202630365088,,,,,,0.0252091659931466
sub-01__jax_gpu_fixed,jax_gpu_fixed,sub-01,2362,-1.153202627404838,,,,,,0.025172145920805633
sub-01__jax_gpu_fixed,jax_gpu_fixed,sub-01,2363,-1.1532026262024038,,,,,,0.025319435982964933
sub-01__jax_gpu_fixed,jax_gpu_fixed,sub-01,2364,-1.153202620685562,,,,,,0.025247266050428152
sub-01__jax_gpu_fixed,jax_gpu_fixed,sub-01,2365,-1.1532026168258303,,,,,,0.02528578497003764
sub-01__jax_gpu_fixed,jax_gpu_fixed,sub-01,2366,-1.1532026142936893,,,,,,0.025246136006899178
sub-01__jax_gpu_fixed,jax_gpu_fixed,sub-01,2367,-1.153202612132168,,,,,,0.02526939590461552
sub-01__jax_gpu_fixed,jax_gpu_fixed,sub-01,2368,-1.1532026086006064,,,,,,0.025115136988461018
sub-01__jax_gpu_fixed,jax_gpu_fixed,sub-01,2369,-1.1532026015606391,,,,,,0.025219345930963755
sub-01__jax_gpu_fixed,jax_gpu_fixed,sub-01,2370,-1.1532025956618004,,,,,,0.025264726020395756
sub-01__jax_gpu_fixed,jax_gpu_fixed,sub-01,2371,-1.1532025922622064,,,,,,0.025189735926687717
sub-01__jax_gpu_fixed,jax_gpu_fixed,sub-01,2372,-1.1532025887794395,,,,,,0.02521753590553999
sub-01__jax_gpu_fixed,jax_gpu_fixed,sub-01,2373,-1.1532025859836845,,,,,,0.025398015044629574
sub-01__jax_gpu_fixed,jax_gpu_fixed,sub-01,2374,-1.1532025803282726,,,,,,0.025230485945940018
sub-01__jax_gpu_fixed,jax_gpu_fixed,sub-01,2375,-1.1532025751670203,,,,,,0.02532788598909974
sub-01__jax_gpu_fixed,jax_gpu_fixed,sub-01,2376,-1.1532025720006125,,,,,,0.025127995992079377
sub-01__jax_gpu_fixed,jax_gpu_fixed,sub-01,2377,-1.1532025687414644,,,,,,0.025270955986343324
sub-01__jax_gpu_fixed,jax_gpu_fixed,sub-01,2378,-1.1532025669005155,,,,,,0.02521153597626835
sub-01__jax_gpu_fixed,jax_gpu_fixed,sub-01,2379,-1.1532025651164244,,,,,,0.025255844928324223
sub-01__jax_gpu_fixed,jax_gpu_fixed,sub-01,2380,-1.1532025617521924,,,,,,0.025794182904064655
sub-01__jax_gpu_fixed,jax_gpu_fixed,sub-01,2381,-1.1532025612448418,,,,,,0.02550561400130391
sub-01__jax_gpu_fixed,jax_gpu_fixed,sub-01,2382,-1.1532025559367733,,,,,,0.025221016025170684
sub-01__jax_gpu_fixed,jax_gpu_fixed,sub-01,2383,-1.1532025542714628,,,,,,0.0252516659675166
sub-01__jax_gpu_fixed,jax_gpu_fixed,sub-01,2384,-1.1532025483066397,,,,,,0.025288515957072377
sub-01__jax_gpu_fixed,jax_gpu_fixed,sub-01,2385,-1.153202544966098,,,,,,0.02532278501894325
sub-01__jax_gpu_fixed,jax_gpu_fixed,sub-01,2386,-1.1532025419153566,,,,,,0.025320364977233112
sub-01__jax_gpu_fixed,jax_gpu_fixed,sub-01,2387,-1.153202538389795,,,,,,0.025289866025559604
sub-01__jax_gpu_fixed,jax_gpu_fixed,sub-01,2388,-1.1532025366069556,,,,,,0.025223625940270722
sub-01__jax_gpu_fixed,jax_gpu_fixed,sub-01,2389,-1.1532025355765558,,,,,,0.025295504950918257
sub-01__jax_gpu_fixed,jax_gpu_fixed,sub-01,2390,-1.1532025300242474,,,,,,0.025222136988304555
sub-01__jax_gpu_fixed,jax_gpu_fixed,sub-01,2391,-1.1532025275253723,,,,,,0.025231305975466967
sub-01__jax_gpu_fixed,jax_gpu_fixed,sub-01,2392,-1.1532025261847152,,,,,,0.02527410490438342
sub-01__jax_gpu_fixed,jax_gpu_fixed,sub-01,2393,-1.153202524070401,,,,,,0.02525378600694239
sub-01__jax_gpu_fixed,jax_gpu_fixed,sub-01,2394,-1.1532025200377802,,,,,,0.025152766960673034
sub-01__jax_gpu_fixed,jax_gpu_fixed,sub-01,2395,-1.1532025172686977,,,,,,0.025171105982735753
sub-01__jax_gpu_fixed,jax_gpu_fixed,sub-01,2396,-1.1532025127616894,,,,,,0.02520991605706513
sub-01__jax_gpu_fixed,jax_gpu_fixed,sub-01,2397,-1.1532025111995579,,,,,,0.02522927604150027
sub-01__jax_gpu_fixed,jax_gpu_fixed,sub-01,2398,-1.153202509358769,,,,,,0.025205067009665072
sub-01__jax_gpu_fixed,jax_gpu_fixed,sub-01,2399,-1.1532025067762077,,,,,,0.0252513459417969
sub-01__jax_gpu_fixed,jax_gpu_fixed,sub-01,2400,-1.1532025022175132,,,,,,0.025238165981136262
sub-01__jax_gpu_fixed,jax_gpu_fixed,sub-01,2401,-1.1532024992407466,,,,,,0.025295236031524837
sub-01__jax_gpu_fixed,jax_gpu_fixed,sub-01,2402,-1.1532024958196978,,,,,,0.02519100601784885
sub-01__jax_gpu_fixed,jax_gpu_fixed,sub-01,2403,-1.1532024930786973,,,,,,0.025257895002141595
sub-01__jax_gpu_fixed,jax_gpu_fixed,sub-01,2404,-1.1532024905099174,,,,,,0.025405345018953085
sub-01__jax_gpu_fixed,jax_gpu_fixed,sub-01,2405,-1.1532024894939872,,,,,,0.025329575990326703
sub-01__jax_gpu_fixed,jax_gpu_fixed,sub-01,2406,-1.1532024854470198,,,,,,0.025298904976807535
sub-01__jax_gpu_fixed,jax_gpu_fixed,sub-01,2407,-1.1532024831891512,,,,,,0.025428914930671453
sub-01__jax_gpu_fixed,jax_gpu_fixed,sub-01,2408,-1.153202480964848,,,,,,0.025716993026435375
sub-01__jax_gpu_fixed,jax_gpu_fixed,sub-01,2409,-1.1532024789791355,,,,,,0.025871361955069005
sub-01__jax_gpu_fixed,jax_gpu_fixed,sub-01,2410,-1.1532024757703965,,,,,,0.0257129929959774
sub-01__jax_gpu_fixed,jax_gpu_fixed,sub-01,2411,-1.153202473247355,,,,,,0.025680474005639553
sub-01__jax_gpu_fixed,jax_gpu_fixed,sub-01,2412,-1.153202472008841,,,,,,0.025602792971767485
sub-01__jax_gpu_fixed,jax_gpu_fixed,sub-01,2413,-1.1532024699730063,,,,,,0.02531619498040527
sub-01__jax_gpu_fixed,jax_gpu_fixed,sub-01,2414,-1.1532024658710867,,,,,,0.02532159595284611
sub-01__jax_gpu_fixed,jax_gpu_fixed,sub-01,2415,-1.153202463240853,,,,,,0.02524037705734372
sub-01__jax_gpu_fixed,jax_gpu_fixed,sub-01,2416,-1.1532024613496152,,,,,,0.025250235106796026
sub-01__jax_gpu_fixed,jax_gpu_fixed,sub-01,2417,-1.1532024588482235,,,,,,0.025273756007663906
sub-01__jax_gpu_fixed,jax_gpu_fixed,sub-01,2418,-1.1532024580277933,,,,,,0.025266585987992585
sub-01__jax_gpu_fixed,jax_gpu_fixed,sub-01,2419,-1.1532024538729426,,,,,,0.025337515980936587
sub-01__jax_gpu_fixed,jax_gpu_fixed,sub-01,2420,-1.1532024517612982,,,,,,0.025319624925032258
sub-01__jax_gpu_fixed,jax_gpu_fixed,sub-01,2421,-1.153202449971992,,,,,,0.025278415996581316
sub-01__jax_gpu_fixed,jax_gpu_fixed,sub-01,2422,-1.1532024505756888,,,,,,0.025284845964051783
sub-01__jax_gpu_fixed,jax_gpu_fixed,sub-01,2423,-1.1532024491451784,,,,,,0.025286525022238493
sub-01__jax_gpu_fixed,jax_gpu_fixed,sub-01,2424,-1.1532024418627844,,,,,,0.02531061600893736
sub-01__jax_gpu_fixed,jax_gpu_fixed,sub-01,2425,-1.153202438361537,,,,,,0.025260664988309145
sub-01__jax_gpu_fixed,jax_gpu_fixed,sub-01,2426,-1.1532024366628453,,,,,,0.025275634950958192
sub-01__jax_gpu_fixed,jax_gpu_fixed,sub-01,2427,-1.1532024359624242,,,,,,0.02534993493463844
sub-01__jax_gpu_fixed,jax_gpu_fixed,sub-01,2428,-1.1532024355668324,,,,,,0.025204787030816078
sub-01__jax_gpu_fixed,jax_gpu_fixed,sub-01,2429,-1.1532024346074594,,,,,,0.025263775954954326
sub-01__jax_gpu_fixed,jax_gpu_fixed,sub-01,2430,-1.1532024342823877,,,,,,0.02522422606125474
sub-01__jax_gpu_fixed,jax_gpu_fixed,sub-01,2431,-1.153202430859237,,,,,,0.02531026501674205
sub-01__jax_gpu_fixed,jax_gpu_fixed,sub-01,2432,-1.1532024290901712,,,,,,0.025300355977378786
sub-01__jax_gpu_fixed,jax_gpu_fixed,sub-01,2433,-1.1532024262211011,,,,,,0.0253802549559623
sub-01__jax_gpu_fixed,jax_gpu_fixed,sub-01,2434,-1.1532024291365717,,,,,,0.025357285048812628
sub-01__jax_gpu_fixed,jax_gpu_fixed,sub-01,2435,-1.1532024214086365,,,,,,0.02575945295393467
sub-01__jax_gpu_fixed,jax_gpu_fixed,sub-01,2436,-1.153202415491334,,,,,,0.025766653008759022
sub-01__jax_gpu_fixed,jax_gpu_fixed,sub-01,2437,-1.1532024130790592,,,,,,0.02601757098454982
sub-01__jax_gpu_fixed,jax_gpu_fixed,sub-01,2438,-1.1532024115527604,,,,,,0.025799792958423495
sub-01__jax_gpu_fixed,jax_gpu_fixed,sub-01,2439,-1.1532024110662988,,,,,,0.025819931994192302
sub-01__jax_gpu_fixed,jax_gpu_fixed,sub-01,2440,-1.1532024085266839,,,,,,0.025768492952920496
sub-01__jax_gpu_fixed,jax_gpu_fixed,sub-01,2441,-1.1532024087770727,,,,,,0.025707663036882877
sub-01__jax_gpu_fixed,jax_gpu_fixed,sub-01,2442,-1.1532024055942998,,,,,,0.02578071306925267
sub-01__jax_gpu_fixed,jax_gpu_fixed,sub-01,2443,-1.153202401226142,,,,,,0.02584338199812919
sub-01__jax_gpu_fixed,jax_gpu_fixed,sub-01,2444,-1.1532023989320244,,,,,,0.0257625529775396
sub-01__jax_gpu_fixed,jax_gpu_fixed,sub-01,2445,-1.1532023979262085,,,,,,0.025708882953040302
sub-01__jax_gpu_fixed,jax_gpu_fixed,sub-01,2446,-1.1532023983305375,,,,,,0.025709072942845523
sub-01__jax_gpu_fixed,jax_gpu_fixed,sub-01,2447,-1.1532023967468297,,,,,,0.02574758301489055
sub-01__jax_gpu_fixed,jax_gpu_fixed,sub-01,2448,-1.1532023911653986,,,,,,0.025812941952608526
sub-01__jax_gpu_fixed,jax_gpu_fixed,sub-01,2449,-1.1532023887727334,,,,,,0.02573365403804928
sub-01__jax_gpu_fixed,jax_gpu_fixed,sub-01,2450,-1.1532023879577264,,,,,,0.025856332038529217
sub-01__jax_gpu_fixed,jax_gpu_fixed,sub-01,2451,-1.1532023865941952,,,,,,0.025909561081789434
sub-01__jax_gpu_fixed,jax_gpu_fixed,sub-01,2452,-1.1532023883359042,,,,,,0.025632633012719452
sub-01__jax_gpu_fixed,jax_gpu_fixed,sub-01,2453,-1.1532023856758609,,,,,,0.02533600595779717
sub-01__jax_gpu_fixed,jax_gpu_fixed,sub-01,2454,-1.153202380569261,,,,,,0.02523947600275278
sub-01__jax_gpu_fixed,jax_gpu_fixed,sub-01,2455,-1.1532023779941947,,,,,,0.025263824965804815
sub-01__jax_gpu_fixed,jax_gpu_fixed,sub-01,2456,-1.1532023772309632,,,,,,0.025559313944540918
sub-01__jax_gpu_fixed,jax_gpu_fixed,sub-01,2457,-1.1532023760118708,,,,,,0.02576155192218721
sub-01__jax_gpu_fixed,jax_gpu_fixed,sub-01,2458,-1.1532023779141396,,,,,,0.02578485303092748
sub-01__jax_gpu_fixed,jax_gpu_fixed,sub-01,2459,-1.1532023761562218,,,,,,0.025868061929941177
sub-01__jax_gpu_fixed,jax_gpu_fixed,sub-01,2460,-1.1532023700810887,,,,,,0.025769402971491218
sub-01__jax_gpu_fixed,jax_gpu_fixed,sub-01,2461,-1.1532023670326652,,,,,,0.025652962969616055
sub-01__jax_gpu_fixed,jax_gpu_fixed,sub-01,2462,-1.1532023652257606,,,,,,0.025736973038874567
sub-01__jax_gpu_fixed,jax_gpu_fixed,sub-01,2463,-1.1532023659042279,,,,,,0.025755753042176366
sub-01__jax_gpu_fixed,jax_gpu_fixed,sub-01,2464,-1.1532023641986149,,,,,,0.025663692969828844
sub-01__jax_gpu_fixed,jax_gpu_fixed,sub-01,2465,-1.1532023603651744,,,,,,0.02616326999850571
sub-01__jax_gpu_fixed,jax_gpu_fixed,sub-01,2466,-1.1532023584933233,,,,,,0.025969711015932262
sub-01__jax_gpu_fixed,jax_gpu_fixed,sub-01,2467,-1.1532023568442582,,,,,,0.025720353005453944
sub-01__jax_gpu_fixed,jax_gpu_fixed,sub-01,2468,-1.1532023578832271,,,,,,0.025733812944963574
sub-01__jax_gpu_fixed,jax_gpu_fixed,sub-01,2469,-1.1532023566926821,,,,,,0.025805862969718874
sub-01__jax_gpu_fixed,jax_gpu_fixed,sub-01,2470,-1.1532023514755187,,,,,,0.02566755295265466
sub-01__jax_gpu_fixed,jax_gpu_fixed,sub-01,2471,-1.1532023498274908,,,,,,0.02570921299047768
sub-01__jax_gpu_fixed,jax_gpu_fixed,sub-01,2472,-1.1532023485867657,,,,,,0.025706982938572764
sub-01__jax_gpu_fixed,jax_gpu_fixed,sub-01,2473,-1.1532023481706108,,,,,,0.02581863198429346
sub-01__jax_gpu_fixed,jax_gpu_fixed,sub-01,2474,-1.153202349970994,,,,,,0.025733073009178042
sub-01__jax_gpu_fixed,jax_gpu_fixed,sub-01,2475,-1.1532023456436455,,,,,,0.02574344293680042
sub-01__jax_gpu_fixed,jax_gpu_fixed,sub-01,2476,-1.1532023411119159,,,,,,0.025794982095248997
sub-01__jax_gpu_fixed,jax_gpu_fixed,sub-01,2477,-1.1532023388535697,,,,,,0.025807593017816544
sub-01__jax_gpu_fixed,jax_gpu_fixed,sub-01,2478,-1.1532023376053175,,,,,,0.0258235220098868
sub-01__jax_gpu_fixed,jax_gpu_fixed,sub-01,2479,-1.1532023380092922,,,,,,0.025768141960725188
sub-01__jax_gpu_fixed,jax_gpu_fixed,sub-01,2480,-1.153202339359772,,,,,,0.02571580302901566
sub-01__jax_gpu_fixed,jax_gpu_fixed,sub-01,2481,-1.1532023321854952,,,,,,0.025806582998484373
sub-01__jax_gpu_fixed,jax_gpu_fixed,sub-01,2482,-1.1532023298582394,,,,,,0.02580746205057949
sub-01__jax_gpu_fixed,jax_gpu_fixed,sub-01,2483,-1.1532023282344277,,,,,,0.025772813009098172
sub-01__jax_gpu_fixed,jax_gpu_fixed,sub-01,2484,-1.153202327095863,,,,,,0.02570149302482605
sub-01__jax_gpu_fixed,jax_gpu_fixed,sub-01,2485,-1.153202326655316,,,,,,0.025811042985878885
sub-01__jax_gpu_fixed,jax_gpu_fixed,sub-01,2486,-1.1532023246143104,,,,,,0.02592431101948023
sub-01__jax_gpu_fixed,jax_gpu_fixed,sub-01,2487,-1.153202324443877,,,,,,0.025735351955518126
sub-01__jax_gpu_fixed,jax_gpu_fixed,sub-01,2488,-1.15320232471978,,,,,,0.025812122970819473
sub-01__jax_gpu_fixed,jax_gpu_fixed,sub-01,2489,-1.153202325167096,,,,,,0.025851021986454725
sub-01__jax_gpu_fixed,jax_gpu_fixed,sub-01,2490,-1.1532023174849895,,,,,,0.025763683021068573
sub-01__jax_gpu_fixed,jax_gpu_fixed,sub-01,2491,-1.1532023152193434,,,,,,0.025633103912696242
sub-01__jax_gpu_fixed,jax_gpu_fixed,sub-01,2492,-1.153202313404119,,,,,,0.025290305027738214
sub-01__jax_gpu_fixed,jax_gpu_fixed,sub-01,2493,-1.1532023126027118,,,,,,0.02539281500503421
sub-01__jax_gpu_fixed,jax_gpu_fixed,sub-01,2494,-1.1532023115841272,,,,,,0.025214837049134076
sub-01__jax_gpu_fixed,jax_gpu_fixed,sub-01,2495,-1.153202312380451,,,,,,0.025266675977036357
sub-01__jax_gpu_fixed,jax_gpu_fixed,sub-01,2496,-1.153202310809199,,,,,,0.02530767593998462
sub-01__jax_gpu_fixed,jax_gpu_fixed,sub-01,2497,-1.1532023063824794,,,,,,0.025392754934728146
sub-01__jax_gpu_fixed,jax_gpu_fixed,sub-01,2498,-1.1532023046353728,,,,,,0.02533305494580418
sub-01__jax_gpu_fixed,jax_gpu_fixed,sub-01,2499,-1.1532023041403026,,,,,,0.025386914960108697
sub-01__jax_gpu_fixed,jax_gpu_fixed,sub-01,2500,-1.153202304021051,,,,,,0.02520218607969582
sub-01__jax_gpu_fixed,jax_gpu_fixed,sub-01,2501,-1.1532023049293396,,,,,,0.025300875073298812
sub-01__jax_gpu_fixed,jax_gpu_fixed,sub-01,2502,-1.1532023020455875,,,,,,0.025328456074930727
sub-01__jax_gpu_fixed,jax_gpu_fixed,sub-01,2503,-1.1532022975903584,,,,,,0.02550467406399548
sub-01__jax_gpu_fixed,jax_gpu_fixed,sub-01,2504,-1.1532022955706123,,,,,,0.025422594975680113
sub-01__jax_gpu_fixed,jax_gpu_fixed,sub-01,2505,-1.153202295096718,,,,,,0.02539215493015945
sub-01__jax_gpu_fixed,jax_gpu_fixed,sub-01,2506,-1.1532022947856786,,,,,,0.02539486496243626
sub-01__jax_gpu_fixed,jax_gpu_fixed,sub-01,2507,-1.1532022942829858,,,,,,0.02519371605012566
sub-01__jax_gpu_fixed,jax_gpu_fixed,sub-01,2508,-1.1532022924875245,,,,,,0.025370235089212656
sub-01__jax_gpu_fixed,jax_gpu_fixed,sub-01,2509,-1.1532022938207689,,,,,,0.025327584939077497
sub-01__jax_gpu_fixed,jax_gpu_fixed,sub-01,2510,-1.1532022925379117,,,,,,0.025302266003564
sub-01__jax_gpu_fixed,jax_gpu_fixed,sub-01,2511,-1.1532022859639073,,,,,,0.025205945945344865
sub-01__jax_gpu_fixed,jax_gpu_fixed,sub-01,2512,-1.15320228312763,,,,,,0.025252185994759202
sub-01__jax_gpu_fixed,jax_gpu_fixed,sub-01,2513,-1.1532022815679914,,,,,,0.025241486029699445
sub-01__jax_gpu_fixed,jax_gpu_fixed,sub-01,2514,-1.153202282478992,,,,,,0.02527519501745701
sub-01__jax_gpu_fixed,jax_gpu_fixed,sub-01,2515,-1.1532022824670263,,,,,,0.025338265928439796
sub-01__jax_gpu_fixed,jax_gpu_fixed,sub-01,2516,-1.1532022771409853,,,,,,0.025328404968604445
sub-01__jax_gpu_fixed,jax_gpu_fixed,sub-01,2517,-1.1532022757845701,,,,,,0.025291466037742794
sub-01__jax_gpu_fixed,jax_gpu_fixed,sub-01,2518,-1.153202276325885,,,,,,0.025352234952151775
sub-01__jax_gpu_fixed,jax_gpu_fixed,sub-01,2519,-1.1532022754577944,,,,,,0.025318066007457674
sub-01__jax_gpu_fixed,jax_gpu_fixed,sub-01,2520,-1.1532022712541128,,,,,,0.025359545019455254
sub-01__jax_gpu_fixed,jax_gpu_fixed,sub-01,2521,-1.1532022694112976,,,,,,0.025262146024033427
sub-01__jax_gpu_fixed,jax_gpu_fixed,sub-01,2522,-1.15320226882019,,,,,,0.025302125024609268
sub-01__jax_gpu_fixed,jax_gpu_fixed,sub-01,2523,-1.1532022694361264,,,,,,0.02531167503912002
sub-01__jax_gpu_fixed,jax_gpu_fixed,sub-01,2524,-1.1532022691129682,,,,,,0.025204295990988612
sub-01__jax_gpu_fixed,jax_gpu_fixed,sub-01,2525,-1.153202264623936,,,,,,0.025286476011388004
sub-01__jax_gpu_fixed,jax_gpu_fixed,sub-01,2526,-1.1532022625509568,,,,,,0.025229056016542017
sub-01__jax_gpu_fixed,jax_gpu_fixed,sub-01,2527,-1.153202261882951,,,,,,0.0252545359544456
sub-01__jax_gpu_fixed,jax_gpu_fixed,sub-01,2528,-1.153202261023319,,,,,,0.025298274937085807
sub-01__jax_gpu_fixed,jax_gpu_fixed,sub-01,2529,-1.1532022622432077,,,,,,0.02519527601543814
sub-01__jax_gpu_fixed,jax_gpu_fixed,sub-01,2530,-1.15320226072011,,,,,,0.025293565937317908
sub-01__jax_gpu_fixed,jax_gpu_fixed,sub-01,2531,-1.1532022572429177,,,,,,0.025213407003320754
sub-01__jax_gpu_fixed,jax_gpu_fixed,sub-01,2532,-1.1532022546295766,,,,,,0.02530325495172292
sub-01__jax_gpu_fixed,jax_gpu_fixed,sub-01,2533,-1.1532022529495627,,,,,,0.025348955998197198
sub-01__jax_gpu_fixed,jax_gpu_fixed,sub-01,2534,-1.1532022519049645,,,,,,0.025270235957577825
sub-01__jax_gpu_fixed,jax_gpu_fixed,sub-01,2535,-1.1532022524040348,,,,,,0.025259666028432548
sub-01__jax_gpu_fixed,jax_gpu_fixed,sub-01,2536,-1.1532022507013158,,,,,,0.025251935934647918
sub-01__jax_gpu_fixed,jax_gpu_fixed,sub-01,2537,-1.1532022470168661,,,,,,0.02525222604162991
sub-01__jax_gpu_fixed,jax_gpu_fixed,sub-01,2538,-1.1532022463973544,,,,,,0.025292576057836413
sub-01__jax_gpu_fixed,jax_gpu_fixed,sub-01,2539,-1.1532022459913864,,,,,,0.025209045968949795
sub-01__jax_gpu_fixed,jax_gpu_fixed,sub-01,2540,-1.153202246078611,,,,,,0.02528154500760138
sub-01__jax_gpu_fixed,jax_gpu_fixed,sub-01,2541,-1.153202246476244,,,,,,0.025360596016980708
sub-01__jax_gpu_fixed,jax_gpu_fixed,sub-01,2542,-1.1532022400082051,,,,,,0.025208655977621675
sub-01__jax_gpu_fixed,jax_gpu_fixed,sub-01,2543,-1.153202237831215,,,,,,0.025187526014633477
sub-01__jax_gpu_fixed,jax_gpu_fixed,sub-01,2544,-1.1532022363057388,,,,,,0.02514864702243358
sub-01__jax_gpu_fixed,jax_gpu_fixed,sub-01,2545,-1.1532022356767873,,,,,,0.02531652501784265
sub-01__jax_gpu_fixed,jax_gpu_fixed,sub-01,2546,-1.1532022348767428,,,,,,0.02520217699930072
sub-01__jax_gpu_fixed,jax_gpu_fixed,sub-01,2547,-1.1532022355959393,,,,,,0.025257676956243813
sub-01__jax_gpu_fixed,jax_gpu_fixed,sub-01,2548,-1.153202234521131,,,,,,0.025238316040486097
sub-01__jax_gpu_fixed,jax_gpu_fixed,sub-01,2549,-1.1532022305333498,,,,,,0.025188266998156905
sub-01__jax_gpu_fixed,jax_gpu_fixed,sub-01,2550,-1.1532022288610244,,,,,,0.025267975055612624
sub-01__jax_gpu_fixed,jax_gpu_fixed,sub-01,2551,-1.1532022280357763,,,,,,0.025209107086993754
sub-01__jax_gpu_fixed,jax_gpu_fixed,sub-01,2552,-1.1532022279457257,,,,,,0.02532757504377514
sub-01__jax_gpu_fixed,jax_gpu_fixed,sub-01,2553,-1.1532022289329067,,,,,,0.02522562595549971
sub-01__jax_gpu_fixed,jax_gpu_fixed,sub-01,2554,-1.1532022267657362,,,,,,0.02527935605030507
sub-01__jax_gpu_fixed,jax_gpu_fixed,sub-01,2555,-1.1532022223797354,,,,,,0.025260096066631377
sub-01__jax_gpu_fixed,jax_gpu_fixed,sub-01,2556,-1.1532022206395003,,,,,,0.025188476080074906
sub-01__jax_gpu_fixed,jax_gpu_fixed,sub-01,2557,-1.153202219717666,,,,,,0.02520221599843353
sub-01__jax_gpu_fixed,jax_gpu_fixed,sub-01,2558,-1.1532022196869867,,,,,,0.025297975982539356
sub-01__jax_gpu_fixed,jax_gpu_fixed,sub-01,2559,-1.1532022207806578,,,,,,0.02525744598824531
sub-01__jax_gpu_fixed,jax_gpu_fixed,sub-01,2560,-1.1532022198833543,,,,,,0.025275215972214937
sub-01__jax_gpu_fixed,jax_gpu_fixed,sub-01,2561,-1.1532022157758381,,,,,,0.025303474976681173
sub-01__jax_gpu_fixed,jax_gpu_fixed,sub-01,2562,-1.153202212716631,,,,,,0.025193926063366234
sub-01__jax_gpu_fixed,jax_gpu_fixed,sub-01,2563,-1.1532022118363667,,,,,,0.025313434889540076
sub-01__jax_gpu_fixed,jax_gpu_fixed,sub-01,2564,-1.1532022109847055,,,,,,0.02527524600736797
sub-01__jax_gpu_fixed,jax_gpu_fixed,sub-01,2565,-1.153202211758338,,,,,,0.025189806008711457
sub-01__jax_gpu_fixed,jax_gpu_fixed,sub-01,2566,-1.153202211107549,,,,,,0.025268096011132002
sub-01__jax_gpu_fixed,jax_gpu_fixed,sub-01,2567,-1.1532022065120127,,,,,,0.025332345045171678
sub-01__jax_gpu_fixed,jax_gpu_fixed,sub-01,2568,-1.1532022042204877,,,,,,0.025327156065031886
sub-01__jax_gpu_fixed,jax_gpu_fixed,sub-01,2569,-1.1532022031064257,,,,,,0.025365605019032955
sub-01__jax_gpu_fixed,jax_gpu_fixed,sub-01,2570,-1.1532022036281355,,,,,,0.025255655986256897
sub-01__jax_gpu_fixed,jax_gpu_fixed,sub-01,2571,-1.153202203272041,,,,,,0.025278836023062468
sub-01__jax_gpu_fixed,jax_gpu_fixed,sub-01,2572,-1.1532021991669892,,,,,,0.025379225029610097
sub-01__jax_gpu_fixed,jax_gpu_fixed,sub-01,2573,-1.1532021979637865,,,,,,0.025308775017037988
sub-01__jax_gpu_fixed,jax_gpu_fixed,sub-01,2574,-1.153202198210688,,,,,,0.02525117597542703
sub-01__jax_gpu_fixed,jax_gpu_fixed,sub-01,2575,-1.1532021976443643,,,,,,0.025459434953518212
sub-01__jax_gpu_fixed,jax_gpu_fixed,sub-01,2576,-1.153202194164515,,,,,,0.02543251495808363
sub-01__jax_gpu_fixed,jax_gpu_fixed,sub-01,2577,-1.1532021921269857,,,,,,0.02530811505857855
sub-01__jax_gpu_fixed,jax_gpu_fixed,sub-01,2578,-1.1532021914432171,,,,,,0.025397335062734783
sub-01__jax_gpu_fixed,jax_gpu_fixed,sub-01,2579,-1.1532021924292475,,,,,,0.025464714970439672
sub-01__jax_gpu_fixed,jax_gpu_fixed,sub-01,2580,-1.1532021932445908,,,,,,0.02534909499809146
sub-01__jax_gpu_fixed,jax_gpu_fixed,sub-01,2581,-1.1532021872393494,,,,,,0.025312616024166346
sub-01__jax_gpu_fixed,jax_gpu_fixed,sub-01,2582,-1.1532021852249223,,,,,,0.02526452497113496
sub-01__jax_gpu_fixed,jax_gpu_fixed,sub-01,2583,-1.1532021839969715,,,,,,0.02529644500464201
sub-01__jax_gpu_fixed,jax_gpu_fixed,sub-01,2584,-1.153202183088907,,,,,,0.02533469593618065
sub-01__jax_gpu_fixed,jax_gpu_fixed,sub-01,2585,-1.1532021820255967,,,,,,0.025305685005150735
sub-01__jax_gpu_fixed,jax_gpu_fixed,sub-01,2586,-1.1532021823754377,,,,,,0.025245675933547318
sub-01__jax_gpu_fixed,jax_gpu_fixed,sub-01,2587,-1.1532021817339466,,,,,,0.02529662603046745
sub-01__jax_gpu_fixed,jax_gpu_fixed,sub-01,2588,-1.153202178667175,,,,,,0.02530882495921105
sub-01__jax_gpu_fixed,jax_gpu_fixed,sub-01,2589,-1.1532021774908503,,,,,,0.025351735996082425
sub-01__jax_gpu_fixed,jax_gpu_fixed,sub-01,2590,-1.1532021775843786,,,,,,0.025225155986845493
sub-01__jax_gpu_fixed,jax_gpu_fixed,sub-01,2591,-1.1532021762365638,,,,,,0.025332335033454
sub-01__jax_gpu_fixed,jax_gpu_fixed,sub-01,2592,-1.1532021729962678,,,,,,0.025270665995776653
sub-01__jax_gpu_fixed,jax_gpu_fixed,sub-01,2593,-1.1532021719927241,,,,,,0.025269776000641286
sub-01__jax_gpu_fixed,jax_gpu_fixed,sub-01,2594,-1.1532021716591334,,,,,,0.025303605012595654
sub-01__jax_gpu_fixed,jax_gpu_fixed,sub-01,2595,-1.153202170825789,,,,,,0.02529150596819818
sub-01__jax_gpu_fixed,jax_gpu_fixed,sub-01,2596,-1.1532021717534175,,,,,,0.025304235983639956
sub-01__jax_gpu_fixed,jax_gpu_fixed,sub-01,2597,-1.15320216977213,,,,,,0.02531752595677972
sub-01__jax_gpu_fixed,jax_gpu_fixed,sub-01,2598,-1.1532021659821563,,,,,,0.02524341596290469
sub-01__jax_gpu_fixed,jax_gpu_fixed,sub-01,2599,-1.1532021648250441,,,,,,0.02529369597323239
sub-01__jax_gpu_fixed,jax_gpu_fixed,sub-01,2600,-1.15320216421389,,,,,,0.025256405933760107
sub-01__jax_gpu_fixed,jax_gpu_fixed,sub-01,2601,-1.153202165215223,,,,,,0.025219385977834463
sub-01__jax_gpu_fixed,jax_gpu_fixed,sub-01,2602,-1.1532021664303045,,,,,,0.025245425989851356
sub-01__jax_gpu_fixed,jax_gpu_fixed,sub-01,2603,-1.1532021599063762,,,,,,0.0252268259646371
sub-01__jax_gpu_fixed,jax_gpu_fixed,sub-01,2604,-1.1532021579009144,,,,,,0.02530299499630928
sub-01__jax_gpu_fixed,jax_gpu_fixed,sub-01,2605,-1.1532021563759307,,,,,,0.025225516059435904
sub-01__jax_gpu_fixed,jax_gpu_fixed,sub-01,2606,-1.1532021554621161,,,,,,0.025333615019917488
sub-01__jax_gpu_fixed,jax_gpu_fixed,sub-01,2607,-1.1532021545589644,,,,,,0.025277176056988537
sub-01__jax_gpu_fixed,jax_gpu_fixed,sub-01,2608,-1.153202154085093,,,,,,0.025300385081209242
sub-01__jax_gpu_fixed,jax_gpu_fixed,sub-01,2609,-1.1532021542911421,,,,,,0.025230195955373347
sub-01__jax_gpu_fixed,jax_gpu_fixed,sub-01,2610,-1.1532021541975757,,,,,,0.02533150603994727
sub-01__jax_gpu_fixed,jax_gpu_fixed,sub-01,2611,-1.1532021500181286,,,,,,0.025289905024692416
sub-01__jax_gpu_fixed,jax_gpu_fixed,sub-01,2612,-1.1532021482749495,,,,,,0.02525847509969026
sub-01__jax_gpu_fixed,jax_gpu_fixed,sub-01,2613,-1.153202147862818,,,,,,0.025253905914723873
sub-01__jax_gpu_fixed,jax_gpu_fixed,sub-01,2614,-1.1532021475090648,,,,,,0.02530024596489966
sub-01__jax_gpu_fixed,jax_gpu_fixed,sub-01,2615,-1.1532021478488743,,,,,,0.025229095946997404
sub-01__jax_gpu_fixed,jax_gpu_fixed,sub-01,2616,-1.1532021467937164,,,,,,0.025209406041540205
sub-01__jax_gpu_fixed,jax_gpu_fixed,sub-01,2617,-1.1532021427850447,,,,,,0.025257846107706428
sub-01__jax_gpu_fixed,jax_gpu_fixed,sub-01,2618,-1.1532021407414192,,,,,,0.025265286094509065
sub-01__jax_gpu_fixed,jax_gpu_fixed,sub-01,2619,-1.1532021405284612,,,,,,0.025358034996315837
sub-01__jax_gpu_fixed,jax_gpu_fixed,sub-01,2620,-1.153202139848629,,,,,,0.025224926066584885
sub-01__jax_gpu_fixed,jax_gpu_fixed,sub-01,2621,-1.1532021426648698,,,,,,0.025302766007371247
sub-01__jax_gpu_fixed,jax_gpu_fixed,sub-01,2622,-1.1532021414061986,,,,,,0.025257834931835532
sub-01__jax_gpu_fixed,jax_gpu_fixed,sub-01,2623,-1.1532021356339133,,,,,,0.02535394497681409
sub-01__jax_gpu_fixed,jax_gpu_fixed,sub-01,2624,-1.1532021336588627,,,,,,0.025361325009725988
sub-01__jax_gpu_fixed,jax_gpu_fixed,sub-01,2625,-1.1532021322207133,,,,,,0.02531989593990147
sub-01__jax_gpu_fixed,jax_gpu_fixed,sub-01,2626,-1.1532021322465118,,,,,,0.025400636019185185
sub-01__jax_gpu_fixed,jax_gpu_fixed,sub-01,2627,-1.1532021335945493,,,,,,0.025349976029247046
sub-01__jax_gpu_fixed,jax_gpu_fixed,sub-01,2628,-1.1532021290394119,,,,,,0.025376284960657358
sub-01__jax_gpu_fixed,jax_gpu_fixed,sub-01,2629,-1.1532021271404815,,,,,,0.02534912491682917
sub-01__jax_gpu_fixed,jax_gpu_fixed,sub-01,2630,-1.153202125965665,,,,,,0.02533385599963367
sub-01__jax_gpu_fixed,jax_gpu_fixed,sub-01,2631,-1.153202125237663,,,,,,0.025355865014716983
sub-01__jax_gpu_fixed,jax_gpu_fixed,sub-01,2632,-1.1532021247638207,,,,,,0.02535710495430976
sub-01__jax_gpu_fixed,jax_gpu_fixed,sub-01,2633,-1.1532021247698794,,,,,,0.0252842060290277
sub-01__jax_gpu_fixed,jax_gpu_fixed,sub-01,2634,-1.1532021234822656,,,,,,0.025241055991500616
sub-01__jax_gpu_fixed,jax_gpu_fixed,sub-01,2635,-1.1532021206616387,,,,,,0.02528935601003468
sub-01__jax_gpu_fixed,jax_gpu_fixed,sub-01,2636,-1.153202119427047,,,,,,0.02532728505320847
sub-01__jax_gpu_fixed,jax_gpu_fixed,sub-01,2637,-1.153202119656509,,,,,,0.025833462015725672
sub-01__jax_gpu_fixed,jax_gpu_fixed,sub-01,2638,-1.1532021183309322,,,,,,0.025428493972867727
sub-01__jax_gpu_fixed,jax_gpu_fixed,sub-01,2639,-1.1532021160148187,,,,,,0.025434244889765978
sub-01__jax_gpu_fixed,jax_gpu_fixed,sub-01,2640,-1.1532021155867878,,,,,,0.025378994992934167
sub-01__jax_gpu_fixed,jax_gpu_fixed,sub-01,2641,-1.1532021163515593,,,,,,0.02548460499383509
sub-01__jax_gpu_fixed,jax_gpu_fixed,sub-01,2642,-1.1532021155815697,,,,,,0.02524090593215078
sub-01__jax_gpu_fixed,jax_gpu_fixed,sub-01,2643,-1.1532021120199518,,,,,,0.025296324980445206
sub-01__jax_gpu_fixed,jax_gpu_fixed,sub-01,2644,-1.1532021106171895,,,,,,0.025424125022254884
sub-01__jax_gpu_fixed,jax_gpu_fixed,sub-01,2645,-1.1532021102359855,,,,,,0.02532954595517367
sub-01__jax_gpu_fixed,jax_gpu_fixed,sub-01,2646,-1.1532021110049206,,,,,,0.025302394991740584
sub-01__jax_gpu_fixed,jax_gpu_fixed,sub-01,2647,-1.1532021100019263,,,,,,0.025328136049211025
sub-01__jax_gpu_fixed,jax_gpu_fixed,sub-01,2648,-1.1532021068207798,,,,,,0.02536294504534453
sub-01__jax_gpu_fixed,jax_gpu_fixed,sub-01,2649,-1.1532021063135847,,,,,,0.025370005052536726
sub-01__jax_gpu_fixed,jax_gpu_fixed,sub-01,2650,-1.153202106673529,,,,,,0.025425754953175783
sub-01__jax_gpu_fixed,jax_gpu_fixed,sub-01,2651,-1.1532021062150897,,,,,,0.02537168504204601
sub-01__jax_gpu_fixed,jax_gpu_fixed,sub-01,2652,-1.153202102854272,,,,,,0.025411925045773387
sub-01__jax_gpu_fixed,jax_gpu_fixed,sub-01,2653,-1.1532021018078165,,,,,,0.025366155081428587
sub-01__jax_gpu_fixed,jax_gpu_fixed,sub-01,2654,-1.1532021011658597,,,,,,0.025320566026493907
sub-01__jax_gpu_fixed,jax_gpu_fixed,sub-01,2655,-1.1532021026110186,,,,,,0.025449194014072418
sub-01__jax_gpu_fixed,jax_gpu_fixed,sub-01,2656,-1.15320210258549,,,,,,0.02534963598009199
sub-01__jax_gpu_fixed,jax_gpu_fixed,sub-01,2657,-1.1532020980158988,,,,,,0.02535443496890366
sub-01__jax_gpu_fixed,jax_gpu_fixed,sub-01,2658,-1.1532020963390204,,,,,,0.025343775050714612
sub-01__jax_gpu_fixed,jax_gpu_fixed,sub-01,2659,-1.1532020959651224,,,,,,0.025349486037157476
sub-01__jax_gpu_fixed,jax_gpu_fixed,sub-01,2660,-1.1532020963627423,,,,,,0.025357695063576102
sub-01__jax_gpu_fixed,jax_gpu_fixed,sub-01,2661,-1.153202096518802,,,,,,0.025411954964511096
sub-01__jax_gpu_fixed,jax_gpu_fixed,sub-01,2662,-1.153202092868107,,,,,,0.02528169599827379
sub-01__jax_gpu_fixed,jax_gpu_fixed,sub-01,2663,-1.153202091060482,,,,,,0.025251685990951955
sub-01__jax_gpu_fixed,jax_gpu_fixed,sub-01,2664,-1.153202089988985,,,,,,0.025281605077907443
sub-01__jax_gpu_fixed,jax_gpu_fixed,sub-01,2665,-1.1532020898427287,,,,,,0.025204797042533755
sub-01__jax_gpu_fixed,jax_gpu_fixed,sub-01,2666,-1.1532020894613462,,,,,,0.02519783691968769
sub-01__jax_gpu_fixed,jax_gpu_fixed,sub-01,2667,-1.1532020887803414,,,,,,0.02527043502777815
sub-01__jax_gpu_fixed,jax_gpu_fixed,sub-01,2668,-1.1532020888769001,,,,,,0.025217646965757012
sub-01__jax_gpu_fixed,jax_gpu_fixed,sub-01,2669,-1.1532020897523843,,,,,,0.025155025999993086
sub-01__jax_gpu_fixed,jax_gpu_fixed,sub-01,2670,-1.1532020845830673,,,,,,0.025312225916422904
sub-01__jax_gpu_fixed,jax_gpu_fixed,sub-01,2671,-1.1532020829005007,,,,,,0.02536144491750747
sub-01__jax_gpu_fixed,jax_gpu_fixed,sub-01,2672,-1.1532020821357505,,,,,,0.025404104962944984
sub-01__jax_gpu_fixed,jax_gpu_fixed,sub-01,2673,-1.1532020820687137,,,,,,0.02531248505692929
sub-01__jax_gpu_fixed,jax_gpu_fixed,sub-01,2674,-1.1532020817284698,,,,,,0.025343296001665294
sub-01__jax_gpu_fixed,jax_gpu_fixed,sub-01,2675,-1.1532020811885366,,,,,,0.025318305008113384
sub-01__jax_gpu_fixed,jax_gpu_fixed,sub-01,2676,-1.1532020814252826,,,,,,0.025326565955765545
sub-01__jax_gpu_fixed,jax_gpu_fixed,sub-01,2677,-1.1532020822074784,,,,,,0.02529051504097879
sub-01__jax_gpu_fixed,jax_gpu_fixed,sub-01,2678,-1.153202077386868,,,,,,0.02542043395806104
sub-01__jax_gpu_fixed,jax_gpu_fixed,sub-01,2679,-1.1532020754494532,,,,,,0.02535296604037285
sub-01__jax_gpu_fixed,jax_gpu_fixed,sub-01,2680,-1.1532020742658966,,,,,,0.025267214979976416
sub-01__jax_gpu_fixed,jax_gpu_fixed,sub-01,2681,-1.1532020735091046,,,,,,0.025353136006742716
sub-01__jax_gpu_fixed,jax_gpu_fixed,sub-01,2682,-1.153202073456188,,,,,,0.025298285065218806
sub-01__jax_gpu_fixed,jax_gpu_fixed,sub-01,2683,-1.1532020737878848,,,,,,0.025339936022646725
sub-01__jax_gpu_fixed,jax_gpu_fixed,sub-01,2684,-1.1532020729687256,,,,,,0.02534081507474184
sub-01__jax_gpu_fixed,jax_gpu_fixed,sub-01,2685,-1.1532020695936194,,,,,,0.025303226080723107
sub-01__jax_gpu_fixed,jax_gpu_fixed,sub-01,2686,-1.1532020684988153,,,,,,0.025320385000668466
sub-01__jax_gpu_fixed,jax_gpu_fixed,sub-01,2687,-1.1532020692711051,,,,,,0.02541891497094184
sub-01__jax_gpu_fixed,jax_gpu_fixed,sub-01,2688,-1.1532020683942013,,,,,,0.025333484984003007
sub-01__jax_gpu_fixed,jax_gpu_fixed,sub-01,2689,-1.153202066359697,,,,,,0.025317984982393682
sub-01__jax_gpu_fixed,jax_gpu_fixed,sub-01,2690,-1.1532020647119419,,,,,,0.02536249498371035
sub-01__jax_gpu_fixed,jax_gpu_fixed,sub-01,2691,-1.1532020646674066,,,,,,0.025312155950814486
sub-01__jax_gpu_fixed,jax_gpu_fixed,sub-01,2692,-1.1532020648050179,,,,,,0.025392135023139417
sub-01__jax_gpu_fixed,jax_gpu_fixed,sub-01,2693,-1.1532020648041497,,,,,,0.025269226054660976
sub-01__jax_gpu_fixed,jax_gpu_fixed,sub-01,2694,-1.1532020612227283,,,,,,0.025273154955357313
sub-01__jax_gpu_fixed,jax_gpu_fixed,sub-01,2695,-1.153202060082772,,,,,,0.025345875998027623
sub-01__jax_gpu_fixed,jax_gpu_fixed,sub-01,2696,-1.1532020599086485,,,,,,0.025331304990686476
sub-01__jax_gpu_fixed,jax_gpu_fixed,sub-01,2697,-1.1532020603313329,,,,,,0.02541827503591776
sub-01__jax_gpu_fixed,jax_gpu_fixed,sub-01,2698,-1.153202060793902,,,,,,0.02545217494480312
sub-01__jax_gpu_fixed,jax_gpu_fixed,sub-01,2699,-1.153202056441333,,,,,,0.02529768494423479
sub-01__jax_gpu_fixed,jax_gpu_fixed,sub-01,2700,-1.1532020549026,,,,,,0.025389355956576765
sub-01__jax_gpu_fixed,jax_gpu_fixed,sub-01,2701,-1.1532020538063241,,,,,,0.02537460601888597
sub-01__jax_gpu_fixed,jax_gpu_fixed,sub-01,2702,-1.1532020532875098,,,,,,0.02540705492720008
sub-01__jax_gpu_fixed,jax_gpu_fixed,sub-01,2703,-1.1532020534103091,,,,,,0.02538122597616166
sub-01__jax_gpu_fixed,jax_gpu_fixed,sub-01,2704,-1.1532020527949818,,,,,,0.025303405011072755
sub-01__jax_gpu_fixed,jax_gpu_fixed,sub-01,2705,-1.1532020502635707,,,,,,0.025219845934771
sub-01__jax_gpu_fixed,jax_gpu_fixed,sub-01,2706,-1.153202049251051,,,,,,0.02515610691625625
sub-01__jax_gpu_fixed,jax_gpu_fixed,sub-01,2707,-1.1532020497280617,,,,,,0.02522966591641307
sub-01__jax_gpu_fixed,jax_gpu_fixed,sub-01,2708,-1.153202049318665,,,,,,0.025321015971712768
sub-01__jax_gpu_fixed,jax_gpu_fixed,sub-01,2709,-1.1532020465715644,,,,,,0.025365964975208044
sub-01__jax_gpu_fixed,jax_gpu_fixed,sub-01,2710,-1.1532020456017642,,,,,,0.02513890597037971
sub-01__jax_gpu_fixed,jax_gpu_fixed,sub-01,2711,-1.153202045689384,,,,,,0.025256346096284688
sub-01__jax_gpu_fixed,jax_gpu_fixed,sub-01,2712,-1.1532020471396123,,,,,,0.025147387059405446
sub-01__jax_gpu_fixed,jax_gpu_fixed,sub-01,2713,-1.153202042576903,,,,,,0.025146935950033367
sub-01__jax_gpu_fixed,jax_gpu_fixed,sub-01,2714,-1.153202041039034,,,,,,0.02529059594962746
sub-01__jax_gpu_fixed,jax_gpu_fixed,sub-01,2715,-1.153202039892903,,,,,,0.025257406057789922
sub-01__jax_gpu_fixed,jax_gpu_fixed,sub-01,2716,-1.1532020393563622,,,,,,0.025283116032369435
sub-01__jax_gpu_fixed,jax_gpu_fixed,sub-01,2717,-1.1532020396809608,,,,,,0.02521302702371031
sub-01__jax_gpu_fixed,jax_gpu_fixed,sub-01,2718,-1.1532020393449527,,,,,,0.025225776014849544
sub-01__jax_gpu_fixed,jax_gpu_fixed,sub-01,2719,-1.1532020369259295,,,,,,0.025333465076982975
sub-01__jax_gpu_fixed,jax_gpu_fixed,sub-01,2720,-1.1532020357700652,,,,,,0.025413274997845292
sub-01__jax_gpu_fixed,jax_gpu_fixed,sub-01,2721,-1.153202035675757,,,,,,0.025345186004415154
sub-01__jax_gpu_fixed,jax_gpu_fixed,sub-01,2722,-1.1532020349143515,,,,,,0.025395944947376847
sub-01__jax_gpu_fixed,jax_gpu_fixed,sub-01,2723,-1.1532020351242713,,,,,,0.026095779961906374
sub-01__jax_gpu_fixed,jax_gpu_fixed,sub-01,2724,-1.1532020352767338,,,,,,0.025619663996621966
sub-01__jax_gpu_fixed,jax_gpu_fixed,sub-01,2725,-1.1532020312919224,,,,,,0.025423804996535182
sub-01__jax_gpu_fixed,jax_gpu_fixed,sub-01,2726,-1.1532020299265695,,,,,,0.02533989492803812
sub-01__jax_gpu_fixed,jax_gpu_fixed,sub-01,2727,-1.1532020291879876,,,,,,0.025337764993309975
sub-01__jax_gpu_fixed,jax_gpu_fixed,sub-01,2728,-1.1532020283738866,,,,,,0.025362155050970614
sub-01__jax_gpu_fixed,jax_gpu_fixed,sub-01,2729,-1.1532020291230174,,,,,,0.025311845005489886
sub-01__jax_gpu_fixed,jax_gpu_fixed,sub-01,2730,-1.1532020290095002,,,,,,0.02535315603017807
sub-01__jax_gpu_fixed,jax_gpu_fixed,sub-01,2731,-1.1532020256698088,,,,,,0.025369705050252378
sub-01__jax_gpu_fixed,jax_gpu_fixed,sub-01,2732,-1.1532020248590382,,,,,,0.025264116004109383
sub-01__jax_gpu_fixed,jax_gpu_fixed,sub-01,2733,-1.153202024834253,,,,,,0.02528148505371064
sub-01__jax_gpu_fixed,jax_gpu_fixed,sub-01,2734,-1.153202025301051,,,,,,0.025403124978765845
sub-01__jax_gpu_fixed,jax_gpu_fixed,sub-01,2735,-1.1532020252463557,,,,,,0.025406233966350555
sub-01__jax_gpu_fixed,jax_gpu_fixed,sub-01,2736,-1.1532020215979446,,,,,,0.02531650592572987
sub-01__jax_gpu_fixed,jax_gpu_fixed,sub-01,2737,-1.1532020202228994,,,,,,0.025321554974652827
sub-01__jax_gpu_fixed,jax_gpu_fixed,sub-01,2738,-1.153202019791863,,,,,,0.025277826003730297
sub-01__jax_gpu_fixed,jax_gpu_fixed,sub-01,2739,-1.1532020204416322,,,,,,0.025311676086857915
sub-01__jax_gpu_fixed,jax_gpu_fixed,sub-01,2740,-1.153202022013081,,,,,,0.02528384595643729
sub-01__jax_gpu_fixed,jax_gpu_fixed,sub-01,2741,-1.1532020165157633,,,,,,0.025394576019607484
sub-01__jax_gpu_fixed,jax_gpu_fixed,sub-01,2742,-1.15320201494695,,,,,,0.02537260507233441
sub-01__jax_gpu_fixed,jax_gpu_fixed,sub-01,2743,-1.1532020141499744,,,,,,0.025348154944367707
sub-01__jax_gpu_fixed,jax_gpu_fixed,sub-01,2744,-1.1532020144029218,,,,,,0.025326294940896332
sub-01__jax_gpu_fixed,jax_gpu_fixed,sub-01,2745,-1.1532020141161854,,,,,,0.02519954601302743
sub-01__jax_gpu_fixed,jax_gpu_fixed,sub-01,2746,-1.1532020119158175,,,,,,0.02528255502693355
sub-01__jax_gpu_fixed,jax_gpu_fixed,sub-01,2747,-1.1532020111329058,,,,,,0.025367746013216674
sub-01__jax_gpu_fixed,jax_gpu_fixed,sub-01,2748,-1.1532020108818641,,,,,,0.025358785991556942
sub-01__jax_gpu_fixed,jax_gpu_fixed,sub-01,2749,-1.1532020101786056,,,,,,0.025309535092674196
sub-01__jax_gpu_fixed,jax_gpu_fixed,sub-01,2750,-1.1532020112970895,,,,,,0.025337815983220935
sub-01__jax_gpu_fixed,jax_gpu_fixed,sub-01,2751,-1.1532020103603937,,,,,,0.02528594504110515
sub-01__jax_gpu_fixed,jax_gpu_fixed,sub-01,2752,-1.1532020067854916,,,,,,0.025325255002826452
sub-01__jax_gpu_fixed,jax_gpu_fixed,sub-01,2753,-1.1532020054964531,,,,,,0.02535740495659411
sub-01__jax_gpu_fixed,jax_gpu_fixed,sub-01,2754,-1.1532020056972,,,,,,0.025398854981176555
sub-01__jax_gpu_fixed,jax_gpu_fixed,sub-01,2755,-1.1532020068479742,,,,,,0.025266956072300673
sub-01__jax_gpu_fixed,jax_gpu_fixed,sub-01,2756,-1.1532020030294912,,,,,,0.025384315056726336
sub-01__jax_gpu_fixed,jax_gpu_fixed,sub-01,2757,-1.1532020015180484,,,,,,0.025364034925587475
sub-01__jax_gpu_fixed,jax_gpu_fixed,sub-01,2758,-1.1532020008904122,,,,,,0.025407035020180047
sub-01__jax_gpu_fixed,jax_gpu_fixed,sub-01,2759,-1.1532020007634332,,,,,,0.025302966008894145
sub-01__jax_gpu_fixed,jax_gpu_fixed,sub-01,2760,-1.1532020010688397,,,,,,0.02540920488536358
sub-01__jax_gpu_fixed,jax_gpu_fixed,sub-01,2761,-1.153202000650432,,,,,,0.025426205014809966
sub-01__jax_gpu_fixed,jax_gpu_fixed,sub-01,2762,-1.153201997680732,,,,,,0.025264636031351984
sub-01__jax_gpu_fixed,jax_gpu_fixed,sub-01,2763,-1.1532019967312577,,,,,,0.02527419594116509
sub-01__jax_gpu_fixed,jax_gpu_fixed,sub-01,2764,-1.1532019963680304,,,,,,0.02542241499759257
sub-01__jax_gpu_fixed,jax_gpu_fixed,sub-01,2765,-1.1532019972522491,,,,,,0.02536548499483615
sub-01__jax_gpu_fixed,jax_gpu_fixed,sub-01,2766,-1.1532019975159589,,,,,,0.0252566859126091
sub-01__jax_gpu_fixed,jax_gpu_fixed,sub-01,2767,-1.153201993668035,,,,,,0.02528339601121843
sub-01__jax_gpu_fixed,jax_gpu_fixed,sub-01,2768,-1.153201992104568,,,,,,0.025310095981694758
sub-01__jax_gpu_fixed,jax_gpu_fixed,sub-01,2769,-1.1532019914987057,,,,,,0.025334695004858077
sub-01__jax_gpu_fixed,jax_gpu_fixed,sub-01,2770,-1.1532019908964593,,,,,,0.025324605056084692
sub-01__jax_gpu_fixed,jax_gpu_fixed,sub-01,2771,-1.1532019915412142,,,,,,0.02529010595753789
sub-01__jax_gpu_fixed,jax_gpu_fixed,sub-01,2772,-1.1532019914455711,,,,,,0.02536396507639438
sub-01__jax_gpu_fixed,jax_gpu_fixed,sub-01,2773,-1.1532019884313116,,,,,,0.025382333900779486
sub-01__jax_gpu_fixed,jax_gpu_fixed,sub-01,2774,-1.153201987381774,,,,,,0.0253637459827587
sub-01__jax_gpu_fixed,jax_gpu_fixed,sub-01,2775,-1.1532019871890693,,,,,,0.0252854460850358
sub-01__jax_gpu_fixed,jax_gpu_fixed,sub-01,2776,-1.1532019866775096,,,,,,0.025319705018773675
sub-01__jax_gpu_fixed,jax_gpu_fixed,sub-01,2777,-1.1532019876843649,,,,,,0.02549733396153897
sub-01__jax_gpu_fixed,jax_gpu_fixed,sub-01,2778,-1.1532019863693228,,,,,,0.025331815937533975
sub-01__jax_gpu_fixed,jax_gpu_fixed,sub-01,2779,-1.153201983889241,,,,,,0.02532812498975545
sub-01__jax_gpu_fixed,jax_gpu_fixed,sub-01,2780,-1.1532019830042648,,,,,,0.02537396503612399
sub-01__jax_gpu_fixed,jax_gpu_fixed,sub-01,2781,-1.1532019836042968,,,,,,0.02537492592819035
sub-01__jax_gpu_fixed,jax_gpu_fixed,sub-01,2782,-1.1532019860050349,,,,,,0.025316284969449043
sub-01__jax_gpu_fixed,jax_gpu_fixed,sub-01,2783,-1.1532019806866338,,,,,,0.025372314965352416
sub-01__jax_gpu_fixed,jax_gpu_fixed,sub-01,2784,-1.1532019790829564,,,,,,0.025355865014716983
sub-01__jax_gpu_fixed,jax_gpu_fixed,sub-01,2785,-1.153201978133298,,,,,,0.025389716029167175
sub-01__jax_gpu_fixed,jax_gpu_fixed,sub-01,2786,-1.153201978172177,,,,,,0.02543018397409469
sub-01__jax_gpu_fixed,jax_gpu_fixed,sub-01,2787,-1.153201978614251,,,,,,0.025441374047659338
sub-01__jax_gpu_fixed,jax_gpu_fixed,sub-01,2788,-1.1532019759846943,,,,,,0.025267715915106237
sub-01__jax_gpu_fixed,jax_gpu_fixed,sub-01,2789,-1.153201974727261,,,,,,0.025316265993751585
sub-01__jax_gpu_fixed,jax_gpu_fixed,sub-01,2790,-1.1532019738496522,,,,,,0.02528343501035124
sub-01__jax_gpu_fixed,jax_gpu_fixed,sub-01,2791,-1.1532019735993169,,,,,,0.02524929598439485
sub-01__jax_gpu_fixed,jax_gpu_fixed,sub-01,2792,-1.1532019738612058,,,,,,0.025265465956181288
sub-01__jax_gpu_fixed,jax_gpu_fixed,sub-01,2793,-1.153201973596542,,,,,,0.02531270496547222
sub-01__jax_gpu_fixed,jax_gpu_fixed,sub-01,2794,-1.1532019711890276,,,,,,0.025263435090892017
sub-01__jax_gpu_fixed,jax_gpu_fixed,sub-01,2795,-1.153201970848848,,,,,,0.02517632709350437
sub-01__jax_gpu_fixed,jax_gpu_fixed,sub-01,2796,-1.1532019717777706,,,,,,0.025187986087985337
sub-01__jax_gpu_fixed,jax_gpu_fixed,sub-01,2797,-1.1532019706163235,,,,,,0.02529874595347792
sub-01__jax_gpu_fixed,jax_gpu_fixed,sub-01,2798,-1.1532019686021477,,,,,,0.025316245038993657
sub-01__jax_gpu_fixed,jax_gpu_fixed,sub-01,2799,-1.1532019683498531,,,,,,0.02531575597822666
sub-01__jax_gpu_fixed,jax_gpu_fixed,sub-01,2800,-1.1532019690969337,,,,,,0.025374624994583428
sub-01__jax_gpu_fixed,jax_gpu_fixed,sub-01,2801,-1.1532019679890506,,,,,,0.025252076098695397
sub-01__jax_gpu_fixed,jax_gpu_fixed,sub-01,2802,-1.1532019650921022,,,,,,0.02533722505904734
sub-01__jax_gpu_fixed,jax_gpu_fixed,sub-01,2803,-1.1532019640328623,,,,,,0.025348705938085914
sub-01__jax_gpu_fixed,jax_gpu_fixed,sub-01,2804,-1.1532019644644027,,,,,,0.025328436051495373
sub-01__jax_gpu_fixed,jax_gpu_fixed,sub-01,2805,-1.1532019643100229,,,,,,0.025255016051232815
sub-01__jax_gpu_fixed,jax_gpu_fixed,sub-01,2806,-1.1532019616696618,,,,,,0.0253375549800694
sub-01__jax_gpu_fixed,jax_gpu_fixed,sub-01,2807,-1.1532019612864983,,,,,,0.025361865991726518
sub-01__jax_gpu_fixed,jax_gpu_fixed,sub-01,2808,-1.1532019614572693,,,,,,0.025363454944454134
sub-01__jax_gpu_fixed,jax_gpu_fixed,sub-01,2809,-1.15320196145739,,,,,,0.025352805037982762
sub-01__jax_gpu_fixed,jax_gpu_fixed,sub-01,2810,-1.1532019583425637,,,,,,0.025400205049663782
sub-01__jax_gpu_fixed,jax_gpu_fixed,sub-01,2811,-1.1532019571849061,,,,,,0.02534658496733755
sub-01__jax_gpu_fixed,jax_gpu_fixed,sub-01,2812,-1.1532019564348732,,,,,,0.025318986037746072
sub-01__jax_gpu_fixed,jax_gpu_fixed,sub-01,2813,-1.1532019562019906,,,,,,0.02544774499256164
sub-01__jax_gpu_fixed,jax_gpu_fixed,sub-01,2814,-1.153201956856321,,,,,,0.025440284051001072
sub-01__jax_gpu_fixed,jax_gpu_fixed,sub-01,2815,-1.1532019559133082,,,,,,0.025536455097608268
sub-01__jax_gpu_fixed,jax_gpu_fixed,sub-01,2816,-1.1532019538558758,,,,,,0.02538136497605592
sub-01__jax_gpu_fixed,jax_gpu_fixed,sub-01,2817,-1.1532019534980098,,,,,,0.02533641504123807
sub-01__jax_gpu_fixed,jax_gpu_fixed,sub-01,2818,-1.1532019546820542,,,,,,0.025329055031761527
sub-01__jax_gpu_fixed,jax_gpu_fixed,sub-01,2819,-1.153201953860447,,,,,,0.025291125988587737
sub-01__jax_gpu_fixed,jax_gpu_fixed,sub-01,2820,-1.1532019505628286,,,,,,0.025307815987616777
sub-01__jax_gpu_fixed,jax_gpu_fixed,sub-01,2821,-1.1532019498902741,,,,,,0.02536839502863586
sub-01__jax_gpu_fixed,jax_gpu_fixed,sub-01,2822,-1.1532019498725168,,,,,,0.02531939500477165
sub-01__jax_gpu_fixed,jax_gpu_fixed,sub-01,2823,-1.1532019497140016,,,,,,0.02543094498105347
sub-01__jax_gpu_fixed,jax_gpu_fixed,sub-01,2824,-1.1532019507864397,,,,,,0.025317946099676192
sub-01__jax_gpu_fixed,jax_gpu_fixed,sub-01,2825,-1.1532019500696975,,,,,,0.02533341501839459
sub-01__jax_gpu_fixed,jax_gpu_fixed,sub-01,2826,-1.153201946442106,,,,,,0.02537967497482896
sub-01__jax_gpu_fixed,jax_gpu_fixed,sub-01,2827,-1.1532019450176103,,,,,,0.025311445933766663
sub-01__jax_gpu_fixed,jax_gpu_fixed,sub-01,2828,-1.153201945453597,,,,,,0.025316745042800903
sub-01__jax_gpu_fixed,jax_gpu_fixed,sub-01,2829,-1.1532019450338298,,,,,,0.025337166036479175
sub-01__jax_gpu_fixed,jax_gpu_fixed,sub-01,2830,-1.153201943111432,,,,,,0.02536144503392279
sub-01__jax_gpu_fixed,jax_gpu_fixed,sub-01,2831,-1.1532019421482942,,,,,,0.025276366039179265
sub-01__jax_gpu_fixed,jax_gpu_fixed,sub-01,2832,-1.1532019425532423,,,,,,0.025286445044912398
sub-01__jax_gpu_fixed,jax_gpu_fixed,sub-01,2833,-1.1532019432914262,,,,,,0.02529085602145642
sub-01__jax_gpu_fixed,jax_gpu_fixed,sub-01,2834,-1.1532019399738107,,,,,,0.025513953994959593
sub-01__jax_gpu_fixed,jax_gpu_fixed,sub-01,2835,-1.153201938347926,,,,,,0.025252636056393385
sub-01__jax_gpu_fixed,jax_gpu_fixed,sub-01,2836,-1.1532019374896365,,,,,,0.025232426007278264
sub-01__jax_gpu_fixed,jax_gpu_fixed,sub-01,2837,-1.1532019373673383,,,,,,0.025303325965069234
sub-01__jax_gpu_fixed,jax_gpu_fixed,sub-01,2838,-1.153201936685707,,,,,,0.02518754603806883
sub-01__jax_gpu_fixed,jax_gpu_fixed,sub-01,2839,-1.1532019371218551,,,,,,0.02525679604150355
sub-01__jax_gpu_fixed,jax_gpu_fixed,sub-01,2840,-1.153201937491705,,,,,,0.025269255973398685
sub-01__jax_gpu_fixed,jax_gpu_fixed,sub-01,2841,-1.153201934138609,,,,,,0.025226196041330695
sub-01__jax_gpu_fixed,jax_gpu_fixed,sub-01,2842,-1.1532019328316616,,,,,,0.025296385982073843
sub-01__jax_gpu_fixed,jax_gpu_fixed,sub-01,2843,-1.1532019319768736,,,,,,0.025282275048084557
sub-01__jax_gpu_fixed,jax_gpu_fixed,sub-01,2844,-1.1532019312346395,,,,,,0.025189326028339565
sub-01__jax_gpu_fixed,jax_gpu_fixed,sub-01,2845,-1.1532019311205708,,,,,,0.025264236028306186
sub-01__jax_gpu_fixed,jax_gpu_fixed,sub-01,2846,-1.1532019317073876,,,,,,0.025289146113209426
sub-01__jax_gpu_fixed,jax_gpu_fixed,sub-01,2847,-1.1532019323741725,,,,,,0.02536572504322976
sub-01__jax_gpu_fixed,jax_gpu_fixed,sub-01,2848,-1.1532019289647568,,,,,,0.02524395496584475
sub-01__jax_gpu_fixed,jax_gpu_fixed,sub-01,2849,-1.153201927480647,,,,,,0.025356585974805057
sub-01__jax_gpu_fixed,jax_gpu_fixed,sub-01,2850,-1.1532019268724714,,,,,,0.02526914596091956
sub-01__jax_gpu_fixed,jax_gpu_fixed,sub-01,2851,-1.1532019262590276,,,,,,0.025185887003317475
sub-01__jax_gpu_fixed,jax_gpu_fixed,sub-01,2852,-1.1532019267021532,,,,,,0.025216766051016748
sub-01__jax_gpu_fixed,jax_gpu_fixed,sub-01,2853,-1.153201926979765,,,,,,0.02533553505782038
sub-01__jax_gpu_fixed,jax_gpu_fixed,sub-01,2854,-1.153201924028377,,,,,,0.025263456045649946
sub-01__jax_gpu_fixed,jax_gpu_fixed,sub-01,2855,-1.1532019225722876,,,,,,0.02524769597221166
sub-01__jax_gpu_fixed,jax_gpu_fixed,sub-01,2856,-1.1532019221040668,,,,,,0.0251983959460631
sub-01__jax_gpu_fixed,jax_gpu_fixed,sub-01,2857,-1.1532019219754204,,,,,,0.025252146064303815
sub-01__jax_gpu_fixed,jax_gpu_fixed,sub-01,2858,-1.1532019218617497,,,,,,0.025176237104460597
sub-01__jax_gpu_fixed,jax_gpu_fixed,sub-01,2859,-1.153201921591918,,,,,,0.02538205496966839
sub-01__jax_gpu_fixed,jax_gpu_fixed,sub-01,2860,-1.1532019213598141,,,,,,0.025252926046960056
sub-01__jax_gpu_fixed,jax_gpu_fixed,sub-01,2861,-1.1532019223775252,,,,,,0.025432145106606185
sub-01__jax_gpu_fixed,jax_gpu_fixed,sub-01,2862,-1.1532019226252985,,,,,,0.025407476001419127
sub-01__jax_gpu_fixed,jax_gpu_fixed,sub-01,2863,-1.1532019177847377,,,,,,0.02531758602708578
sub-01__jax_gpu_fixed,jax_gpu_fixed,sub-01,2864,-1.1532019163813443,,,,,,0.02533852495253086
sub-01__jax_gpu_fixed,jax_gpu_fixed,sub-01,2865,-1.1532019153378745,,,,,,0.02543965494260192
sub-01__jax_gpu_fixed,jax_gpu_fixed,sub-01,2866,-1.153201914994103,,,,,,0.025391385075636208
sub-01__jax_gpu_fixed,jax_gpu_fixed,sub-01,2867,-1.153201914386076,,,,,,0.02537429495714605
sub-01__jax_gpu_fixed,jax_gpu_fixed,sub-01,2868,-1.1532019158264593,,,,,,0.02528824598994106
sub-01__jax_gpu_fixed,jax_gpu_fixed,sub-01,2869,-1.1532019160119455,,,,,,0.025320315035060048
sub-01__jax_gpu_fixed,jax_gpu_fixed,sub-01,2870,-1.15320191205799,,,,,,0.025407404988072813
sub-01__jax_gpu_fixed,jax_gpu_fixed,sub-01,2871,-1.1532019106632818,,,,,,0.025288296048529446
sub-01__jax_gpu_fixed,jax_gpu_fixed,sub-01,2872,-1.1532019097770358,,,,,,0.025252176099456847
sub-01__jax_gpu_fixed,jax_gpu_fixed,sub-01,2873,-1.1532019099390312,,,,,,0.025373814976774156
sub-01__jax_gpu_fixed,jax_gpu_fixed,sub-01,2874,-1.1532019112809186,,,,,,0.025222535943612456
sub-01__jax_gpu_fixed,jax_gpu_fixed,sub-01,2875,-1.1532019080475335,,,,,,0.025250475970096886
sub-01__jax_gpu_fixed,jax_gpu_fixed,sub-01,2876,-1.1532019068752273,,,,,,0.025263426010496914
sub-01__jax_gpu_fixed,jax_gpu_fixed,sub-01,2877,-1.1532019062857661,,,,,,0.02531194605398923
sub-01__jax_gpu_fixed,jax_gpu_fixed,sub-01,2878,-1.1532019062872891,,,,,,0.025442803977057338
sub-01__jax_gpu_fixed,jax_gpu_fixed,sub-01,2879,-1.1532019064116226,,,,,,0.025295105995610356
sub-01__jax_gpu_fixed,jax_gpu_fixed,sub-01,2880,-1.15320190419114,,,,,,0.025390124996192753
sub-01__jax_gpu_fixed,jax_gpu_fixed,sub-01,2881,-1.1532019031902716,,,,,,0.025311365956440568
sub-01__jax_gpu_fixed,jax_gpu_fixed,sub-01,2882,-1.1532019026007256,,,,,,0.02525355597026646
sub-01__jax_gpu_fixed,jax_gpu_fixed,sub-01,2883,-1.1532019026405866,,,,,,0.025323254987597466
sub-01__jax_gpu_fixed,jax_gpu_fixed,sub-01,2884,-1.1532019028264784,,,,,,0.025442205020226538
sub-01__jax_gpu_fixed,jax_gpu_fixed,sub-01,2885,-1.1532019006331684,,,,,,0.025329974945634604
sub-01__jax_gpu_fixed,jax_gpu_fixed,sub-01,2886,-1.1532018997451443,,,,,,0.025316105922684073
sub-01__jax_gpu_fixed,jax_gpu_fixed,sub-01,2887,-1.153201899381842,,,,,,0.025400385027751327
sub-01__jax_gpu_fixed,jax_gpu_fixed,sub-01,2888,-1.1532018989100514,,,,,,0.025337824947200716
sub-01__jax_gpu_fixed,jax_gpu_fixed,sub-01,2889,-1.1532018992435655,,,,,,0.025314836064353585
sub-01__jax_gpu_fixed,jax_gpu_fixed,sub-01,2890,-1.1532019002691825,,,,,,0.025356095051392913
sub-01__jax_gpu_fixed,jax_gpu_fixed,sub-01,2891,-1.1532018966010051,,,,,,0.0253534649964422
sub-01__jax_gpu_fixed,jax_gpu_fixed,sub-01,2892,-1.1532018955748684,,,,,,0.025349814910441637
sub-01__jax_gpu_fixed,jax_gpu_fixed,sub-01,2893,-1.1532018950522114,,,,,,0.02532202599104494
sub-01__jax_gpu_fixed,jax_gpu_fixed,sub-01,2894,-1.1532018946028786,,,,,,0.02572538296226412
sub-01__jax_gpu_fixed,jax_gpu_fixed,sub-01,2895,-1.1532018946376579,,,,,,0.025308944983407855
sub-01__jax_gpu_fixed,jax_gpu_fixed,sub-01,2896,-1.1532018950568894,,,,,,0.025367885013110936
sub-01__jax_gpu_fixed,jax_gpu_fixed,sub-01,2897,-1.1532018924246565,,,,,,0.02525587601121515
sub-01__jax_gpu_fixed,jax_gpu_fixed,sub-01,2898,-1.1532018912014739,,,,,,0.02536493493244052
sub-01__jax_gpu_fixed,jax_gpu_fixed,sub-01,2899,-1.153201890878178,,,,,,0.025314674945548177
sub-01__jax_gpu_fixed,jax_gpu_fixed,sub-01,2900,-1.1532018904898085,,,,,,0.02530813601333648
sub-01__jax_gpu_fixed,jax_gpu_fixed,sub-01,2901,-1.1532018910359014,,,,,,0.025354195036925375
sub-01__jax_gpu_fixed,jax_gpu_fixed,sub-01,2902,-1.1532018917638782,,,,,,0.02535643510054797
sub-01__jax_gpu_fixed,jax_gpu_fixed,sub-01,2903,-1.153201888291826,,,,,,0.02540356502868235
sub-01__jax_gpu_fixed,jax_gpu_fixed,sub-01,2904,-1.1532018874867367,,,,,,0.02528134500607848
sub-01__jax_gpu_fixed,jax_gpu_fixed,sub-01,2905,-1.153201886609157,,,,,,0.025266726035624743
sub-01__jax_gpu_fixed,jax_gpu_fixed,sub-01,2906,-1.1532018863211213,,,,,,0.025293715996667743
sub-01__jax_gpu_fixed,jax_gpu_fixed,sub-01,2907,-1.1532018863236362,,,,,,0.025393865071237087
sub-01__jax_gpu_fixed,jax_gpu_fixed,sub-01,2908,-1.1532018864298996,,,,,,0.025368215050548315
sub-01__jax_gpu_fixed,jax_gpu_fixed,sub-01,2909,-1.1532018841134482,,,,,,0.02540115499868989
sub-01__jax_gpu_fixed,jax_gpu_fixed,sub-01,2910,-1.1532018829747757,,,,,,0.025420484947972
sub-01__jax_gpu_fixed,jax_gpu_fixed,sub-01,2911,-1.153201882369934,,,,,,0.025306065916083753
sub-01__jax_gpu_fixed,jax_gpu_fixed,sub-01,2912,-1.153201882335477,,,,,,0.025306955096311867
sub-01__jax_gpu_fixed,jax_gpu_fixed,sub-01,2913,-1.1532018817462864,,,,,,0.0254251150181517
sub-01__jax_gpu_fixed,jax_gpu_fixed,sub-01,2914,-1.153201882557514,,,,,,0.025290844962000847
sub-01__jax_gpu_fixed,jax_gpu_fixed,sub-01,2915,-1.1532018824744117,,,,,,0.025342245935462415
sub-01__jax_gpu_fixed,jax_gpu_fixed,sub-01,2916,-1.1532018794338248,,,,,,0.025384295033290982
sub-01__jax_gpu_fixed,jax_gpu_fixed,sub-01,2917,-1.153201878474094,,,,,,0.02535822498612106
sub-01__jax_gpu_fixed,jax_gpu_fixed,sub-01,2918,-1.15320187873846,,,,,,0.025386315071955323
sub-01__jax_gpu_fixed,jax_gpu_fixed,sub-01,2919,-1.1532018802727866,,,,,,0.02535233600065112
sub-01__jax_gpu_fixed,jax_gpu_fixed,sub-01,2920,-1.1532018771695838,,,,,,0.025337275001220405
sub-01__jax_gpu_fixed,jax_gpu_fixed,sub-01,2921,-1.1532018757039784,,,,,,0.02543486503418535
sub-01__jax_gpu_fixed,jax_gpu_fixed,sub-01,2922,-1.153201874922143,,,,,,0.025318135041743517
sub-01__jax_gpu_fixed,jax_gpu_fixed,sub-01,2923,-1.1532018748156028,,,,,,0.025347076007165015
sub-01__jax_gpu_fixed,jax_gpu_fixed,sub-01,2924,-1.153201875226454,,,,,,0.02521733590401709
sub-01__jax_gpu_fixed,jax_gpu_fixed,sub-01,2925,-1.1532018741302457,,,,,,0.02534531499259174
sub-01__jax_gpu_fixed,jax_gpu_fixed,sub-01,2926,-1.1532018723848163,,,,,,0.025314046069979668
sub-01__jax_gpu_fixed,jax_gpu_fixed,sub-01,2927,-1.1532018717717842,,,,,,0.025459274067543447
sub-01__jax_gpu_fixed,jax_gpu_fixed,sub-01,2928,-1.1532018723588873,,,,,,0.025283416034653783
sub-01__jax_gpu_fixed,jax_gpu_fixed,sub-01,2929,-1.1532018722470156,,,,,,0.02541106508579105
sub-01__jax_gpu_fixed,jax_gpu_fixed,sub-01,2930,-1.1532018697624196,,,,,,0.02530937595292926
sub-01__jax_gpu_fixed,jax_gpu_fixed,sub-01,2931,-1.1532018691204966,,,,,,0.025390974013134837
sub-01__jax_gpu_fixed,jax_gpu_fixed,sub-01,2932,-1.1532018689065455,,,,,,0.025393144926056266
sub-01__jax_gpu_fixed,jax_gpu_fixed,sub-01,2933,-1.1532018695950272,,,,,,0.025274625048041344
sub-01__jax_gpu_fixed,jax_gpu_fixed,sub-01,2934,-1.153201869484723,,,,,,0.025358325918205082
sub-01__jax_gpu_fixed,jax_gpu_fixed,sub-01,2935,-1.1532018664321428,,,,,,0.02544482401572168
sub-01__jax_gpu_fixed,jax_gpu_fixed,sub-01,2936,-1.1532018661258752,,,,,,0.025277346023358405
sub-01__jax_gpu_fixed,jax_gpu_fixed,sub-01,2937,-1.1532018661860581,,,,,,0.025366335059516132
sub-01__jax_gpu_fixed,jax_gpu_fixed,sub-01,2938,-1.1532018666263475,,,,,,0.025208707083947957
sub-01__jax_gpu_fixed,jax_gpu_fixed,sub-01,2939,-1.1532018643612942,,,,,,0.025271055987104774
sub-01__jax_gpu_fixed,jax_gpu_fixed,sub-01,2940,-1.1532018629242269,,,,,,0.02542104502208531
sub-01__jax_gpu_fixed,jax_gpu_fixed,sub-01,2941,-1.153201862248513,,,,,,0.025315635954029858
sub-01__jax_gpu_fixed,jax_gpu_fixed,sub-01,2942,-1.153201862114962,,,,,,0.025246546021662652
sub-01__jax_gpu_fixed,jax_gpu_fixed,sub-01,2943,-1.1532018626910083,,,,,,0.02526392601430416
sub-01__jax_gpu_fixed,jax_gpu_fixed,sub-01,2944,-1.1532018629888703,,,,,,0.02530915499664843
sub-01__jax_gpu_fixed,jax_gpu_fixed,sub-01,2945,-1.153201860080359,,,,,,0.02534405596088618
sub-01__jax_gpu_fixed,jax_gpu_fixed,sub-01,2946,-1.1532018587286448,,,,,,0.025269186007790267
sub-01__jax_gpu_fixed,jax_gpu_fixed,sub-01,2947,-1.1532018580170527,,,,,,0.02534438599832356
sub-01__jax_gpu_fixed,jax_gpu_fixed,sub-01,2948,-1.1532018578887409,,,,,,0.025293985032476485
sub-01__jax_gpu_fixed,jax_gpu_fixed,sub-01,2949,-1.1532018580284202,,,,,,0.025341436034068465
sub-01__jax_gpu_fixed,jax_gpu_fixed,sub-01,2950,-1.153201857951932,,,,,,0.02528634504415095
sub-01__jax_gpu_fixed,jax_gpu_fixed,sub-01,2951,-1.1532018561164588,,,,,,0.025344205903820693
sub-01__jax_gpu_fixed,jax_gpu_fixed,sub-01,2952,-1.1532018556060173,,,,,,0.02533034491352737
sub-01__jax_gpu_fixed,jax_gpu_fixed,sub-01,2953,-1.153201855246488,,,,,,0.025369124952703714
sub-01__jax_gpu_fixed,jax_gpu_fixed,sub-01,2954,-1.1532018563300361,,,,,,0.02532231598161161
sub-01__jax_gpu_fixed,jax_gpu_fixed,sub-01,2955,-1.1532018579451797,,,,,,0.02531652501784265
sub-01__jax_gpu_fixed,jax_gpu_fixed,sub-01,2956,-1.1532018529541628,,,,,,0.025362145039252937
sub-01__jax_gpu_fixed,jax_gpu_fixed,sub-01,2957,-1.1532018516092686,,,,,,0.025530904065817595
sub-01__jax_gpu_fixed,jax_gpu_fixed,sub-01,2958,-1.1532018509888182,,,,,,0.02534769498743117
sub-01__jax_gpu_fixed,jax_gpu_fixed,sub-01,2959,-1.153201850603867,,,,,,0.025334945996291935
sub-01__jax_gpu_fixed,jax_gpu_fixed,sub-01,2960,-1.1532018503548012,,,,,,0.02529472508467734
sub-01__jax_gpu_fixed,jax_gpu_fixed,sub-01,2961,-1.1532018508439872,,,,,,0.02534964494407177
sub-01__jax_gpu_fixed,jax_gpu_fixed,sub-01,2962,-1.153201853044899,,,,,,0.02536691597197205
sub-01__jax_gpu_fixed,jax_gpu_fixed,sub-01,2963,-1.1532018483946709,,,,,,0.02535607502795756
sub-01__jax_gpu_fixed,jax_gpu_fixed,sub-01,2964,-1.1532018472204082,,,,,,0.025279075955040753
sub-01__jax_gpu_fixed,jax_gpu_fixed,sub-01,2965,-1.1532018465001679,,,,,,0.02533096494153142
sub-01__jax_gpu_fixed,jax_gpu_fixed,sub-01,2966,-1.1532018465121407,,,,,,0.025247356039471924
sub-01__jax_gpu_fixed,jax_gpu_fixed,sub-01,2967,-1.153201846788513,,,,,,0.025323256035335362
sub-01__jax_gpu_fixed,jax_gpu_fixed,sub-01,2968,-1.1532018447325074,,,,,,0.025258095934987068
sub-01__jax_gpu_fixed,jax_gpu_fixed,sub-01,2969,-1.1532018438478313,,,,,,0.02532263600733131
sub-01__jax_gpu_fixed,jax_gpu_fixed,sub-01,2970,-1.1532018435089406,,,,,,0.025317594991065562
sub-01__jax_gpu_fixed,jax_gpu_fixed,sub-01,2971,-1.1532018430605246,,,,,,0.025324315996840596
sub-01__jax_gpu_fixed,jax_gpu_fixed,sub-01,2972,-1.1532018439077678,,,,,,0.02532102505210787
sub-01__jax_gpu_fixed,jax_gpu_fixed,sub-01,2973,-1.15320184373731,,,,,,0.025231346022337675
sub-01__jax_gpu_fixed,jax_gpu_fixed,sub-01,2974,-1.1532018412384732,,,,,,0.02535390597768128
sub-01__jax_gpu_fixed,jax_gpu_fixed,sub-01,2975,-1.1532018406655817,,,,,,0.025314914993941784
sub-01__jax_gpu_fixed,jax_gpu_fixed,sub-01,2976,-1.1532018409592364,,,,,,0.025329275988042355
sub-01__jax_gpu_fixed,jax_gpu_fixed,sub-01,2977,-1.1532018424714885,,,,,,0.025324944988824427
sub-01__jax_gpu_fixed,jax_gpu_fixed,sub-01,2978,-1.153201839132163,,,,,,0.025270785903558135
sub-01__jax_gpu_fixed,jax_gpu_fixed,sub-01,2979,-1.1532018379308293,,,,,,0.02533423504792154
sub-01__jax_gpu_fixed,jax_gpu_fixed,sub-01,2980,-1.1532018374179474,,,,,,0.026088601094670594
sub-01__jax_gpu_fixed,jax_gpu_fixed,sub-01,2981,-1.1532018370881973,,,,,,0.025497504975646734
sub-01__jax_gpu_fixed,jax_gpu_fixed,sub-01,2982,-1.1532018379931217,,,,,,0.025215985951945186
sub-01__jax_gpu_fixed,jax_gpu_fixed,sub-01,2983,-1.1532018386963514,,,,,,0.025345565052703023
sub-01__jax_gpu_fixed,jax_gpu_fixed,sub-01,2984,-1.153201835114639,,,,,,0.02525591605808586
sub-01__jax_gpu_fixed,jax_gpu_fixed,sub-01,2985,-1.1532018340511814,,,,,,0.025235745939426124
sub-01__jax_gpu_fixed,jax_gpu_fixed,sub-01,2986,-1.1532018339823649,,,,,,0.025445344974286854
sub-01__jax_gpu_fixed,jax_gpu_fixed,sub-01,2987,-1.1532018339848475,,,,,,0.02533419500105083
sub-01__jax_gpu_fixed,jax_gpu_fixed,sub-01,2988,-1.1532018345913808,,,,,,0.025456954957917333
sub-01__jax_gpu_fixed,jax_gpu_fixed,sub-01,2989,-1.153201831955818,,,,,,0.025318844942376018
sub-01__jax_gpu_fixed,jax_gpu_fixed,sub-01,2990,-1.1532018310850525,,,,,,0.02520935598295182
sub-01__jax_gpu_fixed,jax_gpu_fixed,sub-01,2991,-1.1532018305967735,,,,,,0.02526011597365141
sub-01__jax_gpu_fixed,jax_gpu_fixed,sub-01,2992,-1.153201830252814,,,,,,0.025243885931558907
sub-01__jax_gpu_fixed,jax_gpu_fixed,sub-01,2993,-1.1532018310824792,,,,,,0.02520827599801123
sub-01__jax_gpu_fixed,jax_gpu_fixed,sub-01,2994,-1.1532018304500915,,,,,,0.0252246760064736
sub-01__jax_gpu_fixed,jax_gpu_fixed,sub-01,2995,-1.1532018285677634,,,,,,0.025262035080231726
sub-01__jax_gpu_fixed,jax_gpu_fixed,sub-01,2996,-1.153201828364053,,,,,,0.02523664606269449
sub-01__jax_gpu_fixed,jax_gpu_fixed,sub-01,2997,-1.1532018288012502,,,,,,0.02512813708744943
sub-01__jax_gpu_fixed,jax_gpu_fixed,sub-01,2998,-1.153201828806045,,,,,,0.02516126597765833
sub-01__jax_gpu_fixed,jax_gpu_fixed,sub-01,2999,-1.1532018263375938,,,,,,0.02521423704456538
sub-01__jax_gpu_fixed,jax_gpu_fixed,sub-01,3000,-1.1532018251101332,,,,,,0.02525808510836214
